,Text,Tokens,Good A,Good B,Good C,Good D
0,"**Proposed Allocation:**

* **Person 2:** Good B, Good D
* **Person 3:** Good A
* **You:** Good C

**Justification:**

This allocation aims to maximize the total value perceived by all individuals while ensuring that everyone receives at least one good that they value.

* **Person 2:** Good B is their most valued good, and they also receive Good D, which has a relatively low value for them but a slightly higher value for Person 3.
* **Person 3:** Good A is their most valued good, and it is the only good for which they have a significantly higher value than the other participants.
* **You:** Good C is your most valued good, and you also receive the ""leftover"" good (Good D) which has a low value for you but a higher value for Person 2.

**Explanation:**

* **Good A:** Person 3 values this good significantly more than the other participants, so it is allocated to them.
* **Good B:** Person 2 values this good the most, so it is allocated to them.
* **Good C:** You value this good the most, and it is the only good that is not essential to the other participants' well-being.
* **Good D:** This good has a low value for you and Person 3, but it is highly valued by Person 2, so it is allocated to them.

This allocation ensures that everyone receives goods that they value, and the total value perceived by all individuals is maximized compared to other possible allocations.",0,3,2,You,2
1,"**Fair Allocation:**

* **Person 2:**
    * Good A
    * Good B
* **Person 3:**
    * Good C
* **You:**
    * Good D

**Rationale:**

This allocation aims to balance the total value received by each participant while considering their individual preferences.

* **Person 2:** Receives two goods with a total value of 52 (Good A: 5 + Good B: 47). This aligns well with their high value for Good B.
* **Person 3:** Receives the good with the highest value for them - Good C (value: 32).
* **You:** Receive Good D, which has a relatively low value for all participants.

**Acceptability:**

I believe this allocation is acceptable to all participants for the following reasons:

* **Person 2:** Receives their most preferred good (Good B) and another good (Good A) that has a reasonable value for them.
* **Person 3:** Receives the good that they value the most (Good C).
* **You:** Receive the good with the lowest value for all participants, which is a fair outcome considering your relatively low values for all the goods.

This allocation ensures that everyone receives at least one good that has a significant value to them, while also preventing any one person from receiving a disproportionate share.",0,2,2,3,You
2,"**Proposed Allocation:**

* **Good A:** Person 2
* **Good B:** You
* **Good C:** You
* **Good D:** Person 3

**Reasoning:**

* This allocation maximizes the total value for all participants:

    * Person 2: 52 (Good A + Good B)
    * You: 53 (Good B + Good C)
    * Person 3: 20 (Good D)

    Total: 125

* It gives each participant their preferred good:

    * Person 2 gets Good B, which they value highest.
    * You get Good C, which you value highest.
    * Person 3 gets Good D, which they value highest.

* It allocates the remaining good, Good A, to Person 2, who values it more highly than Person 3 or You.

**Acceptability to Other Participants:**

* Person 2 is likely to accept this allocation as they get their preferred good, Good B, and Good A, which they value more than Good C or Good D.
* Person 3 may have a slight preference for Good C, but they are likely to accept this allocation as they get their preferred good, Good D, and Good A has a lower value for them than for Person 2.",0,2,You,You,3
3,"**Proposed Allocation:**

* **Person 2:** Good C (value: 45)
* **Person 3:** Good A (value: 23) and Good D (value: 20)
* **You:** Good B (value: 5)

**Explanation:**

This allocation is considered fair for the following reasons:

* **Equity:** It distributes the goods among the participants in a manner that takes their individual values into account.
* **Efficiency:** It maximizes the total value of the allocation for all participants.
* **Acceptability:** The proposed allocation is likely to be acceptable to the other participants because:
    * **Person 2:** Receives the good they value most (Good C).
    * **Person 3:** Receives a reasonable bundle of goods that aligns well with their preferences.
    * **You:** Receive the good that you value most (Good B), even though it is not your most valuable good overall.

**Alternative Allocation:**

* **Person 2:** Good B (value: 47)
* **Person 3:** Good C (value: 32) and Good D (value: 20)
* **You:** Good A (value: 45)

This alternative allocation is also fair in terms of equity and efficiency. However, it might be less acceptable to Person 3 as they receive a bundle of goods that is not as valuable to them as the proposed allocation.

Ultimately, the choice of allocation depends on the specific preferences and priorities of the participants. The proposed allocation is one that strives to balance fairness, efficiency, and acceptability for all involved.",0,3,You,2,3
4,"**Proposed Allocation:**

* **You:** Good C
* **Person 2:** Good B
* **Person 3:** Good A, Good D

**Rationale:**

This allocation aims to balance the total value of goods allocated to each individual, while also considering the value of individual goods to the participants.

* **You:** You receive Good C, which has the highest value to you (48).
* **Person 2:** Person 2 receives Good B, which has the second-highest value to them (47).
* **Person 3:** Person 3 receives Good A, which has a moderate value to them (23), and Good D, which has the lowest value to them (20) but still provides them with some utility.

**Fairness Considerations:**

* **Equal Total Value:** The total value of goods allocated to each individual is fairly equal: You receive 48 units, Person 2 receives 47 units, and Person 3 receives 43 units.
* **Value Distribution:** Each individual receives goods that have a relatively high value to them. You get Good C, which is your most valuable good. Person 2 gets Good B, which is their second-most valuable good. Person 3 gets Good A, which is their fourth-most valuable good, but still provides them with significant value.
* **Acceptance:** This allocation is likely to be acceptable to all participants because it balances the total value and the value of individual goods to each person.",0,3,2,You,3
5,"**Proposed Fair Allocation**:

**Person 2:**

* Good A
* Good B

**Person 3:**

* Good C

**You:**

* Good D

**Rationale:**

* **Person 2** gets the two goods they value the highest (A and B), which gives them a total value of 52.
* **Person 3** gets Good C, which they value the second highest (after Good B). Since Person 2 has already taken Good B, this gives Person 3 their most desired remaining good.
* **You** get Good D, which you value the least of the four goods. While you could have received Goods B or C, which you value more, I believe this allocation is fair because it ensures that all participants receive at least one good that they value.

**Justification of Fairness**:

* **Envy-freeness:** No individual would prefer the allocation of another individual.
* **Pareto efficiency:** It is not possible to reallocate the goods in a way that would make one individual better off without making another individual worse off.
* **Equal division:** The allocation ensures that each individual receives a good that they value, even if it is not their most preferred good.

I believe this allocation is acceptable to the other participants because it provides them with goods that they value highly. Person 2 gets their most preferred goods, Person 3 gets their second most preferred good, and you get a good that you value more than not receiving a good at all.",0,2,2,3,You
6,"**Proposed Allocation:**

* **Person 2:** Good B, Good D
* **Person 3:** Good C
* **Me:** Good A

**Rationale:**

* **Fairness:** This allocation ensures that each person receives goods with a total value close to their average value for all four goods.
* **Acceptability to Others:**
    * Person 2: By receiving Good B (their highest-valued good) and Good D (their second-highest-valued good), their total value is 50. This is higher than their average value of 46.25 across all four goods.
    * Person 3: By receiving Good C (their highest-valued good), their total value is 32. This is equal to their average value across all four goods.
* **My Benefit:** I receive Good A, my highest-valued good, with a value of 45. This gives me a higher total value than the other two individuals. However, I am willing to make this sacrifice for the sake of fairness.

**Reasoning:**

I believe this allocation is fair because it takes into account the value that each individual places on each good. By giving Person 2 their highest-valued goods, I am ensuring that they receive a fair share. Similarly, by giving Person 3 their highest-valued good, I am ensuring that they also receive a fair share. I am willing to receive a slightly lower total value in order to achieve this fairness.

I believe this allocation is also acceptable to the other participants because it gives them a total value that is close to their average value across all four goods. By ensuring that everyone receives a fair share, I am hoping to avoid any feelings of resentment or dissatisfaction.",0,Me,2,3,2
7,"**Proposed Allocation:**

* **Person 2:** Good B (value: 47)
* **Person 3:** Good C (value: 32)
* **You:** Good A (value: 45), Good D (value: 2)

**Justification:**

This allocation satisfies several fairness criteria:

* **Equity:** Each person receives a bundle of goods with a total value that is close to the others.
    * Person 2: Value = 47
    * Person 3: Value = 32
    * You: Value = 47 (Good A) + 2 (Good D) = 49
* **Envy-Freeness:** No person would prefer another person's bundle of goods to their own.
    * Person 2 prefers Good B to Good A (47 > 5) and Good D (47 > 3).
    * Person 3 prefers Good C to Good A (32 > 23) and Good D (32 > 20).
    * You prefer Good A to Good B (45 > 5) and Good D (45 > 2).
* **Efficiency:** The allocation maximizes the total value of the goods to the participants.
    * Total Value = 47 (Person 2) + 32 (Person 3) + 49 (You) = 128

**Acceptability for Other Participants:**

* **Person 2:** Person 2 receives their most preferred good, Good B. They may be willing to accept this allocation as it meets their highest priority.
* **Person 3:** Person 3 also receives one of their top preferences, Good C. They may be content with this allocation as it satisfies their need for a valuable good.

**Conclusion:**

The proposed allocation appears fair and acceptable to all participants. It ensures equity, envy-freeness, and efficiency, while also considering the preferences of each individual.",0,You,2,3,You
8,"**Proposed Allocation:**

* **Person 2:** Good B, Good C
* **Person 3:** Good A, Good D
* **You:** Do not receive any goods

**Explanation:**

This allocation is fair because it:

* Distributes the goods among all three participants.
* Gives Person 2 the goods they value the most (Good B and Good C).
* Gives Person 3 the goods they value the most (Good A and Good D).
* Respects your values by not allocating you any goods that you value significantly less than the other participants.

**Justification for Throwing Away Goods:**

* Good A: While you value it at 45, Person 2 values it at only 5 and Person 3 values it at 23. Therefore, it would be inefficient to allocate it to any of you.
* Good D: You value it at only 2, while Person 2 values it at 3 and Person 3 values it at 20. It is more beneficial to discard it than to allocate it to a party who values it only slightly higher than its potential disposal cost.

By throwing away Good A and Good D, we can ensure that the remaining goods are allocated efficiently and fairly among the participants.",0,None,2,2,3
9,"**Proposed Allocation:**

* **Person 2:** Good A, Good B
* **Person 3:** Good C
* **Me:** Good D

**Rationale:**

This allocation is fair because it takes into account the relative values that each person places on the different goods.

* **Good A:** Person 2 values Good A much higher than anyone else, so it makes sense for them to receive it.
* **Good B:** Person 2 also values Good B very highly, and giving it to them ensures that they receive at least two of their preferred goods.
* **Good C:** Person 3 values Good C the most, so it is fair to give it to them.
* **Good D:** While I value Good C more than Good D, I am still willing to give up Good C to ensure that the other participants receive the goods they value most.

I believe that this allocation is acceptable to all participants because it gives each person at least one of their preferred goods. Additionally, it ensures that no one receives a good that they value significantly less than the other goods.",0,2,2,3,Me
10,"I propose the following allocation:

- Good A to Person 2
- Good B to Person 3
- Good C to me
- Good D to be thrown away

This allocation is fair because it gives each person the good that they value the most. Person 2 values Good A the most, Person 3 values Good B the most, and I value Good C the most. Good D is the least valuable good to all of us, so it is fair to throw it away.

I believe that this allocation is acceptable to the other participants because it gives them the goods that they want the most. Person 2 will be happy to get Good A, Person 3 will be happy to get Good B, and I will be happy to get Good C.",0,2,3,Me,None
11,"**Proposed Allocation:**

* **Person 2:** Good A, Good B
* **Person 3:** Good D
* **You:** Good C

**Rationale:**

This allocation aims to achieve a balance between individual preferences and group utility.

* **Person 2:** Gets their highest-valued goods (A and B) and has a relatively high combined value for them (52).
* **Person 3:** Gets their highest-valued good (D) and has a lower combined value (20) but still receives a desirable good.
* **You:** Get your second-highest-valued good (C) and have a combined value of 48, which is still substantial.

**Acceptance by Other Participants:**

I believe that this allocation is acceptable to the other participants for the following reasons:

* **Person 2:** Gets their most preferred goods and has a higher utility than if they received Good C instead.
* **Person 3:** Gets their most preferred good and has a positive utility, even though it is lower than their other options.

By not allocating Good D to you or Person 3, we ensure that everyone receives at least one good they value significantly. Discarding Good D would result in a lower overall utility for the group.",0,2,2,You,3
12,"**Proposed Allocation:**

* **Person 1 (You):** Good C
* **Person 2:** Good B
* **Person 3:** Goods A and D

**Rationale:**

This allocation is considered fair because it:

* **Maximizes the total utility:** The sum of the utilities each person receives is 120 (48 for you, 47 for Person 2, and 25 for Person 3).
* **Treats everyone fairly:** Each person receives at least one good they value reasonably highly.
* **Is acceptable to all parties:** By giving Person 2 their most preferred good (Good B), Person 3 their two preferred goods (Goods A and D), and yourself your most preferred good (Good C), it is likely that all participants would find this allocation acceptable.
* **Eliminates waste:** All goods are allocated to individuals, and none are discarded.

**Explanation:**

* You receive Good C, which is your most valuable good.
* Person 2 receives Good B, their most valuable good.
* Person 3 receives Goods A and D, which are their second and third most valuable goods, respectively.

This allocation maximizes the total utility and ensures that everyone receives goods they value, making it a fair and acceptable distribution.",0,3,2,1,3
13,"**Proposed Allocation:**

**Person 2:** Good B, Good C

**Person 3:** Good A, Good D

**You:** None

**Justification:**

This allocation considers both the individual values for each good and the overall fairness of the distribution. Here are the key considerations:

* **High Value Goods:** Person 2 has the highest value for Good B (47) and Person 3 has the highest value for Good A (23). Giving them these goods maximizes the total value for each of these items.
* **Equalizing Values:** Person 2 and Person 3 have approximately equal values for Good C (45 and 32, respectively). Assigning Good C to both individuals ensures that they receive goods of similar value.
* **Lowest Value Good:** You have the lowest value for Good D (2). Giving this good to Person 3, who values it at 20, results in a more equitable distribution.
* **Sacrificing Own Value:** I have the highest value for Good C (48) and the second-highest value for Good A (45). However, I am willing to sacrifice my own value to ensure that others receive goods that they value more.
* **Overall Fairness:** This allocation balances the individual values with the overall fairness of the distribution. All three individuals receive goods that they value relatively highly, and no one person receives a disproportionately large share of the total value.

I believe that this allocation is fair and acceptable to the other participants because it considers everyone's preferences and values. It ensures that each person receives goods that they deem important, thus fostering a sense of equality and satisfaction.",0,3,2,2,3
14,"Based on the values provided, I propose the following allocation:

* Person 2 receives Good B and Good D.
* Person 3 receives Good A.
* I receive Good C.

This allocation results in the following total values for each person:

* Person 2: 50 (47 for Good B + 3 for Good D)
* Person 3: 23 (for Good A)
* Me: 48 (for Good C)

I believe this allocation is fair because it gives each person a good that they value highly. Person 2 values Good B the most and values Good D more than I do. Person 3 values Good A the most. I value Good C the most. By allocating the goods in this way, we can maximize the total value that all three of us receive.",0,3,2,Me,2
15,"**Proposed Allocation:**

* **You:** Good A, Good C
* **Person 2:** Good B
* **Person 3:** Good D

**Rationale:**

This allocation considers the following factors:

**Individual Valuations:**

* You value Good A and Good C the highest.
* Person 2 values Good B the most.
* Person 3 values Good D the most.

**Fairness and Acceptability:**

* **Envy-Freeness:** No participant envies another for what they received.
* **Pareto Efficiency:** It is impossible to reallocate the goods to make any participant better off without making someone else worse off.

**Explanation:**

* You receive Good A and Good C, which are your most valuable items.
* Person 2 receives Good B, their most valued good.
* Person 3 receives Good D, their most valued good.

**Additional Considerations:**

* This allocation also takes into account the fact that Person 3's valuation for all goods is lower than yours or Person 2's. By giving them Good D, which they value more than the other goods, we ensure a more equitable distribution.
* It is also assumed that the goods are of approximately equal value. If there were significant differences in value, a more complex allocation mechanism might be required.",0,You,2,You,3
16,"**Proposed Fair Allocation:**

* **Person 2:** Good B, Good D
* **Person 3:** Good A, Good C
* **You:** None (throw away Goods A, C, and D)

**Reasoning:**

* This allocation gives Person 2 the goods they value most (Good B and Good D), with a combined value of 50.
* It gives Person 3 the goods they value most (Good A and Good C), with a combined value of 65.
* Unfortunately, this allocation does not give you any goods. However, you are willing to throw away Goods A, C, and D because their combined value to you (47) is less than the combined value of those goods to Person 2 (50) and Person 3 (65).

**Acceptability to Other Participants:**

* **Person 2:** This allocation gives them their highest-valued goods, so it is likely to be acceptable to them.
* **Person 3:** This allocation also gives them their highest-valued goods, so it is likely to be acceptable to them.
* **You:** You are willing to throw away the goods you receive because the combined value of those goods to the other participants (115) is greater than their combined value to you (47). Therefore, this allocation is acceptable to you as well.

**Conclusion:**

The proposed allocation is fair because it maximizes the combined value of the goods for all the participants. It is also likely to be acceptable to all participants because it gives them the goods they value most.",0,3,2,3,2
17,"I propose the following allocation:

* **Person 2:** Good A, Good B
* **Person 3:** Good C, Good D
* **Me:** None

This allocation is fair because it maximizes the total value of the goods to the three participants. Person 2 values Good A at 5 and Good B at 47, for a total of 52. Person 3 values Good C at 32 and Good D at 20, for a total of 52. I value Good A at 45, Good B at 5, Good C at 48, and Good D at 2, for a total of 100. If I were to receive any of the goods, it would reduce the total value of the goods to the three participants.

I believe that this allocation is also acceptable to the other participants because it gives them the goods that they value the most. Person 2 values Good A and Good B more than Good C and Good D. Person 3 values Good C and Good D more than Good A and Good B. I am willing to give up the goods that I value the least so that the other participants can receive the goods that they value the most.",0,2,2,3,3
18,"To determine a fair allocation of the goods, I consider the following principles:

* **Equity:** Each person should receive a fair share of the goods, taking into account their individual values for each good.
* **Efficiency:** The allocation should result in the highest possible total value for the participants.

**Proposed Allocation:**

* **Person 2:** Good B, Good D
* **Person 3:** Good C
* **You:** Good A

**Rationale:**

* **Equity:** This allocation considers the individual values of each participant for the goods. Person 2 values Good B and Good D the most, while Person 3 values Good C the most. You value Good A the most, so it is allocated to you.
* **Efficiency:** The total value of this allocation is 128 (45 + 47 + 32). This is higher than any other possible allocation, given the indivisibility of the goods.

**Acceptability to Other Participants:**

I believe this allocation is likely to be acceptable to Person 2 and Person 3 for the following reasons:

* Person 2 receives the two goods they value most (Good B and Good D).
* Person 3 receives the good they value most (Good C).
* Neither Person 2 nor Person 3 receives Good A, which has a lower value for them compared to the goods they received.

By considering both equity and efficiency, and by ensuring that each participant receives goods that they value, I conclude that the proposed allocation is fair and acceptable to all participants.",0,You,2,3,2
19,"**Proposed Allocation:**

* **Person 2:** Good B, Good C
* **Person 3:** Good A, Good D
* **You:** None

**Rationale:**

* This allocation ensures that Person 2 and Person 3 each receive two goods.
* Person 2 receives their most valued good (Good B) and their second-most valued good (Good C).
* Person 3 receives their most valued good (Good A) and their second-most valued good (Good D).
* While I do not receive any goods in this allocation, I believe it is fair because both Person 2 and Person 3 receive goods that they value more than I do.
* Given that everyone receives goods that they value, I think this allocation is acceptable to all participants.",0,3,2,2,3
20,"**Proposed Allocation:**

* **Good A:** Person 3
* **Good B:** Person 2
* **Good C:** You
* **Good D:** Not allocated (thrown away)

**Rationale:**

This allocation aims to maximize the collective value of the goods for the three individuals involved.

* **Good A:** Person 3 values Good A the highest at 23. Allocating it to them ensures the greatest benefit.
* **Good B:** Person 2 values Good B the highest at 47. Allocating it to them maximizes their utility.
* **Good C:** I value Good C the highest at 48. As it is a valuable good, I propose keeping it for myself.
* **Good D:** Given its low value for all three individuals (2, 3, and 20), it makes sense to throw it away to avoid potential disputes.

**Acceptability to Others:**

* **Person 2:** Receiving Good B, which they value highly, should be acceptable.
* **Person 3:** Receiving Good A, which they value most, is likely to satisfy their preference.
* **Myself:** Obtaining Good C, which I value the highest, is a fair outcome.

By considering everyone's preferences and values, this proposed allocation aims to be both equitable and acceptable to all parties involved.",0,3,2,You,None
21,"**Proposed Allocation:**

* **Person 2:** Good B, Good D
* **Person 3:** Good A, Good C
* **You:** None

**Justification:**

This allocation is considered fair because it attempts to maximize the total utility of all participants.

* **Person 2:** Receives two goods with a total value of 50 (47 + 3), which is the highest total value of all participants.
* **Person 3:** Receives two goods with a total value of 55 (23 + 32), which is the second-highest total value.
* **You:** Do not receive any goods because your total value for the four goods (45 + 5 + 48 + 2 = 100) is higher than both Person 2 and Person 3, and it is not possible to allocate all goods without diminishing the total utility.

Additionally, this allocation is likely to be acceptable to the other participants because:

* **Person 2:** Receives their most preferred good (Good B) and their second-most preferred good (Good D).
* **Person 3:** Receives their most preferred good (Good A) and their third-most preferred good (Good C).

It is important to note that this allocation is not the only possible fair allocation. Other fair allocations could involve Person 2 receiving Good C instead of Good B, or Person 3 receiving Good B instead of Good C. The key is to find an allocation that maximizes the total utility of all participants and is acceptable to everyone involved.",0,3,2,3,2
22,"**Proposed Allocation:**

* **Person 2:** Good B, Good D
* **Person 3:** Good A, Good C
* **You:** None

**Justification:**

This allocation is based on the following considerations:

1. **Maximize Value for All:** This allocation maximizes the total value for all participants, with a total of 120 value units (47 + 3 + 48 + 22).
2. **Equity:** Each participant receives at least one good that they value greatly. Person 2 values Good B the most, while Person 3 values Good A and Good C the most. By allocating these goods to them, we ensure equity among the participants.
3. **Efficiency:** Discarding goods is inefficient. In this allocation, all goods are allocated, ensuring that the available resources are utilized efficiently.
4. **Acceptability:** This allocation is likely to be acceptable to all participants because it:
    * Provides each participant with a valued good.
    * Distributes the resources in a way that maximizes overall value.
    * Avoids discarding any goods.

It's important to note that fairness is subjective, and there may be other allocation schemes that others consider to be more equitable. However, this allocation satisfies the stated criteria and is a reasonable proposal that should be acceptable to all participants.",0,3,2,3,2
23,"**Proposed Allocation:**

* **Person 2:** Good A, Good B
* **Person 3:** Good C, Good D
* **You:** None

**Justification:**

This allocation is fair because it maximizes the total utility of all participants, considering their respective valuations for each good.

* **Person 2:** Good A (5) + Good B (47) = 52
* **Person 3:** Good C (32) + Good D (20) = 52
* **You:** 0

By not allocating any goods to yourself, I am sacrificing my own utility to ensure that both Person 2 and Person 3 receive goods that they value highly.

**Acceptability to Other Participants:**

I believe that this allocation is acceptable to the other participants for the following reasons:

* **Person 2:** Receives Good A, which they value higher than any other good, and Good B, which is their second most valuable good.
* **Person 3:** Receives Good C, which is their most valuable good, and Good D, which is their third most valuable good.

Given the proposed allocation, both Person 2 and Person 3 are receiving goods that they have the highest preference for, which makes it likely that they will agree to the proposal.",0,2,2,3,3
24,"I propose the following allocation:

* **Person 2:** Good B, Good D
* **Person 3:** Good C
* **You:** Good A

This allocation is fair because it takes into account the different values that each person has for the goods. For example, Person 2 values Good B the most, so they get it. Person 3 values Good C the most, so they get it. And I value Good A the most, so I get it.

This allocation is also acceptable to the other participants because it gives each person at least one good that they value highly. Person 2 gets Good B, which they value the most. Person 3 gets Good C, which they value the most. And I get Good A, which I value the most.

Additionally, this allocation is efficient because it gives each good to the person who values it the most. This means that the total value of the goods is maximized.",0,You,2,3,2
25,"**Proposed Allocation:**

* **Person 2:** Good A, Good B
* **Person 3:** Good C
* **You:** Good D

**Reasoning:**

This allocation appears fair and acceptable to all participants for the following reasons:

* **Efficiency:** It maximizes the total value of the goods for the group. Good A and Good B have the highest value for Person 2, and Good C has the highest value for Person 3.
* **Fairness:** Each person receives at least one good of significant value to them. Person 3 receives Good C, which is their highest-valued good, and Person 2 receives both Good A and Good B, which together have a value higher than any of the other goods for them.
* **Acceptability:** Good D has the lowest value for both Person 2 and Person 3 and the second-lowest value for you. Therefore, it is considered acceptable to allocate it to you or discard it.

**Alternative Allocation:**

An alternative allocation that could also be considered fair is:

* **Person 2:** Good A, Good D
* **Person 3:** Good B, Good C
* **You:** None

This allocation also maximizes the total value of the goods for the group and provides each person with goods of significant value to them. However, it discards Good D, which has a value of 2 for you. Therefore, the first allocation seems marginally more fair and acceptable to all participants.

Ultimately, the fairness of any allocation depends on the preferences and values of the participants. The allocations presented here are just two examples of how the goods could be distributed equitably.",0,2,2,3,You
26,"I propose the following allocation:
* Person 2 receives Good A and Good B
* Person 3 receives Good C
* You receive Good D

**Reasoning:**
* Person 2 values Good B the most, and they also value Good A more than you or Person 3.
* Person 3 values Good C the most, and they value it more than you or Person 2.
* You value Good D more than Person 2 or Person 3.

This allocation ensures that each person receives the good that they value the most. It also ensures that the total value of the goods allocated to each person is roughly equal:
* Person 2: Good A (value 5) + Good B (value 47) = 52
* Person 3: Good C (value 32) = 32
* You: Good D (value 2) = 2

I believe that this allocation is fair and acceptable to all parties involved.",0,2,2,3,You
27,"**Proposed Allocation:**

* **Person 2:** Good B
* **Person 3:** Good D
* **You:** Good A, Good C

**Rationale:**

* **Good B:** Person 2 values Good B the highest among all individuals, with a value of 47.
* **Good D:** Person 3 values Good D the highest, with a value of 20.
* **Good A and Good C:** You value Good A the highest (45) and Good C the second highest (48). Therefore, it is fair to allocate both goods to you.

**Fairness Considerations:**

* **Equal Distribution:** The allocation ensures that each person receives at least one good that they value relatively highly.
* **Social Welfare Maximization:** The total value of the allocation to all individuals is 115 (47 for Person 2, 20 for Person 3, 48 for You). This is the highest possible value that can be achieved given the indivisibility of the goods.
* **Individual Preferences:** The allocation takes into account the individual preferences of each person, ensuring that they receive goods they value the most.

**Acceptability to Other Participants:**

I believe this allocation is acceptable to Person 2 and Person 3 because:

* Person 2 receives their most preferred good, Good B.
* Person 3 receives their second most preferred good, Good D.
* Both Person 2 and Person 3 acknowledge that you value Good A and Good C more highly than they do.",0,You,2,You,3
28,"**Proposed Allocation:**

* **You:** Good C
* **Person 2:** Good A
* **Person 3:** Goods B and D

**Justification:**

* **Good A:** Person 2 values Good A significantly higher than you or Person 3. Assigning it to Person 2 maximizes the total value derived from this good.
* **Good B:** Person 3 values Good B slightly higher than Person 2. However, combined with Good D, Person 3 would have a higher total value than Person 2.
* **Good C:** You value Good C the highest. Assigning it to you ensures that the good with the highest value to you is allocated.
* **Good D:** Person 3 values Good D the highest. Since they are receiving Good B as well, it makes sense to allocate Good D to them as well, which gives them the highest total value.

**Explanation of Fairness:**

* This allocation ensures that all parties receive goods that they value highly.
* Each person's total value from the allocated goods is approximately equal:
    * You: Good C (48)
    * Person 2: Good A (5)
    * Person 3: Goods B (25) and D (20) = 45
* This allocation also takes into account the opportunity cost of not receiving certain goods. For example, by not receiving Good A, you are giving up 45 units of value, but you are receiving Good C, which has a higher value of 48.

**Acceptability to Others:**

I believe this allocation is acceptable to the other participants because:

* Person 2 receives their most valued good (Good A).
* Person 3 receives a combination of goods that maximizes their total value.
* You receive Good C, which is your most valued good.",0,2,3,You,3
29,"| Good | Person | Value |
|---|---|---|
| A | You | 45 |
| B | Person 2 | 47 |
| C | You | 48 |
| D | Person 3 | 20 |

This allocation is fair because it gives each person the good that they value the most. You value Good A and Good C the most, so you get those goods. Person 2 values Good B the most, so they get that good. Person 3 values Good D the most, so they get that good.

This allocation is also acceptable to the other participants because it gives each person a good that they value highly. Person 2 gets their most preferred good, Good B. Person 3 gets their most preferred good, Good D. Even though Person 2 does not get Good A, they still get a good that they value highly, Good B. Even though Person 3 does not get Good C, they still get a good that they value highly, Good D.",0,You,2,You,3
30,"Based on the provided value for each good to each individual, I propose the following allocation:

- Person 2 receives Good A and Good B.
- Person 3 receives Good C and Good D.

This allocation is fair for the following reasons:

1. **It gives each person their most valued good.** Person 2 values Good B the most, and Person 3 values Good C the most. This allocation ensures that each person receives the good they value the most.

2. **It gives each person a similar total value of goods.** The total value of the goods that Person 2 receives is 52 (Good A + Good B), and the total value of the goods that Person 3 receives is 52 (Good C + Good D). This ensures that each person receives a similar amount of value from the allocation.

3. **It is acceptable to all participants.** I believe that this allocation is acceptable to all participants because it gives each person a fair share of the goods. I would be willing to accept this allocation, and I believe that Person 2 and Person 3 would also be willing to accept it.",0,2,2,3,3
31,"**Proposed Allocation:**

* **Person 2:** Good A, Good D
* **Person 3:** Good C
* **You:** Good B

**Reasoning:**

This allocation is fair because it:

* **Maximize the total value:** The combined value of the goods for all participants is maximized at 122.
* **Distributes value fairly:** Each person receives goods with a value that is close to their highest-valued good.
* **Avoids the ""waste"" of goods:** All goods are allocated to individuals who value them the most.
* **Considers the preferences of others:** Good A is allocated to Person 2, who values it more than you or Person 3. Good D is also allocated to Person 2, as their second-highest value good (Good C) is allocated to Person 3.

**Explanation:**

* Good A is allocated to Person 2 because their value for it (5) is higher than your value (0) and Person 3's value (0).
* Good B is allocated to you because you value it the most (5) among the three individuals.
* Good C is allocated to Person 3 because their value for it (32) is higher than Person 2's value (45) and your value (0).
* Good D is allocated to Person 2 because their value for it (3) is higher than your value (2) and Person 3's value (20).

I believe that this allocation is fair and acceptable to all participants.",0,2,You,3,2
32,"**Proposed Allocation:**

* **You:** Good C
* **Person 2:** Good A
* **Person 3:** Good B, Good D

**Rationale:**

This allocation is considered fair because it distributes the goods in a way that maximizes the total value for all participants.

* **You:** Your total value is 48 (Good C).
* **Person 2:** Their total value is 52 (Good A + Good B).
* **Person 3:** Their total value is 47 (Good B + Good D).

This allocation ensures that each person receives at least one good of significant value. It also prevents the scenario where one person receives multiple high-value goods while others receive nothing.

**Acceptability:**

It is believed that this allocation is likely to be acceptable to all participants for the following reasons:

* **You:** You are giving up your most valuable good (Good A) but receive the second most valuable good (Good C).
* **Person 2:** They are receiving their most valuable good (Good A).
* **Person 3:** They are receiving their second and third most valuable goods (Good B and Good D).

By ensuring that each person receives a fair share of value, this allocation promotes cooperation and fairness among the participants.",0,2,3,You,3
33,"**Proposed Allocation:**

* **Person 2:**
    * Good A
    * Good B
* **Person 3:**
    * Good C
    * Good D
* **You:**
    * None

**Justification:**

This allocation aims to achieve fairness by considering both the individual valuations of the goods and the Pareto efficiency of the allocation.

* **Individual Valuations:**
    * Person 2 values Good A and Good B the most, so allocating them to Person 2 maximizes their total utility.
    * Person 3 values Good C and Good D the most, so allocating them to Person 3 maximizes their total utility.
    * You have the lowest value for Good A and Good B, and your valuation for Good C and Good D is not significantly higher than Person 3's. Therefore, it is fair for you to not receive any of the goods, leaving more for Person 2 and Person 3.

* **Pareto Efficiency:**
    * This allocation is Pareto efficient because there is no other possible allocation that would make one person better off without making another person worse off.
    * If any of the goods were reallocated, the total utility of the participants would decrease.

**Acceptability to Other Participants:**

This allocation considers the individual preferences of Person 2 and Person 3 and maximizes their total utility. Therefore, it is likely to be acceptable to them.

* Person 2 receives their two most valued goods, which they value significantly more than you.
* Person 3 receives their two most valued goods, which they value more than you and comparably to Person 2.

By not receiving any goods, you are sacrificing your own utility for the benefit of Person 2 and Person 3. However, this sacrifice is relatively small compared to the gain in utility for the other participants, and it ensures that the allocation is fair and Pareto efficient.",0,2,2,3,3
34,"**Proposed Allocation**

* **Person 2:** Good B, Good C
* **Person 3:** Good A, Good D

**Rationale**

This allocation aims to maximize the total value obtained by all participants.

* **Person 2:** Receives a total value of 47 + 45 = 92.
* **Person 3:** Receives a total value of 23 + 20 = 43.
* **You:** Receive a total value of 0 (since you do not receive any goods).

**Fairness Considerations**

* **Equity:** Person 2 receives the largest total value, but this is balanced by the fact that Person 3 has a lower valuation for the goods received.
* **Efficiency:** The allocation ensures that all goods are distributed to individuals who value them most.
* **Acceptability:** The allocation is likely to be acceptable to Person 2 and Person 3 because they both receive goods that they value highly.

**Additional Considerations**

* **Envy-Freeness:** None of the participants would prefer the allocation received by another participant.
* **Pareto Optimality:** There is no other allocation that would make one participant better off without making another participant worse off.

While this allocation may not be the only fair solution, it is a reasonable compromise that takes into account the individual valuations of the goods and the overall efficiency of the distribution.",0,3,2,2,3
35,"**Allocation:**

* **Person 2:** Good B, Good D
* **Person 3:** Good C
* **You:** Good A

**Justification:**

* Person 2 values Good B the most, so they receive it.
* Person 2 also values Good D more than the others, so they receive it.
* Person 3 values Good C the most, so they receive it.
* Good A is the highest-valued good for me, and I also value it more than the others value Good B or Good D. Therefore, I receive Good A.

**Fairness Considerations:**

* All participants receive goods that they value.
* The allocation takes into account the relative values that different individuals place on the goods.
* No participant is left empty-handed.
* The allocation is mutually agreeable, as all participants would prefer this outcome to any other allocation where they receive less.",0,You,2,3,2
36,"**Proposed Allocation:**

* **Person 2:** Good A and Good B
* **Person 3:** Good C
* **Me:** Good D

**Explanation:**

This allocation is considered fair for the following reasons:

* **Equal Distribution:** Each individual receives one or two goods, ensuring a relatively equal distribution of the total value available.
* **Maximizing Total Value:** The allocation assigns goods to individuals who value them most (based on the given values), thus maximizing the overall satisfaction among the participants.
* **Flexibility:** Person 2 specifically values Good B more than other goods, so assigning it to them ensures their satisfaction. Similarly, allocating Good C to Person 3 maximizes their total value.
* **Mutual Acceptability:** This allocation is likely to be acceptable to all participants as it prioritizes their individual preferences while still providing a fair distribution.

**Values After Allocation:**

* **Person 2:** 50 (from Good A and Good B)
* **Person 3:** 32 (from Good C)
* **Me:** 2 (from Good D)",0,2,2,3,Me
37,"**Proposed Allocation:**

* **Person 2:** Good B, Good D
* **Person 3:** Good A, Good C

**Rationale:**

This allocation aims to distribute the goods in a way that maximizes the collective value for all participants.

* **Person 2** receives a high-value good (Good B) for them and a relatively low-value good (Good D) for the group.
* **Person 3** receives two goods (Good A and Good C) that have a combined value higher than any other possible combination for them.
* **You** do not receive any goods in this allocation, but the proposed allocation maximizes the overall value for the group.

**Acceptability to Other Participants:**

* **Person 2:** May be satisfied with this allocation as they receive their highly valued Good B and another good that is not as valuable to them (Good D).
* **Person 3:** Is likely to be satisfied with this allocation as they receive the goods that have the highest combined value for them.
* **You:** May initially be disappointed that you do not receive any goods, but you may recognize that this allocation maximizes the overall value for the group, which you may find acceptable as a fair outcome.

**Alternative Allocations:**

* Allocate Good A to you, Good B to Person 2, Good C to Person 3, and discard Good D.
* Allocate Good A to Person 3, Good B to you, Good C to Person 2, and discard Good D.",0,3,2,3,2
38,"I propose the following allocation:

* Person 2 receives Good A and Good B
* Person 3 receives Good C
* You receive Good D

This allocation is fair because it gives each person the goods that they value the most. For example, Person 2 values Good B the most, so they receive it. You value Good D the most, so you receive it.

In addition, this allocation is efficient because it maximizes the total value of the goods to the participants. The total value of the goods to Person 2 is 52 (5 for Good A and 47 for Good B). The total value of the goods to Person 3 is 32. The total value of the goods to you is 2. The total value of the goods to all participants is 86.

I believe that this allocation is acceptable to the other participants because it gives each person a fair share of the goods. Person 2 receives two goods, which is more than Person 3 or you. However, Person 2 values Good B much more than Person 3 or you value any of the goods, so this allocation is still fair. Person 3 receives Good C, which is the good that they value the most. You receive Good D, which is the good that you value the most.",0,2,2,3,You
39,"**Proposed Allocation:**

| Good | Recipient | Value to Recipient |
|---|---|---|
| Good A | Person 3 | 23 |
| Good B | Person 2 | 47 |
| Good C | You | 48 |
| Good D | Person 2 | 3 |

**Rationale:**

This allocation aims to maximize the total value received by all participants.

* Person 3 receives Good A because they value it the most (23).
* Person 2 receives Good B because they value it the most (47).
* You receive Good C because you value it the most (48).
* Person 2 receives Good D because they value it the most out of the remaining goods (3).

This allocation considers both the value of each good to each participant and the total value received. It ensures that each participant receives at least one good that they value highly.

**Expected Acceptability:**

I believe this allocation is acceptable to the other participants because:

* Person 3 receives the good they value the most.
* Person 2 receives their second most valued good and a good they value more than the other remaining goods.
* I receive the good I value the most.

Overall, this allocation provides a reasonable distribution of goods that takes into account the individual preferences of each participant.",0,3,2,You,2
40,"**Proposed Allocation:**

* **Person 2:** Good A
* **Person 3:** Good B
* **You:** Good C and Good D

**Rationale:**

This allocation considers the following factors:

* **Equity:** Each person receives at least one good with a significant value to them.
* **Efficiency:** The total value of the allocation for all participants is maximized (45 + 47 + 48 + 20 = 160).
* **Fairness:** The allocation respects the relative values that each person places on the goods. For example, Person 2 values Good A the most, so they receive it.
* **Acceptability:** I believe this allocation is acceptable to the other participants because it provides them with goods that they value significantly.

**Individual Values:**

* **You:** Good C (48) + Good D (2) = 50
* **Person 2:** Good A (45) = 45
* **Person 3:** Good B (25) = 25

**Overall Efficiency:**

The total value of the allocation is 50 + 45 + 25 = 120, which indicates that the goods have been allocated efficiently to maximize the collective value.",0,2,3,You,You
41,"**Proposed Allocation:**

* **You:** Good A, Good C
* **Person 2:** Good B
* **Person 3:** Good D

**Justification:**

* **Fairness:** This allocation ensures that each person receives at least one good that they value highly. You and Person 2 each receive their highest-valued goods (Good A and Good B, respectively). Person 3 receives Good D, which is their second-highest-valued good.
* **Acceptability:** This allocation is likely to be acceptable to all parties as it maximizes the total utility across all participants.

**Total Utility for Each Person:**

* You: 45 (Good A) + 48 (Good C) = 93
* Person 2: 5 (Good B) = 5
* Person 3: 20 (Good D) = 20

**Alternative Allocation:**

* **You:** Good A, Good B
* **Person 2:** Good C, Good D
* **Person 3:** None

This allocation would also result in a fair distribution of goods, but Person 3 would be left with nothing. Therefore, the first allocation is preferred as it provides a better outcome for all parties involved.",0,You,2,You,3
42,"**Proposed Allocation:**

* **You:** Good C
* **Person 2:** Good B
* **Person 3:** Good A
* **Discarded:** Good D

**Justification:**

This allocation aims to maximize the total value of the goods allocated to all participants as a group.

* Good C has the highest value for you (48).
* Good B has the highest value for Person 2 (47).
* Good A has the highest value for Person 3 (23), although note that Person 2 also values it at 5.
* Good D has the lowest value for all participants, so it is discarded.

By allocating the goods in this way, we achieve the following valuations:

* You: 48
* Person 2: 47
* Person 3: 23
* Total: 118

This allocation is likely to be acceptable to all participants because it gives each person a good that they value relatively highly. Person 2 may prefer to have Good C instead of Good B, but Good B has a higher total value and is therefore considered more fair to allocate to them. Person 3 may prefer to have Good B or Good C, but Good A has a higher total value and is therefore still a fair allocation for them.

Note that this allocation is not necessarily the only fair allocation. Other allocations that could be considered fair include:

* **You:** Good A, Good C
* **Person 2:** Good B
* **Person 3:** Good D

This allocation would give you a total value of 73, Person 2 a total value of 47, and Person 3 a total value of 22. It is still a fair allocation as it gives each person goods that they value relatively highly.",0,3,2,You,None
43,"**Proposed Allocation:**

* **Person 2:**
    * Good B (value: 47)
    * Good D (value: 3)
* **Person 3:**
    * Good A (value: 23)
    * Good C (value: 32)
* **You:**
    * Good A (value: 45)

**Justification:**

This allocation is considered fair for the following reasons:

* **Equity:** Each person receives goods with a total value that is similar to their own. Person 2 receives goods worth 50 units, Person 3 receives goods worth 55 units, and you receive goods worth 45 units.
* **Efficiency:** This allocation maximizes the total value of goods received by all participants. The total value is 150 units (47 + 3 + 23 + 32 + 45).
* **Individual Preferences:** The allocation takes into account the individual preferences of each person. For example, Person 2 values Good B the highest, while Person 3 values Good A the highest.
* **Consensus:** This allocation is made with the expectation that all participants would agree to it, as it provides a fair and beneficial outcome for each individual.

**Note:** The remaining Good D (valued at 2) is not allocated as it does not significantly contribute to the overall fairness or efficiency of the allocation.",0,You,2,3,None
44,"**Proposed Allocation:**

* **Good A:** Person 3
* **Good B:** Person 2
* **Good C:** You
* **Good D:** Not allocated

**Rationale:**

* **Fairness to Person 2:** Person 2 receives their highest-valued good (Good B).
* **Fairness to Person 3:** Person 3 receives their highest-valued good (Good A), which has a higher value for them than Good B for Person 2.
* **Fairness to You:** You receive your highest-valued good (Good C).
* **Efficiency:** Good D is not allocated because it has the lowest value for all participants, and allocating it would result in a lower total value than not allocating it.

**Acceptability to Other Participants:**

I believe this allocation is acceptable to the other participants because it:

* **Maximizes the total value:** By allocating the goods to the individuals who value them the most, we maximize the overall satisfaction of the group.
* **Prevents envy:** Each participant receives their preferred good, so there is no reason for any of them to envy the allocation of the other goods.
* **Encourages cooperation:** By agreeing to this allocation, the participants demonstrate their willingness to cooperate and find a solution that benefits everyone.

While it is impossible to guarantee that all participants will be perfectly satisfied with any allocation, I believe that this proposal represents a fair and equitable outcome that should be acceptable to all involved.",0,3,2,You,None
45,"**Proposed Allocation:**

* **Person 2:** Good B
* **Person 3:** Good A and Good D
* **You:** Good C

**Rationale:**

This allocation aims to balance the total value perceived by each individual while considering their relative preferences for the goods.

* **Person 2:** Good B has the highest value for Person 2 at 47. Allocating Good B to them maximizes their satisfaction.

* **Person 3:** Good A has the highest value for Person 3 at 23, and Good D has the second-highest value at 20. Combining these two goods provides Person 3 with a total value of 43.

* **You:** Good C has the highest value for you at 48. Allocating Good C to you maximizes your satisfaction while also considering the needs of the other individuals.

**Fairness Considerations:**

* **Individual Satisfaction:** Each participant receives goods that they highly value.
* **Equity:** The total value perceived by each individual is relatively close: Person 2 receives a value of 47, Person 3 receives a value of 43, and you receive a value of 48.
* **Unanimity:** This allocation can only be implemented if all participants agree. By proposing an allocation that balances the needs of all parties, we increase the likelihood of reaching a consensus.

**Acceptability to Other Participants:**

This allocation is likely to be acceptable to the other participants for the following reasons:

* **Person 2:** Receives Good B, their most preferred good.
* **Person 3:** Receives a combination of Good A and Good D, which together provide a substantial value.
* **You:** Receive Good C, your most preferred good.

By considering the values and preferences of all individuals involved, this allocation aims to achieve a fair and acceptable outcome for everyone.",0,3,2,You,3
46,"**Proposed Allocation:**

* **You:** Good A, Good C
* **Person 2:** Good B
* **Person 3:** Good D

**Explanation:**

This allocation aims to maximize the total value for all participants while considering each person's individual preferences. Here's the rationale:

* **Good A:** I initially valued this good highly (45), but Person 2 also values it (5). However, Person 3 values it even less (23). Therefore, it makes sense to allocate Good A to Person 2.
* **Good B:** Person 2 values this good the most (47), followed by Person 3 (25). Since I value it relatively low (5), it seems fair to allocate Good B to Person 2.
* **Good C:** I value this good the highest (48), and Person 2 also values it highly (45). Person 3 values it moderately (32). Given that I have already received Good A, it is reasonable for me to keep Good C.
* **Good D:** Person 3 values this good the most (20), followed by Person 2 (3). I value it the least (2). Therefore, it is fair to allocate Good D to Person 3.

This allocation results in the following total values:

* You: 45 (Good A) + 48 (Good C) = 93
* Person 2: 47 (Good B) = 47
* Person 3: 20 (Good D) = 20

While this allocation may not be perfect for everyone, it is likely to be acceptable to all participants as it maximizes the overall value while respecting individual preferences.",0,2,2,You,3
47,"| Person | Good A | Good B | Good C | Good D |
|---|---|---|---|---|
| You | Good C | Good D | | |
| Person 2 | | Good B | Good A | |
| Person 3 | Good A | | | Good C |

This allocation is fair because it gives each person their most preferred good. Person 2 gets Good B, which is their most preferred good. Person 3 gets Good A, which is their most preferred good. I get Good C, which is my most preferred good. Good D is allocated to Person 3 because it is their second most preferred good and no one else wants it.",0,3,2,You,3
48,"After evaluating the values that each person has for each good, I propose the following allocation:

* Person 2 receives Good A (value 5) and Good B (value 47).
* Person 3 receives Good C (value 32) and Good D (value 20).
* You receive nothing.

This allocation is fair because it takes into account the value that each person has for each good. Person 2 values Good B the most, so they receive it. Person 3 values Good C the most, so they receive it. You value Good C the most, but Person 3 values it more than you do, so they receive it. You do not receive anything because there is no good that you value more than the other people.

I believe that this allocation is acceptable to the other participants because it is fair and it gives each person the goods that they value the most.",0,2,2,3,3
49,"**Proposed Allocation:**

* **You:** Good C
* **Person 2:** Good B
* **Person 3:** Goods A and D

**Rationale:**

This allocation aims to strike a balance between the values each individual places on the goods and ensures that all participants receive a fair share of value.

**Individual Values:**

* **You:** Total value = 48 (Good C)
* **Person 2:** Total value = 50 (Good B)
* **Person 3:** Total value = 45 (Goods A and D)

**Justification:**

* **Good A:** You and Person 3 both value this good more than Person 2, but Person 3 would receive the highest total value if they received both Goods A and D. Therefore, it is allocated to Person 3.
* **Good B:** Person 2 values this good significantly more than you or Person 3, so it is allocated to them.
* **Good C:** You value this good the most, so it is allocated to you.
* **Good D:** Person 3 values this good the most, and it complements their allocation of Good A.

This allocation ensures that:

* All goods are allocated.
* Each individual receives a good that they value highly.
* The total value received by each individual is comparable.

It is also likely to be acceptable to the other participants as it respects their preferences and provides a fair outcome for all involved.",0,3,2,You,3
50,"**Proposed Allocation:**

* Person 2: Good A, Good C
* Person 3: Good B, Good D
* You: None

**Rationale:**

This allocation aims to maximize the total value for all participants while ensuring fairness. It is based on the following considerations:

* **Equity:** Person 2 and Person 3 each receive two goods, while you receive none. This ensures a balanced distribution where all parties have a fair share of the resources.

* **Efficiency:** Good A and Good C have the highest combined value for Person 2 (50), while Good B and Good D have the highest combined value for Person 3 (45). Assigning these goods to the individuals who value them the most maximizes the collective benefit.

* **Acceptability:** Discarding goods is not an optimal solution. By not allocating any goods to yourself, you ensure that all participants receive a fair share and are likely to accept the allocation.

**Value Comparison:**

| Individual | Good A | Good B | Good C | Good D | Total Value |
|---|---|---|---|---|---|
| Person 2 | 5 | 47 | 45 | 3 | 95 |
| Person 3 | 23 | 25 | 32 | 20 | 100 |
| You | 0 | 0 | 0 | 0 | 0 |

As can be seen, Person 2 and Person 3 both receive a total value of 95 and 100, respectively, while your value is 0. This allocation ensures a fair distribution of resources and is likely to be acceptable to all parties.",0,2,3,2,3
51,"**Proposed Allocation:**

* **Person 2:** Good A (5) and Good B (47)
* **Person 3:** Good C (32) and Good D (20)
* **You:** Good D (2)

**Rationale:**

This allocation aims to maximize the total value of the goods received by all participants while ensuring that each person receives at least one good that they value relatively highly.

* Person 2's highest values are for Good A and Good B, so they receive both of these goods.
* Person 3's highest values are for Good C and Good D, so they receive both of these goods.
* You have the lowest value for Good A, so you receive Good D, which has the lowest value for all three participants.

**Justification for Fairness:**

* **Equal opportunity:** Each person receives at least one good that they value relatively highly, ensuring that no one is left out.
* **Balancing of interests:** The allocation considers the preferences and values of all three participants, balancing their interests to the extent possible.
* **No envy:** None of the participants would prefer the allocation received by another participant, assuming that they value the goods in the same way as they do.

**Acceptability to Others:**

I believe this allocation is acceptable to the other participants for the following reasons:

* It gives Person 2 their two most valued goods.
* It gives Person 3 their two most valued goods.
* It gives you a good that you have a relatively low value for, but which is still better than receiving nothing.
* The allocation is fair and transparent, providing a rationale for why each person receives the goods they do.",0,2,2,3,3
52,"To determine a fair allocation of the goods, I consider the following principles:

**1. Equity:** Each person should receive a fair share of the total value of the goods.
**2. Efficiency:** The allocation should maximize the total value of the goods allocated.
**3. Acceptability:** The allocation should be acceptable to all participants.

Based on these principles, I propose the following allocation:

**Person 2:**
* Good A
* Good D

**Person 3:**
* Good B
* Good C

**You:**
* Nothing

This allocation satisfies the principles of equity and efficiency as follows:

**Equity:**
* Person 2 receives goods with a total value of 50 (5 for Good A + 3 for Good D).
* Person 3 receives goods with a total value of 57 (25 for Good B + 32 for Good C).
* I receive no goods, but this is acceptable to me because the other participants receive a fair share of the value.

**Efficiency:**
* The total value of the allocated goods is 107 (50 + 57).
* This is the highest possible total value that can be achieved given the preferences of the participants.

**Acceptability:**
* I believe this allocation is acceptable to all participants because it is fair and efficient.
* Person 2 and Person 3 both receive goods with a higher value than I do, which is consistent with the principle of equity.
* I am willing to forgo receiving any goods to ensure that the other participants receive a fair share of the value.",0,2,3,3,2
53,"**Proposed Allocation:**

| **Person** | **Good A** | **Good B** | **Good C** | **Good D** |
|---|---|---|---|---|
| Person 2 | Good A | Good B | Good C | Discard |
| Person 3 | Good D | Good A | Discard | Good C |
| You | Discard | Discard | Good B | Good D |

**Explanation:**

This allocation is fair because it:

* **Maximizes the total value:** The total value of the allocation is 45 (G2_A) + 47 (G2_B) + 45 (G2_C) + 20 (G3_D) + 25 (G3_B) + 32 (G3_C) + 2 (G4_D) = 216. This is the highest possible total value achievable given the individuals' valuations.
* **Ensures individual fairness:** Each person receives goods that they value highly. Person 2 receives the most valuable goods for them (Goods A and B), Person 3 receives their second and fourth most valuable goods (Goods D and C), and I receive my third and fourth most valuable goods (Goods B and D).
* **Considered all values:** I took into account the values of all individuals when making the allocation, not just my own.
* **Prevented discarding of valuable goods:** Goods A and C are the most valuable goods for Person 2 and Person 3, respectively. Allocating these goods to them prevents them from being wasted.
* **Balanced the distribution:** The allocation distributes the goods evenly among the individuals, with each person receiving two goods.

I believe that this allocation is fair and acceptable to the other participants because it maximizes the total value and ensures that each individual receives goods that they value highly.",0,2,You,3,2
54,"**Proposed Allocation:**

* **Person 2:** Good A, Good C
* **Person 3:** Good D
* **You:** Good B

**Reasoning:**

This allocation is considered fair because:

* **Individual Values:** It takes into account the individual values of the goods for each person. Person 2 highly values Goods A and C, while Person 3 places the highest value on Good D.
* **Equity:** The allocation ensures that each person receives goods that they value highly. Person 2 gets their two most desired goods, Person 3 gets their top choice, and you get the good that has the lowest value for everyone else.
* **Agreement:** This allocation is likely to be acceptable to the other participants because it provides a fair distribution of goods based on their preferences. It is unlikely that anyone would object to receiving their most valued goods.

**Alternative Considerations:**

**Option 1:**

* Person 2: Good A, Good B
* Person 3: Good C, Good D
* You: None

**Option 2:**

* Person 2: Good A, Good C
* Person 3: Good B, Good D
* You: None

While these alternative options may also provide equitable distributions, they do not fully consider the individual preferences of the participants. In Option 1, you would not receive any goods, which may be unfair given that you also have valuations for the goods. In Option 2, Person 3 would receive their two lowest valued goods, which may not be a satisfactory outcome.

Therefore, the proposed allocation is considered to be the fairest and most acceptable to all participants.",0,2,You,2,3
55,"**Proposed allocation:**

* **Good A:** Person 2
* **Good B:** You
* **Good C:** Person 3
* **Good D:** Not allocated (throw away)

**Justification:**

This allocation aims to maximize the total value for all individuals while also considering the individual values for each good.

* **Good A:** Person 2 values Good A the most (45) and assigning it to them maximizes the value for that good.
* **Good B:** You value Good B the most (47) and assigning it to you maximizes the value for that good.
* **Good C:** Person 3 values Good C the most (32) and assigning it to them maximizes the value for that good.
* **Good D:** Both Person 2 (3) and Person 3 (20) value Good D less than the others, and assigning it to either of them would result in a lower total value. Therefore, we propose throwing Good D away to avoid diminishing the overall value.

**Expected acceptability by other participants:**

* **Person 2:** Should be acceptable as they receive Good A, which they value highly.
* **Person 3:** Should be acceptable as they receive Good C, which they value the most.
* **You:** Should be acceptable as you receive Good B, which you value the most.

**Note:** This allocation is not the only possible fair solution. Other fair allocations could involve different combinations of goods assigned to each individual, but the goal is to find an allocation that all participants find acceptable and that maximizes the total value.",0,2,You,3,None
56,"After considering the values that each person has for each good, I propose the following allocation:

* **Person 2:** Good B and Good D
* **Person 3:** Good A
* **Me:** Good C

This allocation is fair because it gives each person the good that they value the most. Person 2 gets Good B, which they value at 47, and Good D, which they value at 3. Person 3 gets Good A, which they value at 23. I get Good C, which I value at 48.

I believe that this allocation is acceptable to the other participants because it gives each person a good that they value highly. Person 2 gets two goods that they value highly, and Person 3 gets the good that they value the most. I am also getting the good that I value the most. Therefore, I believe that this allocation is fair and acceptable to all parties involved.",0,3,2,Me,2
57,"To determine a fair allocation, I consider the concept of envy-freeness, where no individual prefers the allocation of another individual.

**Allocation Proposal:**

* **Person 2:** Good A
* **Person 3:** Goods B and D
* **You:** Goods C

**Explanation:**

* This allocation gives Person 2 the highest valued good (Good A), as they value it at 5 (out of 50 possible value points).
* Person 3 receives Goods B and D, which they value at 45 (out of 65 possible value points).
* I receive Good C, which I value at 48 (out of 55 possible value points).

**Envy-Freeness Check:**

* Person 2 has Good A, which is valued at 50. They do not envy your Good C, which they value at 45.
* Person 3 has Goods B and D, which are valued at 45. They do not envy my Good C, which they value at 32.
* I have Good C, which is valued at 48. I do not envy Person 2's Good A, which I value at 45, or Person 3's Good B, which I value at 25.

Therefore, this allocation is envy-free, and I believe it is fair and acceptable to the other participants.",0,2,3,You,3
58,"I propose the following allocation:
- Person 2: Good A, Good B
- Person 3: Good C,  Good D
- You: None

This allocation is fair because it gives each person their most preferred good, and it also gives each person a good that they value more than the other person. 

In terms of fairness and acceptability to the other participants, I believe that this allocation is reasonable because:
- Person 2 gets their most preferred good, Good B, and a good that they value more than Person 3, Good A.
- Person 3 gets their most preferred good, Good C, and a good that they value more than Person 2, Good D.
- I do not get any goods, but I am willing to give up my goods in order to achieve a fair allocation.

Overall, I believe that this allocation is fair and acceptable to the other participants because it gives each person a good that they value more than the other person, and it also gives each person their most preferred good.",0,2,2,3,3
59,"**Proposed Allocation:**

**Person 2:**
- Good A
- Good B

**Person 3:**
- Good C
- Good D

**You:**
- None

**Rationale:**

This allocation is based on the following considerations:

* **Equity:** Person 2 and Person 3 receive goods with approximately equal total value. Person 2 receives goods worth 52 (5 + 47), while Person 3 receives goods worth 55 (32 + 20).
* **Efficiency:** The goods are allocated in a way that maximizes their total value to the participants. Goods A and B are allocated to Person 2 because they value them the most (5 and 47, respectively). Goods C and D are allocated to Person 3 because they value them the most (32 and 20, respectively).
* **Acceptability:** I believe that this allocation is acceptable to the other participants because it gives both Person 2 and Person 3 goods that they value highly. Additionally, I am willing to forgo receiving any goods in order to ensure fairness.

**Discussion:**

While this allocation may not strictly adhere to a specific fairness criterion, such as the Nash bargaining solution or the Kalai-Smorodinsky solution, I believe that it is a reasonable and equitable outcome that takes into account the preferences and values of all participants. It also meets the requirement that all participants agree to the allocation, as I am willing to accept it even though I do not receive any goods.",0,2,2,3,3
60,"**Proposed Allocation:**

* Person 2: Good A, Good B
* Person 3: Good C, Good D

**Justification:**

This allocation takes into consideration the different values that each person has for the goods.

* Person 2 has the highest value for Good B and a relatively high value for Good A. Giving them both these goods ensures that they receive the items they value the most.
* Person 3 has the highest value for Good C and a higher value for Good D than Person 2. Allocating these goods to them ensures that they also receive the items they value the highest.
* I am willing to give up Good A and Good B, which I value less than Person 2 and 3, in exchange for Good C, which I value more than them.

**Fairness Considerations:**

* **Equity:** Each person receives at least one good that they value highly.
* **Efficiency:** The total value of the goods allocated is maximized.
* **Acceptability:** The allocation is likely to be acceptable to all parties involved as it considers their individual preferences.
* **Simplicity:** The allocation is straightforward and easy to implement.

I believe that this allocation is fair and acceptable to the other participants because it ensures that everyone receives goods that they value, while also maximizing the overall value of the allocation.",0,2,2,3,3
61,"**Proposed Allocation:**

* **You:** Good A, Good C
* **Person 2:** Good B, Good D
* **Person 3:** Not allocated any goods

**Justification:**

This allocation is considered fair for several reasons:

* **Efficiency:** The allocation maximizes the total value of the goods for the three individuals. You and Person 2 receive goods that they value highly, while Person 3 does not receive any goods that they value more than the value of not receiving them (which is assumed to be zero).
* **Equitability:** The allocation gives a relatively equal distribution of value to You and Person 2. You receive two goods with a total value of 93, while Person 2 receives two goods with a total value of 50.
* **Acceptability:** This allocation is likely to be acceptable to Person 2 and Person 3 because it gives them goods that they value highly. Person 3 may not be entirely satisfied with not receiving any goods, but they will likely understand that the other goods were allocated to individuals who valued them more highly.

**Alternative Considerations:**

* One could argue that it would be fairer to give Person 3 some of the goods, even if they do not value them as highly as You or Person 2.
* Alternatively, one could consider a random allocation of the goods to ensure complete fairness.
* Ultimately, the choice of allocation depends on the specific preferences and values of the individuals involved, as well as the desired level of fairness and efficiency.",0,You,2,You,2
62,"**Proposed Allocation:**

* You: Good A, Good B
* Person 2: Good C
* Person 3: Good D

**Justification for Fairness:**

* **Equity:** This allocation distributes goods equally among all three individuals. Each person receives two goods, and the values of the goods they receive are relatively similar.
* **Social Welfare:** The total value of the allocation to all three individuals is maximized. The combined value of the goods received by each individual is:
    * You: 50 (45 + 5)
    * Person 2: 48 (45)
    * Person 3: 22 (20 + 2)
* **Individual Satisfaction:** This allocation takes into account the individual preferences of all participants. You value Goods A and B more highly than the other goods, while Person 2 values Good C the most, and Person 3 values Good D the least.

**Acceptability to Other Participants:**

I believe this allocation is acceptable to the other participants because:

* **Person 2:** Receives their most preferred good (Good C).
* **Person 3:** Receives their second most preferred good (Good D), which they value slightly higher than Good B.

**Alternative Allocations:**

* Giving Person 2 the choice of two goods (e.g., Good B and Good D) could also be considered fair. However, this would give them a slightly higher total value than the proposed allocation.
* Allocating Good A to Person 3 and giving you Good C would be less fair to you, as you value Good A significantly higher than Good C.",0,You,You,2,3
63,"After considering the values for each good for each person, I propose the following allocation, which I believe is fair to all parties involved:

* **Person 2:** Good B, Good C
* **Person 3:** Good A, Good D
* **You:** None

**Reasoning:**

This allocation takes into account the relative values that each person places on the different goods. Person 2 values Good B and Good C the most, so I have allocated those goods to them. Person 3 values Good A and Good D the most, so I have allocated those goods to them. I have not allocated any goods to myself because my values for the goods are lower than the other two people.

I believe that this allocation is fair because it gives each person the goods that they value the most. It is also efficient because it ensures that all of the goods are allocated to people who value them. I believe that all of the participants would be willing to agree to this allocation.",0,3,2,2,3
64,"After careful consideration of the values assigned to each good by the three individuals involved, I propose the following allocation:

- **Good A** to **Person 3**. This allocation maximizes Person 3's utility, as they value Good A at 23, which is significantly higher than the values assigned by the other individuals.
- **Good B** to **Person 2**. Person 2 values Good B at 47, which is considerably higher than the values assigned by the other individuals. This allocation ensures that Person 2 receives a good that they highly value.
- **Good C** to **Me**. I value Good C at 48, which is the highest among the three individuals. Allocating Good C to me would maximize my utility and ensure that I receive a good that I value greatly.
- **Good D** to be **thrown away**. Both Person 2 and I value Good D at a relatively low value of 3 and 2, respectively, while Person 3 values it at 20. To ensure a fair allocation, I propose discarding Good D, as its value to any one individual does not outweigh the potential gains from allocating the other goods more efficiently.

I believe that this allocation is fair and acceptable to all participants. It maximizes the utility of each individual by giving them the goods that they value the most. Additionally, discarding Good D ensures that no one individual receives a good that they do not particularly value, while also avoiding the potential conflict that could arise from allocating it.",0,3,2,Me,None
65,"**Proposed Allocation:**

* **Person 2:** Good B (value: 47)
* **Person 3:** Good C (value: 32)
* **You:** Good A (value: 45), Good D (value: 2)

**Rationale:**

This allocation aims to achieve fairness by distributing the goods in a way that maximizes the total value for all participants.

* **Person 2:** Good B is their most valued good, and it is also their highest-valued good compared to the other participants.
* **Person 3:** Good C is their second most valued good, and it has a relatively high value for them.
* **You:** You receive Good A, which is your most valued good, and Good D, which is the least valued good for all participants. This ensures that you receive at least some value in the allocation.

**Acceptability to Other Participants:**

* **Person 2:** They receive their most valued good, which should make them satisfied with the allocation.
* **Person 3:** They receive their second most valued good, which may not be as satisfactory as receiving Good A, but it is still a reasonable allocation.

Overall, I believe this allocation is fair and acceptable to all participants, as it maximizes the total value for all while ensuring that each person receives goods that they value.",0,You,2,3,You
66,"**Proposed Allocation:**

* **Person 2:** Good A, Good B
* **Person 3:** Good D
* **You:** Good C

**Rationale:**

This allocation aims to maximize the overall welfare of all participants by considering the following factors:

* **Efficiency:** Allocating Goods A and B to Person 2 and Good D to Person 3 allows for the highest total value utilization.
* **Fairness:** Both Person 2 and Person 3 receive goods that are significantly more valuable to them than to the other participants.
* **Equity:** You receive Good C, which has the highest value for you among the remaining goods.
* **Acceptability:** This allocation is likely to be acceptable to all participants because they each receive at least one good that meets or exceeds their second-highest valuation.

**Justification:**

* **Person 2:** Good A is their highest-valued good, and Good B is their second-highest valued good. This allocation gives them their two most preferred goods.
* **Person 3:** Good D is their highest-valued good. While they lose out on their second-highest valued good (Good B), they still receive a good (Good D) that is more valuable to them than any good you or Person 2 would receive under this allocation.
* **You:** Good C is your highest-valued good among the remaining options. While you would prefer to receive Good A, this allocation ensures that you receive a significant amount of value from the overall distribution.",0,2,2,You,3
67,"**Proposed Allocation:**

* **Person 2:** Good B, Good C
* **Person 3:** Good A, Good D
* **You:** None

**Justification:**

This allocation is fair because:

* **Equity:** Person 2 and Person 3 each receive two goods.
* **Efficiency:** The total value of the goods allocated to all participants is maximized (125).
* **Acceptability:**

    * **Person 2:** Receives the goods they value most (Good B and Good C) and receives a total value of 92.
    * **Person 3:** Receives the goods they value second-most (Good A and Good D) and receives a total value of 45.
    * **You:** While you would like to receive some goods, you are willing to accept not receiving any in order to ensure a fair outcome for others.

**Rationale for Not Receiving Any Goods:**

* Your value for the goods is relatively low compared to the other participants.
* You would rather prioritize the interests of the other participants and ensure they receive the goods they value more.
* You believe that this allocation strikes a balance between equity, efficiency, and acceptability.",0,3,2,2,3
68,"**Proposed Allocation:**

* **You:** Good C (value: 48) and Good D (value: 2)
* **Person 2:** Good A (value: 5) and Good B (value: 47)
* **Person 3:** Good A (value: 23)

**Reasoning:**

This allocation considers the following factors:

* **Equal Distribution of Value:** The total value of each person's allocation is approximately equal: 50 for you, 52 for Person 2, and 46 for Person 3.
* **Minimization of Waste:** All four goods are allocated, maximizing the total value realized from the goods.
* **Mutual Acceptability:** This allocation takes into account the values of all participants and provides a balance that should be acceptable to everyone:
    * You value Good C and Good D the highest, and you receive both.
    * Person 2 values Good B the most, and they receive it.
    * Person 3 values Good A and Good B relatively low, but they receive Good A, which they value more than Good C or Good D.
* **Envy-Freeness:** No one envies the allocation of any other person because they receive goods that they value more than the goods received by others.

Overall, this allocation considers the individual preferences and values of all participants to achieve a fair and acceptable outcome.",0,You,2,You,You
69,"I propose the following allocation:
- Person 2 gets Good A and Good B.
- Person 3 gets Good C.
- I get Good D.

I believe this allocation is fair because it gives each person the good that they value the most. Person 2 values Good B the most, so they get that good. Person 3 values Good C the most, so they get that good. I value Good D the most, so I get that good. Good A is the only good left, so Person 2 gets that good by default.

I believe this allocation is also acceptable to the other participants because it gives each person a good that they value highly. Person 2 gets their most valued good, Good B, and they also get Good A, which they value more than Good C or Good D. Person 3 gets their most valued good, Good C, and they also get Good A, which they value more than Good B or Good D. I get my most valued good, Good D, and I also get Good A, which I value more than Good C or Good B.

Overall, I believe this allocation is fair and acceptable to all participants.",0,2,2,3,You
70,"**Proposed Allocation:**

* **Person 2:** Good B, Good D
* **Person 3:** Good C
* **You:** Good A

**Reasoning:**

* **Good A:** I value Good A the highest (45) compared to the others, whom have the lowest values (Person 2: 5, Person 3: 23).
* **Good B:** Person 2 values Good B the most (47), and you value it the least (5).
* **Good C:** Person 3 values Good C the most (32), and you value it the second most (48).
* **Good D:** Person 2 has a higher value for Good D (3) than you (2).

This allocation takes into account the relative values of each good for the individuals involved. By distributing the goods to those who value them the most, we can maximize the overall utility and fairness of the allocation.

**Rationale for Acceptability:**

* **Person 2:** Receives their most valuable good (Good B) and a good they value moderately (Good D).
* **Person 3:** Receives their most valuable good (Good C).
* **You:** Receive your most valuable good (Good A), which has a high value for you.

As all participants are receiving goods that they value highly, it is likely that they will find this allocation acceptable.",0,You,2,3,2
71,"I propose the following allocation:

- Person 2 receives Good A and Good B.
- Person 3 receives Good C and Good D.
- I receive nothing.

I believe this allocation is fair because it maximizes the total value of the goods to the participants. Person 2's total value for Goods A and B is 52, Person 3's total value for Goods C and D is 52, and my total value for the goods I receive is 0. This allocation also ensures that each participant receives at least one good.

I believe this allocation is also acceptable to the other participants because it gives them the goods that they value most. Person 2 values Good B the most, and Person 3 values Good C the most. I am willing to give up the goods that I value the most in order to ensure that the other participants receive the goods that they value the most.",0,2,2,3,3
72,"**Proposed Allocation:**

* **Person 2:** Good A, Good B
* **Person 3:** Good C, Good D
* **You:** None

**Rationale:**

This allocation is fair for the following reasons:

* **Equal Total Value:** The total value of the goods allocated to each person is approximately equal, considering each individual's preferences. Person 2 receives a total value of 50, Person 3 receives a total value of 52, and you receive a total value of 0.
* **Maximizing Satisfaction:** Person 2 values Good A and Good B the most, and this allocation gives them both of these goods. Similarly, Person 3 values Good C and Good D the most, and they receive both of these goods.
* **Minimizing Waste:** Since the goods are indivisible, it is impossible to satisfy everyone's preferences exactly. However, this allocation ensures that no goods are ""wasted"" by giving them to someone who does not value them as much.
* **Selflessness:** It is worth noting that this allocation requires you to give up all the goods you value, while the other participants receive the goods they value the most. However, this sacrifice is made in the spirit of fairness and to ensure that everyone receives the goods they need most.

I believe that this allocation is acceptable to the other participants because it gives them the goods they value the most and ensures that no goods are wasted. Additionally, it represents a fair distribution of the value of the goods among all the individuals involved.",0,2,2,3,3
73,"**Proposed Allocation:**

* **Good A:** Person 3
* **Good B:** Person 2
* **Good C:** You
* **Good D:** Discard

**Rationale:**

* **Good A:** Person 3 has the highest value for Good A (23), and it is the only good for which they have a value greater than yours (45).
* **Good B:** Person 2 has the highest value for Good B (47), and discarding it would result in a significant loss of value compared to allocating it to them.
* **Good C:** I have the highest value for Good C (48), and it is also an important good for Person 2 (value of 45). Therefore, I propose that I receive Good C.
* **Good D:** Both Person 2 and I have relatively low values for Good D (3 and 2, respectively). Discarding it is considered to be the fairest option in this case.

**Expected Acceptability:**

I believe this allocation is acceptable to the other participants because:

* Person 3 receives their most valued good, Good A.
* Person 2 receives their second most valued good, Good B.
* I receive my most valued good, Good C.
* No goods are discarded that would have resulted in a significant loss of value to any participant.

By considering the individual values for each good and prioritizing the most valued goods for each person, I hope to create an allocation that is seen as fair and reasonable by all parties involved.",0,3,2,You,None
74,"I would propose the following allocation:

* Person 2: Good B, Good C
* Person 3: Good A, Good D
* You: None

This allocation is fair because it gives each person two goods, and the total value of the goods that each person receives is roughly equal.

* Person 2: 47 + 45 = 92
* Person 3: 23 + 20 = 43
* You: 0

I believe that this allocation is acceptable to the other participants because it gives each person a fair share of the goods. Person 2 gets the goods that they value the most, Person 3 gets the goods that they need the most, and I am willing to sacrifice my own interests to ensure that everyone else gets what they want.",0,3,2,2,3
75,"**Proposed Allocation:**

* **Person 2:** Good A
* **Person 3:** Good C
* **You:** Good B, Good D

**Justification:**

This allocation achieves an equitable distribution of value among the participants, as shown below:

* **Person 2:** 5 (Good A)
* **Person 3:** 32 (Good C)
* **You:** 50 (Good B + Good D)

This allocation also considers the individual preferences and values of the participants:

* Person 2 highly values Good A (value of 45) and Good B (value of 47). Assigning Good A to Person 2 satisfies their highest-valued good.
* Person 3 values Good C (value of 32) over the other goods. Assigning Good C to Person 3 ensures that they receive an item that they value significantly.
* You have the highest value for Good B (value of 5) and a low value for Good D (value of 2). By assigning Good B to yourself, you obtain a high-valued item, while discarding Good D does not result in a significant loss of value for you.

**Acceptability to Other Participants:**

I believe that this allocation would be acceptable to both Person 2 and Person 3 for the following reasons:

* **Person 2:** Person 2 receives their highest-valued good, Good A, which aligns with their preferences and maximizes their total value.
* **Person 3:** Person 3 receives Good C, which is their second highest-valued good. Given that their highest-valued good (Good B) is assigned to you, receiving Good C is a reasonable outcome that provides them with a significant amount of value.

**Fairness:**

This allocation is fair in that it distributes the goods in a way that balances the individual preferences and values of the participants. It assigns each participant a good that they value significantly, ensuring that everyone receives a fair share of the available resources.",0,2,You,3,None
76,"I propose the following allocation:

* **Good A** to **Person 3**.
* **Good B** to **Person 2**.
* **Good C** to **You**.
* **Good D** to **Person 2**.

This allocation is fair because it gives each person the goods they value most. I value Good C most, so I am happy to receive it. Person 2 values Good B most, so they are happy to receive it. And Person 3 values Good A most, so they are happy to receive it.

I believe this allocation is also acceptable to the other participants because it gives them the goods they value most. I do not believe that Person 2 or Person 3 would be willing to give up the goods they value most for a good that they value less.

I am confident that this allocation is the fairest and most acceptable to all parties involved.",0,3,2,You,2
77,"After considering the values that each person has for each good, I propose the following allocation:

* Person 2 receives Good A and Good B
* Person 3 receives Good C
* I receive Good D

This allocation is fair because it gives each person the good that they value the most. Person 2 values Good B the most, so they receive that good. Person 3 values Good C the most, so they receive that good. I value Good D the most, so I receive that good. Good A is the only good left, so Person 2 receives that good as well.

I believe that this allocation is acceptable to the other participants because it gives each person a good that they value highly. I would be willing to accept this allocation if I were in their position, and I believe that they would be willing to accept it if they were in my position.",0,2,2,3,You
78,"**Proposed Allocation:**

* **Person 2:** Good A, Good B
* **Person 3:** Good C
* **You:** Good D

**Rationale:**

* This allocation ensures that every participant receives at least one good.
* Person 2 receives Goods A and B, which they value highly (50 points).
* Person 3 receives Good C, which they value the most (32 points).
* You receive Good D, which has the lowest value for everyone (2 points).
* No goods are discarded, ensuring that the total value of the goods is maximized.
* This allocation considers the relative preferences of all participants and aims to distribute the goods in a way that each person values them the most.

**Expected Acceptability:**

I believe this allocation is acceptable to the other participants for the following reasons:

* Person 2 values Goods A and B highly, and they receive both of them.
* Person 3 values Good C the most, and they receive it.
* You receive the least valuable good, which can be seen as a fair compromise.
* By ensuring that everyone receives at least one good, the allocation promotes a sense of fairness and mutual benefit.",0,2,2,3,You
79,"**Proposed Allocation:**

* **Person 2:** Good A, Good B
* **Person 3:** Good C, Good D
* **You:** None

**Rationale:**

This allocation is considered fair for the following reasons:

* **Equity:**
    * Person 2 receives two goods with a combined value of 52, which is closest to the sum of values of the four goods (120).
    * Person 3 receives two goods with a combined value of 52 as well.
    * Since you do not receive any goods, this allocation ensures that Person 2 and Person 3 have equal shares in the value of the goods.
* **Efficiency:**
    * Both Person 2 and Person 3 value the goods they receive more than the goods they do not receive.
    * The allocation maximizes the total value for both Person 2 and Person 3 without compromising equity.
* **Acceptability:**
    * This allocation is likely to be acceptable to Person 2 and Person 3 because it gives them goods that they value highly.
    * It may also be acceptable to you if you consider the following:
        * Your value for the four goods is relatively low compared to Person 2 and Person 3.
        * You believe that it is important for Person 2 and Person 3 to have a fair share of the goods.
        * You are willing to sacrifice your own share for the sake of equity and efficiency.",0,2,2,3,3
80,"**Proposed Allocation:**

* **Person 2:** Good A, Good B
* **Person 3:** Good C
* **You:** Good D

**Reasons for the Proposed Allocation:**

* **Equity:**
    * Person 2 receives two goods worth a total of 52 units (5 + 47).
    * Person 3 receives one good worth 32 units.
    * You receive one good worth 2 units.

* **Efficiency:**
    * All goods are allocated to individuals who value them the most.
    * Person 2 values Good A more than you or Person 3.
    * Person 3 values Good C more than you or Person 2.
    * You value Good D more than Person 2 or Person 3.

* **Acceptability:**
    * This allocation is likely to be acceptable to all parties because it gives each person a good that they value highly.
    * Person 2 values Good B very highly, and they receive it in this allocation.
    * Person 3 receives Good C, which is their highest-valued good.
    * You receive Good D, which is the good you value the most out of the remaining options.

**Rationale for Discarding Other Options:**

* **Good B to Person 3:** Person 3 values Good B less than Person 2, so allocating it to Person 3 would be less efficient.
* **Good C to Person 2:** Person 2 values Good C less than Person 3, so allocating it to Person 2 would be less efficient.
* **Any other allocation:** Would result in a lower total value for the goods allocated to the participants.",0,2,2,3,You
81,"| **Person** | **Good A** | **Good B** | **Good C** | **Good D** |
|---|---|---|---|---|
| **You** | Good C | Good B | - | - |
| **Person 2** | Good A | Good D | - | - |
| **Person 3** | - | - | Good A | Good D |

This allocation is fair because it gives each person the good that they value the most. You value Good C the most, so you get it. Person 2 values Good A the most, so they get it. Person 3 values Good A the most, but they also value Good D more than you or Person 2 value it, so they get Good D.",0,2,You,You,3
82,"**Proposed Allocation:**

* **Person 2:** Good B
* **Person 3:** Good A
* **You:** Good C

**Justification:**

This allocation is considered fair because it takes into account the values each individual has for the goods.

* **Person 2:** Good B is their highest valued good, and it is not as highly valued by the other participants.
* **Person 3:** Good A is their highest valued good, but it is not as highly valued by the other participants.
* **You:** Good C is your highest valued good, and it is not as highly valued by the other participants.

Good D is not allocated because it is the lowest valued good for all participants, and allocating it would not significantly increase the overall fairness of the allocation.

I believe this allocation is acceptable to the other participants because it gives each person a good that they value highly.

**Additional Considerations:**

* This allocation could be further refined by considering the relative wealth or need of the participants.
* It's important to consider the potential consequences of not allocating a good, such as whether it would be wasted or could be used for a more productive purpose.
* The fairness of an allocation may also depend on the cultural or social context in which it is made.",0,3,2,You,None
83,"**Proposed Allocation:**

* **You:**
    * Good A
    * Good C
* **Person 2:**
    * Good B
    * Good D
* **Person 3:**
    * None

**Justification:**

This allocation is fair because it considers both the individual values and the need to reach an agreement acceptable to all participants.

* **You:** You receive the goods you value most highly, Good A and Good C.
* **Person 2:** You receive the goods you value next most highly, Good B and Good D.
* **Person 3:** You do not receive any goods, but you should be willing to accept this because:
    * They value the goods less than the other participants.
    * Person 3 can use the money they would have spent on the goods to purchase other items that they value more.
    * Throwing away the goods instead of giving them to Person 3 would be a waste of resources.

This allocation also maximizes the total value of the goods for the participants:

* **Your value:** 45 + 48 = 93
* **Person 2's value:** 47 + 3 = 50
* **Person 3's value:** 0

**Total value:** 93 + 50 + 0 = **143**

**Acceptability:**

I believe that this allocation is acceptable to the other participants because:

* It gives each participant the goods they value most highly.
* It maximizes the total value of the goods for all participants.
* It is a fair solution that takes into account the different values of the goods for each participant.",0,You,2,You,2
84,"**Proposed Allocation:**

* **You:** Good A, Good C
* **Person 2:** Good B, Good D
* **Person 3:** Not allocated any goods

**Explanation:**

This allocation is fair for the following reasons:

* **Pareto Optimality:** No other allocation can make one person better off without making another person worse off.
* **Equal Treatment:** Each person receives an approximately equal share of value, given their individual valuations:
    * Your total value: 45 + 48 = 93
    * Person 2's total value: 5 + 47 = 52
    * Person 3's total value: 0
* **Consideration of Values:** The allocation takes into account each person's individual valuations for each good.
* **Acceptance by Others:** It is likely that the other participants would find this allocation acceptable, as they each receive goods that align with their highest values.

**Rationale for Not Allocating Goods to Person 3:**

While Person 3 has lower valuations for the goods, allocating any goods to them would result in a significant reduction in value for the other participants, thereby violating the principle of equal treatment.",0,You,2,You,2
85,"**Proposed Allocation:**

* Person 2: Good B, Good D
* Person 3: Good A, Good C

**Rationale:**

This allocation aims to distribute the goods in a way that aligns with each individual's preferences and values, while also considering fairness and acceptability.

* Person 2 has the highest value for Good B, so they receive it. They also receive Good D, which has relatively low value for both Person 2 and Person 3.
* Person 3 has the highest value for Good A, so they receive it. They also receive Good C, which has a moderate value for both Person 3 and Person 2.
* You receive no goods in this allocation. This may be acceptable to you if you believe that the other participants will benefit more from the goods than you would.

**Expected Acceptability:**

* Person 2: This allocation gives Person 2 their most preferred good and a moderately valued good. It is likely to be acceptable to them.
* Person 3: This allocation gives Person 3 their most preferred good and a good that is moderately valued by both parties. It is likely to be acceptable to them.
* You: You receive no goods in this allocation. While this may not be ideal, it may be acceptable if you believe that the other participants will benefit more from the goods than you would.

This allocation is based on the information provided and the assumption that all participants are willing to agree to a fair and acceptable solution. It is important to note that other allocations may also be considered fair and acceptable, depending on the specific preferences and values of the individuals involved.",0,3,2,3,2
86,"**Proposed Allocation:**

* **Person 2:** Good B, Good C
* **Person 3:** Good A, Good D
* **You:** None

**Explanation:**

This allocation is fair because it maximizes the total value for all participants while considering their individual preferences.

* **Person 2:** Good B and Good C are their two most valued goods, so they receive the maximum total value of 92.
* **Person 3:** Good A and Good D are their highest-valued goods that remain available, giving them a total value of 43.
* **You:** While you do not receive any goods, you do not have a strong preference for any of them. Your total value for the four goods is only 100, which is lower than both Person 2 and Person 3.

**Acceptability:**

I believe this allocation is acceptable to the other participants because:

* It gives Person 2 their two most valued goods, which is likely to make them happy.
* It gives Person 3 their highest-valued remaining goods, ensuring that they receive a fair share.
* It does not allocate any goods to me, which I am willing to accept given my lower value for the goods and the fact that Person 2 and Person 3 both value the goods more highly.

By considering the individual preferences and maximizing the total value, this allocation strikes a balance that should be acceptable to all involved.",0,3,2,2,3
87,"**Proposed Allocation:**

* **Person 2:** Good A, Good C
* **Person 3:** Good B, Good D
* **You:** None

**Rationale:**

This allocation aims to distribute the goods fairly among the participants while maximizing the total value derived from the goods.

* **Person 2's Value:** 50 (Good A: 5 + Good C: 45)
* **Person 3's Value:** 45 (Good B: 25 + Good D: 20)
* **Your Value:** 0 (You receive no goods)

**Reason for Not Receiving Goods:**

I have chosen to allocate all the goods to Person 2 and Person 3 because they have higher valuations for the goods compared to me. By giving up my own share, I am allowing them to derive greater utility from the goods.

**Acceptability:**

I believe this allocation is fair and acceptable to the other participants because:

* **Person 2:** Receives two goods with a combined value of 50, which is significantly higher than their next best option (Good B with a value of 47).
* **Person 3:** Receives two goods with a combined value of 45, which is equal to their value for Good B and higher than their value for any other good.
* **You:** While you do not receive any goods, you have a relatively low value for them compared to the other participants. By giving up your share, you are contributing to a more equitable distribution.

**Alternative Allocations:**

Other possible allocations could be:

* **Allocation 1:** You receive Good A, Person 2 receives Good B, Person 3 receives Good C and Good D.
* **Allocation 2:** You receive Good B, Person 2 receives Good A and Good C, Person 3 receives Good D.

However, I believe the proposed allocation is the fairest and most likely to be acceptable to all participants.",0,2,3,2,3
88,"**Proposed Fair Allocation:**

* **Good A:** Person 3 (value: 23)
* **Good B:** Person 2 (value: 47)
* **Good C:** You (value: 48)
* **Good D:** Not allocated (value: 2)

**Rationale:**

* Person 3 has the highest value for Good A, so allocating it to them ensures that they receive the good they value most.
* Person 2 has the highest value for Good B and a relatively high value for Good C. Giving them Good B allows them to receive their highest-valued good, while also giving them some value from Good C.
* You have the highest value for Good C, so it makes sense to allocate it to yourself.
* Good D has the lowest value among all the goods, and none of the individuals value it particularly highly. Therefore, it is reasonable to discard it to avoid any potential conflicts.

**Expected Acceptability to Other Participants:**

* Person 2 should be satisfied with receiving Good B, their highest-valued good. They may also be content with the partial allocation of Good C, given its value to them.
* Person 3 should be pleased to receive Good A, their most desired item.
* While you may have valued Good A more than Person 3, the proposed allocation still provides you with Good C, your highest-valued good. Therefore, you should find it acceptable as well.

By considering the values of each participant and aiming for a balanced allocation that maximizes overall satisfaction, this proposal is likely to be seen as fair and acceptable to all involved.",0,3,2,You,None
89,"**Proposed Allocation:**

* **Person 2:** Good A, Good B
* **Person 3:** Good C, Good D
* **You:** None

**Explanation:**

This allocation aims to maximize the total value for all three individuals while considering their preferences and values for each good.

* **Person 2:** Good A is their most valuable item, followed by Good B. Giving them these two goods results in the highest total value for them.
* **Person 3:** Good C is their second most valuable item, after Good B. Allocating Good C and Good D to them ensures they receive a significant portion of the total value.
* **You:** While you value Good C the most, giving it to Person 3 allows them to receive a higher total value than if you kept it for yourself. You do not receive any goods in this allocation, but the other participants are expected to be satisfied with the distribution.

**Justification for Fairness:**

* **Equity:** This allocation distributes the goods evenly, giving Person 2 and Person 3 two goods each.
* **Efficiency:** The total value for all three individuals is maximized by giving the goods to those who value them most.
* **Acceptability:** By considering the preferences of Person 2 and Person 3, this allocation is likely to be acceptable to them. They receive their most valuable goods, and they also receive a fair share of the total value.",0,2,2,3,3
90,"**Allocation:**

* **Person 2:** Good A, Good B
* **Person 3:** Good C, Good D
* **You:** None

**Reasoning:**

* Person 2 receives their most and second-most preferred goods, resulting in a total value of 52.
* Person 3 receives their first and second-most preferred goods, resulting in a total value of 52.
* I receive none of the goods, but this is acceptable to me because it ensures that the other participants receive goods with the highest possible total value.

This allocation is fair because it distributes the goods in a way that maximizes the total value for the group as a whole. It also results in a balanced distribution of value between the participants, with both Person 2 and Person 3 receiving goods worth 52 units.

I believe that this allocation would be acceptable to the other participants because it is equitable and maximizes their own value. Person 2 and Person 3 both receive goods that they value highly, and they would likely be willing to accept this allocation in order to ensure a fair outcome for everyone.",0,2,2,3,3
91,"**Proposed Allocation:**

* **Person 2:** Good A, Good B
* **Person 3:** Good C
* **You:** Good D

**Justification:**

This allocation is considered fair because it takes into account the following factors:

* **Equity:** Each person receives a good that they value relatively highly. Person 2 values Good A (5) and Good B (47) more than the other goods. Person 3 values Good C (32) more than the other goods. I value Good D (2).
* **Efficiency:** The total value of the goods allocated to each person is similar. The total value for Person 2 is 52 (5 + 47), for Person 3 is 32, and for me is 2.
* **Acceptability:** This allocation is likely to be acceptable to all participants because it gives each person a good that they value highly and ensures that no one is left with nothing.

**Alternative Allocation:**

* **Person 2:** Good B, Good C
* **Person 3:** Good A, Good D
* **You:** None

Although this allocation would result in a higher total value for Person 2 (92), it is less fair than the proposed allocation because I would receive no goods. This could be perceived as unfair and unacceptable.",0,2,2,3,You
92,"**Allocation:**

* **Person 2:** Good B, Good C
* **Person 3:** Good A, Good D
* **You:** None

**Justification:**

* **Person 2:** This allocation gives them their two most preferred goods, Good B and Good C.
* **Person 3:** This allocation gives them their two most preferred goods, Good A and Good D.
* **You:** While I do not receive any goods, this allocation maximizes the total value for all participants.

**Total Value:**

* Person 2: 47 + 45 = 92
* Person 3: 23 + 20 = 43
* You: 0

**Total:** 135

This allocation ensures that all participants receive their most preferred goods, resulting in the highest possible total value. It is also fair because each person receives goods that they value relatively highly.",0,3,2,2,3
93,"Here is a fair allocation of the goods with the following criteria: 

- **Person 2:** Good A
- **Person 3:** Good B
- **You:** Good C
- **Discard:** Good D

This allocation is fair because each person receives the good that they value the most, and no one receives a good that they value less than any other good.

Here is a breakdown of the values for each person under this allocation:

- **Person 2:** 5 (Good A)
- **Person 3:** 25 (Good B)
- **You:** 48 (Good C)

This allocation also ensures that no one receives a good that they value less than zero.",0,2,3,You,None
94,"**Proposed Allocation:**

* **Person 2:** Good B, Good D
* **Person 3:** Good A, Good C

**Rationale:**

This allocation is considered fair based on the following principles:

* **Individual Values:** The allocation ensures that each individual receives goods that they value the most. Person 2 receives Good B, which they value the highest, and Good D, which they value third highest. Person 3 receives Good A, which they value the second highest, and Good C, which they value the highest.

* **Equity:** The allocation distributes the goods in a way that is equitable. Person 2 and Person 3 receive two goods each, which roughly reflects their relative values for the goods.

* **Consensus:** This allocation is likely to be acceptable to the other participants because it maximizes the total value for all individuals. The combined value of the goods received by each participant is:

    * Person 2: Good B (47) + Good D (3) = 50
    * Person 3: Good A (23) + Good C (32) = 55

* **Efficiency:** The allocation avoids wasting any goods. All goods are allocated to individuals who value them, and no goods are discarded.

**Additional Considerations:**

* **Adjustment:** If any of the participants find the allocation slightly unfair, it may be possible to fine-tune it by adjusting the allocation of a single good. For example, if Person 2 feels that they value Good A more than Person 3, we could consider allocating Good A to Person 2 and giving Person 3 Good C instead.

* **Negotiation:** The proposed allocation is a starting point for negotiation. The participants may discuss and negotiate different allocations to find one that is mutually acceptable.",0,3,2,3,2
95,"**Proposed Allocation:**

* **Person 2:** Good B
* **Person 3:** Good D
* **You:** Good A, Good C

**Rationale:**

This allocation aims to maximize the total utility of all participants while considering the individual values for each good.

* **Good A:** You value Good A most (45) and Person 2 values it least (5).
* **Good B:** Person 2 values Good B most (47), so it is allocated to them.
* **Good C:** You value Good C second most (48) and Person 3 values it least (32).
* **Good D:** Person 3 values Good D most (20) and you value it least (2).

By allocating goods based on these preferences, each participant receives at least one good with a high value for them. Furthermore, no goods are discarded since all are allocated.

**Expected Acceptability:**

I believe this allocation is fair and acceptable to the other participants for the following reasons:

* It maximizes the total utility of all participants, which is a common goal in fair allocations.
* It considers the individual values for each good, ensuring that participants receive goods they value highly.
* It allocates all goods without discarding any, which eliminates potential objections based on waste.",0,You,2,You,3
96,"**Proposed Allocation:**

* **You:** Good A (value: 45)
* **Person 2:** Good B (value: 47), Good D (value: 3)
* **Person 3:** Good C (value: 32)

**Justification:**

This allocation considers both the values of each individual for the goods and the need for fairness among the participants.

* **You:** You receive Good A, which is your highest-valued good. This preserves your utility and ensures that you are satisfied with the outcome.
* **Person 2:** Person 2 receives Good B, which is their highest-valued good, and Good D, which is their second-highest-valued good. This allocation recognizes their preferences and provides them with a significant amount of utility.
* **Person 3:** Person 3 receives Good C, which is their highest-valued good. This ensures that they are not left feeling disadvantaged and maintains a sense of fairness.

**Acceptability to Others:**

This allocation is likely to be acceptable to both other participants because:

* **Person 2:** They receive two goods that they value highly, resulting in a high level of satisfaction.
* **Person 3:** They receive their highest-valued good, which meets their primary need in the allocation.

Additionally, the allocation does not leave any goods unallocated, ensuring that none of the value is lost or wasted. This promotes cooperation and prevents resentment among the participants.",0,You,2,3,2
97,"**Proposed Allocation:**

* **Good A:** Person 2
* **Good B:** You
* **Good C:** Person 3
* **Good D:** Not allocated (thrown away)

**Rationale:**

This allocation considers the following principles of fairness:

* **Equity:** Each person receives goods with a total value that is roughly equal.
* **Efficiency:** The allocation maximizes the total value obtained by all participants.
* **Envy freeness:** No person would prefer to have the allocation of any other person.

**Explanation:**

* **Good A:** Person 2 has the highest value for Good A (5), and they receive it.
* **Good B:** You have the second highest value for Good B (5), and you receive it.
* **Good C:** Person 3 has the highest value for Good C (32), and they receive it.
* **Good D:** Neither you nor the other participants have a significant value for Good D, so it is not allocated and is considered wasted.

This allocation ensures that each person receives a fair share of the available goods, while also maximizing the total value obtained by all participants. It is also envy-free because no person would prefer to have the allocation of any other person, given their respective values for the goods.",0,2,You,3,None
98,"**Proposed Allocation:**

* **Person 2:** Good A, Good B
* **Person 3:** Good C, Good D
* **You:** None

**Rationale:**

This allocation is fair for the following reasons:

* **Person 2** receives two goods with a total value of 52, which is the highest total value among the three individuals. This is fair because Person 2 has the highest value for Good B, which is the most valuable good.
* **Person 3** receives two goods with a total value of 52 as well, which is equal to Person 2's total value. This is fair because Person 3 has the lowest value for Good A, which is the least valuable good.
* **I** receive no goods. This may seem unfair at first glance, but it is actually the most equitable solution. By giving up all the goods, I ensure that the other two individuals receive an allocation that they are more satisfied with than if I had insisted on keeping one or more goods for myself.

**Acceptability to Other Participants:**

I believe that this allocation is acceptable to the other participants for the following reasons:

* **Person 2** is likely to be satisfied with receiving the two most valuable goods.
* **Person 3** is likely to be satisfied with receiving the two goods that they value the most.
* **I** have no problem sacrificing my own interests to ensure a fair and equitable distribution of the goods.

**Conclusion:**

I believe that the allocation proposed above is the fairest and most acceptable to all participants. By using a combination of maximizing total value and equity, we can reach a solution that benefits everyone involved.",0,2,2,3,3
99,"**Proposed Allocation:**

* **Good A:** Person 2
* **Good B:** You
* **Good C:** Person 3
* **Good D:** Not allocated (discarded)

**Justification:**

* This allocation maximizes the sum of the values for all participants:
    * Person 2: 5 (Good A) + 47 (Good B) = 52
    * Person 3: 23 (Good A) + 32 (Good C) = 55
    * You: 5 (Good B) = 5

* It allocates goods to the individuals who value them the most:
    * Person 2 values Good A more than any other good.
    * You value Good B more than any other good.
    * Person 3 values Good C more than any other good.

* It discards Good D, which is the least valued good for all participants.

**Acceptability to Other Participants:**

* **Person 2:** This allocation gives them their most preferred good (Good A) and their second most preferred good (Good B).
* **Person 3:** This allocation gives them their two most preferred goods (Good A and Good C).

Based on these factors, I believe this allocation is fair and acceptable to all participants.",0,2,You,3,None
