,Text,Good A,Good B,Good C,Person 1 money,Person 2 money,Person 3 money
0,"**Allocation:**

* **Person 1:** Good A, 1 unit of money
* **Person 2:** Good B, 3 units of money
* **Person 3:** Good C, 1 unit of money

**Reasoning:**

This allocation prioritizes the goods that are most individually valued by each person.

* Person 1 values Good A the highest and Good B the second highest. Therefore, they receive Good A and a unit of money to compensate for not receiving Good B.
* Person 2 values Good B the highest and Good A the second highest. They receive Good B and three units of money to compensate for not receiving Good A.
* Person 3 values Good C the highest and Good A the second highest. They receive Good C and a unit of money to compensate for not receiving Good A.

**Explanation:**

The remaining units of money (2) are not allocated as they cannot significantly increase the individuals' satisfaction without violating the fairness principle. The allocation balances the individuals' preferences and ensures that each person receives a combination of goods and money that is as close as possible to their maximum possible value.",1,2,3,1,3,1
1,"To determine a fair allocation of the goods and money among the three individuals, we can consider a method that aims to maximize the total utility of the allocation. Here's one possible allocation:

**Good A:** Allocate to Person 3 (Value: 50)
**Good B:** Allocate to Person 2 (Value: 40)
**Good C:** Allocate to Person 1 (Value: 25)

**Money:**
* Person 1: 1 unit
* Person 2: 2 units
* Person 3: 2 units

**Explanation:**

* **Good A:** Person 3 values Good A the highest (value: 50), so allocating it to them maximizes their utility.
* **Good B:** Person 2 values Good B the highest (value: 40), so allocating it to them maximizes their utility.
* **Good C:** Person 1 values Good C the highest (value: 25), so allocating it to them maximizes their utility.
* **Money:** The remaining 5 units of money are distributed equally among the three individuals, providing each person with additional utility equivalent to 5 units of goods.

**Total Utility:**

* Person 1: 25 (Good C) + 5 (Money) = 30
* Person 2: 40 (Good B) + 2 (Money) = 42
* Person 3: 50 (Good A) + 2 (Money) = 52

**Total:** 124

This allocation results in a total utility of 124, which is higher than any other possible combination of allocations. It takes into account the individual preferences while also ensuring that the divisible money resource is distributed fairly.",3,2,1,1,2,2
2,"**Allocation:**

* Person 1: Good A, $2.5
* Person 2: Good B, $1
* Person 3: Good C, $1.5

**Explanation:**

This allocation aims to maximize the total value received by all individuals, while ensuring fairness.

**Value Received:**

* Person 1: Value of Good A (45) + Value of $2.5 (2.5) = **47.5**
* Person 2: Value of Good B (40) + Value of $1 (1) = **41**
* Person 3: Value of Good C (45) + Value of $1.5 (1.5) = **46.5**

Total Value Received: 47.5 + 41 + 46.5 = **135**

**Fairness Considerations:**

* Person 3, who values Good C the highest, receives it.
* Person 1, who values Good A the highest, receives it.
* Person 2, who values Good B the highest, receives it.
* Everyone receives a fair share of the money, which can be used to compensate for any discrepancies in the value of the goods.

**Alternatives Considered:**

* Allocating Good A to Person 3 would maximize their value, but would leave Person 2 without a good they particularly value.
* Dividing Good A or Good C into smaller units could allow for more precise allocations, but would introduce the complication of dividing indivisible goods.
* Allocating all the money to one person would create a significant imbalance in fairness.

Based on these considerations, the proposed allocation is determined to be the fairest and maximizes the overall value received by the individuals involved.",1,2,3,2.5,1,1.5
3,"**Allocation 1:**

* Person 1 receives Good A (value: 45) and 1 unit of money (value: 1)
* Person 2 receives Good B (value: 40)
* Person 3 receives Good C (value: 45) and 4 units of money (value: 4)

**Explanation:**

This allocation maximizes the combined value for the three individuals:

* Person 1 receives a total value of 46 (Good A: 45 + Money: 1)
* Person 2 receives a total value of 40 (Good B: 40)
* Person 3 receives a total value of 49 (Good C: 45 + Money: 4)

**Total Combined Value:** 135

**Allocation 2:**

* Person 1 receives Good A (value: 45) and 2.5 units of money (value: 2.5)
* Person 2 receives Good B (value: 40) and 2.5 units of money (value: 2.5)
* Person 3 receives Good C (value: 45)

**Explanation:**

This allocation gives all three individuals an equal share of the total value:

* Person 1 receives a total value of 47.5 (Good A: 45 + Money: 2.5)
* Person 2 receives a total value of 47.5 (Good B: 40 + Money: 2.5)
* Person 3 receives a total value of 45 (Good C: 45)

**Total Combined Value:** 140

**Allocation 3:**

* Person 1 receives Good A (value: 45)
* Person 2 receives Good B (value: 40) and 1 unit of money (value: 1)
* Person 3 receives Good C (value: 45) and 4 units of money (value: 4)

**Explanation:**

This allocation prioritizes maximizing the value for Person 1 and Person 3, while still giving Person 2 a fair share:

* Person 1 receives a total value of 45 (Good A: 45)
* Person 2 receives a total value of 41 (Good B: 40 + Money: 1)
* Person 3 receives a total value of 49 (Good C: 45 + Money: 4)

**Total Combined Value:** 135

**Conclusion:**

Which allocation is considered the fairest depends on the specific priorities and values of the individuals involved. The above allocations provide different options that balance equity, efficiency, and individual preferences.",1,2,3,1,0,4
4,"**Allocation:**

* **Person 1:** Good A, 2 units of money
* **Person 2:** Good B, 3 units of money
* **Person 3:** Good C, No money

**Explanation:**

This allocation aims to maximize the total value received by all individuals while also ensuring that each person receives at least one good.

* **Person 1:** Values Good A the highest and receives it. They also receive 2 units of money to compensate for the lower value of Good A compared to Good B.
* **Person 2:** Values Good B the highest and receives it. They also receive 3 units of money to ensure they receive a total value equivalent to Good A.
* **Person 3:** Values Good C the highest, but its value is not as high as Good A or Good B. Therefore, they receive Good C and no money.

**Total Value Received:**

* Person 1: 45 (Good A) + 2 (Money) = 47
* Person 2: 40 (Good B) + 3 (Money) = 43
* Person 3: 45 (Good C) = 45

The total value received by all individuals is 47 + 43 + 45 = 135, which is maximized compared to other possible allocations. This allocation also ensures that each person receives at least one good and an amount of money equivalent to the value of the good they receive.",1,2,3,2,3,0
5,"**Step 1: Normalize individual valuations**

Normalize individual valuations by dividing each person's value for each good by the total value of all three goods for that person. This allows us to compare the relative importance of each good for each individual.

| Person | Good A | Good B | Good C |
|---|---|---|---|
| Person 1 | 0.4286 | 0.2857 | 0.2381 |
| Person 2 | 0.3333 | 0.3810 | 0.2381 |
| Person 3 | 0.4545 | 0.0455 | 0.4091 |

**Step 2: Calculate the total utility for each potential allocation**

Consider all possible allocations of goods and money. For each allocation, calculate the total utility for each person by multiplying the normalized valuation for each good they receive and summing it with the amount of money they receive.

**Step 3: Select the allocation with the highest total utility**

From all possible allocations, select the allocation that results in the highest total utility for all three individuals combined. This allocation is considered the ""fairest.""

**Fair Allocation:**

| Person | Allocation | Total Utility |
|---|---|---|
| Person 1 | Good A, $1 | 0.6686 |
| Person 2 | Good B, $4 | 0.6904 |
| Person 3 | Good C, $0 | 0.4545 |

**Justification:**

* Person 1 receives Good A, which they value the most (0.4286), and $1, which they value at 0.2381 * 1 = 0.2381.
* Person 2 receives Good B, which they value the most (0.3810), and $4, which they value at 0.2381 * 4 = 0.9524.
* Person 3 receives Good C, which they value the most (0.4091), and $0, which they value at 0.2381 * 0 = 0.

This allocation maximizes the total utility for all individuals combined (0.6686 + 0.6904 + 0.4545 = 1.8135), ensuring fairness among all parties.",1,2,3,1,4,0
6,"**Allocation:**

* Person 1 receives Good A and 1 unit of money
* Person 2 receives Good B and 2 units of money
* Person 3 receives Good C and 2 units of money

**Rationale:**

This allocation aims to maximize overall satisfaction by considering each individual's values and preferences.

* **Person 1:** Receives their highest-valued good, Good A, and additional value in the form of a unit of money.
* **Person 2:** Receives their second-highest-valued good, Good B, and additional value with 2 units of money.
* **Person 3:** Receives their highest-valued good, Good C, and additional value with 2 units of money, even though their valuation for Good C is slightly lower than Person 1's valuation for Good A.

This allocation ensures that all individuals receive goods of significant value to them and additional benefits in the form of money. It also does not result in any goods being discarded, which would reduce the total value available for allocation.

**Fairness Considerations:**

* **Equity:** Each person receives goods and/or money that has a total value close to their highest-valued good.
* **Efficiency:** No goods are discarded, and the allocation maximizes the total value distributed to the individuals.
* **Individual Preferences:** The allocation respects each person's valuations for the goods.
* **Practicality:** The allocation is feasible, as the total money allocated does not exceed the available amount.",1,2,3,1,2,2
7,"Here is one possible fair allocation of the goods and money:
- Person 1: Good A, 2 units of money
- Person 2: Good B, 3 units of money
- Person 3: Good C

This allocation is fair because it gives each person a good that they value the most, as well as an equal amount of money. Person 1 values Good A the most, Person 2 values Good B the most, and Person 3 values Good C the most. Each person also receives 2 or 3 units of money, which is an equal amount.

Another possible fair allocation would be to give each person one good and one unit of money. This would also be fair because it would give each person an equal value of goods and money. However, the first allocation is arguably fairer because it gives each person the good that they value the most.

Ultimately, the fairest allocation is the one that the three people involved agree on. There is no one right answer, and the best solution is the one that everyone is happy with.",1,2,3,2,3,0
8,"**Analysis:**

* Person 1 values Good C the least, so it can be ruled out.
* Person 2 values Good B the most, so they should receive it.
* Person 3 values Good A the most, so they should receive it.
* This leaves Good C to be allocated.

**Fair Allocation:**

* Person 1: Good B (value = 30), 2 units of money
* Person 2: Good A (value = 45), 1 unit of money
* Person 3: Good C (value = 45), 2 units of money

**Explanation:**

This allocation balances the fairness between the individuals.

* Person 1 receives Good B, their second-highest valued good, and 2 units of money, which compensates for the slightly lower value of Good B compared to Good A.
* Person 2 receives Good A, their highest valued good, and 1 unit of money, which compensates for the fact that Good B is more valuable for them than for Person 1.
* Person 3 receives Good C, their second-highest valued good, and 2 units of money, which compensates for the lower value of Good C compared to Good A and B.

This allocation ensures that each person receives a fair share of goods and money, considering their individual preferences.",2,1,3,2,1,2
9,"**Proposed Allocation:**

**Good A:** Person 1
**Good B:** Person 2
**Good C:** Person 3

**Monetary Allocation:**

* Person 1: 2 units
* Person 2: 3 units

**Rationale:**

**Goods Allocation:**

* This allocation maximizes the total value of goods received by the individuals:
    * Person 1: 45 (Good A) + 2 (money) = 47
    * Person 2: 40 (Good B) + 3 (money) = 43
    * Person 3: 45 (Good C) = 45

**Monetary Allocation:**

* Person 1 received less value from Good A (45) than Person 3 received from Good C (45). Therefore, they received additional money to make up for the difference.
* Person 2 received more value from Good B (40) than Person 1 received from Good A (45). Therefore, they received less money to offset the value difference.

Overall, this allocation ensures that each individual receives a fair share of value, both from goods and monetary compensation. It also ensures that all goods and monetary units are fully allocated, maximizing the total utility derived from the allocation.",1,2,3,2,3,0
10,"**Allocation:**

* **Person 1:** Good A, Good B, 1 unit of money
* **Person 2:** Good C, 3 units of money
* **Person 3:** 1 unit of money

**Rationale:**

This allocation aims to maximize the total combined utility of the individuals while ensuring fairness and efficiency.

* **Total Utility:**

Person 1: 45 (A) + 30 (B) + 1 (Money) = 76
Person 2: 25 (C) + 3 (Money) = 28
Person 3: 45 (Money) = 45
Total Utility = 149

* **Fairness:**

Each person receives a bundle of goods that they value highly. No individual is significantly disadvantaged compared to the others.

* **Efficiency:**

All available goods (3) and money (5) are allocated, maximizing the total utility. The money allocation ensures that Person 2 and Person 3 can still derive some utility from the goods they did not receive.

**Explanation:**

* Person 1 has the highest value for Goods A and B. They receive these goods to maximize their utility.
* Person 3 has the highest value for Good C. They receive this good to maximize their utility.
* Person 2 has the lowest value for Goods A and B. However, they have a higher value for Good C than Person 1. Therefore, Person 2 receives Good C and receives money equivalent to Goods A and B.
* The remaining 1 unit of money is allocated to Person 3 to ensure that they also derive some utility.",1,1,2,1,3,1
11,"**Allocation:**

* **Person 1:** Good A, 2 units of money
* **Person 2:** Good B, 1 unit of money
* **Person 3:** Good C, 2 units of money

**Rationale:**

Using the given values, the following total utilities can be calculated for each person:

* Person 1: 45 (Good A) + 2 (money) = 47
* Person 2: 40 (Good B) + 1 (money) = 41
* Person 3: 45 (Good C) + 2 (money) = 47

This allocation results in the highest total utility for two out of the three individuals (Person 1 and Person 3). Person 2 receives a slightly lower total utility (41) but still receives a good that they value (Good B) and some additional money.

**Explanation:**

This allocation aims to achieve fairness by considering the following factors:

* **Equity:** Person 1 and Person 3 receive a good that they value highly, while Person 2 receives a good that they value less but still moderately.
* **Envy-Freeness:** None of the individuals would prefer the allocation received by any other individual, given their own initial values.
* **Efficiency:** The allocation does not waste any resources. All goods and money are allocated to individuals, and the total utility for the group is maximized.

While there may be other possible fair allocations, this allocation satisfies the criteria of equity, envy-freeness, and efficiency, making it a reasonable and balanced solution to the problem.",1,2,3,2,1,2
12,"**Proposed Allocation:**

* **Person 1:** Good A, 4 units of money
* **Person 2:** Good B, 5 units of money
* **Person 3:** Good C, 1 unit of money

**Rationale:**

This allocation aims to maximize the total utility derived by the individuals while considering their preferences and ensuring fairness.

**Person 1:**
* Value for Good A: 45
* Value for money (4 units): 45
* Total utility: 90

**Person 2:**
* Value for Good B: 40
* Value for money (5 units): 50
* Total utility: 90

**Person 3:**
* Value for Good C: 45
* Value for money (1 unit): 10
* Total utility: 55

**Total Utility:** 235

**Explanation:**

* Person 1 values Good A the most, so they receive it. They also receive 4 units of money to compensate for not receiving the other goods.
* Person 2 values Good B slightly more than Good A and the most out of all the goods. They receive Good B and 5 units of money to ensure they have the highest overall utility.
* Person 3 values Good C the second most, but they value money even more. They receive Good C and 1 unit of money, which gives them a reasonably high utility compared to the other individuals.

This allocation ensures that each person receives goods or money that they value, while also ensuring fairness by distributing the available resources reasonably.",1,2,3,4,5,1
13,"**Proposed Allocation:**

**Goods:**

* **Good A:** Person 3
* **Good B:** Person 2
* **Good C:** Person 1

**Money:**

* **Person 1:** 1 unit
* **Person 2:** 2 units
* **Person 3:** 2 units

**Rationale:**

This allocation maximizes the total value received by all individuals while ensuring that everyone receives at least one good and a portion of the money.

* **Person 1:** Receives Good C (value 25) and 1 unit of money (value 25), for a total value of 50.
* **Person 2:** Receives Good B (value 40) and 2 units of money (value 50), for a total value of 90.
* **Person 3:** Receives Good A (value 50) and 2 units of money (value 50), for a total value of 100.

This allocation also ensures that no one person receives significantly more value than the others. Specifically, Person 1 receives a value of 50, Person 2 receives a value of 90, and Person 3 receives a value of 100.

**Additional Considerations:**

* This allocation could be considered ""fair"" based on the concept of **utilitarianism**, which aims to maximize the overall happiness or utility of all individuals involved.
* It is also worth noting that other allocation methods could also be considered fair, depending on the specific preferences and priorities of the individuals involved.",3,2,1,1,2,2
14,"**My proposed allocation:**

* **Person 1:** Good A (45 units), 2 units of money
* **Person 2:** Good B (40 units), 3 units of money
* **Person 3:** Good C (45 units)

**Reasoning:**

To determine a fair allocation, I considered several criteria:

* **Individual value:** I calculated the total value of goods allocated to each person based on their valuations. Person 3 has the highest total value (45 units), followed by Person 1 (47 units) and Person 2 (43 units).
* **Equity:** I aimed to distribute the goods in a way that reduces inequality among the individuals. Person 3 has the highest value for Good C, so allocating it to them brings them closer to the other two individuals in terms of total value.
* **Efficiency:** I wanted to maximize the total value of goods allocated to all individuals. The allocation I proposed yields a total value of 132 units, which is the highest possible given the constraints.
* **Money allocation:** I allocated the 5 units of money to complement the goods allocation. Person 1 and Person 2 received money to make up for the lower value of the goods they received.

This allocation balances the considerations of individual value, equity, efficiency, and money allocation, and I believe it is a fair solution that addresses the needs of all three individuals.",1,2,3,2,3,0
15,"**Fair Allocation:**

* **Person 1:**
    * Good A: 45 (indivisible)
    * Money: 0

* **Person 2:**
    * Good B: 40 (indivisible)
    * Money: 5

* **Person 3:**
    * Good C: 45 (indivisible)
    * Money: 0

**Rationale:**

This allocation is fair because it maximizes the total utility for all three individuals:

* **Person 1:** Gets their most preferred good (Good A) and their second-most preferred good (Money) with a combined utility of 45 + 0 = 45.
* **Person 2:** Gets their most preferred good (Good B) and their lowest-preferred good (Money) with a combined utility of 40 + 5 = 45.
* **Person 3:** Gets their most preferred good (Good C) and none of their other preferred goods, but their utility is still relatively high at 45 due to the high value they place on Good C.

**Notes:**

* This allocation satisfies the indivisibility constraint for the goods.
* The total value of the allocated goods (130) is equal to the total value of the available money (5).
* It is possible that other allocations could also be considered fair, as fairness is a subjective concept.",1,2,3,0,5,0
16,"**Step 1: Calculate the total value for each individual**

Person 1: 45 + 30 + 25 = 100
Person 2: 35 + 40 + 25 = 100
Person 3: 50 + 5 + 45 = 100

**Step 2: Allocate goods based on highest values**

* Good A (value 50) to Person 3
* Good B (value 45) to Person 1
* Good C (value 40) to Person 2

**Step 3: Allocate remaining money proportionally to total value**

* Person 1: 5 units x (100 / 300) = 1.67 units
* Person 2: 5 units x (100 / 300) = 1.67 units
* Person 3: 5 units x (100 / 300) = 1.66 units

**Final Allocation:**

* Person 1: Good B, 1.67 units of money
* Person 2: Good C, 1.67 units of money
* Person 3: Good A, 1.66 units of money

This allocation ensures that each person receives a combination of goods and money that is equal in value to the other individuals. However, it does not take into account any additional preferences or other factors that could influence the fairness of the allocation.",3,1,2,1.67,1.67,1.66
17,"**Step 1: Calculate the Total Value of Goods and Money**

Total value of goods = 45 + 30 + 25 + 35 + 40 + 25 + 50 + 5 + 45 = 250 units

Total value of money = 5 units

**Step 2: Normalize Goods and Money Values**

Normalize goods values: Good A: 45/250 = 0.18, Good B: 30/250 = 0.12, Good C: 25/250 = 0.1

Normalize money value: 1 unit = 5/250 = 0.02

**Step 3: Allocate Goods and Money**

To ensure fairness, we aim to allocate goods and money such that each person receives a normalized value as close as possible to 1.

**Allocation 1:**

* Person 1: Good A (0.18)
* Person 2: Good B (0.12), 1.5 units of money (0.03)
* Person 3: Good C (0.1), 3.5 units of money (0.07)

*Normalized value for each person = 0.18, 0.15, 0.17*

**Allocation 2:**

* Person 1: Good B (0.12), 1 unit of money (0.02)
* Person 2: Good A (0.18), 2 units of money (0.04)
* Person 3: Good C (0.1), 2 units of money (0.04)

*Normalized value for each person = 0.14, 0.22, 0.14*

**Allocation 3:**

* Person 1: Good C (0.1), 2 units of money (0.04)
* Person 2: Good A (0.18), 2.5 units of money (0.05)
* Person 3: Good B (0.12), 0.5 unit of money (0.01)

*Normalized value for each person = 0.14, 0.23, 0.13*

**Conclusion:**

All three allocations provide a relatively fair distribution of goods and money, with Person 2 receiving slightly more value in Allocation 2. The choice of the fairest allocation depends on the specific preferences and priorities of the individuals involved.",2,1,3,1,2,2
18,"**Allocation:**

* **Person 1:** Good A, 2 units of money
* **Person 2:** Good B, 3 units of money
* **Person 3:** Good C

**Reasoning:**

This allocation aims for fairness by considering both the values of the goods to each person and the available monetary resources.

* **Person 1:** Receives their highest-valued good (Good A) and additional money to compensate for not receiving Good B or C.
* **Person 2:** Receives their second-highest-valued good (Good B) and additional money to make up for their highest-valued good (Good A) being allocated to Person 1.
* **Person 3:** Receives their highest-valued good (Good C) and no additional money since it was already their third-highest-valued good.

**Value to Each Person:**

* Person 1: Good A (45) + 2 units of money (40) = **85**
* Person 2: Good B (40) + 3 units of money (60) = **100**
* Person 3: Good C (45) = **45**

This allocation results in a relatively balanced distribution of value among the three individuals.",1,2,3,2,3,0
19,"**Proposed Allocation:**

- Person 1: Good A (valued at 45) + 2 units of money (valued at 10)
- Person 2: Good B (valued at 40) + 3 units of money (valued at 15)
- Person 3: Good C (valued at 45) + 1 unit of money (valued at 5)

**Rationale:**

This allocation aims to maximize the total value received by all three individuals.

- Person 1 receives the good they value the most (Good A) and enough money to make up for the difference in value between Good A and the other goods.
- Person 2 receives the second most valuable good (Good B) and enough money to partially compensate for not receiving Good A.
- Person 3 receives the third most valuable good (Good C). Although they value it less than the other two goods, they also receive the most money to make up for this difference.

**Total Value Received:**

- Person 1: 45 + 10 = **55**
- Person 2: 40 + 15 = **55**
- Person 3: 45 + 5 = **50**

**Total Value Allocated:**

- Goods: 45 (A) + 40 (B) + 45 (C) = 130
- Money: 2 (Person 1) + 3 (Person 2) + 1 (Person 3) = 6 (within the limit of 5 units)

This allocation results in a fair distribution of the goods and money, with each individual receiving a value that is roughly equal to the others. It takes into account both the individuals' preferences and the limitations of the resources available for allocation.",1,2,3,2,3,1
20,"**Allocation:**

* **Person 1:** Good A
* **Person 2:** Good B
* **Person 3:** Good C, 3 units of money

**Explanation:**

This allocation achieves fairness by maximizing the total value of goods allocated to each person, while also considering the value of money.

* **Person 1:** Receives Good A (value 45) + 2 units of money (value 20). Total value: 65.
* **Person 2:** Receives Good B (value 40) + 1 unit of money (value 10). Total value: 50.
* **Person 3:** Receives Good C (value 45) + 3 units of money (value 30). Total value: 75.

**Note:**

This allocation slightly favors Person 3 due to their higher value for Good C. However, it still provides a fair distribution of goods and money, ensuring that each person receives a satisfactory share.",1,2,3,2,1,3
21,"**Allocation:**

* Person 1: Good A (worth 45)
* Person 2: Good B (worth 40)
* Person 3: Good C (worth 45)
* Money allocation:
    * Person 1: 5 units
    * Person 2: 0 units
    * Person 3: 0 units

**Reasoning:**

This allocation ensures that each person receives an item that they value the most, resulting in a total value of 130 units (45 + 40 + 45). Additionally, the money allocation maximizes fairness by providing the remaining value to Person 1, who has the lowest total value of goods received (45).

**Fairness Considerations:**

* **Equity:** Each person receives a good that they value more than any other available item.
* **Efficiency:** The total value of goods allocated is maximized.
* **Envy-freeness:** No person prefers another person's allocation (considering both goods and money).",1,2,3,5,0,0
22,"**Allocation:**

* **Person 1:** Good A, 2 units of money
* **Person 2:** Good B, 3 units of money
* **Person 3:** Good C

**Rationale:**

This allocation aims to maximize the total utility of the individuals, while considering both the value of goods and the value of money.

* **Person 1:** By receiving Good A and 2 units of money, they receive a total value of 45 + 2 = 47.
* **Person 2:** Good B and 3 units of money provides a total value of 40 + 3 = 43.
* **Person 3:** Good C is worth 45, which is more than the combined value of Goods A and B. Therefore, Person 3 receives the highest value good.

This allocation ensures that each person receives an allocation that is at least as valuable as the other goods, considering both the goods and the money allocated. Additionally, it avoids the waste of goods by not throwing any good away.

**Explanation:**

* Without the availability of money, the fair allocation would have been Goods A to Person 1, B to Person 2, and C to Person 3, as it maximizes the total utility of the individuals. However, the availability of money allows for further optimization.

* Due to the significantly higher value of Good C for Person 3, and its relatively low value for the other persons, allocating Good C to Person 3 results in a higher overall utility.

* To compensate for the value of Good C, Person 1 receives 2 units of money, while Person 2 receives 3 units of money. This ensures that all individuals receive an allocation of equal or greater value than the other goods.",1,2,3,2,3,0
23,"**Allocation:**

* Person 1: Good A, 2 units of money
* Person 2: Good B, 3 units of money
* Person 3: Good C

**Rationale:**

This allocation aims to satisfy the following criteria:

* **Equity:** Each person receives a good that is important to them. Person 1 values Good A the highest, Person 2 values Good B the highest, and Person 3 values Good C the highest.
* **Incentive compatibility:** The allocation encourages cooperation. If any person were to alter their preferences or try to manipulate the allocation, they would not receive a better outcome.
* **Efficiency:** The allocation maximizes the total value obtained by all individuals. The sum of the values of the goods and money allocated to each person is the highest possible: 105 (45 + 40 + 20).

The allocation also ensures that each person receives a roughly equivalent value:

* Person 1: Good A (45) + 2 units of money (2) = 47
* Person 2: Good B (40) + 3 units of money (3) = 43
* Person 3: Good C (45) = 45

This allocation considers the individual preferences and values of each person, ensures fairness, and maximizes the overall value obtained.",1,2,3,2,3,0
24,"**Fair Allocation:**

**Person 1:**
* Good A (value 45)

**Person 2:**
* Good B (value 40)
* 2 units of money (value 40)

**Person 3:**
* Good C (value 45)
* 3 units of money (value 45)

**Rationale:**

This allocation aims to maximize the total value received by all individuals while ensuring fairness.

* **Good A:** Person 1 has the highest value for Good A (45), so they receive it.
* **Good B:** Person 2 has a higher value for Good B (40) than Person 3 (5). Since Good B is indivisible, Person 2 receives it.
* **Good C:** Person 3 has the highest value for Good C (45), so they receive it.
* **Money:** The remaining 5 units of money are allocated to Person 2 (2 units) and Person 3 (3 units) to bring their total value closer to that of Person 1 (90).

**Explanation:**

This allocation satisfies the following principles of fairness:

* **Equity:** Each person receives a share of the goods or money that is proportional to their individual values.
* **Efficiency:** The total value received by all individuals is maximized, as no good or money is wasted.
* **Envy-freeness:** No person would prefer the allocation received by any other person.

**Alternative Allocation:**

Alternatively, one could allocate the goods and money as follows:

**Person 1:**
* Good A (value 45)
* 1 unit of money (value 20)

**Person 2:**
* Good B (value 40)
* 1 unit of money (value 20)

**Person 3:**
* Good C (value 45)
* 3 units of money (value 60)

This allocation also maximizes the total value received by all individuals but prioritizes Person 3 slightly more by giving them a larger share of the money. The choice between these two allocations depends on the specific preferences and priorities of the individuals involved.",1,2,3,0,2,3
25,"**Allocation:**

* **Person 1:** Good A, 1 unit of money
* **Person 2:** Good B, 2 units of money
* **Person 3:** Good C, 2 units of money

**Justification:**

This allocation aims to maximize the total utility (value) received by the individuals while ensuring fairness.

* **Individual Utility:**
    * Person 1: 45 (Good A) + 1 (money) = 46
    * Person 2: 40 (Good B) + 2 (money) = 42
    * Person 3: 45 (Good C) + 2 (money) = 47
   
* **Fairness:**
    * All individuals receive at least one good.
    * The money is distributed to help balance the value of the goods received by each person.
    * The total value received by each person is reasonably close (Person 1: 46, Person 2: 42, Person 3: 47).

This allocation considers the individual preferences and attempts to distribute the resources in a way that achieves a balance of utility and fairness. It is important to note that other allocations may also be considered fair, depending on the specific values and preferences of the individuals involved.",1,2,3,1,2,2
26,"**Fair Allocation with Money:**

**Good A:**

* Person 1 values Good A at 45 units.
* Person 2 values Good A at 35 units.
* Person 3 values Good A at 50 units.

**Good B:**

* Person 1 values Good B at 30 units.
* Person 2 values Good B at 40 units.
* Person 3 values Good B at 5 units.

**Good C:**

* Person 1 values Good C at 25 units.
* Person 2 values Good C at 25 units.
* Person 3 values Good C at 45 units.

**Money:**

* Total available: 5 units

**Allocation:**

* **Person 1:** Good A (45 units) + 2 units of money
* **Person 2:** Good B (40 units) + 3 units of money
* **Person 3:** Good C (45 units)

**Rationale:**

This allocation ensures that each person receives a bundle of goods with a total value of 50 units. Person 1's bundle (Good A + 2 units of money) is worth 50 units: 45 (Good A) + 5 (2 units of money). Similarly, Person 2's bundle (Good B + 3 units of money) is worth 50 units: 40 (Good B) + 10 (3 units of money). Person 3's bundle (Good C) is also worth exactly 50 units.

Additionally, this allocation considers the values that each person places on the different goods. Person 1 values Good A the most, so they receive it. Person 2 values Good B the most, so they receive it. Person 3 values Good C the most, so they receive it.

By distributing the money along with the goods, we can further balance the values received by each person. For example, Person 1 receives less money than Person 2 because they received the higher-valued Good A.

This allocation is not necessarily the only fair solution, but it is a reasonable and equitable distribution that takes into account both the values of the goods and the available money.",1,2,3,2,3,0
27,"**Fair Allocation**

**Good A:**
* Person 1: Good A (value: 45)

**Good B:**
* Person 2: Good B (value: 40)
* Person 3: 3 units of money (value: 15)

**Good C:**
* Person 3: Good C (value: 45)
* Person 1: 2 units of money (value: 10)

**Remaining Money:**
* 0 units

**Explanation:**

This allocation aims to maximize the total value received by all individuals while considering fairness.

* Person 1 receives the highest-valued item for them (Good A) and additional monetary compensation for the other goods.
* Person 2 receives the second-highest-valued item (Good B) and some monetary compensation.
* Person 3 receives the third-highest-valued item (Good C) and the highest monetary compensation to balance out their lower value for the other goods.

This allocation ensures that everyone receives goods or money that are at least equal in value to their lowest-valued good, resulting in a relatively fair distribution.",1,2,3,10,0,15
28,"**Allocation:**

* **Person 1:** Good A (45)
* **Person 2:** Good B (40), 1 unit of money
* **Person 3:** Good C (45), 4 units of money

**Rationale:**

* **Person 1:** Gets their most valuable good, with a value of 45.
* **Person 2:** Gets their second most valuable good, with a value of 40. They also receive 1 unit of money, which is equivalent to 25 units of value. This compensates for the fact that they did not get their most valuable good (Good C).
* **Person 3:** Gets their most valuable good, with a value of 45. They also receive 4 units of money, which is equivalent to 40 units of value. This compensates for the fact that their second most valuable good (Good B) was allocated to Person 2.

**Total Value:**

* Person 1: 45
* Person 2: 40 + 25 (money) = 65
* Person 3: 45 + 40 (money) = 85

**Fairness:**

This allocation is considered fair because it maximizes the **total value** received by the individuals, while also ensuring that **each individual receives a significant portion** of the available goods and money.

* Person 1 gets the good they value the most.
* Person 2 gets the good they value the second most, and is compensated with money.
* Person 3 gets the good they value the most, and is also compensated with money.

No one individual is significantly worse off than the others, and all individuals receive a fair share of the available resources.",1,2,3,0,1,4
29,"**Allocation:**

* **Good A:** Person 3
* **Good B:** Person 2
* **Good C:** Person 1
* **Money:**
    * Person 1: 0 units
    * Person 2: 1 unit
    * Person 3: 4 units

**Justification:**

This allocation is based on the following principles:

**1. Maximize Total Value:**

We first assign goods to the individuals who value them the most. Person 1 receives Good C, which is worth 25 units to them (highest value). Person 2 receives Good B, which is worth 40 units to them (highest value). Person 3 receives Good A, which is worth 50 units to them (highest value). This allocation results in a total value of 115 units for the goods.

**2. Equity:**

We distribute the remaining money to ensure that the overall allocation is equitable. Person 1, who received the lowest-valued item, receives no money. Person 2, who received an item with moderate value, receives 1 unit of money. Person 3, who received the highest-valued item, receives 4 units of money. This distribution compensates for the differences in the value of the goods received and ensures that each individual receives a fair share of the resources.

**3. Efficiency:**

Our allocation uses all available resources without waste. All 3 goods and all 5 units of money are assigned. No valuable resources are discarded.

**Note:**

This allocation is not the only possible fair solution. There may be other allocations that distribute the resources differently while still adhering to the principles of maximizing value, equity, and efficiency.",3,2,1,0,1,4
30,"**Proposed Allocation:**

**Person 1:**

* Good A (value: 45)

**Person 2:**

* Good B (value: 40)
* 1 unit of money (value: 1 unit)

**Person 3:**

* Good C (value: 45)
* 4 units of money (value: 4 units)

**Rationale:**

This allocation aims to maximize the total combined value for the individuals by considering their preferences for each good. It also distributes the available money to compensate for any inequalities in the value of the goods received.

* **Person 1:** Receives Good A, which has the highest value for them.
* **Person 2:** Receives Good B, which has the second-highest value for them. They also receive 1 unit of money, which increases their total value to 41 units, making it equal to the value of Good A.
* **Person 3:** Receives Good C, which is their most preferred good. They also receive 4 units of money, which adds up to a total value of 49 units.

This allocation results in a combined value of 135 units, which is the highest possible given the preferences and available resources. It also ensures that all individuals receive at least one good that they value highly.",1,2,3,0,1,4
31,"**Step 1: Calculate the Total Value of Goods**

Total value = (45 + 35 + 50) + (30 + 40 + 5) + (25 + 25 + 45) = 155

**Step 2: Determine the Ideal Allocation for Each Person**

Person 1: (45 + 30 + 25) / 155 = 0.3226
Person 2: (35 + 40 + 25) / 155 = 0.3355
Person 3: (50 + 5 + 45) / 155 = 0.3419

**Step 3: Allocate Goods and Money**

* **Person 1:** Receives Good A (value 45) and 0.40 units of money (to equalize the total value of 0.3226 * 155 = 50)
* **Person 2:** Receives Good B (value 40) and 0.60 units of money (to equalize the total value of 0.3355 * 155 = 52)
* **Person 3:** Receives Good C (value 45) and 0.50 units of money (to equalize the total value of 0.3419 * 155 = 53)

**Final Allocation:**

* Person 1: Good A + 0.4 units of money
* Person 2: Good B + 0.6 units of money
* Person 3: Good C + 0.5 units of money

**Justification:**

This allocation ensures that:

* Each person receives a total value that is close to their ideal allocation.
* The total allocated money is 1.5 units, which is within the available budget of 5 units.
* The indivisibility of the goods is respected.",1,2,3,0.4,0.6,0.5
32,"**Allocation:**

* Person 1: Good A, 2 units of money
* Person 2: Good B, 3 units of money
* Person 3: Good C

**Rationale:**

This allocation strives to maximize the total value received by all individuals while ensuring that no one is disadvantaged.

* **Person 1:** Receives Good A, which is their most valued good, and 2 units of money, which is equivalent to half of their remaining value.
* **Person 2:** Receives Good B, their second most valued good, and 3 units of money, which is equivalent to their remaining value.
* **Person 3:** Receives Good C, their most valued good, and keeps their remaining value (since it is too low to exchange for a portion of any other good).

**Justification of Fairness:**

* **Equity:** Each person receives a fair share of the total value available (120 units).
* **Efficiency:** The allocation maximizes the total value obtained by all individuals.
* **Envy-freeness:** No person would prefer any other allocation, given their own values.
* **Strategy-proofness:** There is no incentive for any person to misrepresent their values since the allocation is determined based on their true preferences.",1,2,3,2,3,0
33,"**Proposed Allocation:**

* **Person 1:** Good A (worth 45)
* **Person 2:** Good B (worth 40)
* **Person 3:** Good C (worth 45), plus 5 units of money

**Rationale:**

* This allocation ensures that each person receives a good worth at least 40 units of value.
* Person 1 receives Good A, which is their highest-valued good.
* Person 2 receives Good B, which is their second-highest-valued good, and the remaining units of money are allocated to make up for the value difference between Good B and Good A.
* Person 3 receives Good C, which is their highest-valued good, and no money since their other two goods are relatively low in value.

**Justification for Fairness:**

This allocation is considered fair because:

* It distributes the goods equally in terms of value, as each person receives goods worth at least 40 units.
* It takes into account each person's individual preferences by giving them their highest-valued goods.
* It utilizes the divisible resource of money to compensate for any imbalances in value.
* It results in a distribution where no person envies the allocation of another person.",1,2,3,0,5,0
34,"**Allocation:**

* **Person 1:** Good A (45), 2 units of money (10)
* **Person 2:** Good B (40), 3 units of money (15)
* **Person 3:** Good C (45)

**Rationale:**

This allocation aims to maximize the total value received by all individuals while ensuring a fair distribution of resources.

* **Person 1:** Receives the good they value the most (Good A) and a portion of money to compensate for receiving less than their full value for Good B and Good C.
* **Person 2:** Receives the good they value the second most (Good B) and a slightly larger portion of money to make up for receiving their least valued good (Good C).
* **Person 3:** Receives the good they value the third most (Good C) but their highest value for a good. The remainder of the money is allocated to them to compensate for the lower value of Good B.

**Total Value:**

* Person 1: 45 + 10 = 55
* Person 2: 40 + 15 = 55
* Person 3: 45 + 20 = 65

**Total Value Across Individuals:**

* Total Value = 175

**Assessment of Fairness:**

* Each person receives a fair share of the total value available (55 out of 175 units for Persons 1 and 2, and 65 out of 175 units for Person 3).
* The allocation considers each person's values for the goods and attempts to maximize their satisfaction.
* The use of money allows for further customization of the allocation to ensure a more equitable distribution of resources.",1,2,3,2,3,20
35,"**Allocation:**

* Person 1: Good A, 2 units of money
* Person 2: Good B, 3 units of money
* Person 3: Good C

**Explanation:**

This allocation aims to maximize the overall value received by all individuals while ensuring fairness.

* **Person 1:** Receives Good A (value: 45) and 2 units of money (value: 2), for a total value of 47.
* **Person 2:** Receives Good B (value: 40) and 3 units of money (value: 3), for a total value of 43.
* **Person 3:** Receives Good C (value: 45).

**Justification:**

* **Maximizing Value:** This allocation gives Person 3 the highest-valued good (Good C) and ensures that Persons 1 and 2 also receive high-valued goods (Good A and Good B).
* **Fairness:** Each person receives an allocation that is approximately equal in value, as measured in their respective units of money.
* **No Goods Wasted:** All three goods are allocated, ensuring that no value is lost.
* **Efficient Use of Money:** The allocation of money helps to equalize the values received by the three individuals.",1,2,3,2,3,0
36,"**Proposed Allocation:**

* **Person 1:** Good A, 2 units of money
* **Person 2:** Good B, 3 units of money
* **Person 3:** Good C

**Rationale:**

This allocation aims to achieve fairness by considering both the value placed on the goods by each person and the monetary resources available.

**Value of Goods:**

* Person 1: 45 + 30 + 25 = 100
* Person 2: 35 + 40 + 25 = 100
* Person 3: 50 + 5 + 45 = 100

All individuals have equal total value for the goods.

**Monetary Allocation:**

* Person 1: 45 (Good A) + 2 (money) = 47
* Person 2: 40 (Good B) + 3 (money) = 43
* Person 3: 45 (Good C) = 45

By allocating 2 units of money to Person 1, 3 units of money to Person 2, and no money to Person 3, the monetary value is distributed fairly.

**Additional Considerations:**

* This allocation ensures that each person receives a good they value highly.
* Person 1 and Person 2 receive an additional monetary value of 2 and 3 units, respectively, which compensates for the difference in Good C's value for them.
* Person 3 receives only Good C, but it is the most valuable good for them.

This allocation balances the value of goods and monetary resources to achieve a fair outcome for all individuals.",1,2,3,2,3,0
37,"**Allocation:**

* Person 1 receives Good B and 2 units of money.
* Person 2 receives Good A and 1 unit of money.
* Person 3 receives Good C and 2 units of money.

**Explanation:**

This allocation aims to maximize the total value for all individuals, considering both goods and money.

* **Person 1:** Good B has the highest value for this person, and they also receive 2 units of money, which are worth as much as a good of value 50. Their total value is 40 + 100 = 140.
* **Person 2:** Good A has the highest value for this person, along with 1 unit of money. Their total value is 35 + 50 = 85.
* **Person 3:** Good C has the highest value for this person, and they also receive 2 units of money. Their total value is 45 + 100 = 145.

This allocation results in a total value of 140 + 85 + 145 = 370 for all individuals. It is not possible to achieve a higher total value without violating the conditions of the problem, such as indivisibility of goods and a maximum of 5 units of money.

**Alternative Considerations:**

* An alternative allocation could be to give each person a good worth 40 and 1 unit of money. This would result in a total value of 370, which is the same as the previous allocation.
* If the priority was to give each person a similar value, an allocation of Good A to Person 1, Good B to Person 2, and Good C to Person 3, along with no money, would result in a total value of 120 for each person.",2,1,3,2,1,2
38,"**Allocation:**

* **Person 1:** Good A, 2 units of money
* **Person 2:** Good B, 3 units of money
* **Person 3:** Good C, throw away 2 units of money

**Reasoning:**

**Maximize Total Value:** This allocation maximizes the total value received by all individuals, based on their stated preferences.

* Person 1: 45 (Good A) + 2 (money) = 47
* Person 2: 40 (Good B) + 3 (money) = 43
* Person 3: 45 (Good C) - 2 (money) = 43

**Equity:** This allocation ensures that each person receives a fair share of the resources.

* Person 1 receives a high-value good and a moderate amount of money.
* Person 2 receives a medium-value good and a high amount of money.
* Person 3 receives a high-value good but is compensated for the loss of money.

**Fairness in Money Allocation:** The remaining 2 units of money are not allocated to Person 1 because their total value would exceed that of Person 2. Instead, 2 units of money are discarded to maintain a fair balance between individuals.

**Efficiency:** By discarding the 2 units of money, this allocation eliminates the possibility of creating a more equitable distribution without sacrificing the overall value received by individuals.",1,2,3,2,3,0
39,"**Allocation:**

* **Person 1:** Good A (45)
* **Person 2:** Good B (40) + 3 units of money (3)
* **Person 3:** Good C (45) + 2 units of money (2)

**Explanation:**

This allocation is based on the following considerations:

* **Equity:** This allocation ensures that each person receives goods and/or money with a total value that is as close as possible to each other. Person 1 receives a good worth 45, Person 2 receives a good worth 40 + 3 units of money (worth 3 units), and Person 3 receives a good worth 45 + 2 units of money (worth 2 units).
* **Efficiency:** This allocation assigns the goods to the individuals who value them most. Person 1 values Good A the most, Person 2 values Good B the most, and Person 3 values Good C the most.
* **Envy-freeness:** This allocation ensures that no person would prefer another person's allocation. For example, if Person 1 were to receive Good B instead of Good A, they would have a total value of 45 + 0 = 45, which is the same as their current allocation.

**Justification:**

This allocation attempts to strike a balance between equity, efficiency, and envy-freeness. It ensures that each person receives a fair share, that the goods are allocated to the individuals who value them most, and that no one would prefer another person's allocation.",1,2,3,0,3,2
40,"* **Person 1:** Good A, 2 units of money
* **Person 2:** Good B, 3 units of money
* **Person 3:** Good C, 5 units of money

**Rationale:**

This allocation maximizes the total utility of all individuals.

* Person 1 values Good A the most (45) and receives it, along with 2 units of money (worth 20) for a total utility of 65.
* Person 2 values Good B the most (40) and receives it, along with 3 units of money (worth 30) for a total utility of 70.
* Person 3 values Good C the most (45) and receives it, along with all 5 units of money for a total utility of 95.

All goods are allocated, and the remaining money is distributed to the individuals with the lowest values for the allocated goods. This ensures that all individuals receive a fair share of the available resources.",1,2,3,2,3,5
41,"**Proposed Fair Allocation:**

**Good A:** Person 1
**Good B:** Person 2
**Good C:** Person 3

**Money Allocation:**

* Person 1: 2 units
* Person 2: 1 unit
* Person 3: 2 units

**Rationale:**

This allocation aims to balance the total value received by each person while considering their preferences and the availability of money.

* **Person 1:** Receives Good A (value 45), which they value the most. Additionally, they receive 2 units of money (worth 40) to compensate for not receiving Good B or Good C.
* **Person 2:** Receives Good B (value 40), which they value more than Good A or Good C. They also receive 1 unit of money (worth 20) to compensate for not receiving Good A.
* **Person 3:** Receives Good C (value 45), which they value the most. Since they value Good B very low, the allocation of money allows them to acquire additional goods instead of Good B.

This allocation provides the following total values to each person:

* Person 1: Good A (45) + Money (40) = **85**
* Person 2: Good B (40) + Money (20) = **60**
* Person 3: Good C (45) + Money (40) = **85**

The values are balanced between Person 1 and Person 3, with Person 2 receiving a slightly lower value to ensure the fairness of the overall allocation.",1,2,3,2,1,2
42,"**Proposed Allocation:**

**Person 1:**
* Good A (Value: 45)

**Person 2:**
* Good B (Value: 40)
* Monetary Compensation: 3 units (Equivalent to Good C's value)

**Person 3:**
* Good C (Value: 45)
* Monetary Compensation: 2 units (Equivalent to Good B's value delta)

**Rationale:**

This allocation considers both the individuals' valuations for the goods and the available monetary compensation.

**Value Maximization:**
* Person 1 receives their most valued good (Good A).
* Person 2 receives their second most valued good (Good B) and monetary compensation equivalent to their discarded good (Good C).
* Person 3 receives their most valued good (Good C) and monetary compensation to partially compensate for their second most valued good (Good B).

**Fairness Considerations:**
* Each individual receives goods with a total value that is close to their most preferred option.
* The monetary compensation ensures that Person 2 and Person 3 are not significantly disadvantaged compared to Person 1.
* The total monetary compensation allocated (5 units) does not exceed the available amount.

**Efficiency:**
* All three goods are allocated to individuals who value them the most.
* The monetary compensation is used to enhance the allocation's fairness and efficiency.

**Note:**
This allocation is subjective and other fair allocations are possible, depending on the importance placed on different fairness criteria.",1,2,3,0,3,2
43,"**Modified Serial Dictatorship with VCG Auction**

1. **Serial Dictatorship:** Person 1 allocates the goods first, followed by Person 2, and then Person 3.
2. **VCG Auction:** After the goods have been allocated, a VCG auction is held for the remaining money. The auction ensures that the person who would have received the highest total value without the auction pays the amount that would make the other two individuals indifferent between their original allocation and the auction outcome.

**Allocation:**

* Person 1 receives Good A (45) without payment.
* Person 2 receives Good B (40) without payment.
* Person 3 receives Good C (45) and pays 10 to Person 1.

**Explanation:**

* Person 1 allocates Good A to themselves, which maximizes their value (value of 45).
* Person 2 allocates Good B to themselves, maximizing their value (value of 40).
* Person 3 would have received the highest total value (100) if they had allocated Good A to themselves.
* In the VCG auction, Person 3 pays Person 1 an amount (10) that makes Person 1 indifferent between receiving Good A directly (value of 45) and receiving Good A in the auction (value of 35).

**Fairness Considerations:**

* This allocation satisfies efficiency, as it maximizes the total value received by the individuals (total value of 130).
* It also satisfies individual rationality, as each person receives at least as much value as they would have if they had not participated.
* The VCG auction ensures that individuals are not incentivized to misrepresent their values or behave strategically.",1,2,3,0,0,-10
44,"**Allocation:**

* Person 1: Good A, 2 units of money
* Person 2: Good B, 3 units of money
* Person 3: Good C

**Rationale:**

This allocation aims to maximize the total value received by all three individuals while considering both indivisible goods and divisible money.

* **Person 1:** Receives Good A (value: 45) and 2 units of money (equivalent value: 20). Total value: 45 + 20 = **65**.
* **Person 2:** Receives Good B (value: 40) and 3 units of money (equivalent value: 30). Total value: 40 + 30 = **70**.
* **Person 3:** Receives Good C (value: 45) and no money. Total value: 45.

**Total Value:** The total value received by all three individuals is 65 + 70 + 45 = **180**. This ensures that the goods and money are allocated in a way that maximizes utility for all parties involved.

**Fairness Considerations:**

* **Equity:** Each person receives a good of approximately equal value.
* **Efficiency:** The allocation maximizes the total utility received.
* **Envy:** No individual envies the allocation received by another individual.

This allocation is considered fair because it balances these criteria while ensuring that all goods and money are fully utilized.",1,2,3,2,3,0
45,"**Fair Allocation:**

**Person 1:**
* Good C (value: 25)
* 2 units of money (value: 2)

**Person 2:**
* Good A (value: 35)
* 3 units of money (value: 3)

**Person 3:**
* Good B (value: 40)

**Explanation:**

This allocation aims to maximize the total value received by each individual while adhering to the following principles of fairness:

* **Pareto Efficiency:** No other allocation exists that would make one person better off without making another person worse off.
* **Envy-Freeness:** No person envies the allocation of any other person.
* **Equity:** Each person receives a fair share of the total value available.

**Total Value Received:**

* Person 1: 25 + 2 = 27
* Person 2: 35 + 3 = 38
* Person 3: 40

**Reasons for the Allocation:**

* Person 1 has the highest value for Good C, so it is allocated to them.
* Person 2 has the highest value for Good A, so it is allocated to them.
* Person 3 has the highest value for Good B, so it is allocated to them.
* The remaining 2 units of money are allocated to Person 1 because they have the lowest total value received compared to the others.
* The remaining 3 units of money are allocated to Person 2 because they have the highest total value received.

This allocation ensures that each person receives goods and money that they value the most, leading to a fair and equitable distribution of resources.",2,3,1,2,3,0
46,"**Allocation:**

* **Person 1:**
    * Good A
    * 2 units of money
* **Person 2:**
    * Good B
    * 3 units of money
* **Person 3:**
    * Good C
    * Discard Good B

**Explanation:**

This allocation aims to maximize the total utility of the individuals while also considering fairness.

* **Person 1** receives Good A, which has the highest value for them. They also receive 2 units of money, which can be used to compensate for their loss of utility from not receiving Good B and Good C.
* **Person 2** receives Good B, which has their second-highest value. They also receive 3 units of money, which can be used to compensate for their loss of utility from not receiving Good A and Good C.
* **Person 3** receives Good C, which has their third-highest value. Good B is discarded because it has the lowest value for them and the money available is not sufficient to compensate for the loss of utility from discarding it.

This allocation ensures that all individuals receive goods with high values for them and that the money available is used to maximize their overall utility.",1,2,3,2,3,0
47,"**Allocation:**

**Person 1:** Good A, 2 units of money
**Person 2:** Good B, 2 units of money
**Person 3:** Good C, 1 unit of money

**Rationale:**

This allocation aims to maximize the total value received by the individuals, considering both goods and money. The money was allocated to balance the value of the goods received by each person.

**Calculations:**

* **Person 1:** Value of Good A = 45 + 2 = 47
* **Person 2:** Value of Good B = 40 + 2 = 42
* **Person 3:** Value of Good C = 45 + 1 = 46

**Total Value:** 47 + 42 + 46 = 135

This allocation ensures that all individuals receive goods they value highly, while also receiving money to supplement the value of their goods. It results in a relatively equal distribution of value among the individuals.",1,2,3,2,2,1
48,"**Allocation:**

* **Person 1:** Good A, 1 unit of money
* **Person 2:** Good B, 1 unit of money
* **Person 3:** Good C, 3 units of money

**Justification:**

This allocation attempts to maximize the overall utility of the individuals while respecting their relative valuations of the goods and the available budget.

* **Person 1:** Receives their second most valuable good (Good A) and a unit of money, effectively increasing their total value by 35 units (45 - 30 + 1).
* **Person 2:** Receives their most valuable good (Good B) and a unit of money, increasing their total value by 40 units (35 + 40 + 1).
* **Person 3:** Receives their most valuable good (Good C) and three units of money, increasing their total value by 45 units (50 - 5 + 3 * 5).

This allocation ensures that all individuals receive a good they value highly and a portion of the available money, which they can use to compensate for the value of the goods they did not receive. It also ensures that the total value of goods and money allocated does not exceed 5 units.

**Additional Considerations:**

* **Envy-freeness:** This allocation is not envy-free, as Person 1 would prefer to have Good C, which has a higher value for them than Good A.
* **Efficiency:** This allocation is efficient in the sense that it maximizes the overall social welfare, as measured by the sum of the individuals' values for the goods and money allocated.
* **Fairness:** The fairness of this allocation is subjective and may be influenced by various factors, such as the individuals' social or economic status or their negotiation skills.",1,2,3,1,1,3
49,"**Fair Allocation:**

**Person 1:**
* Good A (value 45)

**Person 2:**
* Good B (value 40)

**Person 3:**
* Good C (value 45)
* 5 units of money

**Rationale:**

This allocation ensures that:

* **Equal Value:** Each person receives goods with the same total value (45).
* **Maximized Utility:** Person 1 values Good A the most, Person 2 values Good B the most, and Person 3 values Good C the most.
* **Efficient Use of Money:** Person 3 receives 5 units of money to compensate for the lower value of Good B they receive. This allows them to acquire additional goods or services to increase their overall utility.

**Additional Considerations:**

* **Equity:** This allocation treats all individuals equally in terms of total value received.
* **Incentive Compatibility:** Each person is incentivized to participate in the allocation process because they receive their most preferred goods or a fair equivalent in money.
* **Simplicity:** The allocation is straightforward and easy to understand and implement.",1,2,3,0,0,5
50,"**Allocation:**

* Person 1: Good A (45 value)
* Person 2: Good B (40 value), 5 units of money (worth 25 value)
* Person 3: Good C (45 value), Good B (5 value)

**Justification:**

This allocation aims to maximize the total value received by the individuals, while ensuring that no one is severely disadvantaged.

* Person 1 receives the Good with the highest value for them (45) and does not receive any money.
* Person 2 receives Good B (40), which is the second-highest value for them. They also receive 5 units of money (worth 25), which can be used to compensate for the lower value of Good B compared to Good A.
* Person 3 receives Good C (45), which is the highest value for them. They also receive Good B (5), which provides them with an additional 5 units of value.

This allocation results in a total value of 135 for the individuals, which is the highest possible total value given the available goods and money. All individuals receive at least one Good with a value of 45, ensuring that they are not significantly disadvantaged compared to the others.",1,2,3,0,5,0
51,"**Allocation:**

* **Person 1:** Good A (worth 45)
* **Person 2:** Good B (worth 40) + 1 unit of money (worth 25)
* **Person 3:** Good C (worth 45) + 2 units of money (worth 50)

**Justification:**

This allocation ensures that:

* **Equity:** Each person receives goods or money with a total value of 70, which is the highest possible equal value allocation.
* **Balanced allocation of preferences:** Each person receives the good they value the most.
* **Fair distribution of money:** Person 2 and Person 3 both receive 25 units of value in money to compensate for the lower value of Good B and Good C compared to Good A.
* **Efficient use of resources:** No goods are discarded.

**Additional Considerations:**

* This allocation could also be considered fair if it were modified to give Person 3 an additional 1 unit of money (worth 25) instead of Good B. This would result in an equal value allocation of 70 for all three persons.
* Another fair allocation could be to give Person 1 Good A and Good B (worth 75), and Person 2 and Person 3 each receive 12.5 units of money (worth 25). This would result in the highest possible value allocation for Person 1, while still ensuring a fair distribution for Person 2 and Person 3.",1,2,3,0,1,2
52,"**Proposed Allocation:**

* **Person 1:** Good A, 2 units of money
* **Person 2:** Good B, 2 units of money
* **Person 3:** Good C, 1 unit of money

**Justification:**

This allocation aims to maximize the total utility of the individuals while also ensuring fairness:

* **Total Utility:** The total utility from this allocation is 45 + 40 + 45 = 130. This is higher than other possible allocations, ensuring that the overall surplus is maximized.
* **Fairness:**

    * Person 1 receives Good A, which they value the highest (45) and enough money to compensate for the value of Good B and Good C (30 + 25 = 55).
    * Person 2 receives Good B, which they value slightly higher than Good A (40 vs. 35) and enough money to compensate for the value of Good A and Good C (35 + 25 = 60).
    * Person 3 receives Good C, which they value the highest (45) and enough money to compensate for the value of Good A and Good B (50 + 5 = 55).

* **Indivisibility of Goods:** All goods are allocated to individuals.

* **Efficiency:** The total value of the goods (100) is equal to the total value of the money allocated (5), ensuring that there is no waste or surplus.

By considering both fairness and maximizing total utility, this allocation provides a balanced and satisfactory solution to the problem.",1,2,3,2,2,1
53,"To determine a fair allocation of the goods and money, I employed the following steps:

1. **Calculate the total value of all goods:**
   - Person 1: 45 + 30 + 25 = 100
   - Person 2: 35 + 40 + 25 = 100
   - Person 3: 50 + 5 + 45 = 100
   - Total value: 300

2. **Determine the initial allocation of money:**
   - Allocate money to each person proportionally based on their total value of goods.
   - Person 1: 100/300 * 5 = 1.67 units
   - Person 2: 100/300 * 5 = 1.67 units
   - Person 3: 100/300 * 5 = 1.67 units

3. **Allocate the indivisible goods:**
   - Allocate Good A to Person 3, who values it the highest (50).
   - Allocate Good C to Person 1, who values it the highest (45).
   - Allocate Good B to Person 2, who values it the highest (40).

4. **Calculate the remaining value of goods for each person:**
   - Person 1: 30
   - Person 2: 25
   - Person 3: 5

5. **Adjust the money allocation:**
   - Allocate the remaining money to the person with the lowest value of unallocated goods.
   - Person 3 has 5 units of unallocated goods, so add 5 units of money.

6. **Final allocation:**
   - Person 1: Good C, 1.67 units of money
   - Person 2: Good B, 1.67 units of money
   - Person 3: Good A, 6.67 units of money

This allocation attempts to balance fairness by ensuring that each person receives a similar total value of goods and money, while also considering their individual preferences. It can be argued that this allocation is fair because it gives each person a good that they value most, while also providing additional monetary compensation to those who received lower-valued goods.",3,2,1,1.67,1.67,6.67
54,"**Allocation:**

* Person 1: Good A, 1 unit of money
* Person 2: Good B, 3 units of money
* Person 3: Good C, 1 unit of money

**Explanation:**

* To ensure fairness, we aim to maximize the total value obtained by the individuals.
* Person 1 values Good A the most (45), while Person 3 values Good C the most (45).
* Person 2 values Good B the most (40), and Good C equally to Person 3 (25).
* By allocating Good A to Person 1 and Good C to Person 3, we maximize their total value.
* To compensate Person 2, we allocate Good B to them, which they value higher than Good C.
* We allocate the remaining money to Person 1 and Person 3 to make up for the difference in value between Good A and Good B.

**Total Value:**

* Person 1: 45 (Good A) + 1 (money) = 46
* Person 2: 40 (Good B) + 3 (money) = 43
* Person 3: 45 (Good C) + 1 (money) = 46

**Fairness Considerations:**

* This allocation ensures that all individuals receive a fair share of the available goods and money, based on their personal valuations.
* No individual is significantly disadvantaged compared to the others, and each individual receives goods and/or money that they value highly.
* The allocation also takes into account the indivisible nature of the goods, ensuring that each person receives at least one good.",1,2,3,1,3,1
55,"**Proposed Allocation:**

* **Person 1:** Good A (45) + 0 units of money
* **Person 2:** Good B (40) + 3 units of money
* **Person 3:** Good C (45) + 2 units of money

**Justification:**

* **Equity:** This allocation gives each person a good that they value the highest (45).
* **Efficiency:** The total value of the goods allocated to all three individuals is 130, which is the highest possible value achievable with the given goods and money.
* **Fairness:** Person 1 receives the most valuable good, but they also receive no money. Person 2 receives a slightly less valuable good, but they receive more money. Person 3 receives a good that is less valuable than the other two, but they receive the most money, compensating for the lower value of their good.
* **Personal Value:** This allocation takes into account the individual values of the goods for each person. Person 1 values Good A the most, Person 2 values Good B the most, and Person 3 values Good C the most.
* **Indivisibility:** The goods are allocated as wholes to individuals, ensuring that no one receives a fraction of a good.

**Additional Notes:**

* Other fair allocations may exist, depending on the criteria used to define fairness.
* The availability of money allows for additional flexibility in the allocation, as it can be used to compensate for differences in the value of the goods.
* The fairness of an allocation is subjective and may depend on the individuals' preferences, values, and circumstances.",1,2,3,0,3,2
56,"To determine a fair allocation of goods and money, I would consider the following steps:

1. Convert the money into equivalent units of goods. In this case, 5 units of money are available, which is equivalent to 5 units of goods.

2. Combine the goods and money into a single pool of resources. This pool now consists of 8 units of resources (3 goods + 5 equivalent units of money).

3. Allocate the resources to the individuals based on their preferences. To do this, I would start by allocating the goods that are most valuable to each individual. In this case:

    - Person 1 values Good A the most, so they receive Good A.
    - Person 2 values Good B the most, so they receive Good B.
    - Person 3 values Good C the most, so they receive Good C.

4. After allocating the goods, I would allocate the remaining resources (equivalent units of money) to the individuals based on their remaining preferences. In this case:

    - Person 1 values Good B more than Good C, so they receive 2 units of money (equivalent to Good B).
    - Person 2 values Good A more than Good C, so they receive 1 unit of money (equivalent to Good A).
    - Person 3 values Good A more than Good B, so they receive 2 units of money (equivalent to Good A).

This allocation results in the following:

    - Person 1 receives Good A and 2 units of money (equivalent to Good B).
    - Person 2 receives Good B and 1 unit of money (equivalent to Good A).
    - Person 3 receives Good C and 2 units of money (equivalent to Good A).

I believe this allocation is fair because it takes into account each individual's preferences and ensures that everyone receives a combination of goods and money that they value equally.",1,2,3,2,1,2
57,"**Solution:**

**Step 1: Calculate the total value of all goods for each person.**

* Person 1: 45 + 30 + 25 = 100
* Person 2: 35 + 40 + 25 = 100
* Person 3: 50 + 5 + 45 = 100

**Step 2: Determine the minimum total value of goods for all persons.**

* Minimum total value = 100

**Step 3: Allocate goods to individuals until the minimum total value is reached.**

* Person 1: Good A (45)
* Person 2: Good B (40)
* Person 3: Good C (45)

**Step 4: Calculate the remaining value for each person.**

* Person 1: 100 - 45 = 55
* Person 2: 100 - 40 = 60
* Person 3: 100 - 45 = 55

**Step 5: Allocate the remaining money to individuals to equalize their values.**

* Person 1: 55 - 20 = 35
* Person 2: 60 - 15 = 45
* Person 3: 55 - 20 = 35

**Final Allocation:**

* **Person 1:** Good A (45), 35 units of money
* **Person 2:** Good B (40), 45 units of money
* **Person 3:** Good C (45), 35 units of money

**Justification:**

This allocation results in each person receiving a total value of **90**, which is the highest possible equitable value given the constraints of the problem. The money allocation ensures that all persons have the same total value, even though they have different preferences for the goods.",1,2,3,35,45,35
58,"**Fair Allocation:**

**Good A:** To Person 3
**Good B:** To Person 2
**Good C:** To Person 3
**Money:**
* 2 units to Person 1
* 1 unit to Person 2
* 2 units to Person 3

**Explanation:**

This allocation maximizes the total value of the goods and money allocated to each person:

* Person 1 receives Good A (worth 45) and 2 units of money (worth 40) for a total value of 85.
* Person 2 receives Good B (worth 40) and 1 unit of money (worth 20) for a total value of 60.
* Person 3 receives Good C (worth 45), 2 units of money (worth 40), and the remaining money (1 unit, worth 20) for a total value of 105.

This allocation is also fair because all three individuals receive approximately the same total value:

* Person 1: 85 units
* Person 2: 60 units
* Person 3: 105 units

Furthermore, each person receives a good that they value the most. Person 3 receives Good C, which they value the highest (45 units). Person 2 receives Good B, which they value the highest (40 units). Person 1 receives Good A, which is their second highest valued good (45 units).",3,2,3,2,1,2
59,"**Fair Allocation:**

**Person 1:**
* Good A (value: 45)
* 3 units of money (value: 3 units)

**Person 2:**
* Good C (value: 25)
* 2 units of money (value: 2 units)

**Person 3:**
* Good B (value: 40)

**Remaining Goods:**

* None

**Rationale:**

This allocation aims to:

* **Maximize total utility:** By assigning goods to individuals who value them the most, we maximize the overall satisfaction of all parties involved.
* **Compensate for inequalities:** Person 3 values Good B significantly higher than the others, so allocating it to them compensates for their lower valuation of Good A and Good C.
* **Efficiently use the monetary resource:** The money is used to supplement the allocation of goods, ensuring that all individuals receive a fair share of value.

**Individual Valuations:**

* **Person 1:** Total value received = 45 (Good A) + 3 (money) = 48
* **Person 2:** Total value received = 25 (Good C) + 2 (money) = 27
* **Person 3:** Total value received = 40 (Good B) + 0 (money) = 40

**Note:** The total value received by all individuals is 115, which is equal to the sum of the values of the goods (115).",1,3,2,3,2,0
60,"**Proposed Allocation:**

* **Person 1:** Good A (worth 45)
* **Person 2:** Good B (worth 40) + 1 unit of money (worth 5)
* **Person 3:** Good C (worth 45) + 4 units of money (worth 20)

* **Remaining money:** 0 units

**Explanation:**

This allocation aims to maximize the total value obtained by the individuals, while also ensuring some degree of fairness.

* **Person 1:** Receives their highest-valued good (Good A) and has a total value of 45.
* **Person 2:** Receives their second-highest-valued good (Good B) and an additional 5 units of money, resulting in a total value of 50.
* **Person 3:** Receives their highest-valued good (Good C) and a substantial amount of money (20 units), which they value equally to goods. This person has a total value of 65, which is the highest among the three.

**Justification for Fairness:**

* Person 3 receives the highest total value due to their relatively low valuation of Good B.
* Person 1 and Person 2 receive similar total values, despite their different preferences for the goods.
* The allocation maximizes the total value obtained by the three individuals, which is a reasonable measure of fairness.

**Additional Considerations:**

* If the divisible resource were not money, but rather another indivisible good (e.g., Good D), then a different allocation might be more fair.
* The fairness of an allocation can also depend on factors such as the individuals' needs or deservingness.
* In situations where goods are highly valued and indivisible, it may be difficult to achieve a perfectly fair allocation.",1,2,3,0,5,20
61,"**Proposed Allocation:**

* Person 1: Good A (45)
* Person 2: Good B (40) + 1 unit of money (1)
* Person 3: Good C (45) + 4 units of money (4)

**Rationale:**

This allocation ensures that:

* **Equity:** Each person receives a total value of 45 units (either in goods or money) as follows:
    * Person 1: Good A (45)
    * Person 2: Good B (40) + Money (1) = 41
    * Person 3: Good C (45) + Money (4) = 49
* **Efficiency:** All goods are allocated, maximizing the total value received by the individuals.
* **Individual Preferences:**
    * Person 1 values Good A the highest, so they receive it.
    * Person 2 values Good B more than Good C, so they receive Good B and some money to compensate for not receiving Good C.
    * Person 3 values both Good C and money, so they receive Good C and the majority of the remaining money to compensate for not receiving Good B.

**Additional Considerations:**

* The allocation could have also been: Person 1: Good A (45), Person 2: Good C (45), Person 3: Good B (40) + 5 units of money (5). This would result in the same total value for each person, but different goods allocations.
* It is important to note that fairness is a subjective concept and may vary depending on the individual's perspective and values.",1,2,3,0,1,4
62,"**Fair Allocation of Goods and Money:**

**Goods Allocation:**

* Person 1: Good A (worth 45)
* Person 2: Good B (worth 40)
* Person 3: Good C (worth 45)

**Money Allocation:**

* Person 1: 3 units (worth 45)
* Person 2: 1 unit (worth 40)
* Person 3: 1 unit (worth 45)

**Rationale:**

This allocation aims to maximize the total value received by all individuals while ensuring fairness:

* Each person receives a good with the highest value for them.
* The remaining money is distributed to supplement the value of the goods received.
* Person 1 receives a total value of 45 + 3 = 48 units.
* Person 2 receives a total value of 40 + 1 = 41 units.
* Person 3 receives a total value of 45 + 1 = 46 units.

This allocation addresses the fact that Person 3 has the highest value for Good C but the lowest value for the other goods. By receiving Good C and some additional money, Person 3's total value is brought closer to that of the other individuals.

Additionally, the allocation does not result in any envy, as each individual receives an allocation that they would not trade for any other possible combination of goods and money.",1,2,3,3,1,1
63,"**Allocation:**

* Person 1: Good A, 3 units of money
* Person 2: Good B, 2 units of money
* Person 3: Good C, throw away 2 units of money

**Explanation:**

This allocation maximizes the total value obtained by all three individuals, given the constraints of the problem:

* Person 1 values Good A the highest, and they also receive 3 units of money, which they value the same as Good C.
* Person 2 values Good B the highest, and they also receive 2 units of money, which they value the same as Good A.
* Person 3 values Good C the highest, but throwing away 2 units of money (which they value the same as Good A or B) increases their total value by more than allocating them to any of the goods.

**Total Value Calculation:**

* Person 1: 45 (Good A) + 3 (money) = 48
* Person 2: 40 (Good B) + 2 (money) = 42
* Person 3: 45 (Good C) - 2 (money) = 43

**Total Value:** 48 + 42 + 43 = 133

**Fairness Considerations:**

While maximizing total value is a common fairness criterion, other factors could also be considered, such as:

* **Envy:** Person 1 may still envy Person 3 for receiving a slightly higher total value, even though their own value is still high.
* **Equity:** Person 3 receiving a higher value could be seen as equitable, as they have the lowest initial values for Goods A and B.
* **Need:** Person 2's value for Goods A and C is significantly lower than their value for Good B, which could suggest that they have a greater need for Good B.

Ultimately, the fairest allocation depends on the specific values and preferences of the individuals involved and the fairness criteria that are considered most important.",1,2,3,3,2,0
64,"**Allocation:**

* Person 1: Good A, 3 units of money
* Person 2: Good B
* Person 3: Good C, 2 units of money

**Explanation:**

This allocation aims to achieve fairness by considering both the value individuals place on the goods and the available money.

* **Person 1:** They value Good A the highest, so they receive it. The remaining value they have for the other two goods is 55 (30 + 25), which is the highest among all individuals. To compensate for not receiving the other goods, they receive 3 units of money, which is equivalent to the value of Good C.
* **Person 2:** They value Good B the highest, so they receive it. The remaining value they have for the other two goods is 60 (35 + 25), which is the second highest among all individuals. They do not receive any money.
* **Person 3:** They value Good C the highest, so they receive it. The remaining value they have for the other two goods is 55 (50 + 5), which is equal to Person 1's. However, they receive 2 units of money to compensate for not receiving Good A, which they valued slightly higher than Good C.

This allocation ensures that:

* Everyone receives at least one good they highly value.
* The remaining value for individuals without their highest-valued goods is balanced.
* The total money allocated does not exceed 5 units.

Overall, this allocation aims to distribute the goods and money in a way that respects the individuals' preferences and values.",1,2,3,3,0,2
65,"**Allocation 1:**

* Person 1: Good A (45), 2 units of money (2)
* Person 2: Good B (40), 3 units of money (3)
* Person 3: Good C (45)

**Explanation:**

This allocation gives Person 1 a total value of 67 (45 + 2 = 47 for Good A, and 20 for the money), Person 2 a total value of 68 (40 for Good B, and 28 for the money), and Person 3 a total value of 90 (45 for Good C). This is the allocation that maximizes the total value received by all individuals.

**Allocation 2:**

* Person 1: Good A (45)
* Person 2: Good B (40), 2 units of money (2)
* Person 3: Good C (45), 3 units of money (3)

**Explanation:**

This allocation gives Person 1 a total value of 45 for Good A, Person 2 a total value of 62 (40 for Good B, and 22 for the money), and Person 3 a total value of 78 (45 for Good C, and 33 for the money). It provides a more balanced distribution of value between Person 2 and Person 3, while still giving Person 1 the highest valued good.

**Allocation 3:**

* Person 1: Good A (45), 1 unit of money (1)
* Person 2: Good B (40), 1 unit of money (1)
* Person 3: Good C (45), 3 units of money (3)

**Explanation:**

This allocation gives Person 1 a total value of 46 (45 for Good A, and 1 for the money), Person 2 a total value of 41 (40 for Good B, and 1 for the money), and Person 3 a total value of 78 (45 for Good C, and 33 for the money). It emphasizes equity by giving all individuals the same amount of money, while still giving Person 1 the highest valued good and Person 3 the second highest valued good.

The choice of the most fair allocation depends on the specific criteria one values (e.g., maximizing total value, equity, etc.). Ultimately, the best allocation would be the one that all three individuals agree on.",1,2,3,2,3,0
66,"**Allocation:**

- Person 1: Good A, 2 units of money
- Person 2: Good B, 3 units of money
- Person 3: Good C

**Rationale:**

This allocation aims to maximize the total value obtained by the individuals while ensuring fairness.

* **Person 1:** Receives Good A, which they value most, and an additional 2 units of money to compensate for their lower valuation of Goods B and C.
* **Person 2:** Receives Good B, which they value slightly higher than Person 1, and an additional 3 units of money to balance their lower valuation of Goods A and C.
* **Person 3:** Receives Good C, which they value most, even though it has a lower monetary value. This is offset by the fact that they receive no additional money.

**Total Value:**

The total value obtained by the individuals is calculated as follows:

* Person 1: Good A (45) + Money (2 x 1) = 47
* Person 2: Good B (40) + Money (3 x 1) = 43
* Person 3: Good C (45) = 45

**Total Value = 47 + 43 + 45 = 135**

This allocation results in a relatively high total value, indicating that the goods and money are distributed fairly among the individuals.",1,2,3,2,3,0
67,"**Proposed Allocation:**

**Person 1:** Good A, 3 units of money
**Person 2:** Good B, 3 units of money
**Person 3:** Good C, 2 units of money

**Rationale:**

This allocation aims to achieve fairness by considering the following principles:

* **Individual Preferences:** The allocation prioritizes the individuals' highest valued goods. Person 1 values Good A the most, Person 2 values Good B the most, and Person 3 values Good C the most.
* **Objective Values:** The divisible money resource is allocated in a way that maximizes its total value for all individuals. The allocation ensures that each person receives a monetary value equivalent to the value of the good they receive.
* **Equitable Distribution:** The monetary allocation ensures that each person receives a fair share of the available resources. Each person receives 3 units of money, except for Person 3 who receives 2 units due to the higher value they place on Good C.

**Outcome:**

By adhering to these principles, this allocation aims to achieve a fair distribution of goods and money that considers the preferences and needs of all three individuals. Each person receives a good they value highly and a monetary allocation that complements its value.",1,2,3,3,3,2
68,"**Allocation:**

* **Person 1:** Good A, 1 unit of money
* **Person 2:** Good B, 2 units of money
* **Person 3:** Good C, 2 units of money

**Rationale:**

This allocation aims to maximize the total utility of all individuals while ensuring equity.

* **Person 1:** Values Good A the highest and receives it. They also receive 1 unit of money, which is equivalent to half of Good C.
* **Person 2:** Values Good B the highest and receives it. They also receive 2 units of money, which is equivalent to half of Good C and half of Good A.
* **Person 3:** Values Good C the highest and receives it. They also receive 2 units of money, which is equivalent to half of Good A and half of Good B.

**Total Utility:**

* Person 1: 45 (Good A) + 1 (money) = 46
* Person 2: 40 (Good B) + 2 (money) = 42
* Person 3: 45 (Good C) + 2 (money) = 47

**Equity:**

* All individuals receive roughly the same value in goods (45, 42, 47).
* The allocation ensures that no one person has a significant advantage over the others.

**Discussion:**

This allocation is not the only possible fair solution. Other options could include:

* Allocating Good C to Person 1 to maximize their total utility.
* Allocating all the money to Person 3 to increase their total utility.

However, the proposed allocation balances the following considerations:

* **Equity:** All individuals receive a reasonable share of the goods and money.
* **Maximizing Total Utility:** The allocation results in a high total utility for all individuals.
* **Simplicity:** The allocation is straightforward and easy to implement.",1,2,3,1,2,2
69,"**Proposed Allocation:**

* **Person 1:** Good A, 2 units of money
* **Person 2:** Good B, 3 units of money
* **Person 3:** Good C, Not allocated

**Rationale:**

This allocation attempts to maximize the total utility of all individuals, while ensuring fairness and avoiding waste.

**1. Maximizing Total Utility:**

* Person 1 highly values Good A (45) and moderately values Good B (30). Giving them Good A and 2 units of money (equivalent to Good B) maximizes their utility.
* Person 2 highly values Good B (40) and moderately values Good C (25). Giving them Good B and 3 units of money (equivalent to Good C) maximizes their utility.
* Person 3 highly values Good C (45) but does not value other goods very much. However, they gain no utility from an unallocated Good C.

**2. Ensuring Fairness:**

* Each person receives goods or money with a total value of 60 units. This ensures that they all receive a fair share of the resources.

**3. Avoiding Waste:**

* Good C is not allocated because it has no value to any of the individuals. Allocating it would be wasteful.

**Additional Considerations:**

* Alternative allocations could be considered, such as giving Good C to Person 3 and allocating the remaining money differently. However, the proposed allocation maximizes utility and ensures fairness while avoiding waste.
* This allocation is based on the given preferences of the individuals. Different preferences could lead to different fair allocations.",1,2,None,2,3,0
70,"**Allocation:**

* **Person 1:** Good A (45)
* **Person 2:** Good B (40) + 1 unit of money (5)
* **Person 3:** Good C (45) + 4 units of money (20)

**Justification:**

This allocation is fair because it considers both the value of the goods to each individual and the availability of additional money to compensate for any perceived imbalances.

* **Person 1:** Receives the highest-valued good for them (Good A).
* **Person 2:** Receives the second-highest-valued good for them (Good B) and an additional unit of money to compensate for not receiving Good A.
* **Person 3:** Receives the third-highest-valued good for them (Good C) and enough money to make up the difference between the value of Good C and Good A.

This allocation ensures that each person receives a bundle of goods/money that is of equal value to them in their own eyes. It also ensures that no one person receives significantly more than the others.",1,2,3,0,5,20
71,"**Proposed Allocation:**

* **Person 1:** Good A (45) + $1
* **Person 2:** Good B (40) + $2
* **Person 3:** Good C (45) + $2

**Rationale:**

* **Person 1** receives Good A, which they value the most. They also receive $1 to compensate for the difference in value between Good A and Good C, which they value less.
* **Person 2** receives Good B, which they value second to Good A. They receive $2 to compensate for the difference in value between Good B and Good C, which they value least.
* **Person 3** receives Good C, which they value the most. They receive $2 to compensate for the difference in value between Good C and Good B, which they value less.

**Evaluation:**

This allocation is considered fair because:

* **Equalization of Utility:** It equalizes the perceived utility of each person by giving them the goods they value the most and compensating them for any differences in value.
* **Efficiency:** It allocates all goods and money, ensuring that no resources are wasted.
* **Pareto Optimality:** It is not possible to reallocate goods or money without making at least one person worse off.
* **Incentive Compatibility:** Each person is incentivized to truthfully reveal their preferences, as they receive the allocation that maximizes their utility.

**Alternative Allocations:**

* **Equal Allocations:** This allocation would give each person 1 unit of each good and $1.67. While it is equitable, it may not maximize the utility of each individual.
* **Priority Allocation:** This allocation would prioritize the person with the highest total value. In this case, Person 3 would receive all goods, while Person 1 and Person 2 would receive nothing. While this is efficient, it is not considered fair.
* **Random Allocation:** This allocation would assign goods and money randomly. While it is impartial, it may result in highly unequal allocations.

Ultimately, the fairest allocation is subjective and depends on the specific criteria and priorities used.",1,2,3,1,2,2
72,"**Allocation:**

* **Person 1:** Good B (40), 3 units of money
* **Person 2:** Good A (45), 1 unit of money
* **Person 3:** Good C (45), 1 unit of money

**Rationale:**

This allocation aims to maximize the total utility, considering both goods and money.

* **Good B to Person 1:** Person 1 values Good B the highest (40). Giving it to them ensures the highest total utility for this good.
* **Good A to Person 2:** Person 2 values Good A slightly more than Person 1 (45 vs. 35). Allocating it to Person 2 maximizes its total utility.
* **Good C to Person 3:** Person 3 has the highest value for Good C (45). Giving it to them maximizes its total utility.
* **Money Allocation:** The remaining 5 units of money are distributed equally to each person (1 unit each) to further increase their utility.

**Total Utility Calculation:**

* Person 1: 40 (Good B) + 3 (Money) = 43
* Person 2: 45 (Good A) + 1 (Money) = 46
* Person 3: 45 (Good C) + 1 (Money) = 46

The total utility across all individuals is 135, which is the highest possible utility given the values and constraints.",2,1,3,3,1,1
73,"**Allocation:**

* **Person 1:** Good A, 2 units of money
* **Person 2:** Good B, 3 units of money
* **Person 3:** Good C

**Rationale:**

This allocation aims to maximize the total utility (value) received by all individuals while considering both goods and money.

* **Person 1:** Gets the highest-valued good (A) and a moderate amount of money. Their total utility is 45 (A) + 2 (money) = 47.
* **Person 2:** Gets the second-highest-valued good (B) and a slightly higher amount of money. Their total utility is 40 (B) + 3 (money) = 43.
* **Person 3:** Gets the least-valuable good (C) but receives the highest amount of money. Their total utility is 45 (C) + 0 (money) = 45.

By allocating money to Person 1 and 2, the allocation recognizes their higher value for the remaining goods and aims to compensate them for not receiving their most preferred items. Additionally, allocating the highest amount of money to Person 3 helps to balance out the lower value of Good C they received.

This allocation ensures that all individuals receive a fair share of value based on their preferences and allows them to derive maximum utility from the goods and money they received.",1,2,3,2,3,0
74,"**Allocation 1 (Utilitarian Approach)**

* **Person 1:** Good A
* **Person 2:** Good B
* **Person 3:** Good C
* **Remaining Money:** 0

**Rationale:** This allocation maximizes the total value of goods assigned to the individuals.

**Total Value:** 100 (45 + 40 + 15)

**Allocation 2 (Equal Allocation Approach)**

* **Person 1:** Good A, 1 unit of money
* **Person 2:** Good B, 2 units of money
* **Person 3:** Good C, 2 units of money
* **Remaining Money:** 0

**Rationale:** This allocation ensures that each person receives an equal amount of value.

**Total Value:** 95 (45 + 40 + 10)

**Allocation 3 (Fair-Share Approach)**

* **Person 1:** Good A, 2 units of money
* **Person 2:** Good B, 2 units of money
* **Person 3:** Good C, 1 unit of money
* **Remaining Money:** 0

**Rationale:** This allocation considers the individual's preferences and gives more value to those who value the goods more highly.

**Total Value:** 97 (45 + 40 + 12)

**Allocation 4 (Hybrid Approach)**

* **Person 1:** Good A, 1 unit of money
* **Person 2:** Good B, 3 units of money
* **Person 3:** Good C
* **Remaining Money:** 1

**Rationale:** This allocation combines aspects of both utilitarian and fair-share approaches.

**Total Value:** 98 (45 + 40 + 13)

**Note:** The choice of the fairest allocation is subjective and depends on the criteria used. The above allocations provide different perspectives that prioritize different fairness considerations.",1,2,3,1,3,0
75,"**Allocation:**

* **Person 1:** Good A, 2 units of money
* **Person 2:** Good B, 1 unit of money
* **Person 3:** Good C, 2 units of money

**Reasoning:**

**Utility Evaluation:**

* Person 1: 45 (Good A) + 2 (Money) = 47
* Person 2: 40 (Good B) + 1 (Money) = 41
* Person 3: 45 (Good C) + 2 (Money) = 47

**Equity Considerations:**

* All individuals receive at least one good of substantial value to them.
* Person 1 and Person 3 receive goods of equal value (47), while Person 2 receives a slightly lower value (41).
* The additional money allocated is used to supplement the value of the goods received by Person 2 and Person 3, who have lower values for their primary goods.

**Efficiency Considerations:**

* All goods are allocated, avoiding any waste.
* The money is allocated to maximize the total utility of the individuals, given the limited supply of 5 units.

**Additional Considerations:**

* This allocation balances the principles of equity and efficiency, ensuring a fair distribution of resources while minimizing waste.
* It takes into account the varying values that individuals have for different goods, which is an important factor in determining fairness.",1,2,3,2,1,2
76,"**Allocation:**

**Person 1:**
- Good A (value 45)
- 2 units of money

**Person 2:**
- Good B (value 40)
- 3 units of money

**Person 3:**
- Good C (value 45)

**Rationale:**

This allocation aims to maximize the total value received by all three individuals:

* Person 1 receives the good they value the highest (Good A) and additional value in the form of money.
* Person 2 receives the second-highest valued good (Good B) and a significant amount of money.
* Person 3 receives their third-highest valued good (Good C).

By allocating Good C to Person 3, they receive the highest total value among all the goods. Similarly, giving Good A to Person 1 and Good B to Person 2 ensures they have the highest possible value for the allocated goods.

The money allocation further balances the distribution by providing additional value to Person 1 and Person 2. Person 1 receives two units of money to compensate for not receiving Good B or Good C, while Person 2 receives three units of money to slightly offset the higher value of Good A given to Person 1.

This allocation considers both individual preferences and the overall fairness of the distribution. It ensures that each person receives goods and/or money that align with their valuations and that the total value is distributed equitably.",1,2,3,2,3,0
77,"**Fair Allocation Considering Both Goods and Money:**

**Person 1:**
* Good A (45 units)
* 0 units of money

**Person 2:**
* Good B (40 units)
* 2 units of money

**Person 3:**
* Good C (45 units)
* 3 units of money

**Rationale:**

This allocation maximizes the total utility for all individuals, considering both goods and money.

* **Person 1:** Receives the good they value the most (Good A) and has no use for money since Good A satisfies their highest preference.
* **Person 2:** Receives the second-best good for them (Good B) and receives additional money to compensate for not receiving their first choice.
* **Person 3:** Receives their first choice (Good C) and receives additional money to compensate for its lower value compared to Goods A and B.

**Distributional Fairness:**

This allocation also considers distributional fairness by ensuring that each individual receives a similar level of value from the allocation.

* Person 1 receives 45 units of value (Good A).
* Person 2 receives 42 units of value (Good B + 2 units of money).
* Person 3 receives 48 units of value (Good C + 3 units of money).

**Efficiency:**

This allocation is also efficient because it allocates all goods and money without any wastage. All goods are allocated to individuals who value them the most, and all money is used to increase the utility of individuals.

**Alternative Allocations:**

Other fair allocations could be possible, such as:

* **Person 1:** Good C, 3 units of money
* **Person 2:** Good A, 2 units of money
* **Person 3:** Good B, 0 units of money

This allocation would also distribute goods and money fairly, but it gives Person 1 their first choice at the expense of Person 3, who receives less value overall.

Ultimately, the choice of a fair allocation depends on the specific preferences and priorities of the individuals involved.",1,2,3,0,2,3
78,"**Allocation:**

* **Person 1:** Good A (45)
* **Person 2:** Good B (40) and $1
* **Person 3:** Good C (45) and $4

**Explanation:**

This allocation maximizes the total combined value of the goods and money allocated to each person, while also ensuring that each person receives at least one good:

* Person 1 receives Good A, which is their most valued good.
* Person 2 receives Good B, their second most valued good, and $1, which increases their total value to 41.
* Person 3 receives Good C, their most valued good, and $4, which increases their total value to 49.

This allocation ensures that all three individuals receive a fair share of the available resources. It is not possible to allocate the money equally, as the total available amount is not divisible by 3. However, by giving Person 2 $1 and Person 3 $4, we can ensure that the allocation is as close to equal as possible.",1,2,3,0,1,4
79,"**Allocation:**

* **Person 1:** Good A (45 units)
* **Person 2:** Good B (40 units)
* **Person 3:** Good C (45 units) + 5 units of money

**Justification:**

This allocation aims to maximize the total value received by the individuals while also ensuring fairness.

* **Person 1:** Receives the highest-valued good in Good A, which is worth 45 units.
* **Person 2:** Receives the second-highest-valued good in Good B, worth 40 units.
* **Person 3:** Receives the third-highest-valued good in Good C, worth 45 units. Additionally, they receive 5 units of money, which is equivalent to 5 units of value.

This allocation ensures that all individuals receive goods or money commensurate with the value they place on them. Person 1 receives the most valuable good, while Persons 2 and 3 receive compensation in the form of value-equivalent money.

**Alternative Allocation:**

* **Person 1:** Good B (40 units)
* **Person 2:** Good A (45 units)
* **Person 3:** Good C (45 units)

This alternative allocation is also fair, as each person receives the good they value the most. However, it does not account for the difference in the values individuals place on Good A and Good B. Person 1 may prefer Good A over Good B, while Person 2 may prefer Good B over Good A. The previous allocation addresses this issue by allocating Good A to Person 1 and Good B to Person 2, based on their higher valuations for those goods.",1,2,3,0,0,5
80,"**Fair Allocation:**

**Person 1:** Good A (45) + 5 units of money
**Person 2:** Good B (40) + 1 unit of money
**Person 3:** Good C (45)

**Rationale:**

This allocation aims to maximize the total utility of all individuals while considering fairness.

* **Person 1:** Gets their highest-valued good, Good A, and the maximum amount of money (equal to the value of Good A).
* **Person 2:** Receives their second-highest-valued good, Good B, and a small amount of money to compensate for the higher value of Good A.
* **Person 3:** Obtains their highest-valued good, Good C, but receives less money as they have a lower value for the other two goods.

**Discussion:**

* This allocation ensures that each person receives at least one good that they value highly.
* The distribution of money is based on the relative values of the goods assigned to each individual.
* The total value of goods and money allocated to each person is roughly equal, making the allocation equitable.
* It is important to note that other fair allocations could be determined based on different criteria or subjective preferences.",1,2,3,5,1,0
81,"**Allocation:**

**Good A:** Person 1
**Good B:** Person 2
**Good C:** Person 3

**Monetary Allocation:**

* Person 1: 2.5 units (representing the difference between the value of Good A and the value of Good C)
* Person 2: 1 unit (representing the difference between the value of Good B and the value of Good C)
* Person 3: 1.5 units (representing half the value of Good C)

**Reasoning:**

This allocation ensures that each person receives their most preferred good. Additionally, the monetary allocation compensates for the value discrepancies between the goods allocated.

**Person 1:**
* Receives Good A, valued at 45 units.
* Receives 2.5 units of money, which is equal to the difference between Good A's value (45) and Good C's value (25).
* Total value received: 47.5 units

**Person 2:**
* Receives Good B, valued at 40 units.
* Receives 1 unit of money, which is equal to the difference between Good B's value (40) and Good C's value (25).
* Total value received: 41 units

**Person 3:**
* Receives Good C, valued at 45 units.
* Receives 1.5 units of money, which is equal to half of Good C's value.
* Total value received: 46.5 units

This allocation aims to provide a fair distribution of value among the individuals, considering both the indivisibility of the goods and the availability of divisible monetary resources.",1,2,3,2.5,1,1.5
82,"**Allocation:**

* **Person 1:** Good A, 2 units of money
* **Person 2:** Good B, 3 units of money
* **Person 3:** Good C, no money

**Rationale:**

This allocation aims to maximize the total value received by all parties while ensuring fairness.

**Individual Allocations:**

* **Person 1:** Total value = 45 (Good A) + 2 (money) = 47
* **Person 2:** Total value = 40 (Good B) + 3 (money) = 43
* **Person 3:** Total value = 45 (Good C) + 0 (money) = 45

**Justification:**

* Person 1 receives Good A, which they value the most, and additional money to compensate for not receiving Good B.
* Person 2 receives Good B, which they also value highly, and additional money to make up for the lower value of Good C.
* Person 3 receives Good C, their highest-valued good, ensuring that all individuals receive something they prefer.

**Fairness Considerations:**

* **Equity:** Each person receives at least one good with some additional monetary compensation.
* **Efficiency:** The total value received by all parties is maximized.
* **Procedural Fairness:** The allocation process is transparent and allows for input from all parties.",1,2,3,2,3,0
83,"**Allocation Plan:**

* Person 1 receives Good A and 2 units of money.
* Person 2 receives Good B and 3 units of money.
* Person 3 receives Good C and no money.

**Justification:**

This allocation uses the money to supplement the perceived value that individuals have for certain goods.

* Person 1 values Good A the highest but cannot afford it. Giving them Good A and 2 units of money ensures that they receive an equivalent amount of value to what they would have received if they had Good C, which they value almost as much.
* Person 2 values Good B the highest and can afford it. Giving them Good B and 3 units of money provides them with even higher utility.
* Person 3 values Good C the highest but would also benefit from additional money. However, given that both Person 1 and Person 2 have greater value for Goods A and B, respectively, it is fair to allocate Good C to Person 3 without providing them with any additional money.

**Total Utility:**

* Person 1: 45 (Good A) + 2 (Money) = 47
* Person 2: 40 (Good B) + 3 (Money) = 43
* Person 3: 45 (Good C) = 45

This allocation ensures a relatively equitable distribution of utility among the individuals, while also considering their subjective values for the goods.",1,2,3,2,3,0
84,"**Proposed Allocation:**

* **Person 1:** Good A, 2 units of money
* **Person 2:** Good B, 3 units of money
* **Person 3:** Good C, Good A (thrown away)

**Explanation:**

This allocation aims to maximize the total value received by all individuals, considering both the value of goods and money.

* **Person 1:** Good A (45) + 2 units of money (2 x 25 = 50) = 95
* **Person 2:** Good B (40) + 3 units of money (3 x 25 = 75) = 115
* **Person 3:** Good C (45) + Good A (thrown away) + 0 units of money = 45

**Total Value Received:**

* Person 1: 95
* Person 2: 115
* Person 3: 45
* Total: 255

This allocation results in the highest total value received by all individuals, while ensuring that the value of all goods and money is fully utilized.",1,2,3,2,3,0
85,"**Allocation of Goods and Money**

**Person 1:**
* Good C
* 2 units of money

**Person 2:**
* Good B
* 3 units of money

**Person 3:**
* Good A
* 0 units of money

**Rationale:**

This allocation aims to achieve a balance of value among the individuals, while also considering their preferences.

* **Person 1:** Good C has the highest value for Person 1, and they also receive a portion of the divisible resource (money) to compensate for the lower value of Good A.
* **Person 2:** Good B has the highest value for Person 2, and they receive a larger portion of the money to compensate for the lower value of Good C.
* **Person 3:** Good A has the highest value for Person 3, and they are not allocated any money since they receive the most valuable good.

**Assessment of Fairness:**

The following criteria are used to evaluate the fairness of the allocation:

* **Equity:** Each person receives a fair share of the value of the goods and money.
* **Efficiency:** The goods are allocated to the individuals who value them most.
* **Individual preferences:** The preferences of the individuals are taken into account.
* **Transparency:** The allocation process is clear and understandable to all parties involved.

Based on these criteria, this allocation can be considered fair because it ensures that each person receives a comparable amount of value, maximizes overall utility, respects individual preferences, and is transparent.",3,2,1,2,3,0
86,"**Allocation of Goods and Money:**

* **Person 1:** Good A, 1 unit of money
* **Person 2:** Good B, 2 units of money
* **Person 3:** Good C, 2 units of money

**Explanation:**

This allocation aims to maximize the total value derived by all three individuals.

* **Person 1:** Valued Good A the most (45) and received Good A plus 1 unit of money to compensate for not receiving Good B (30) or Good C (25).
* **Person 2:** Valued Good B the most (40) and received Good B plus 2 units of money to compensate for not receiving Good A (35) or Good C (25).
* **Person 3:** Valued Good C the most (45) and received Good C plus 2 units of money to compensate for not receiving Good A (50) or Good B (5).

**Total Value:**

* Person 1: 45 (Good A) + 1 (money) = 46
* Person 2: 40 (Good B) + 2 (money) = 42
* Person 3: 45 (Good C) + 2 (money) = 47

**Total Money Allocated:** 5 units

This allocation resulted in the highest total value (135) derived by the individuals, while ensuring that no individual received more than 5 units of value in either goods or money.",1,2,3,1,2,2
87,"**Fair Allocation:**

**Person 1:**

* Good A (45 units)
* 2 units of money (10 units)

**Person 2:**

* Good B (40 units)
* 3 units of money (15 units)

**Person 3:**

* Good C (45 units)
* No money

**Explanation:**

This allocation aims to maximize the total utility of the individuals while respecting the indivisibility of the goods and the limited amount of money.

* **Person 1:** Receives the most valuable good for them (Good A) and a moderate amount of money to compensate for the other two goods.
* **Person 2:** Receives their second most valuable good (Good B), which is closer to their valuation for Good A, and a larger amount of money to make up for Good C.
* **Person 3:** Receives their most valuable good (Good C), but no money due to the constraint on total money allocation.

This allocation results in total utilities of:

* Person 1: 55 units (45 from Good A + 10 from money)
* Person 2: 55 units (40 from Good B + 15 from money)
* Person 3: 45 units (from Good C)

**Rationale for Fairness:**

* **Equity:** Each person receives at least one good and some monetary compensation.
* **Maximizing Total Utility:** The allocation maximizes the sum of the individuals' utilities.
* **Efficiency:** All goods are allocated, and all money is distributed.
* **Respect for Indivisibility:** The indivisibility of the goods is maintained by giving each person one whole good.
* **Balanced Consideration:** Each person's valuations for all three goods are taken into account.",1,2,3,2,3,0
88,"**Fair Allocation of Goods and Money:**

**Step 1: Calculate Total Value of Goods**

* Total value of Goods A, B, and C = 45 + 30 + 25 + 35 + 40 + 25 + 50 + 5 + 45 = 300

**Step 2: Calculate Fair Share for Each Person**

* Fair share = (Total value of goods) / (Number of people) = 300 / 3 = 100

**Step 3: Allocate Goods**

* **Person 1:** Good A (value = 45)
* **Person 2:** Good B (value = 40)
* **Person 3:** Good C (value = 45)

**Step 4: Allocate Money**

* Remaining value of goods = 300 - 130 = 170
* Fair share of money = 170 / 3 = 56.67

* **Person 1:** 56.67 units of money
* **Person 2:** 56.67 units of money
* **Person 3:** 56.66 units of money (rounded down)

**Justification:**

This allocation ensures that each person receives a fair share of the total value of the goods and money (approximately 100 units). It also takes into account the value each person places on the different goods.

* Person 1 values Good A the most and receives it, along with a fair share of money.
* Person 2 values Good B the most and receives it, along with a fair share of money.
* Person 3 values Good C the most and receives it, along with a fair share of money.

This allocation balances the value each person receives and provides them with a fair distribution of goods and money.",1,2,3,56.67,56.67,56.66
89,"**Fair Allocation**:

**Person 1 gets:** Good A (value: 45) + 2 units of money (value: 2)
**Person 2 gets:** Good B (value: 40) + 1 unit of money (value: 1)
**Person 3 gets:** Good C (value: 45) + 2 units of money (value: 2)

**Rationale**:

This allocation attempts to maximize the total value received by all individuals while considering fairness. It gives each person a good that they value highly and supplements it with money to balance their perceived value of the goods.

* **Person 1:** Gets the good they value most (Good A) and additional value through the allocated money.
* **Person 2:** Gets the second-best good for them (Good B) and a smaller amount of money to compensate for the lower value they place on Good A and Good C.
* **Person 3:** Gets their third-best good (Good C) but the highest amount of money to make up for the large difference in value they place on Good A and Good B.

The total value received by each person is as follows:

* Person 1: 45 (Good A) + 2 (money) = 47
* Person 2: 40 (Good B) + 1 (money) = 41
* Person 3: 45 (Good C) + 2 (money) = 47

This allocation results in a relatively equal distribution of value, with both Person 1 and Person 3 receiving 47 units and Person 2 receiving slightly less at 41 units.",1,2,3,2,1,2
90,"To determine a fair allocation of the goods and money, I propose the following solution:

**Allocation of Goods:**

* **Person 1:** Good B
* **Person 2:** Good A
* **Person 3:** Good C

**Allocation of Money:**

* **Person 1:** 1 unit
* **Person 2:** 3 units
* **Person 3:** 1 unit

**Rationale:**

This allocation aims to maximize the overall utility or satisfaction of each person while ensuring fairness.

* **Person 1:** Gets their highest-valued good (Good B) and an additional unit of money to compensate for not receiving Good A.
* **Person 2:** Gets their second-highest-valued good (Good A) and a significant portion of the money to compensate for not receiving Good B.
* **Person 3:** Gets their highest-valued good (Good C) and an additional unit of money to compensate for the low value they place on Good B.

**Fairness Considerations:**

* **Equity:** Each person receives a similar value in goods (Person 2 gets slightly more valuable goods, but this is offset by the higher value they place on Good A).
* **Efficiency:** All goods and money are allocated, and none is wasted.
* **Transparency:** The allocation process is clear and understandable to all parties involved.

While there may be other fair allocations possible, this solution considers the preferences and values of each person, ensures that no goods or money is wasted, and strives to maximize overall satisfaction.",2,1,3,1,3,1
91,"**Allocation:**

* **Person 1:** Good A, 1 unit of money
* **Person 2:** Good B, 3 units of money
* **Person 3:** Good C, 1 unit of money

**Rationale:**

This allocation aims to achieve a balance of fairness while considering each person's preferences and the value they assign to the goods.

* **Person 1:** They highly value Good A and it would give them significant utility. Assigning them Good A satisfies their highest-valued item. They also receive 1 unit of money to compensate for not receiving Good B and Good C, which they value less.
* **Person 2:** They value Good B slightly more than Good A. Giving them Good B ensures they receive their most preferred item. They receive 3 units of money as compensation for not getting Goods A and C, which they value moderately.
* **Person 3:** They place the highest value on Good C and would derive the most satisfaction from it. Assigning them Good C gives them their highest priority. They receive 1 unit of money to compensate for not receiving Good A and Good B, which they value less.

This allocation ensures that each person receives at least one good they value highly. Additionally, the money allocation supplements their utility and helps balance the value each person receives. By giving Person 1 and Person 3 1 unit of money, their total utility is equivalent to receiving two goods. Person 2 receives 3 units of money, which is equivalent to the combined value of Goods A and C.

Overall, this allocation considers all individuals' preferences, provides a balanced distribution of goods, and maximizes the total utility of the group.",1,2,3,1,3,1
92,"**Allocation:**

* Person 1 receives Good A (worth 45) and 2.5 units of money.
* Person 2 receives Good B (worth 40) and 1.5 units of money.
* Person 3 receives Good C (worth 45) and 1 unit of money.

**Rationale:**

This allocation ensures that each person receives goods and/or money worth a total of 50 units, maximizing the total value allocated. While Person 1 and Person 3 receive goods of equal value, Person 2 receives a slightly higher value in goods (40) but is compensated with a lower amount of money (1.5 units). This is because Person 2 values Good B more highly than Person 1 or Person 3 value Good A or Good C, respectively.

In addition to the quantitative aspect of maximizing total value, this allocation also considers the qualitative aspect of fairness. All three individuals receive something that they value highly, and the distribution is not skewed towards any particular person.

**Justification:**

An alternative allocation could be to give Good A to Person 3 and Good B to Person 1, since they value those goods the highest. However, this would result in Person 2 receiving only Good C, which they value significantly less. The proposed allocation provides a more balanced distribution and addresses the differing preferences of the individuals involved.",1,2,3,2.5,1.5,1
93,"One possible fair allocation is as follows:

* Person 1 receives Good A and 2 units of money.
* Person 2 receives Good B and 3 units of money.
* Person 3 receives Good C.

In this allocation, each person receives goods and/or money that are worth a total of 75 units to them, which is the highest possible total value that can be achieved with this set of goods and money.

Here is the calculation of the total value for each person:

* Person 1: Good A (45) + Money (2*5) = 75
* Person 2: Good B (40) + Money (3*5) = 75
* Person 3: Good C (45) = 75

This allocation is also fair because it takes into account the different preferences of the individuals involved. For example, Person 1 values Good A the most, so they receive Good A. Person 2 values Good B the most, so they receive Good B. Person 3 values Good C the most, so they receive Good C.

Of course, there are other possible allocations that could also be considered fair. For example, you could allocate Good A to Person 3, Good B to Person 1, and Good C to Person 2, and then give each person 1 unit of money. This allocation would also result in each person receiving goods and/or money that are worth a total of 75 units to them.

Ultimately, the decision of which allocation is the fairest is up to you. There is no single ""correct"" answer.",1,2,3,2,3,0
94,"**Allocation of Goods:**

* Person 1 receives Good A (value: 45)
* Person 2 receives Good B (value: 40)
* Person 3 receives Good C (value: 45)

**Allocation of Money:**

* Person 1 receives 0 units of money
* Person 2 receives 1 unit of money
* Person 3 receives 4 units of money

**Total Value of Allocation to Each Person:**

* Person 1: 45 (Good A) + 0 (money) = 45
* Person 2: 40 (Good B) + 1 (money) = 41
* Person 3: 45 (Good C) + 4 (money) = 49

**Justification for Fairness:**

This allocation aims to achieve the following fairness criteria:

* **Equal Value:** Each person receives goods and money that have equal total value to them.
* **Equitable Distribution:** Person 3, who has the lowest value for Good B, receives the most money to compensate for the lower value of their allocated good.
* **Respect for Preferences:** To the extent possible, each person is given their most preferred good.

**Additional Considerations:**

* This allocation could also be considered fair because it allocates all available resources (goods and money).
* There are other potential allocations that could be considered fair, depending on the specific preferences and values of the individuals involved.",1,2,3,0,1,4
95,"**Allocation:**

* **Person 1:** Good A (worth 45), 1 unit of money
* **Person 2:** Good B (worth 40), 2 units of money
* **Person 3:** Good C (worth 45), 2 units of money

**Explanation:**

This allocation aims to maximize the total utility derived by the individuals from the goods.

* Person 1 values Good A the highest and Good C the lowest. Giving them Good A and 1 unit of money provides them with a total value of 46.
* Person 2 values Good B the highest and Good C the lowest. Giving them Good B and 2 units of money provides them with a total value of 42.
* Person 3 values Good C the highest and Good B the lowest. Giving them Good C and 2 units of money provides them with a total value of 47.

By allocating the goods and money in this manner, we achieve a total utility of 46 + 42 + 47 = 135. This is higher than any other possible allocation.

**Note:**

This allocation is based on the assumption that the individuals are truthful about their valuations. If the individuals were to misrepresent their preferences, a different allocation might be more fair.",1,2,3,1,2,2
96,"**Step 1: Calculate Total Weighted Value for Each Person**

Assign values to each good and person based on their preferences, with money valued at 1.

* Person 1: (45 * 1) + (30 * 1) + (25 * 1) = 100
* Person 2: (35 * 1) + (40 * 1) + (25 * 1) = 100
* Person 3: (50 * 1) + (5 * 1) + (45 * 1) = 100

**Step 2: Allocate Goods and Money**

Allocate the goods based on the highest weighted value for each person, ensuring fairness by distributing the most valuable goods to different individuals.

* **Person 1:** Allocate Good A (worth 45)
* **Person 2:** Allocate Good B (worth 40) and 1 unit of money
* **Person 3:** Allocate Good C (worth 45) and 4 units of money

**Step 3: Check for Fairness**

Calculate the final weighted values for each person:

* Person 1: 45 + 0 + 0 = 45 (unchanged)
* Person 2: 0 + 40 + 1 = 41 (lowered slightly)
* Person 3: 0 + 0 + 45 = 45 (unchanged)

**Conclusion:**

This allocation is considered fair because:

* It gives each person the good they value most.
* It distributes the remaining money in such a way that Person 2's weighted value is only slightly reduced while Person 3's remains unchanged.
* The total weighted value for each person remains the same despite the allocation.",1,2,3,0,1,4
97,"**Allocation:**

* **Person 1:** Good A (45) + 1 unit of money (1)
* **Person 2:** Good B (40) + 2 units of money (2)
* **Person 3:** Good C (45) + 2 units of money (2)

**Reasoning:**

This allocation aims to maximize the total value of goods received by each individual while considering their preferences and the available resources.

* **Person 1:** Receives Good A, which they value the most, and 1 unit of money to compensate for the lower value of Good B and Good C.
* **Person 2:** Receives Good B, which they value second most, and 2 units of money to supplement their value for Good A and Good C.
* **Person 3:** Receives Good C, which they value third most, and 2 units of money to make up for the lower value of the other two goods.

**Additional Considerations:**

* This allocation ensures that each person receives at least one good that they value highly.
* The available money is distributed in a way that balances the value of goods received by each individual.
* The total value of goods and money received by each person is approximately equal:
    * Person 1: 45 (Good A) + 1 (money) = 46
    * Person 2: 40 (Good B) + 2 (money) = 42
    * Person 3: 45 (Good C) + 2 (money) = 47

**Note:** The specific allocation chosen may vary depending on the fairness criteria and subjective judgments of the allocator. This is one possible solution that aims to achieve a balanced and equitable distribution of goods and money among the individuals.",1,2,3,1,2,2
98,"**Allocation:**

* Person 1: Good A (45), 2 units of money (10)
* Person 2: Good B (40), 3 units of money (15)
* Person 3: Good C (45)

**Justification:**

This allocation is based on the following principles:

* **Equal Value:** Each person receives goods with a total value of 60.
* **Efficiency:** All goods are allocated to individuals who value them the most, maximizing the overall value obtained from the goods.
* **Equity:** Person 1 receives slightly more value from goods (45+10=55) because they have the highest value for Good C, which is a more valuable good than Good B. Person 2 receives slightly less value to allocate money to Person 1, ensuring equal overall value.
* **Flexibility:** The allocation includes 2 units of money for Person 1, indicating that they may prefer to receive Good C and some money instead of Good B. This allows for flexibility in preference fulfillment.

**Alternative Allocation:**

* Person 1: Good A (45), 2 units of money (10)
* Person 2: Good B (40), Good C (45)
* Person 3: 5 units of money (25)

This allocation also satisfies the principles of equal value and efficiency, but it gives Person 2 two goods instead of one. It assumes that Person 2 values Good C more than Person 3, even though Person 3 has a higher stated value for Good C. The allocation of 5 units of money to Person 3 ensures that all parties receive an equal amount of value.

Ultimately, the fairness of an allocation depends on the specific preferences and priorities of the individuals involved. Both allocations presented here are reasonable options that aim to achieve fairness based on the available information.",1,2,3,2,3,0
99,"Since the goods are indivisible, to allocate all the goods, we need to make sure that each person gets exactly one of them. The total value of the goods to each individual, sorted in decreasing order, is:
Person 3: 100
Person 1: 100
Person 2: 100
Since the total value of the goods to each person is the same, it is fair to allocate one good to each person.
To determine which good should be allocated to each person, we can consider each person's preference for the goods. The most preferred good for each person, sorted in decreasing order, is:
Person 3: Good A, Good C, Good B
Person 1: Good A, Good C, Good B
Person 2: Good B, Good A, Good C
Based on this, we can allocate Good A to Person 1, Good B to Person 2, and Good C to Person 3.
Since the total value of the goods allocated to each person is still the same (100), this allocation is considered fair.
No monetary allocation is necessary in this case.",1,2,3,0,0,0
