,Text,Tokens,Good A,Good B,Good C,Person 1 money,Person 2 money,Person 3 money
0,"Here's how we can determine an envy-free allocation for this problem:

**1. Identify Initial Preferences:**

* **Person 1:** Prefers Good A (45) > Good B (30) > Good C (25)
* **Person 2:** Prefers Good B (40) > Good A (35) > Good C (25)
* **Person 3:** Prefers Good A (50) > Good C (45) > Good B (5)

**2. Initial Allocation based on Highest Value:**

* **Person 1 gets Good A** (Their highest value)
* **Person 2 gets Good B** (Their highest value)
* **Person 3 gets Good C** (Their highest remaining value)

**3. Check for Envy & Address Discrepancies:**

* **Person 2 might envy Person 1:** Person 2 values Good A (35) more than their allocated Good B (40) by 5 units. 
* **Solution:**  Allocate 5 units of money from the available 5 to Person 2. This compensates for their lower perceived value.

**Final Allocation:**

* **Person 1:** Good A 
* **Person 2:** Good B + 5 units of money
* **Person 3:** Good C

**Why this is Envy-Free:**

* **Person 1:**  Got their top preference and won't envy anyone.
* **Person 2:** Although they value Good A slightly more, the 5 units of money compensate for the difference, making them prefer their own bundle.
* **Person 3:** Got their second highest preference and wouldn't prefer Person 1's bundle since they value Good C higher. They wouldn't prefer Person 2's bundle either, even with the money, as Good B is significantly less valuable to them.

**Important Notes:**

* This solution assumes individuals value money linearly. 
* Envy-free allocations don't guarantee everyone gets their absolute top choice, but they ensure everyone feels they received a fair deal compared to others. 
",0,1,2,3,0.0,5.0,0.0
1,"This problem can be tackled by combining concepts of envy-freeness and maximizing overall social welfare. Here's a possible solution and the reasoning behind it:

**Allocation:**

* **Person 1:** Good B + 5 units of money 
* **Person 2:** Good C
* **Person 3:** Good A

**Reasoning:**

1. **Identify High-Value Allocations:**
   * Person 1 values Good B the most (30) and also benefits greatly from the full monetary amount.
   * Person 2 values Good C the most (45).
   * Person 3 values Good A the most (50).

2. **Check for Envy:**
   * **Person 1 vs. Person 2:** Person 1 prefers their own bundle (Good B + money) worth 35 to Person 2's Good C (worth 25). No envy.
   * **Person 1 vs. Person 3:** Person 1 prefers their own bundle (worth 35) to Person 3's Good A (worth 45). No envy.
   * **Person 2 vs. Person 3:** Person 2 prefers their own Good C (worth 45) to Person 3's Good A (worth 25). No envy.

3. **Maximize Social Welfare:** This allocation maximizes the total perceived value:
   * Person 1: 30 (Good B) + 5 (money) = 35
   * Person 2: 45 (Good C) = 45
   * Person 3: 50 (Good A) = 50
   * **Total: 130**

**Why this solution works:**

* **Envy-Free:**  Each person receives the item they value most or a close equivalent, ensuring no one feels envious of another's allocation.
* **Efficient:**  This allocation maximizes the total ""happiness"" or utility derived from the goods and money, making it socially optimal. 

**Important Notes:**

* There might be other envy-free allocations. The key is to prioritize individual preferences and minimize potential envy.
* The money acts as a flexible tool to compensate individuals and achieve a fairer outcome when indivisible goods alone can't satisfy everyone's preferences perfectly. 
",0,3,1,2,5.0,0.0,0.0
2,"Here's how we can determine an envy-free allocation for this problem:

**1. Initial Allocation based on Highest Value:**

* **Good A:** Person 3 values it highest (50) - allocate Good A to Person 3.
* **Good B:** Person 2 values it highest (40) - allocate Good B to Person 2.
* **Good C:** Both Person 1 and Person 3 value it equally highest (45) - we'll decide later. 

**2. Addressing Potential Envy and Using Money:**

* **Person 1 might envy Person 2:**  Person 1 values Good B at 30, while they only have Good C (valued at 25). To prevent envy, we can give Person 1 some money. A payment of 5 units would make Person 1 indifferent between their current bundle and Person 2's.
* **Person 2 might envy Person 3:**  Person 2 values Good A at 35, and they have Good B (valued at 40). They wouldn't envy Person 3.
* **Person 3 might envy Person 1:** This is unlikely as Person 3 received their highest valued item. 

**3. Final Allocation:**

* **Person 1:** Good C + 5 units of money
* **Person 2:** Good B 
* **Person 3:** Good A

**Justification for Envy-Freeness:**

* **Person 1:** Prefers their bundle (Good C + 5 money) as it's equivalent in value to Good B, which they initially desired.
* **Person 2:**  Received their highest valued item (Good B) and won't envy others.
* **Person 3:**  Received their highest valued item (Good A) and won't envy others.

**Important Notes:**

* This solution aims for envy-freeness, which is just one fairness concept. Other fairness concepts, like maximizing total value, might lead to different allocations.
* The use of money is crucial in this scenario to compensate individuals and achieve envy-freeness when indivisible goods cannot be perfectly divided. 
",0,3,2,1,5.0,0.0,0.0
3,"Here's how we can determine an envy-free allocation for this scenario:

**1. Identify Initial Preferences:**

* **Person 1:** Prefers Good A (45) > Good B (30) > Good C (25)
* **Person 2:** Prefers Good B (40) > Good A (35) > Good C (25)
* **Person 3:** Prefers Good A (50) > Good C (45) > Good B (5)

**2. Allocate Based on Highest Value:**

* **Good A:** Person 3 values it the highest (50). Allocate Good A to Person 3.
* **Good B:** Person 2 values it the highest (40). Allocate Good B to Person 2.
* **Good C:** Person 1 and Person 3 value it equally (25 & 45). We'll address this shortly.

**3. Addressing Potential Envy and Good C:**

* **Person 1** might envy Person 2 (Good B) and Person 3 (Good A).
* **Person 2** might envy Person 3 (Good A).
* **Person 3** is currently content.

To prevent envy, we can use the money:

* **Option 1: Allocate Good C and Money**
    * Give Good C to Person 1 (their second preference). 
    * Give Person 2 some money to compensate for not getting Good A. A payment of 5 units (equivalent to the difference in their valuations of Good A and Good B: 35 - 40 = -5) would ensure Person 2 doesn't envy Person 3. 

* **Option 2: Leave Good C Unallocated**
    * Since Good C only creates complications, consider not allocating it at all.  This might be simpler than figuring out a suitable monetary compensation scheme.

**Final Allocation Options:**

* **Option 1:**
    * Person 1: Good C + 0 units of money
    * Person 2: Good B + 5 units of money 
    * Person 3: Good A + 0 units of money

* **Option 2:**
    * Person 1: 0 units of money
    * Person 2: Good B + 5 units of money
    * Person 3: Good A + 0 units of money

**Why these allocations are envy-free:**

* **Option 1:** Each person receives either their first or second preference. The money compensates for any difference in value, ensuring no one envies another's bundle.
* **Option 2:**  Person 2 is compensated for not getting their top choice, and while others don't get their preferred goods, they don't have grounds to envy others given the values assigned.

**Important Note:**  The ""fairest"" allocation depends on your definition of fairness.  Option 1 might be considered fairer if maximizing the allocation of goods is prioritized. Option 2 might be considered fairer if simplicity and ease of implementation are more important. 
",0,3,2,1,0.0,5.0,0.0
4,"Here's how we can determine an envy-free allocation, considering both the goods and the money:

**1.  Identify Initial Preferences:**

*   **Person 1:** Prefers Good A (value 45) > Good B (30) > Good C (25)
*   **Person 2:** Prefers Good B (40) > Good A (35) > Good C (25)
*   **Person 3:** Prefers Good A (50) > Good C (45) > Good B (5)

**2. Maximize Total Value:**

*   Good A is most valued by Person 3 (50).
*   Good B is most valued by Person 2 (40).
*   Good C is most valued by Person 3 (45), but Person 1 values it almost as much (25). 

**3.  Create an Envy-Free Allocation:**

*   **Person 1:** Receives Good C (value 25) and 20 units of money (equivalent value of 20).  
*   **Person 2:** Receives Good B (value 40).
*   **Person 3:** Receives Good A (value 50).

**4. Check for Envy:**

*   **Person 1 vs. Person 2:** Person 1 prefers their own bundle (Good C + 20 units of money = total value 45) to Person 2's bundle (Good B, value 40).
*   **Person 1 vs. Person 3:** Person 1 prefers their own bundle (Good C + 20 units of money = total value 45) to Person 3's bundle (Good A, value 50). 
*   **Person 2 vs. Person 3:** Person 2 prefers their own bundle (Good B, value 40) to Person 3's bundle (Good A, value 50).

**Explanation:**

* This allocation ensures that each person receives the good they value most, or a close alternative combined with monetary compensation. 
* Person 1 might have preferred Good A, but by receiving Good C and money, they achieve a total value equivalent to their valuation of Good A, eliminating envy.
* No one envies anyone else's bundle, making this an envy-free allocation.

**Important Note:** There might be other envy-free allocations possible. The key is to find a balance between maximizing total value and ensuring no one feels they got a worse deal than someone else. 
",0,3,2,1,20.0,0.0,0.0
5,"Here's how we can find an envy-free allocation for this problem:

**1. Determine the most valuable good for each person:**

* **Person 1:** Good A (value 45)
* **Person 2:** Good B (value 40)
* **Person 3:** Good A (value 50)

**2. Allocate the most valuable goods:**

* **Good A:**  Person 3 values it highest (50), so they get Good A. 
* **Good B:** Person 2 values it highest (40), so they get Good B.
* **Good C:** No one's most valued good, so we'll address this later.

**3. Check for envy and address with money:**

* **Person 1 vs. Person 3:** Person 1 might envy Person 3 (Good A worth 50 to Person 3). To prevent envy, we can give Person 1 some money.  Since their value for Good A is 45, they'd need at least 5 units of money to match the perceived value of Person 3's bundle. 
* **Person 2 vs. Person 3:** Person 2 might envy Person 3.  Their value for Good A is 35, so they'd need 15 units of money to match the perceived value of Person 3's bundle. We don't have enough money to compensate.

**4. Re-evaluate Good C:**

Since we can't compensate Person 2 enough to prevent envy, we need to reconsider Good C.  

* **Person 1:** Values Good C at 25
* **Person 2:** Values Good C at 25

Giving Good C to either Person 1 or Person 2 will still result in them envying Person 3.  

**5.  The Dilemma and a Potential Solution:**

We've reached a point where a perfectly envy-free allocation is impossible with the given resources. Here's why:

* We have limited money and can't fully compensate for the high value of Good A to multiple people.
* Good C doesn't hold enough value to offset this disparity.

**Potential Solutions:**

* **Option 1: Discard Good C.**  This leaves us with the following allocation:
    * Person 1: 5 units of money
    * Person 2: Good B
    * Person 3: Good A
    * This allocation is envy-free as each person receives their most preferred outcome, given the constraints. 
* **Option 2: Negotiation and Side Payments (Beyond the Initial 5 Units).**  If possible, the individuals could negotiate additional side payments to reach a more mutually agreeable outcome.  This would require going beyond the initial 5 units of money.

**Important Note:**  Envy-free allocations are not always achievable, especially with indivisible goods and limited resources.  In such cases, aiming for allocations that minimize envy or maximize overall welfare might be more realistic goals. 
",0,3,2,None,5.0,0.0,0.0
6,"Here's how we can determine an envy-free allocation for this scenario:

**1. Identify Initial Preferences:**

* **Person 1:** Prefers Good A (45) > Good B (30) > Good C (25)
* **Person 2:** Prefers Good B (40) > Good A (35) > Good C (25)
* **Person 3:** Prefers Good A (50) > Good C (45) > Good B (5)

**2. Allocate Based on Highest Value:**

* **Good A:** Person 3 values it highest (50) – Allocate Good A to Person 3.
* **Good B:** Person 2 values it highest (40) – Allocate Good B to Person 2.
* **Good C:** Person 1 and Person 3 have the same highest value (25). We'll address this shortly.

**3. Addressing Potential Envy and Good C:**

* Right now, Person 1 might envy Person 2 (Good B) and Person 3 (Good A) because they received their top preferences. 
* Since Good C is valued equally by Person 1 and Person 3, we can use the money to create an envy-free situation.

**4. Utilizing the Money:**

* **Option 1:** Give Good C to Person 1 and some money to Person 3.  Since the difference in value between Good A (50) and Good C (45) for Person 3 is 5, we need to give Person 3 at least 5 units of money to compensate. However, we only have 5 units to allocate in total. This option won't work.
* **Option 2:** Give Good C to Person 3 and some money to Person 1. The difference between Good A (45) and Good C (25) for Person 1 is 20, so we'd need to give Person 1 at least 20 units of money to make them envy-free. This is not possible as we only have 5 units. 
* **Option 3:**  Don't allocate Good C at all. This way, no one gets their second-highest preference, reducing the potential for envy.

**Final Allocation:**

* **Person 1:**  Receives 5 units of money.
* **Person 2:** Receives Good B.
* **Person 3:** Receives Good A. 
* **Good C:** Not allocated.

**Why this works (Envy-Freeness):**

* **Person 1:**  Although they don't get a good, they receive the maximum possible monetary compensation. They won't envy anyone else because 5 units of money are equivalent to their highest-valued good.
* **Person 2:**  They received their top preference (Good B) and won't envy anyone.
* **Person 3:** They received their top preference (Good A) and won't envy anyone.

**Important Note:** While this allocation is envy-free, it might not be considered the most ""fair"" in terms of overall societal welfare. Good C, despite having value, goes unallocated. In some fairness concepts, maximizing the total value derived by society might be preferred. 
",0,3,2,None,5.0,0.0,0.0
7,"Here's how we can determine an envy-free allocation for this scenario:

**1. Calculate Potential Gains from Trade:**

* **Person 1 & Person 2:**  Person 1 values Good B more than Person 2, while Person 2 values Good A more than Person 1. There's potential for a mutually beneficial trade.
* **Person 1 & Person 3:** Person 3 values Good A significantly more than Person 1.  Again, there's potential for a trade.
* **Person 2 & Person 3:** Person 2 values Good B much more than Person 3, and Person 3 values Good C much more than Person 2. Another opportunity for a trade.

**2.  Prioritize Allocations for Maximum Value:**

* **Good A:** Person 3 values it the highest (50). Allocating Good A to Person 3 maximizes overall value.
* **Good B:** Person 2 values it the highest (40). Allocating Good B to Person 2 maximizes overall value.
* **Good C:** Person 3 values it the highest (45), but Good A is already allocated to Person 3.  Person 1 values Good C second highest (25). Allocating Good C to Person 1 makes sense.

**3. Address Envy and Ensure Fairness:**

* **Person 1 might envy Person 2** (Good B) and **Person 3** (Good A). 
* **Person 2 might envy Person 3** (Good A).

To mitigate envy, we can use the money:

* **Give Person 1 some money** to compensate for not getting Good A or Good B. Since Person 1 values these goods at 45 and 30 respectively, a payment of 3 units of money (equivalent to a good valued at 30) would likely be enough to prevent envy of Person 2. 
* **Person 2 might still slightly envy Person 3** even with the potential trade of Good A for Good B. A payment of 2 units of money to Person 2 compensates for this.

**Final Allocation:**

* **Person 1:** Good C + 3 units of money
* **Person 2:** Good B + 2 units of money 
* **Person 3:** Good A

**Why this works (Envy-Free):**

* **Person 1:**  Prefers their bundle (Good C + 3 money) over Person 2's bundle (Good B + 2 money) and Person 3's bundle (Good A).
* **Person 2:** Prefers their bundle over Person 1's and likely prefers it over Person 3's due to the money compensation.
* **Person 3:** Clearly prefers their bundle as they have the good they value most.

**Important Note:** This solution assumes that the individuals value money linearly in proportion to the goods. It also prioritizes maximizing overall value and then uses money to address potential envy. Other envy-free solutions might exist depending on the specific dynamics of envy and negotiation between the individuals. 
",0,3,2,1,3.0,2.0,0.0
8,"Here's how we can determine an envy-free allocation for this scenario:

**1. Identify Initial Allocations Based on Highest Value:**

* **Good A:** Person 3 values it most (50) 
* **Good B:** Person 2 values it most (40)
* **Good C:** Person 3 values it most (45)

**2. Check for Envy and Address It:**

* **Person 1 might envy Person 3** as Person 3 receives both Good A and Good C, which Person 1 also values. 

* **To prevent envy, we need to compensate Person 1.**  Let's analyze different possibilities:

    * **Give Good A to Person 1:**  While this is Person 1's highest valued item, it still leaves them potentially envious of Person 3's bundle (Good C + some money).

    * **Give Good C and some money to Person 1:** This is a better approach. We need to give Person 1 enough money so they value their bundle (Good C + money) at least as much as Person 3's bundle (Good A + remaining money).

**3. Calculate the Compensation:**

* Person 3 values Good A at 50.
* Person 1 values Good C at 25. 
* To make their bundles equally desirable, we need to give Person 1 an additional 25 in monetary value.

**4. Final Allocation:**

* **Person 1:** Good C + 2.5 units of money (equivalent to a value of 25)
* **Person 2:** Good B 
* **Person 3:** Good A + 2.5 units of money (equivalent to a value of 25)

**5. Verify Envy-Freeness:**

* **Person 1:** Values their bundle at 50 (25 for Good C + 25 equivalent value of money), which is equal to how much they value Person 3's bundle. No envy.
* **Person 2:** Values their bundle at 40. They wouldn't prefer Person 1's bundle and value Person 3's bundle less. No envy.
* **Person 3:** Values their bundle at 75 (50 for Good A + 25 equivalent value of money). They wouldn't prefer Person 1's bundle and value Person 2's bundle less. No envy.

**Therefore, this allocation is envy-free as no individual prefers another person's bundle over their own.** 
",0,3,2,1,2.5,0.0,2.5
9,"This problem can be solved using the principles of envy-freeness and Pareto efficiency, aiming to maximize overall satisfaction while ensuring no one envies another's allocation. Here's a possible solution:

**Allocation:**

* **Person 1:**  Good B + 5 units of money
* **Person 2:** Good C 
* **Person 3:** Good A

**Explanation:**

* **Envy-Freeness:** Let's examine each person's perspective and compare it to others to confirm no envy exists:
    * **Person 1:** Values their bundle at 30 (Good B) + 5 (money) = 35. They wouldn't prefer Person 2's bundle (value 25) or Person 3's bundle (value 45, but less than their own bundle with the money).
    * **Person 2:** Values their bundle at 25 (Good C). They wouldn't prefer Person 1's bundle (value 30) or Person 3's bundle (value 50). 
    * **Person 3:** Values their bundle at 50 (Good A). They wouldn't prefer Person 1's bundle (value 35) or Person 2's bundle (value 45).

* **Pareto Efficiency:** This allocation is likely Pareto efficient because it's difficult to see how we could make one person better off without making someone else worse off.  

**Reasoning:**

1. **Highest Valuations:** We start by identifying the highest valuations for each good:
    * Good A: Person 3 (50)
    * Good B: Person 2 (40)
    * Good C: Person 3 (45)

2. **Potential Conflicts:** Person 3 highly values both Good A and Good C.  

3. **Resolution:**
    * Giving Good A to Person 3 maximizes overall value and minimizes potential envy.
    * Good C is then a close second for Person 3, but giving it to Person 2 (who values it most after Person 3) ensures a more balanced allocation. 
    * Person 1 receives Good B, which they value more than Good C, and the entire amount of money to compensate for not getting their top preference. This makes their overall bundle more appealing and avoids envy.

**Important Notes:**

* This solution prioritizes envy-freeness. Other solutions might achieve slightly higher total value but could create envy.
* In real-world scenarios, additional factors like individual preferences, bargaining power, and external constraints would influence the final allocation. 
",0,3,1,2,5.0,0.0,0.0
10,"Here's how we can find an envy-free allocation considering both the goods and the money:

**1. Determine the highest valued good for each person:**

* **Person 1:** Good A (value 45)
* **Person 2:** Good B (value 40)
* **Person 3:** Good A (value 50)

**2. Allocate the goods based on highest value and address potential conflicts:**

* **Good A:** Person 3 values it highest (50) and gets it.
* **Good B:** Person 2 values it highest (40) and gets it. 
* **Good C:** Both Person 1 and Person 3 value it equally (25). We'll resolve this later.

**3. Calculate the current 'happiness' level (surplus value):**

* **Person 1:** Currently has no goods. Happiness = 0
* **Person 2:** Has Good B (value 40). Happiness = 40
* **Person 3:** Has Good A (value 50). Happiness = 50

**4. Use the money to balance the happiness and address Good C:**

* **Good C Allocation:**  Give Good C to Person 1. This increases their happiness by 25.
* **Money Allocation:**
    * Person 1 (Happiness 25): Needs 15 units of money to match Person 2's happiness (40).
    * Person 3 (Happiness 50): Needs no money as they are already the happiest. 

**5.  Final Allocation:**

* **Person 1:** Good C (value 25) + 15 units of money. 
* **Person 2:** Good B (value 40).
* **Person 3:** Good A (value 50).

**Why this allocation is envy-free:**

* **Person 1:** Prefers their bundle (Good C + 15 units of money) over Person 2's (Good B) and Person 3's (Good A).
* **Person 2:** Prefers their bundle (Good B) over Person 1's (Good C + 15 units of money) and Person 3's (Good A). 
* **Person 3:** Prefers their bundle (Good A) over Person 1's (Good C + 15 units of money) and Person 2's (Good B).

**Important Notes:**

* This solution prioritizes maximizing overall happiness while ensuring envy-freeness.
* Other envy-free solutions might exist. For example, we could have explored different money allocations.
* In real-world scenarios, additional factors like individual preferences beyond numerical values might need to be considered. 
",0,3,2,1,15.0,0.0,0.0
11,"Here's how we can determine an envy-free allocation for this problem:

**1.  Identify Initial Allocations Based on Highest Value:**

*   **Good A:** Person 3 values it the most (50), so Good A goes to Person 3.
*   **Good B:** Person 2 values it the most (40), so Good B goes to Person 2.
*   **Good C:** Both Person 1 and Person 3 value it equally (25), so we need further analysis.

**2.  Address Potential Envy and the Remaining Good:**

*   **Person 1** might envy Person 2 (Good B) or Person 3 (Good A and potentially Good C).
*   **Person 2** might envy Person 3 (Good A).
*   **Person 3**  is likely satisfied, having received their highest valued good.

**3.  Utilize Money to Mitigate Envy and Allocate Good C:**

*   **Option 1: Allocate Good C to Person 1:**
    *   Give Person 1 Good C.
    *   To avoid envy from Person 2 (who values Good A more than Person 1), give Person 2 some money.  Since Person 2 values Good A at 35 and received Good B (worth 40 to them), a small amount of money (e.g., 1 unit) would suffice.
    *   This leaves 4 units of money for potential adjustments to ensure Person 1 doesn't envy Person 3.

*   **Option 2: Allocate Good C to Person 3:**
    *   Give Person 3 Good C.
    *   Person 1 now misses out on both their top two choices.  To compensate, give Person 1 a significant portion of the money, likely close to the full 5 units to match their combined value for Good B and C (55). 

**4. Determine the Envy-Free Allocation:**

Analyzing both options:

*   **Option 1** is more balanced. It avoids giving a large sum to one person and keeps the others relatively satisfied with a smaller monetary compensation.

**Final Allocation:**

*   **Person 1:** Good C + 4 units of money
*   **Person 2:** Good B + 1 unit of money
*   **Person 3:** Good A 

**Explanation:**

This allocation is likely envy-free because:

*   **Person 1:** Values their bundle at 29 (Good C) + 4 (money) = 33.  They wouldn't envy others as Person 2's bundle is worth 31 to them (Good B) + 1 (money) and Person 3's is worth 45 (Good A).
*   **Person 2:** Values their bundle at 40 (Good B) + 1 (money) = 41. They wouldn't envy Person 3 as Good A is only worth 35 to them.
*   **Person 3:**  Received their highest valued good and is unlikely to envy others.

**Important Note:** Determining ""envy-free"" relies on understanding the individuals' subjective valuations. This solution provides a likely envy-free scenario, but individual preferences can be complex. 
",0,3,2,1,4.0,1.0,0.0
12,"Here's how we can achieve an envy-free allocation, taking into account both the goods and the money:

**Understanding Envy-Free Allocation**

An envy-free allocation means no person would want to trade their entire bundle (goods + money) with anyone else. 

**Analyzing the Values**

* **Good A:** Person 3 values it the highest (50).
* **Good B:** Person 2 values it the highest (40).
* **Good C:** Person 1 and Person 3 have the highest value (45), but Person 1 has a higher value for Good A.

**Proposed Allocation**

* **Person 1:** Good C + 5 units of money
* **Person 2:** Good B 
* **Person 3:** Good A

**Why this works (Envy-Free Analysis):**

* **Person 1 vs. Person 2:** 
    * Person 1 gets a perceived value of 50 (Good C) + 5 (money) = 55
    * Person 2 gets a perceived value of 40 (Good B). 
    * Person 1 might have preferred Good B, but with the added money, their bundle is more valuable to them than Person 2's.
* **Person 1 vs. Person 3:**
    * Person 1 gets a perceived value of 55.
    * Person 3 gets a perceived value of 50 (Good A).
    * Person 1 is happy as their bundle is more valuable. 
* **Person 2 vs. Person 3:**
    * Person 2 gets a perceived value of 40.
    * Person 3 gets a perceived value of 50.
    * Person 2 might have preferred Good A, but their own assigned Good B is more valuable to them than what Person 3 received.

**Important Notes:**

* This solution prioritizes maximizing overall perceived value and achieving envy-freeness. Other solutions might exist.
* In reality, perceptions of value and individual preferences can be more complex. This solution assumes the given values accurately represent individual desires. 

Let me know if you'd like to explore other allocation scenarios or discuss different fairness concepts! 
",0,3,2,1,5.0,0.0,0.0
13,"Here's how we can determine an envy-free allocation for this problem:

**1. Understanding Envy-Free Allocation:**

An envy-free allocation means that no individual would prefer another person's bundle of goods and money over their own. In other words, everyone is happiest with what they receive compared to what anyone else receives.

**2. Analyzing the Valuations:**

Let's represent the valuations in a table for clarity:

| Person | Good A | Good B | Good C |
|---|---|---|---|
| Person 1 | 45 | 30 | 25 |
| Person 2 | 35 | 40 | 25 |
| Person 3 | 50 | 5  | 45 |

**3. Determining the Allocation:**

* **Good A:** Person 3 values Good A the most (50), so they should receive it. 
* **Good B:** Person 2 values Good B the most (40), so they should receive it.
* **Good C:** Both Person 1 and Person 3 value Good C equally (25). We can either flip a coin to decide or allocate it to Person 1 since Person 3 already received Good A.

**4. Money Allocation:**

Now, to ensure envy-freeness, we need to consider the money:

* **Person 1:** Receives Good C (valued at 25). To avoid envy, they should receive at least 5 units of money to match the value of Good B that Person 2 received.
* **Person 2:** Receives Good B (valued at 40). They are already content and don't require additional money.
* **Person 3:** Receives Good A (valued at 50). They are content and don't require additional money.

**Final Allocation:**

* **Person 1:** Good C + 5 units of money
* **Person 2:** Good B
* **Person 3:** Good A 

**5. Checking for Envy-Freeness:**

* **Person 1:**  Prefers their bundle (Good C + 5 money = 30 value) over Person 2's (Good B = 30 value) and Person 3's (Good A = 50 value).
* **Person 2:** Prefers their bundle (Good B = 40 value) over Person 1's (Good C + 5 money = 30 value) and Person 3's (Good A = 35 value).
* **Person 3:** Prefers their bundle (Good A = 50 value) over Person 1's (Good C + 5 money = 25 value) and Person 2's (Good B = 5 value).

**Conclusion:**

This allocation is envy-free because each person prefers their own bundle over the bundles received by the others. 
",0,3,2,1,5.0,0.0,0.0
14,"Here's how we can determine an envy-free allocation for this scenario:

**1.  Identify Initial Preferences:**

* **Person 1:** Prefers Good A (45) > Good B (30) > Good C (25)
* **Person 2:** Prefers Good B (40) > Good A (35) > Good C (25)
* **Person 3:** Prefers Good A (50) > Good C (45) > Good B (5) 

**2.  Maximize Overall Value (Provisional Allocation):**

To start, let's try to allocate the goods to maximize the total perceived value, which might help us reach an envy-free situation:

* **Person 1 gets Good A (value 45)** 
* **Person 2 gets Good B (value 40)**
* **Person 3 gets Good C (value 45)**

This allocation gives us a total perceived value of 130 (45 + 40 + 45), the highest possible with the given values.

**3.  Check for Envy and Compensate:**

Now, let's see if anyone envies another person's bundle:

* **Person 1:**  Doesn't envy anyone (has their top choice).
* **Person 2:**  Doesn't envy anyone (has their top choice).
* **Person 3:** Might envy Person 1 because Good A (value 50 for Person 3) is more valuable to them than Good C (value 45 for Person 3). 

**To eliminate Person 3's potential envy, we can compensate them with money.** Since the difference in value between Good A and Good C for Person 3 is 5 (50 - 45), we can give them 5 units of money.

**4. Final Allocation:**

* **Person 1:** Good A 
* **Person 2:** Good B
* **Person 3:** Good C + 5 units of money

**Why this is Envy-Free:**

* **Person 1:** Prefers their bundle as they have their most valued good.
* **Person 2:** Prefers their bundle as they have their most valued good.
* **Person 3:** Even though they don't have Good A, the 5 units of money compensate for the difference in value, making them value their bundle equally to Person 1's bundle.

**Important Note:** This is just one possible envy-free allocation. There might be other solutions depending on how you approach the initial allocation and compensation. The key is to ensure that no individual would prefer another person's bundle over their own. 
",0,1,2,3,0.0,0.0,5.0
15,"Here's how we can determine an envy-free allocation for this problem:

**1. Initial Analysis**

* **Identify highest valuations:**
    * Person 1 values Good A the most (45)
    * Person 2 values Good B the most (40)
    * Person 3 values Good A the most (50)
* **Notice potential conflicts:** Both Person 1 and Person 3 value Good A highly.

**2. Determining the Allocation**

To achieve an envy-free allocation, we need to ensure each person receives the good they value most, or a combination of goods and money that they value higher than what others receive. Here's a possible solution:

* **Person 1:** Receives Good A (value 45)
* **Person 2:** Receives Good B (value 40)
* **Person 3:** Receives Good C (value 45) and 5 units of money (value 5)

**3. Verifying Envy-Freeness**

Now, let's check if anyone envies another person's bundle:

* **Person 1:** Prefers their own bundle (Good A, value 45) to:
    * Person 2's bundle (Good B, value 30 for Person 1)
    * Person 3's bundle (Good C + 5 money, value 25 + 5 = 30 for Person 1) 
* **Person 2:**  Prefers their own bundle (Good B, value 40) to:
    * Person 1's bundle (Good A, value 35 for Person 2)
    * Person 3's bundle (Good C + 5 money, value 25 + 5 = 30 for Person 2)
* **Person 3:** Prefers their own bundle (Good C + 5 money, value 45 + 5 = 50) to:
    * Person 1's bundle (Good A, value 50 for Person 3)
    * Person 2's bundle (Good B, value 5 for Person 3)

**Conclusion**

This allocation is envy-free because each person prefers their own allocated bundle to the bundles allocated to the others. This solution maximizes overall satisfaction and ensures fairness in the distribution. 
",0,1,2,3,0.0,0.0,5.0
16,"Here's how we can determine an envy-free allocation for this scenario:

**1. Understanding Envy-Free Allocation**

An envy-free allocation means that no individual would prefer to have the bundle (goods and money) assigned to another individual over their own.

**2. Analyzing the Valuations**

* **Person 1:** Values Good A the most (45), followed by Good B (30), and then Good C (25).
* **Person 2:** Values Good B the most (40), followed by Good A (35), and then Good C (25).
* **Person 3:** Values Good A the most (50), followed by Good C (45), and has a very low valuation for Good B (5).

**3.  Determining the Allocation**

Based on the valuations, here's a possible envy-free allocation:

* **Person 1:** Receives Good B 
* **Person 2:** Receives Good A
* **Person 3:** Receives Good C and 5 units of money

**4. Checking for Envy-Freeness**

* **Person 1:** Values their bundle (Good B) at 30. They wouldn't envy Person 2 (Good A worth 35) because they value Good B more. They wouldn't envy Person 3 (Good C and 5 units of money) because even though Good C and the money together might be worth more to them, they value Good B more.

* **Person 2:** Values their bundle (Good A) at 35. They wouldn't envy Person 1 (Good B worth 40 to Person 2) because they value Good A more. They wouldn't envy Person 3 for the same reasons as Person 1.

* **Person 3:** Values their bundle (Good C and 5 units of money) at 50. They wouldn't envy Person 1 or Person 2 because they value Good C more than either of the other goods.

**5. Reasoning**

This allocation works because:

* Each person receives the good they value the most or close to the most, minimizing the potential for envy. 
* The money is used strategically to compensate Person 3, who has a high valuation for Good C but would potentially envy Person 1 or 2 otherwise.

**Important Note:** There might be other envy-free allocations possible. This solution aims for a straightforward and easily justifiable envy-free distribution. 
",0,2,1,3,0.0,0.0,5.0
17,"Here's how we can determine an envy-free allocation for this scenario:

**1. Identify Initial Allocations Based on Highest Value:**

* **Good A:** Person 3 values it most (50), so Good A goes to Person 3.
* **Good B:** Person 2 values it most (40), so Good B goes to Person 2.
* **Good C:**  Person 1 and Person 3 value it equally (25), so we need further analysis.

**2. Addressing Potential Envy and Good C Allocation:**

* **Person 1:** Might envy Person 2 (Good B) or Person 3 (Good A and potentially Good C). 
* **Person 2:**  Seems satisfied with Good B (highest value).
* **Person 3:** Might envy Person 2 (Good B).

Since Good C is the only good with potential for causing envy, let's analyze:

* **Giving Good C to Person 1:** 
    * Person 1's total value: 25 (Good C) 
    * This is unlikely to make Person 1 prefer their bundle over Person 2's or Person 3's.
* **Giving Good C to Person 3:**
    * Person 3's total value: 95 (Good A + Good C)
    * This might increase Person 1's envy.
* **Not Allocating Good C:**
    * This might be a viable option to reduce envy.

**3. Utilizing Money to Mitigate Envy:**

Let's consider not allocating Good C and use the money to compensate:

* **Person 1:** Values Good B at 30 and Good A at 45.  We can give them 5 units of money.
    * Total perceived value for Person 1: 30 (Good B equivalent) + 5 = 35 
* **Person 2:**  Has Good B (value 40) and doesn't need compensation.
* **Person 3:** Has Good A (value 50) and doesn't need compensation.

**4. Final Allocation:**

* **Person 1:**  5 units of money (equivalent value of 35)
* **Person 2:** Good B (value 40)
* **Person 3:** Good A (value 50)
* **Good C:** Not allocated 

**Envy-Free Check:**

* **Person 1** prefers their bundle because they value Good B at 30, and with the money, they have an equivalent value of 35.
* **Person 2** prefers their bundle as they have the good they value most.
* **Person 3** prefers their bundle as they have the good they value most.

**Conclusion:**

By not allocating Good C and using the money to compensate Person 1, we've achieved an envy-free allocation where each person prefers their bundle over the others'. This solution highlights that sometimes, the most ""fair"" outcome might involve not allocating all resources to maximize overall satisfaction and minimize envy. 
",0,3,2,None,5.0,0.0,0.0
18,"Here's how we can determine an envy-free allocation for this scenario:

**1. Determine the highest valued good for each person:**

* **Person 1:** Good A (value 45)
* **Person 2:** Good B (value 40)
* **Person 3:** Good A (value 50)

**2. Initial Allocation based on highest value:**

* **Person 1:** Receives Good A 
* **Person 2:** Receives Good B
* **Person 3:**  This is where it gets tricky.  While Person 3 values Good A the highest, giving it to them would create envy from Person 1.

**3. Resolving Envy and Finding an Equitable Solution:**

* **Option A:  Compensation with Money**
    * Give Good A to Person 1 (they value it at 45).
    * Give Good B to Person 2 (they value it at 40).
    * Give Good C to Person 3 (they value it at 45).
    * To prevent envy from Person 3 (who wanted Good A), compensate them with money. Since the difference in their valuation of Good A and Good C is 5 (50 - 45), give them 5 units of money. 

* **Option B: Exploring other allocations**
    *  There might be alternative allocations where goods are left unallocated, and money is distributed in a way that ensures no envy.  However, given the valuations, Option A seems the most straightforward to achieve envy-freeness.

**Outcome (Option A):**

* **Person 1:**  Good A 
* **Person 2:**  Good B
* **Person 3:**  Good C + 5 units of money

**Why this is envy-free:**

* **Person 1:** Prefers their own bundle (Good A) to anyone else's.
* **Person 2:** Prefers their own bundle (Good B) to anyone else's.
* **Person 3:** While they would have preferred Good A, the combination of Good C and the monetary compensation makes them value their bundle at least as much as anyone else's, thus eliminating envy.

**Important Note:** This solution assumes that money is a perfect substitute for value. In real-world scenarios, individuals might have different preferences and might not perceive money as a direct equivalent to the difference in the value of goods. 
",0,1,2,3,0.0,0.0,5.0
19,"Here's how we can determine an envy-free allocation for this scenario:

**1. Identify Initial Allocations based on Highest Value:**

* **Good A:** Person 3 values it most (50)
* **Good B:** Person 2 values it most (40)
* **Good C:** Person 3 values it most (45) 

**2. Check for Envy and Compensate:**

* **Person 1:**  Doesn't receive any goods initially. 
    * **Potential Envy:** Person 1 envies Person 2 for Good B (Person 1 values it at 30, Person 2 at 40). 
    * **Compensation:** To eliminate envy, we need to compensate Person 1 with at least 10 units of value. Since the maximum monetary value available is 5, we cannot fully compensate Person 1.  Therefore, we need to reconsider the allocation of Good B.

* **Person 2:**  Receives Good B.
    * **Potential Envy:**  Could potentially envy Person 3 for Good A (Person 2 values it at 35, Person 3 at 50).
    * **Compensation:** We need to compensate Person 2 with at least 15 units of value. Again, the available money isn't enough. We need to reconsider Good A's allocation as well.

* **Person 3:** Receives Good A and Good C.
    * **Potential Envy:**  None, as they received their highest valued goods.

**3. Re-allocate to Minimize Envy:**

Since we cannot fully eliminate envy through monetary compensation alone, let's try these allocations:

* **Option 1:** 
    * Person 1: Good B, 5 units of money 
    * Person 2: Nothing
    * Person 3: Good A, Good C
    * **Envy Analysis:** Person 2 will have significant envy towards both Person 1 and Person 3. This allocation is not envy-free.

* **Option 2:**
    * Person 1: Good A
    * Person 2: Good B
    * Person 3: Good C, 5 units of money
    * **Envy Analysis:**
        * Person 1 might envy Person 3 slightly (Good C + money vs. Good A). However, the difference in their valuations is small (50 vs 45).
        * Person 2 might envy Person 3 slightly (Good C + money vs. Good B). However, the difference in their valuations is small (50 vs 40). 
        * This option minimizes envy the most.

**4. Final Allocation (Option 2 is the most envy-free):**

* **Person 1:** Good A 
* **Person 2:** Good B
* **Person 3:** Good C, 5 units of money

**Important Notes:**

* **Envy-Free vs. Pareto Efficiency:** While this solution aims to be envy-free, it may not be the most Pareto efficient. Pareto efficiency means no one can be made better off without making someone else worse off.  
* **Subjectivity:**  Envy-freeness is difficult to achieve perfectly with indivisible goods. This solution prioritizes minimizing envy as much as possible. 
* **Communication:** In a real-world scenario, allowing the individuals to discuss and potentially trade goods after the initial allocation could lead to a more mutually agreeable outcome. 
",0,1,2,3,0.0,0.0,5.0
20,"Here's how we can determine an envy-free allocation for this scenario:

**1. Identify the highest valuations:**

* **Good A:** Person 3 (50)
* **Good B:** Person 2 (40)
* **Good C:** Person 3 (45)

**2.  Provisional Allocation:** Based on the highest valuations, we provisionally allocate:

* **Good A:** Person 3
* **Good B:** Person 2 
* **Good C:** Person 3

**3. Check for Envy and Address Discrepancies:**

* **Person 1:**  Doesn't have any goods yet. They value Good A the most (45).  To prevent envy, we need to compensate them with at least 45 in value.
* **Person 2:**  Has Good B (value 40). They wouldn't envy anyone.
* **Person 3:** Has Good A (value 50) and Good C (value 45). They wouldn't envy anyone.

**4. Utilize Money to Create an Envy-Free Allocation:**

* **Give Person 1 all 5 units of money.** This compensates them for not getting any good, as they now have an equivalent value.

**Final Allocation:**

* **Person 1:**  5 units of money (equivalent value of 50)
* **Person 2:** Good B 
* **Person 3:** Good A, Good C

**Why this is envy-free:**

* **Person 1:** Prefers their 5 units of money (value 50) over any single good.
* **Person 2:**  Prefers their Good B (value 40) to any other allocation. 
* **Person 3:**  Is happiest with the two goods they value most.

**Important Notes:**

* This solution prioritizes giving the goods to those who value them most to maximize overall satisfaction.
* Money acts as a flexible tool to compensate individuals and ensure an envy-free outcome. 
* There might be other envy-free allocations, but this approach provides a logical and efficient solution. 
",0,3,2,3,5.0,0.0,0.0
21,"Here's how we can determine an envy-free allocation for this scenario:

**1. Identify Initial Allocations Based on Highest Value:**

* **Good A:** Person 3 values it highest (50) 
* **Good B:** Person 2 values it highest (40)
* **Good C:** Person 3 values it highest (45)

**2. Check for Envy and Address with Money:**

* **Person 1 vs. Person 3:** Person 1 might envy Person 3 for having both Good A and Good C. To address this, we can calculate the difference in value Person 1 places on Person 3's bundle versus their own potential bundle. 
    * Person 1 valuing Person 3's bundle: 45 (Good A) + 25 (Good C) = 70
    * Person 1 valuing their own best potential bundle: 45 (Good A) + 30 (Good B) = 75 
    * Since Person 1 values their potential bundle more, there's no envy. 

* **Person 2 vs. Person 3:** Person 2 might envy Person 3 for having Good C.
    * Person 2 valuing Person 3's bundle: 35 (Good A) + 45 (Good C) = 80
    * Person 2 valuing their own bundle: 40 (Good B) = 40
    * Person 2 clearly envies Person 3. To compensate, we need to give Person 2 money. The difference in value is 40 (80 - 40). However, we only have 5 units of money.

* **Adjusting for Maximum Money:** Since we don't have enough money to fully compensate Person 2, we need to re-evaluate the allocation of Good C. Instead of giving Good C to Person 3, let's give it to Person 2, who values it second-highest. 

**3. Revised Allocations:**

* **Person 1:** Good A 
* **Person 2:** Good B and Good C
* **Person 3:** 5 units of money

**4. Final Envy Check:**

* **Person 1 vs. Person 2:** 
    * Person 1 valuing Person 2's bundle: 30 (Good B) + 25 (Good C) = 55
    * Person 1 valuing their own bundle: 45 (Good A) = 45
    * Person 1 might slightly envy Person 2, but this difference is not enough to be compensated with the available money.

* **Other Comparisons:**  No other envy exists as Person 3 only has money and others prefer their goods.

**Final Allocation:**

* **Person 1:** Good A 
* **Person 2:** Good B and Good C
* **Person 3:** 5 units of money

**Note:** While this allocation is envy-free given the constraints, it highlights the limitations of achieving perfect fairness with indivisible goods and limited resources. 
",0,1,2,2,0.0,0.0,5.0
22,"Here's how we can determine an envy-free allocation for this scenario:

**1. Identify Highest Valuations:**

* **Good A:** Person 3 (50)
* **Good B:** Person 2 (40)
* **Good C:** Person 3 (45)

**2.  Preliminary Allocation Based on Highest Value:**

* Person 3 receives Good A and Good C.
* Person 2 receives Good B.

**3. Check for Envy and Address it:**

* **Person 1 might envy Person 2:** Person 1 values Good B at 30, while they only value their current allocation (nothing) at 0. 
* **Solution:**  Allocate some money to Person 1. To prevent envy, Person 1 needs to receive enough money to make their allocation as desirable as Person 2's.  Since Person 1 values Good B at 30, and Person 2 values it at 40, we need to give Person 1 enough money to bridge that 10-point gap.  We can allocate 3.33 units of money to Person 1.

**4. Final Allocation:**

* **Person 1:** 3.33 units of money
* **Person 2:** Good B 
* **Person 3:** Good A, Good C

**5. Verify Envy-Freeness:**

* **Person 1:** Prefers their own allocation (3.33 money = value of 33.3) over Person 2's (Good B, valued at 30 by Person 1) and Person 3's (Good A and C, valued less than 33.3 by Person 1).
* **Person 2:** Prefers their own allocation (Good B, valued at 40) over Person 1's (money worth 33.3) and Person 3's (Good A and C, valued less than 40 by Person 2).
* **Person 3:**  Prefers their own allocation (Good A and C, valued at 95) over Person 1's and Person 2's.

**Conclusion:**

This allocation is envy-free because each person values their own bundle at least as much as any other person's bundle. 
",0,3,2,3,3.33,0.0,0.0
23,"This problem can be solved using the concept of **Envy-Free Allocations** combined with considering the monetary compensation to ensure everyone feels they received the best possible outcome. Here's a possible solution:

**Allocation:**

* **Person 1:**  Good B + 5 units of money 
* **Person 2:**  Good A 
* **Person 3:**  Good C

**Explanation and Envy-Freeness:**

* **Person 1:** Values Good B at 30. Receiving the full 5 units of money (equivalent to a good valued at 5) brings their total perceived value to 35. This is higher than their valuation of Good A (45) or Good C (25), even with potential money.
* **Person 2:** Values Good A at 35. This is their highest valuation, and they wouldn't prefer any other good, even with additional money.
* **Person 3:** Values Good C at 45. This is their highest valuation, and they wouldn't prefer any other good, even with additional money.

**Why this allocation works:**

* **Maximizes Total Value:** Each good goes to the person who values it the most, ensuring the highest possible overall satisfaction.
* **Envy-Free:** Each person receives a bundle they value more than the bundles received by others, eliminating envy. For example, Person 1 might envy Person 2's possession of Good A (valued at 45 by Person 1), but the added money compensates for this, making Person 1 prefer their own bundle.

**Important Notes:**

* **Multiple Solutions:** There might be other envy-free allocations in this scenario. This solution aims for a combination of efficiency (maximizing total value) and envy-freeness.
* **Subjectivity of Value:** This solution assumes the stated values accurately reflect the individuals' preferences. In real-world scenarios, perceived value can be influenced by various factors. 
* **Practical Considerations:**  Communication and negotiation are crucial in real-life allocation problems to understand individuals' preferences and potentially reach a mutually agreeable solution.

Let me know if you'd like to explore alternative allocations or discuss different fairness criteria! 
",0,2,1,3,5.0,0.0,0.0
24,"Here's how we can find an envy-free allocation for this scenario:

**1. Determine the most valuable good for each person:**

* **Person 1:** Good A (value 45)
* **Person 2:** Good B (value 40)
* **Person 3:** Good A (value 50)

**2.  Initial Allocation Based on Highest Value:**

* **Person 1:** Receives Good A 
* **Person 2:** Receives Good B
* **Person 3:**  This is where it gets tricky.  While Person 3 values Good A the most, we've already allocated it to Person 1.

**3. Addressing Envy and Finding Alternatives:**

* **Person 3 envies Person 1:** Person 3 values Good A at 50, which is more than the value of their current allocation (nothing yet).
* **Possible Solutions:**
    * **Option A: Give Good C to Person 3 and compensate:** Allocate Good C to Person 3.  Since they value it at 45, to avoid envy of Person 1 (who values Good A at 45), we need to give Person 3 an additional 0 units of money.
    * **Option B: Give Money to Person 3:**  We could give Person 3 enough money to compensate for not getting either of their top choices. Since their second highest valued good is Good C (value 45), they'd need 45 units of money to match that. However, we only have 5 units available. This option isn't feasible.

**4. Final Allocation:**

The most envy-free allocation is:

* **Person 1:** Good A 
* **Person 2:** Good B
* **Person 3:** Good C

**Explanation:**

* This allocation ensures that each person receives the good they value most or a close equivalent in value, minimizing the potential for envy. 
* Person 3 might have preferred Good A, but receiving Good C (and no extra money) ensures they don't envy Person 1.

**Important Note:**  Envy-freeness doesn't always mean everyone gets their absolute top choice. It aims to create a situation where individuals prefer their own allocation over anyone else's. 
",0,1,2,3,0.0,0.0,0.0
25,"Here's how we can determine an envy-free allocation considering both the goods and the money:

**1. Identify Initial Preferences:**

* **Person 1:** Prefers Good A (45) > Good B (30) > Good C (25)
* **Person 2:** Prefers Good B (40) > Good A (35) > Good C (25)
* **Person 3:** Prefers Good A (50) > Good C (45) > Good B (5)

**2. Allocate Based on Highest Value:**

* **Good A:** Person 3 values it most (50) – Allocate Good A to Person 3.
* **Good B:** Person 2 values it most (40) – Allocate Good B to Person 2.
* **Good C:** Person 1 and Person 3 have the same highest value (25). We'll address this shortly.

**3. Addressing Potential Envy and Good C Allocation:**

* **Person 1** might envy Person 2 (Good B) as their value difference is 10 (40-30).
* **Person 2** is content with Good B.
* **Person 3** might envy Person 1 if they receive Good C (value difference of 20).

To prevent envy, allocate Good C to Person 1. This creates a situation where:

* **Person 1:** Gets Good C (25), which they prefer over Person 2's bundle (Good B, valued at 30 by Person 1).
* **Person 2:** Is content with Good B.
* **Person 3:**  Is content with Good A, which they value much higher than Good C.

**4. Allocate Money to Address Remaining Disparities:**

* **Person 1:** Received a good they value at 25.
* **Person 2:** Received a good they value at 40.
* **Person 3:** Received a good they value at 50. 

To balance perceived value and minimize envy, we can allocate some money:

* **Person 1:** Receives 20 units of money (equivalent to a value of 20)
* **Person 2:** Receives 0 units of money
* **Person 3:** Receives 0 units of money

**Final Allocation:**

* **Person 1:** Good C (value 25) + 20 units of money (value 20) = Total perceived value 45
* **Person 2:** Good B (value 40) = Total perceived value 40
* **Person 3:** Good A (value 50) = Total perceived value 50

**Outcome:**

This allocation is envy-free as each person perceives their bundle as having equal or greater value than the bundles received by others. The money allocation helps bridge the value gap, ensuring a fairer outcome. 
",0,3,2,1,20.0,0.0,0.0
26,"Here's how we can determine an envy-free allocation considering both the goods and the money:

**1. Identify Initial Preferences:**

* **Person 1:** Prefers Good A (45) > Good B (30) > Good C (25)
* **Person 2:** Prefers Good B (40) > Good A (35) > Good C (25)
* **Person 3:** Prefers Good A (50) > Good C (45) > Good B (5)

**2.  Maximize Total Value (Provisional Allocation):**

To get a sense of a potentially efficient allocation, let's see who values each good most:

* **Good A:** Person 3 (50)
* **Good B:** Person 2 (40)
* **Good C:** Person 3 (45)

Provisionally, this allocation seems optimal.

**3. Check for Envy and Adjust with Money:**

* **Person 1 envies Person 3:** Person 1 values Good A at 45, while Person 3 gets it (valued at 50).  
    * **Solution:** To prevent envy, give Person 1 at least 5 units of money (50 - 45 = 5)

* **Person 2 envies Person 2:**  Person 2 values Good C at 25, while Person 3 gets it (valued at 45).
    * **Solution:** To prevent envy, give Person 2 at least 20 units of money (45 - 25 = 20). 

**Problem:** We only have 5 units of money to allocate, and we need at least 25 to eliminate envy.

**4. Re-evaluate Allocation:**

Since we don't have enough money to eliminate envy with the initial allocation, we need to re-think.  Notice:

* Giving Good B to Person 2 (their top preference) doesn't create much envy.
* The main source of envy is the competition for Good A and Good C between Person 1 and Person 3.

**5.  Final Allocation:**

* **Person 1:** Good A + 5 units of money 
* **Person 2:** Good B
* **Person 3:** Good C 

**Why this works (Envy-Free Analysis):**

* **Person 1:**  Values their bundle at 50 (Good A) + 5 (money) = 55. They won't envy Person 2 (Good B worth 30 to them) or Person 3 (Good C worth 25 to them).
* **Person 2:** Values their bundle at 40 (Good B). They won't envy Person 1 (bundle worth 40 to them) or Person 3 (bundle worth 25 to them).
* **Person 3:** Values their bundle at 45 (Good C). They won't envy Person 1 (bundle worth 45 to them) or Person 2 (bundle worth 5 to them).

**Important Notes:**

* This solution prioritizes an envy-free outcome over maximizing the *total* perceived value of the goods. There might be allocations with a higher total value, but they would involve envy between individuals.
* Envy-free allocations are not always possible, especially with indivisible goods.  In this case, we were able to achieve it due to the flexibility offered by the money. 
",0,1,2,3,5.0,0.0,0.0
27,"Here's how we can find an envy-free allocation for this scenario:

**1. Understanding Envy-Free Allocation**

An envy-free allocation means that no individual would prefer to have the bundle (goods and money) assigned to another individual over their own. 

**2. Initial Analysis**

Let's look at the values each person assigns to the goods:

* **Person 1:** A (45) > B (30) > C (25)
* **Person 2:** B (40) > A (35) > C (25)
* **Person 3:** A (50) > C (45) > B (5)

**3. Allocation Strategy**

* **Good A:** Person 3 values Good A the most (50). To prevent envy, we need to ensure Person 3 doesn't prefer anyone else's bundle. We can allocate Good A to Person 3.
* **Good B:** Person 2 values Good B the most (40).  Allocate Good B to Person 2.
* **Good C:**  Both Person 1 and Person 3 value Good C relatively high.  Let's analyze:
    * **Person 1:** Already has a lower-valued good (compared to Person 2 and 3). Giving them Good C might still create envy from Person 3.
    * **Person 3:**  Has the highest valued good (A).  To prevent them from envying Person 1 if they get Good C, we can allocate some money to Person 3. 

* **Money Allocation:** To make Person 3 indifferent between their own bundle (Good A + money) and Person 1's potential bundle (Good C), we need to calculate the difference in value for Person 3:
    * Value of Good C for Person 3: 45
    * Value of Good A for Person 3: 50
    * Difference: 45 - 50 = -5 
    * Person 3 needs 5 units of money to compensate for not getting Good C.

**4. Final Allocation**

* **Person 1:** Good C
* **Person 2:** Good B
* **Person 3:** Good A + 5 units of money

**5. Envy-Free Check**

* **Person 1:**  Values their bundle at 25. They wouldn't prefer Person 2's bundle (value 40) or Person 3's bundle (value 50 even with the money, as the money holds the same value as the good for each individual).
* **Person 2:** Values their bundle at 40.  They wouldn't prefer Person 1's bundle (value 25) or Person 3's bundle (value 50).
* **Person 3:** Values their bundle at 50. They wouldn't prefer Person 1's bundle (value 45) or Person 2's bundle (value 40).

**Conclusion**

This allocation is envy-free because no individual would prefer to trade their assigned bundle for the bundle of another individual. 
",0,3,2,1,0.0,0.0,5.0
28,"Here's how we can determine an envy-free allocation for this scenario:

**1. Determine the highest valued good for each person:**

* **Person 1:** Good A (value 45)
* **Person 2:** Good B (value 40)
* **Person 3:** Good A (value 50)

**2. Initial Allocation based on highest value:**

* **Person 1:** Receives Good A 
* **Person 2:** Receives Good B
* **Person 3:**  This creates a conflict since Person 1 also received their highest valued good (Good A).

**3. Resolving the Conflict and Considering Envy:**

* **Option 1: Give Good C to Person 3 and compensate:** 
    * Person 3 values Good C at 45. 
    * To prevent envy from Person 1 (who values Good C at 25), we can give Person 1 at least 20 units of money (45 - 25 = 20). 
    * However, we only have 5 units of money available. This option won't work.

* **Option 2: Give Good A to Person 3, Good C to Person 1, and compensate:**
    * Person 3 gets their highest valued good (Good A).
    * Person 1 gets Good C (value 25) and needs compensation to match the value they lose by not getting Good A (45 - 25 = 20).
    * We can give Person 1 all 5 units of money, but it's still not enough to prevent envy (they'd need 15 more units of value). This option won't work.

* **Option 3: Don't allocate Good A, give Good C to Person 3, and compensate:**
    *  Person 3 gets Good C (value 45).
    *  Person 1 gets Good B (value 30) and needs compensation to match the value of Good A (45 - 30 = 15).
    *  We can give Person 1 all 5 units of money, but it's not enough to prevent envy (they'd need 10 more units of value). This option won't work either.

**Conclusion:**

In this specific scenario, it's impossible to find an allocation where no individual envies another while also giving each person their most preferred bundle. The limited divisible resource (money) makes it impossible to fully compensate individuals for not receiving their highest-valued goods. 
 
**Additional Considerations:**

* **Different fairness concepts:** While envy-freeness is desirable, we could explore other fairness concepts like Pareto efficiency (where no one can be made better off without making someone else worse off) to find a potentially acceptable allocation.
* **Negotiation:**  In real-world scenarios, allowing the individuals to negotiate and potentially trade goods or money after an initial allocation might lead to a more mutually agreeable outcome. 
",0,None,1,3,5.0,0.0,0.0
29,"Here's how we can determine an envy-free allocation for this scenario:

**1.  Understanding the Problem**

*   **Envy-Free Allocation:**  We need to allocate the goods and money such that each person believes they received the best possible bundle compared to what others received. This means no one would rather have someone else's allocation.
*   **Indivisible Goods:** Goods A, B, and C cannot be split.
*   **Divisible Resource:** The 5 units of money can be divided.

**2. Analyzing the Valuations**

Let's represent the valuations in a table:

| Person | Good A | Good B | Good C |
| ------ | ------ | ------ | ------ |
| 1      | 45     | 30     | 25     |
| 2      | 35     | 40     | 25     |
| 3      | 50     | 5      | 45     |

**3. Determining the Allocations**

To achieve an envy-free allocation, we need to consider the highest valuations for each good and potential trade-offs:

*   **Good A:** Person 3 values Good A the most (50). 
*   **Good B:** Person 2 values Good B the most (40).
*   **Good C:** Person 3 also values Good C the most (45).

Based on this:

*   **Person 3 receives Good A and Good C.** This maximizes the overall value gained from the goods.
*   **Person 2 receives Good B.** 

Now, let's address the money to ensure envy-freeness:

*   **Person 1:**  Did not receive any goods. To compensate and prevent envy, Person 1 should receive a significant portion of the money. 
*   **Person 2:** Received a good they value at 40. They might feel envious of Person 3's allocation (Good A + Good C = 95).  To prevent this, Person 2 should also receive some money.
*   **Person 3:**  Received the most valuable bundle.  They might not need any money to avoid envy.

**4.  Final Allocation**

To ensure envy-freeness, a possible allocation could be:

*   **Person 1:** 4 units of money 
*   **Person 2:** Good B + 1 unit of money
*   **Person 3:** Good A + Good C

**5. Why this allocation is envy-free:**

*   **Person 1:** Values the 4 units of money at 40 (equivalent to a good of value 40), making them indifferent to Person 2's bundle.
*   **Person 2:** Values their allocation at 41 (Good B + money), which is higher than their valuation of Person 1's money (40) and closer to their valuation of Person 3's bundle (95).
*   **Person 3:** Has the most valuable goods and has no incentive to envy anyone.

**Important Note:**  There might be other envy-free allocations possible. The key is to ensure that each person's allocation is perceived as valuable or more valuable than what others received, according to their own preferences. 
",0,3,2,3,4.0,1.0,0.0
30,"Here's how we can determine an envy-free allocation for this scenario:

**1. Identify the highest valued good for each person:**

* **Person 1:** Good A (value 45)
* **Person 2:** Good B (value 40)
* **Person 3:** Good A (value 50)

**2.  Allocate based on highest value (considering ties and envy):**

* **Good A:** Person 3 has the highest value (50). Allocate Good A to Person 3. 
* **Good B:** Person 2 has the highest value (40). Allocate Good B to Person 2.
* **Good C:**  Person 1 and Person 3 have the highest value (25 & 45).  Allocate Good C to Person 3, as they have a significantly higher valuation.

**3. Address potential envy with monetary compensation:**

* **Person 1:** Doesn't receive their top choice (Good A). To prevent envy, they need to be compensated. They value Good A at 45, and the next best available option (Good C) at 25.  This is a difference of 20. To ensure they don't envy Person 3, we need to give them at least 20 units of value. Since the maximum we can give is 5 units of money, we allocate all 5 to Person 1. 

**Final Allocation:**

* **Person 1:** 5 units of money
* **Person 2:** Good B 
* **Person 3:** Good A, Good C

**Why this allocation is envy-free:**

* **Person 1:**  While they didn't get their top choice, the 5 units of money compensate them sufficiently to value their allocation higher than anyone else's.
* **Person 2:** Received their most preferred good and wouldn't trade with anyone else.
* **Person 3:** Received their two most preferred goods and wouldn't trade.

**Important Notes:**

* **Envy-freeness** doesn't mean everyone gets their absolute top choice, but rather that they prefer their own allocation over anyone else's.
* This solution prioritizes maximizing overall value while ensuring envy-freeness. Other envy-free allocations might exist, but this one aims for efficiency alongside fairness. 
",0,3,2,3,5.0,0.0,0.0
31,"Here's how we can find an envy-free allocation for this problem:

**1. Determine the highest valued good for each person:**

* **Person 1:** Good A (value 45)
* **Person 2:** Good B (value 40)
* **Person 3:** Good A (value 50)

**2.  Initial Allocation Based on Highest Value:**

* **Person 1:** Receives Good A 
* **Person 2:** Receives Good B
* **Person 3:**  This is where it gets tricky.  Person 3 also values Good A highest, but it's already allocated.

**3. Addressing Envy and Finding an Equitable Solution:**

* **Person 3's Envy:** Person 3 will envy Person 1 because Good A is worth more to them (50 vs. 45).  
* **Using Money to Compensate:**  To prevent envy, we can use the money.  Here's a possible solution:
    * **Person 1:** Receives Good A and 2 units of money.
    * **Person 2:** Receives Good B and 1 unit of money.
    * **Person 3:** Receives Good C and 2 units of money.

**4. Checking for Envy-Free Allocation:**

* **Person 1:** Values their bundle at 47 (45 for Good A + 2 in money). They wouldn't want to swap with anyone.
* **Person 2:** Values their bundle at 41 (40 for Good B + 1 in money). They wouldn't want to swap with anyone.
* **Person 3:** Values their bundle at 47 (45 for Good C + 2 in money). They wouldn't want to swap with anyone.

**Explanation:**

This allocation works because:

* **Each person receives a good they value highly:** This ensures a baseline level of satisfaction.
* **Money compensates for differences in value:**  While Person 3 doesn't get their absolute top choice, the money compensates them enough that they value their bundle equally to Person 1's.

**Important Note:** This is just one possible envy-free allocation. Depending on how you prioritize certain fairness aspects (like maximizing total value or ensuring everyone gets something they want), there might be other valid solutions. 
",0,1,2,3,2.0,1.0,2.0
32,"Here's how we can determine an envy-free allocation for this scenario:

**1. Identifying the Most Valuable Goods:**

* **Person 1:** Values Good A the most (45)
* **Person 2:** Values Good B the most (40)
* **Person 3:** Values Good A the most (50)

**2. Initial Allocation Based on Highest Value:**

* **Person 1:** Receives Good A 
* **Person 2:** Receives Good B
* **Person 3:**  This is where it gets tricky. They want Good A, which is already allocated. 

**3. Addressing Envy and Finding a Solution:**

* **Person 3's envy:** Person 3 will envy Person 1 because Good A is worth more to them. To address this, we need to compensate Person 3. 
* **Using the Money:** We can give Person 3 some money to compensate for not getting Good A. Since their valuation of Good A is 50 and they value Good C at 45, we need to give them at least 5 units of money to make them indifferent between Good A and Good C + 5 money. 

**4. Final Allocation:**

* **Person 1:** Good A 
* **Person 2:** Good B
* **Person 3:** Good C + 5 units of money

**5. Checking for Envy:**

* **Person 1:** They got their most preferred good. No envy.
* **Person 2:** They got their most preferred good. No envy.
* **Person 3:** The combination of Good C and the money compensates for not getting Good A. No envy.

**This allocation ensures that each individual receives a bundle they prefer over the bundles received by others, resulting in an envy-free outcome.**

**Important Notes:**

* This solution assumes that individuals have linear utility functions, meaning their value for a good plus money is directly additive.
* There might be other envy-free allocations possible, depending on how individuals value money in relation to the goods. This solution provides one such example. 
",0,1,2,3,0.0,0.0,5.0
33,"This is a classic fair division problem with indivisible goods and a divisible resource (money). Here's how we can approach finding an envy-free allocation:

**1. Calculate Total Valuations:**

* **Person 1:** 45 (A) + 30 (B) + 25 (C) = 100
* **Person 2:** 35 (A) + 40 (B) + 25 (C) = 100
* **Person 3:** 50 (A) + 5 (B) + 45 (C) = 100

**2. Determine Initial Allocation based on Highest Valuations:**

* **Good A:** Person 3 values it highest (50)
* **Good B:** Person 2 values it highest (40)
* **Good C:** Person 1 and Person 3 have the same highest valuation (45). We'll address this tie later.

**3. Address Ties and Potential Envy:**

* **Good C Tie:**  Since both Person 1 and Person 3 value Good C at 45, we can introduce the money to create an envy-free outcome. We can give Good C to Person 1 and compensate Person 3 with money.

**4. Calculate Compensation:**

* **Person 3's loss:** They valued Good C at 45.
* **Compensation needed:**  To make Person 3 indifferent, we need to give them at least 45 in value. Since we're using money equivalent to the value of goods, we'll give Person 3 **4.5 units of money**.

**5. Final Allocation:**

* **Person 1:** Good C 
* **Person 2:** Good B
* **Person 3:** Good A + 4.5 units of money

**6. Verify Envy-Freeness:**

* **Person 1:** Values their bundle at 45. They wouldn't want to swap with Person 2 (value 30) or Person 3 (value 50 but minus 4.5 for the money, making it 45.5, very slightly higher but not enough to cause envy).
* **Person 2:** Values their bundle at 40. They wouldn't want to swap with Person 1 (45) or Person 3 (similar to above, slightly higher value after accounting for money).
* **Person 3:** Values their bundle at 49.5 (50 for Good A + 4.5 money). They wouldn't want to swap with Person 1 or Person 2.

**Conclusion:**

This allocation is envy-free because each person prefers their own bundle over the bundles of others. The use of money allowed us to compensate for the indivisible nature of the goods and create a fairer outcome. 
",0,3,2,1,0.0,0.0,4.5
34,"Here's how we can determine an envy-free allocation for this scenario:

**1. Identify Initial Allocations Based on Highest Value:**

* **Good A:** Person 3 values it most (50), so allocate Good A to Person 3.
* **Good B:** Person 2 values it most (40), so allocate Good B to Person 2.
* **Good C:** Person 1 and Person 3 have the highest and equal value (25), so we need further analysis.

**2. Address Potential Envy and Optimize Allocation:**

* **Person 1 might envy Person 2:** Person 1 values Good B (30) more than their current allocation of Good C (25). 
* **Possible Solution:** Allocate some money to Person 1 to compensate for not getting Good B. To prevent envy, this compensation should be at least the difference in their valuations (30 - 25 = 5). 

**3. Determine the Money Allocation:**

* **Person 1:** Receives 5 units of money.
* **Person 2:** Receives 0 units of money.
* **Person 3:** Receives 0 units of money.

**4. Final Allocation:**

* **Person 1:** Good C (value 25) + 5 units of money (value 5) = Total value 30
* **Person 2:** Good B (value 40) = Total value 40
* **Person 3:** Good A (value 50) = Total value 50

**5. Verify Envy-Freeness:**

* **Person 1:** Prefers their bundle (Good C + 5 money) over Person 2's (Good B) and Person 3's (Good A).
* **Person 2:** Prefers their bundle (Good B) over Person 1's (Good C + 5 money) and Person 3's (Good A).
* **Person 3:** Prefers their bundle (Good A) over Person 1's (Good C + 5 money) and Person 2's (Good B).

**Conclusion:**

This allocation is envy-free because each person receives the bundle they value most, and no one envies another person's allocation. 
",0,3,2,1,5.0,0.0,0.0
35,"Here's how we can determine an envy-free allocation for this scenario:

**1. Identify Initial Allocations based on Highest Value:**

* **Good A:** Person 3 values it highest (50).
* **Good B:** Person 2 values it highest (40). 
* **Good C:** Person 3 values it highest (45).

**2. Check for Envy and Address it:**

* **Person 1 might envy Person 2** (for Good B) **and Person 3** (for both Good A and Good C). 

* **To address this:** We can compensate Person 1 with money.  Let's calculate how much is needed to make Person 1 content with their allocated good and money compared to the bundles of others.

**3. Calculate Compensation for Person 1:**

* **Compared to Person 2 (who gets Good B):**
    * Person 1's value for Person 2's bundle: 30 (Good B) 
    * Person 1's value for their best possible bundle: 45 (Good A)
    * Compensation needed: 45 - 30 = 15 units of money. Since we only have 5, this won't work.
* **Compared to Person 3 (who gets Good A and Good C):**
    * Person 1's value for Person 3's bundle: 45 (Good A) + 25 (Good C) = 70
    * Person 1's value for their best possible bundle: 45 (Good A) 
    * Compensation needed: 70- 45 = 25 units of money. This is impossible as we only have 5.

**4. Re-evaluate the Allocation:**

Since we cannot compensate Person 1 enough to prevent envy, we need to reconsider the initial allocation.  Giving up Good A or Good C to Person 1 won't work either, as the compensation needed would still be too high.  This suggests that there might not be a perfectly envy-free allocation in this specific scenario.

**5. Explore Alternative Solutions:**

* **Partial Allocation of Money:** We could explore giving Person 1 some money (e.g., 3 units) and leaving the goods unallocated. This might not be perfectly ""envy-free,"" but it could be a more equitable outcome.
* **Negotiation and Subjective Value:** In real-world scenarios, people might place subjective value beyond the strict numerical values given.  Encouraging negotiation and understanding the reasoning behind the valuations could lead to a more mutually agreeable solution.

**Conclusion:**

Finding a strictly envy-free allocation with the given values and limited money is not possible. We need to explore alternative solutions, such as partial compensation or encouraging negotiation among the individuals involved. 
",0,None,None,None,3.0,0.0,2.0
36,"Here's how we can determine an envy-free allocation for this scenario:

**1. Understanding Envy-Free Allocation**

An envy-free allocation means that no individual would prefer to have the bundle (goods and money) given to another individual over their own. 

**2. Analyzing the Valuations**

Let's represent the valuations in a table for clarity:

| Individual | Good A | Good B | Good C |
|---|---|---|---|
| Person 1 | 45 | 30 | 25 |
| Person 2 | 35 | 40 | 25 |
| Person 3 | 50 | 5  | 45 |

**3. Determining the Initial Allocation**

* **Good A:** Person 3 values Good A the most (50). 
* **Good B:** Person 2 values Good B the most (40).
* **Good C:**  Person 3 values Good C the most (45).

Therefore, a potential initial allocation is:

* **Person 1:** Nothing yet
* **Person 2:** Good B 
* **Person 3:** Good A, Good C

**4. Checking for Envy and Compensation**

Now, let's see if anyone envies anyone else's allocation and how we can use the money to eliminate envy:

* **Person 1:**  Person 1 values Good A the most (45), followed by Good B (30).  To prevent Person 1 from envying Person 2 or Person 3, we can give them money. Giving them 5 units of money would compensate them sufficiently to value their bundle the most.
* **Person 2:** Person 2 has Good B, which they value at 40. They don't envy Person 1 (money) or Person 3 (Good A and Good C) because their bundle is already their most preferred.
* **Person 3:** Person 3 has Good A and Good C, their two highest valued items. They don't envy anyone else.

**5. Final Envy-Free Allocation**

* **Person 1:** 5 units of money
* **Person 2:** Good B
* **Person 3:** Good A, Good C

**Explanation:**

This allocation is envy-free because:

* **Person 1** prefers 5 units of money (equivalent to a good valued at 50) over any other good or combination of goods.
* **Person 2** prefers Good B (valued at 40) over any other good or combination.
* **Person 3**  prefers Good A and Good C (valued at 50 and 45 respectively) over any other combination.

This solution ensures that each person receives the bundle they value most, resulting in a fair and envy-free allocation. 
",0,3,2,3,5.0,0.0,0.0
37,"Here's how we can determine an envy-free allocation for this scenario:

**1. Understanding Envy-Free Allocation:**

An envy-free allocation means that no individual would prefer to have the bundle (goods and money) assigned to another individual over their own.

**2. Analyzing Values and Potential Allocations:**

* **Person 1:** Highest value for Good A, followed by B then C.
* **Person 2:** Highest value for Good B, followed by A then C.
* **Person 3:** Highest value for Good A, followed by C then B.

Let's explore some allocation options and see if they lead to envy:

**Allocation Option 1:**

* **Person 1:** Good A 
* **Person 2:** Good B
* **Person 3:** Good C + 5 units of money

* **Potential Envy:** Person 3 might envy Person 1 because they value Good A (50) more than their combined value of Good C (45) and the money (5).

**Allocation Option 2:**

* **Person 1:** Good A + 2 units of money
* **Person 2:** Good B 
* **Person 3:** Good C + 3 units of money

* **Potential Envy:** This allocation has a higher chance of being envy-free. Let's analyze:
    * Person 1 wouldn't envy anyone as they have their highest valued good plus money.
    * Person 2 wouldn't envy anyone as they have their highest valued good.
    * Person 3 wouldn't envy Person 1 because their combined value of Good C and money (48) is less than Person 1's value for Good A (45) plus money. 

**3. Achieving Envy-Free Allocation:**

Allocation Option 2 has a strong potential to be envy-free. To confirm, we can calculate each person's total perceived value for their bundle:

* **Person 1:** Value(Good A) + Money = 45 + 2 = 47
* **Person 2:** Value(Good B) = 40
* **Person 3:** Value(Good C) + Money = 45 + 3 = 48

**Conclusion:**

Allocation Option 2, where:

* **Person 1:** Receives Good A and 2 units of money.
* **Person 2:** Receives Good B.
* **Person 3:** Receives Good C and 3 units of money.

is the most likely to be envy-free. Each person receives a bundle they value more than any other potential bundle offered in this scenario. 
",0,1,2,3,2.0,0.0,3.0
38,"This problem can be tackled by combining concepts from Envy-Freeness and maximizing overall societal value:

**Understanding the Goals:**

* **Envy-Freeness:**  We want each person to value their own bundle (goods + money) more than what any other person receives.
* **Maximizing Value:**  We want to allocate goods to those who value them most to maximize the overall ""happiness"" or utility.

**The Allocation Process:**

1. **Identify Highest Valuations:**
    * Good A: Person 3 (50)
    * Good B: Person 2 (40)
    * Good C: Person 3 (45)

2. **Preliminary Allocation based on Highest Value:**
    * Person 3 gets Good A and Good C.
    * Person 2 gets Good B. 

3. **Addressing Envy & Optimizing:**

    * **Person 1's Situation:** Currently has nothing.  They value Good A at 45, Good B at 30, and Good C at 25. To prevent envy, we need to give them a bundle worth at least 50 (Person 3's current perceived value).
    * **Using Money to Compensate:** We can give Person 1 all the money (5 units). This creates a bundle they value at 50, effectively eliminating envy.

**Final Allocation:**

* **Person 1:** 5 units of money (perceived value = 50)
* **Person 2:** Good B (value = 40)
* **Person 3:** Good A (value = 50) and Good C (value = 45)

**Justification for Envy-Freeness:**

* **Person 1:** Values their bundle at 50, equal to Person 3's highest valued good (Good A). Not envious of Person 2.
* **Person 2:** Values their bundle at 40. They wouldn't want to swap with Person 1 or Person 3.
* **Person 3:** Values their bundle at 95, the highest total.

**Additional Considerations:**

* This solution prioritizes envy-freeness. Other allocations might achieve slightly higher total value but could introduce envy.
* In real-world scenarios, perceptions of fairness can be subjective. This solution provides a mathematically sound starting point for discussion and negotiation. 
",0,3,2,3,5.0,0.0,0.0
39,"Here's how we can find an envy-free allocation for this scenario:

**1. Identify Initial Allocations Based on Highest Value:**

* **Good A:** Person 3 values it most (50).
* **Good B:** Person 2 values it most (40).
* **Good C:** Person 3 values it most (45). 

**2. Check for Envy and Address Discrepancies:**

* **Person 1 might envy Person 3:** Person 1's combined value for Goods A and C (45 + 25 = 70) is higher than their value for their current allocation (nothing).
* **Person 2 might envy Person 3:** Person 2's value for Good C (25) is significantly less than Person 3's value for it (45). 

**3.  Redistribution and Monetary Compensation:**

To address the potential envy:

* **Give Good A to Person 1:** This partially satisfies Person 1's higher combined value for Goods A and C.
* **Give Good C to Person 2:** This addresses Person 2's potential envy, as they now get a good they value more than what Person 3 received.
* **Give Good B and some money to Person 3:** This compensates Person 3 for not getting their top two choices. To determine the amount, we need to ensure Person 3 doesn't envy others:
    * Person 3's value for their current bundle (Good B + money) should be at least their value for Good A (50).
    * Since Good B is worth 5 to Person 3, they need at least 45 units of money (50 - 5 = 45).
    * However, we only have 5 units of money to allocate.

**4.  Final Adjustments and Allocation:**

Since we don't have enough money to fully compensate Person 3, we need to adjust the allocation:

* **Give Good A to Person 3:** They value it the most.
* **Give Good B to Person 2:** They value it the most.
* **Give Good C and the 5 units of money to Person 1:**  This is the best we can do to minimize envy. Person 1 gets their second-highest valued good and the entire monetary compensation. 

**Final Allocation:**

* **Person 1:** Good C (value 25) + 5 units of money (value 5) = Total Value 30
* **Person 2:** Good B (value 40) = Total Value 40
* **Person 3:** Good A (value 50) = Total Value 50

**Envy-Free Check:**

* Person 1 prefers their bundle over Person 2's and Person 3's.
* Person 2 prefers their bundle over Person 1's and Person 3's.
* Person 3 prefers their bundle over Person 1's and Person 2's.

**Conclusion:**

This allocation, while not perfect, minimizes envy as much as possible given the constraints. It highlights the challenges of achieving perfect fairness in indivisible goods allocation, even with some divisible resources. 
",0,3,2,1,5.0,0.0,0.0
40,"Here's how we can determine an envy-free allocation for this scenario:

**1. Identify Initial Allocations Based on Highest Value:**

* **Good A:** Person 3 values it the most (50). 
* **Good B:** Person 2 values it the most (40).
* **Good C:** Person 3 values it the most (45).

**2. Check for Envy and Compensate:**

* **Person 1** might envy Person 3 for getting both Good A and Good C. To address this, we need to see if we can compensate Person 1 sufficiently.  Person 1 values the combination of Good A and Good C at 45 + 25 = 70.  Since we only have 5 units of money, we cannot compensate Person 1 sufficiently.

* **Person 2** might envy Person 3 for Good C. Person 2 values Good C at 25. We could potentially compensate Person 2 with the money.

**3.  Explore Alternative Allocations:**

Since we can't compensate Person 1, let's see if a different allocation works better:

* **Allocate Good A to Person 1.** This is the good they value most. 

* **Allocate Good B to Person 2.**  This is the good they value most.

* **Allocate Good C and the 5 units of money to Person 3.**

**4. Re-check for Envy:**

* **Person 1:**  They got their top choice (Good A) and wouldn't prefer Person 2 or Person 3's bundles.
* **Person 2:** They got their top choice (Good B) and wouldn't prefer Person 1 or Person 3's bundles (even with the money, Person 2 values Good C less than Person 3). 
* **Person 3:** They got their top two choices.

**Final Allocation:**

* **Person 1:** Good A 
* **Person 2:** Good B
* **Person 3:** Good C, 5 units of money

**This allocation is envy-free because each person receives the bundle they value most, and no one would prefer to swap with another person.** 
",0,1,2,3,0.0,0.0,5.0
41,"Here's a breakdown of how we can approach this allocation problem to achieve an envy-free outcome, along with a proposed solution:

**Understanding the Problem**

* **Envy-Free Allocation:**  Our goal is to distribute the goods and money so that each person believes they received the best possible bundle compared to what anyone else received.
* **Indivisible Goods:**  Goods A, B, and C cannot be split. 
* **Divisible Resource:** The 5 units of money can be divided as needed.

**Solution Approach**

1. **Calculate Total Valuations:** Determine the total value each person assigns to all the goods:

   * **Person 1:** 45 (A) + 30 (B) + 25 (C) = 100
   * **Person 2:** 35 (A) + 40 (B) + 25 (C) = 100
   * **Person 3:** 50 (A) + 5 (B) + 45 (C) = 100

2. **Identify High-Value Goods:**  Notice which goods each person values most highly:

   * **Person 1:** Good A
   * **Person 2:** Good B
   * **Person 3:** Good A (with Good C close in value)

3. **Prioritize Assignments:**  A good starting point is to try and give each person the good they value most, if possible.

4. **Consider Money for Flexibility:** Use the divisible money to compensate individuals who might not receive their absolute top-choice good.

**Proposed Allocation**

* **Person 1:** Receives Good A (value 45) and 5 units of money (value 5).
    * Total value to Person 1: 50
* **Person 2:** Receives Good B (value 40).
    * Total value to Person 2: 40
* **Person 3:** Receives Good C (value 45).
    * Total value to Person 3: 45

**Why This Allocation is Envy-Free**

* **Person 1:** Prefers their bundle (Good A + money) over Person 2's (Good B) and Person 3's (Good C) because Good A is their highest valued good and the money compensates for not getting Good C.
* **Person 2:** While Good B isn't worth as much as Good A + money (Person 1's bundle), they wouldn't want to trade because they value Good B significantly more than Good C (Person 3's bundle).
* **Person 3:** Prefers their bundle (Good C) over Person 2's (Good B) due to their valuations. They might envy Person 1's bundle slightly, but the difference is not significant enough to make them feel unfairly treated.

**Important Notes**

* **Subjectivity:**  Envy-freeness can be subjective. While this allocation aims to minimize envy, slight differences in perception are possible.
* **Other Solutions:**  There might be other envy-free allocations. This solution focuses on a straightforward and intuitively fair approach.
* **Communication:** In a real-world scenario, open communication among the individuals could help refine the allocation further. 
",0,1,2,3,5.0,0.0,0.0
42,"Here's how we can approach this allocation problem to ensure envy-freeness:

**1. Identify Initial Preferences:**

* **Person 1:**  Strongly prefers Good A (45) over B (30) and C (25).
* **Person 2:**  Strongly prefers Good B (40) over A (35) and C (25).
* **Person 3:**  Strongly prefers Good A (50) over C (45) and has very little interest in B (5).

**2. Preliminary Allocation based on Strongest Preferences:**

* **Person 1:** Receives Good A (value 45)
* **Person 2:** Receives Good B (value 40)
* **Person 3:**  A potential conflict arises. While their top preference is Good A, it's already allocated. Their second preference, Good C (45), is a strong contender.

**3. Addressing Envy and Optimizing:**

* **Potential Envy:** Person 3 might envy Person 1 for having Good A.
* **Solution:** 
    * **Option A: Allocate Good C to Person 3.** This gives Person 3 a bundle they value at 45, potentially eliminating envy. 
    * **Option B: Compensation with Money.**  Offer Person 3 Good C and a sum of money to compensate for the difference in their valuation of Good A and Good C. Since the difference is 5 (50-45), we can give them the entire 5 units of money. This ensures Person 3 values their bundle (Good C + 5 units of money) at 50, equivalent to their valuation of Good A.

**4. Final Allocation (Choosing the Best Option):**

Both Option A and Option B result in an envy-free allocation. 

* **Option A (simpler):**
    * Person 1: Good A 
    * Person 2: Good B
    * Person 3: Good C

* **Option B (potentially fairer):**
    * Person 1: Good A
    * Person 2: Good B
    * Person 3: Good C + 5 units of money

Option B might be considered slightly fairer as it fully compensates Person 3 for not getting their top choice. However, both options fulfill the requirement of each individual preferring their own bundle and not envying others. 
",0,1,2,3,0.0,0.0,5.0
43,"Here's how we can approach finding an envy-free allocation:

**1. Determine the most valuable good for each person:**

* **Person 1:** Good A (value 45)
* **Person 2:** Good B (value 40)
* **Person 3:** Good A (value 50)

**2.  Prioritize allocations based on highest value:**

* **Good A:** Person 3 values it highest (50) 
* **Good B:** Person 2 values it highest (40)
* **Good C:**  Both Person 1 and Person 3 value it equally (25)

**3.  Tentative Allocation:**

* **Person 1:** Good C 
* **Person 2:** Good B
* **Person 3:** Good A

**4. Check for Envy and Adjust:**

* **Person 1 might envy Person 3:** Person 1 values Good A at 45, which is higher than their allocated Good C (value 25). 
* **Possible Solution:** To prevent envy, we can give Person 1 some money.  Since the difference in their valuation is 20 (45 - 25), we can give Person 1  20 units of money. 

**5. Final Allocation:**

* **Person 1:** Good C + 20 units of money
* **Person 2:** Good B 
* **Person 3:** Good A

**Why this works (Envy-Free):**

* **Person 1:** Prefers their bundle (Good C + 20 units of money) because it's equivalent to a value of 45 to them, matching their valuation of Good A.
* **Person 2:**  Prefers their bundle (Good B) as it's their highest valued item.
* **Person 3:** Prefers their bundle (Good A) as it's their highest valued item.

**Important Considerations:**

* This solution assumes the individuals value money linearly, meaning 20 units of money is equal in value to a good worth 20 to them.
* There might be other envy-free allocations possible. This solution aims to find one such allocation. 
* In real-world scenarios, fairness often involves considering additional factors beyond just individual valuations. 
",0,3,2,1,20.0,0.0,0.0
44,"Here's how we can find an envy-free allocation for this scenario:

**1. Understanding Envy-Free Allocation**

An envy-free allocation means that no individual would prefer to have the bundle (goods and money) given to another person.  

**2. Analyzing the Valuations**

* **Person 1:** Values Good A most (45), then Good B (30), and lastly Good C (25).
* **Person 2:** Values Good B most (40), then Good A (35), and lastly Good C (25).
* **Person 3:** Values Good A most (50), then Good C (45), and lastly Good B (5).

**3. Determining the Allocation**

Here's a possible allocation that aims to be envy-free:

* **Person 1:** Receives Good B (value 30) and 15 units of money (value 15).
    * Total value for Person 1 = 30 + 15 = 45
* **Person 2:** Receives Good A (value 35) and 5 units of money (value 5).
    * Total value for Person 2 = 35 + 5 = 40 
* **Person 3:** Receives Good C (value 45).
    * Total value for Person 3 = 45

**4. Checking for Envy**

* **Person 1:** Won't envy Person 2 or Person 3 because their own bundle (Good B + 15 units of money) gives them their highest possible value (45).
* **Person 2:** Won't envy Person 1 or Person 3. They receive their highest valued good (Good A) and while they might slightly prefer the 15 units of money Person 1 got, their overall satisfaction is maximized. 
* **Person 3:** Won't envy Person 1 or Person 2 because they get their second highest valued good (Good C), which they value more than any other good-money combination available.

**Important Considerations**

* **Subjectivity:** There might be other envy-free allocations possible depending on how you prioritize individual preferences.  
* **Practicality:** In real-world scenarios, achieving perfect envy-freeness can be challenging due to complex preferences and negotiation dynamics.

**Note:** This allocation assumes that individuals value money linearly, meaning that 1 unit of money always holds the same value for them. 
",0,2,1,3,15.0,5.0,0.0
45,"Here's how we can find an envy-free allocation for this scenario:

**1. Understanding Envy-Free Allocation**

An envy-free allocation means that no individual would prefer to have the bundle (goods and money) given to another person over their own.

**2. Analyzing the Valuations**

Let's represent the valuations in a table:

| Person | Good A | Good B | Good C |
|---|---|---|---|
| Person 1 | 45 | 30 | 25 |
| Person 2 | 35 | 40 | 25 |
| Person 3 | 50 | 5  | 45 |

**3.  Finding the Optimal Allocation**

* **Good A:** Person 3 values Good A the highest (50). To make sure no one envies Person 3, we can give them Good A and some money to compensate for the difference between their valuation and the next highest valuation (50 - 45 = 5).  
* **Good B:** Person 2 values Good B the highest (40). They receive Good B without any additional money as their valuation is already the highest.
* **Good C:** Person 1 and Person 3 value Good C equally (25 & 45 respectively). We can allocate Good C to Person 3 since they already have a higher valuation for Good A.

**4. Money Allocation**

* Person 3 receives Good A and 5 units of money.
* Person 2 receives Good B.
* Person 1 receives no goods but should receive money to compensate for not getting any goods.  A fair amount would be slightly higher than their highest valuation of a good, to ensure they don't envy anyone else's bundle. We can give Person 1, 46 units of money.

**5. Final Allocation**

* **Person 1:** 46 units of money
* **Person 2:** Good B 
* **Person 3:** Good A, Good C, 5 units of money

**6. Checking for Envy**

* **Person 1:**  Values their 46 units of money higher than any of the goods they could have received.
* **Person 2:** Values Good B at 40, more than any other combination of goods or money.
* **Person 3:** Values their bundle the highest, as they received their two most valued goods.

**This allocation is envy-free because each person receives a bundle they value more than any other bundle offered.** 
",0,3,2,3,46.0,0.0,5.0
46,"Here's how we can determine an envy-free allocation for this problem:

**1. Identify Initial Allocations based on Highest Value:**

* **Good A:** Person 3 values it highest (50) 
* **Good B:** Person 2 values it highest (40)
* **Good C:** Person 3 values it highest (45)

**2. Check for Envy and Adjust:**

* **Person 1 vs. Person 3:** Person 1 might envy Person 3 for having both Good A and Good C.  Let's calculate how much Person 1 values Person 3's bundle: 45 (Good A) + 25 (Good C) = 70. This is much higher than Person 1's own valuations.

* **Addressing the Envy:** To avoid envy, we could consider giving Good A to Person 1 (as they value it highly at 45) and Good C to Person 3. This seems like a good starting point as it addresses the most significant potential envy.

**3.  Incorporating Money:**

* Now, Person 2 only has Good B (valued at 40) and might envy Person 1 (Good A worth 45) or Person 3 (Good C worth 45). 
* We can use the money to compensate Person 2.  Giving Person 2  5 units of money would bring their total perceived value to 45, equal to the others.

**Final Allocation:**

* **Person 1:** Good A 
* **Person 2:** Good B + 5 units of money
* **Person 3:** Good C

**Why this is Envy-Free:**

* Each person receives the item they value most or are compensated with money to match the value of another's bundle. 
* No one would prefer to swap their allocation with anyone else's.

**Important Note:**  This is one possible envy-free allocation. There might be other solutions, especially when considering different combinations and monetary compensations. 
",0,1,2,3,0.0,5.0,0.0
47,"Here's how we can determine an envy-free allocation for this scenario:

**1. Identify the highest valued good for each person:**

* **Person 1:** Good A (value 45)
* **Person 2:** Good B (value 40)
* **Person 3:** Good A (value 50)

**2. Resolve Conflicts:**

* Both Person 1 and Person 3 value Good A the highest. Since Person 3 values it more (50 vs 45), we tentatively assign Good A to Person 3. 

**3.  Assign Remaining Goods:**

* **Person 1:**  The best remaining good for Person 1 is Good B (value 30).
* **Person 2:**  The best remaining good for Person 2 is Good C (value 25).

**4. Check for Envy and Use Money to Compensate:**

* **Person 1 vs. Person 2:** Person 1 might envy Person 2 because Person 2 gets a good they value at 25, while Person 1 values their own good at 30. To address this, we can give Person 1 some money. Since the difference in value is 5, we can give Person 1 5 units of money.
* **Person 1 vs. Person 3:** Person 1 might envy Person 3 because Person 3 received a good they valued at 45, while Person 1 only values their current bundle (Good B + 5 money) at 35. However, there's no more money to compensate. This allocation, while not perfectly envy-free, is the closest we can achieve given the constraints.
* **Person 2 vs. Person 3:** Person 2 might envy Person 3 because Person 3 received a good they valued at 25, while Person 2 values their own good at 25.  However, since their valuations are equal, there is no envy. 

**Final Allocation:**

* **Person 1:**  Good B + 5 units of money 
* **Person 2:**  Good C
* **Person 3:**  Good A

**Explanation:**

This allocation is the most envy-free we can achieve. While Person 1 might still slightly envy Person 3, we cannot compensate them further due to the limited money. This scenario highlights the limitations of achieving perfect envy-freeness with indivisible goods. 
",0,3,1,2,5.0,0.0,0.0
48,"Here's how we can find an envy-free allocation for this scenario:

**1. Understanding Envy-Free Allocation**

An envy-free allocation means that no individual would prefer to have the bundle (goods and/or money) given to another individual over their own. 

**2. Analyzing the Valuations**

Let's represent the valuations in a table:

| Person | Good A | Good B | Good C |
|---|---|---|---|
| Person 1 | 45 | 30 | 25 |
| Person 2 | 35 | 40 | 25 |
| Person 3 | 50 | 5  | 45 |

**3. Finding the Optimal Allocation**

* **Good A:** Person 3 values Good A the most (50). Allocate Good A to Person 3.
* **Good B:** Person 2 values Good B the most (40). Allocate Good B to Person 2. 
* **Good C:** Both Person 1 and Person 3 value Good C equally (25).  We can allocate Good C to either person. Let's say we allocate it to Person 1.

**4. Addressing Potential Envy**

Now, let's check for envy:

* **Person 1:** Receives Good C (value 25). They might envy Person 2 (Good B, value 30). To eliminate envy, we can give Person 1 an amount of money equivalent to the difference in value (30 - 25 = 5 units).
* **Person 2:** Receives Good B (value 40) and has no reason to envy others.
* **Person 3:** Receives Good A (value 50) and has no reason to envy others.

**5. Final Allocation**

* **Person 1:** Good C (value 25) + 5 units of money 
* **Person 2:** Good B (value 40)
* **Person 3:** Good A (value 50)

**This allocation is envy-free because:**

* Everyone receives something they value.
* Person 1, who might have envied Person 2, received monetary compensation to offset the difference in perceived value. 

**Important Note:** There might be other envy-free allocations possible.  The key is to ensure no individual values another person's bundle more than their own. 
",0,3,2,1,5.0,0.0,0.0
49,"Here's how we can find an envy-free allocation:

**1. Determine the most valuable good for each person:**

* **Person 1:** Good A (value 45)
* **Person 2:** Good B (value 40)
* **Person 3:** Good A (value 50)

**2. Allocate the most valuable goods:**

* Good A is most valuable to both Person 1 and Person 3. Since Person 3 values it more (50 vs. 45), we'll tentatively allocate Good A to **Person 3**.
* Good B is most valuable to Person 2, so we'll allocate Good B to **Person 2**.

**3. Determine remaining values and potential envy:**

* **Person 1:**  Doesn't have their preferred good (Good A). Their next highest value is Good B (30), but it's allocated. They would also value Good C at 25.
* **Person 2:**  Has their most preferred good (Good B - value 40). 
* **Person 3:** Has their most preferred good (Good A - value 50).

Right now, Person 1 might envy Person 2 because they value Good B higher than their current allocation (nothing).

**4. Use money to eliminate envy:**

* We can give Person 1 some money to compensate for not getting a highly valued good. 
* To prevent Person 1 from envying Person 2, we need to give them at least the difference between their valuation of Good B and Good C (30 - 25 = 5). 
* **Allocate 5 units of money to Person 1.**

**Final Allocation:**

* **Person 1:**  5 units of money (equivalent value: 5)
* **Person 2:**  Good B (value: 40)
* **Person 3:**  Good A (value: 50)

**This allocation is envy-free because:**

* **Person 1** prefers their 5 units of money over Person 2's Good B (5  < 30) and over Person 3's Good A (5 < 45).
* **Person 2** prefers their Good B over Person 1's money (40 > 5) and over Person 3's Good A (40 > 35).
* **Person 3** prefers their Good A over Person 1's money (50 > 5) and over Person 2's Good B (50 > 5).

**Important Note:** Good C is left unallocated in this scenario. While it has value, no one values it more than the goods they are allocated or the money provided. 
",0,3,2,None,5.0,0.0,0.0
50,"Here's how we can approach this allocation problem to ensure envy-freeness:

**1. Initial Allocation Based on Highest Value:**

* **Good A:** Person 3 values it the most (50), so Good A goes to Person 3.
* **Good B:** Person 2 values it the most (40), so Good B goes to Person 2.
* **Good C:** Person 1 and Person 3 have the highest value (25), but since Person 3 already received Good A, we'll give Good C to Person 1.

**2. Check for Envy and Address Discrepancies:**

Now, let's see if anyone envies another person's bundle:

* **Person 1:** Has Good C (value 25) but might envy Person 2 for Good B (value 30 for Person 1).
* **Person 2:** Has Good B (value 40) and likely doesn't envy anyone else. 
* **Person 3:** Has Good A (value 50) and likely doesn't envy anyone else.

**3. Using Money to Eliminate Envy:**

To eliminate Person 1's potential envy of Person 2, we can use the money:

* **Option 1:**  Give Person 1 enough money to compensate for the difference in value between Good C (25) and Good B (30). This means giving Person 1 **5 units** of money. 

**Final Allocation:**

* **Person 1:**  Good C (value 25) + 5 units of money (value 5) = Total Perceived Value of 30
* **Person 2:**  Good B (value 40)
* **Person 3:**  Good A (value 50)

**Why this works:**

* **Envy-Free:** No one envies another person's bundle because they either have the bundle they value most, or they are compensated financially to match that value.
* **Maximizes Value:**  Each good goes to the person who values it the most, ensuring the highest overall perceived value is achieved.

**Important Notes:**

* This solution assumes money has a linear and equivalent value to the goods for each individual. 
* There might be other envy-free allocations depending on how you value the goods and money. The key is to ensure that no one feels they would be better off with another person's allocation. 
",0,3,2,1,5.0,0.0,0.0
51,"Here's how we can approach this allocation problem to ensure envy-freeness:

**1. Identify Individual Preferences:**

* **Person 1:** Values Good A the most (45), then Good B (30), and lastly Good C (25).
* **Person 2:**  Values Good B the most (40), then Good A (35), and lastly Good C (25).
* **Person 3:** Values Good A the most (50), then Good C (45), and lastly Good B (5).

**2. Determine Potential Envy-Free Allocations:**

We need to find an allocation where no one envies another person's bundle. Let's consider some possibilities:

* **Scenario 1: Person 1 gets Good A, Person 2 gets Good B, Person 3 gets Good C:**
    * Person 1 might envy Person 3 (Good C valued at 45 by Person 3).
    * Person 2 might slightly envy Person 1 (Good A valued at 35 by Person 2).
    * This scenario likely leads to envy.

* **Scenario 2: Person 1 gets Good B, Person 2 gets Good A, Person 3 gets Good C:**
    * Person 1 might envy Person 2 (Good A valued at 45 by Person 1).
    * Person 2 might envy Person 3 (Good C valued at 45 by Person 3).
    * This scenario also likely leads to envy.

* **Scenario 3:  Person 1 gets Good A, Person 2 gets Good C, Person 3 gets Good B:**
    * Person 1 gets their top preference.
    * Person 2 might slightly prefer Good A, but their value for Good C (25) is equal to their valuation of Good A (35) minus the value of 10 units of the divisible good. 
    * Person 3 gets their least preferred good, but we can compensate them with money to make them envy-free.

**3. Achieving Envy-Freeness with Monetary Compensation:**

Scenario 3 seems promising. Here's how we can make it envy-free:

* **Allocation:**
    * Person 1: Good A
    * Person 2: Good C + 1 unit of money.
    * Person 3: Good B + 4 units of money.

* **Reasoning:**
    * **Person 1** gets their top choice and won't envy anyone.
    * **Person 2** gets their second choice (Good C) plus 1 unit of money. This monetary compensation makes them value their bundle at least as much as Person 1's (Good A).
    * **Person 3** gets their least preferred good (Good B), but the 4 units of money compensate them significantly, making their bundle more attractive than the others from their perspective. 

**Conclusion:**

The allocation described above, where Person 1 receives Good A, Person 2 receives Good C and 1 unit of money, and Person 3 receives Good B and 4 units of money, ensures that each individual prefers their own bundle the most. This allocation eliminates envy and utilizes the divisible resource (money) effectively to achieve fairness. 
",0,1,3,2,0.0,1.0,4.0
52,"Here's how we can determine an envy-free allocation for this problem:

**1. Initial Allocation Based on Highest Value:**

* **Good A:** Person 3 values it highest (50)
* **Good B:** Person 2 values it highest (40)
* **Good C:** Person 3 values it highest (45)

**2. Check for Envy & Address with Money:**

* **Person 1 vs. Person 3:** Person 1 might envy Person 3 for getting Good A and C.  Person 1's total value for those goods is 70 (45+25). Let's give Person 1 the 5 units of money to compensate. Now, Person 1 has a total value equivalent of 75, surpassing their valuation of Person 3's goods.
* **Person 2 vs. Person 3:** Person 2 might envy Person 3 for Good C (45 vs. 25).  However, Person 2 already has a higher valued good (Good B at 40). They wouldn't want to trade bundles. 

**Final Allocation:**

* **Person 1:** 5 units of money 
* **Person 2:** Good B
* **Person 3:** Good A and Good C

**Why this works (Envy-Freeness):**

* **Person 1:** Prefers their 5 units of money (equivalent value of 75) over either Person 2's or Person 3's bundle.
* **Person 2:** Prefers their Good B (value 40) over the other bundles. They wouldn't want to trade with Person 3 even with the potential to get money from Person 1.
* **Person 3:**  Is happiest with Good A and C, their two highest valued items.

**Important Notes:**

* This solution assumes that individuals value the money linearly, meaning 1 unit of money always represents the same amount of utility to them.
* Envy-freeness doesn't guarantee the ""best"" allocation in terms of maximizing total value across all individuals. It prioritizes making sure everyone is content with their own bundle compared to others'. 
",0,3,2,3,5.0,0.0,0.0
53,"Here's how we can find an envy-free allocation:

**1. Determine the most valuable good for each person:**

* **Person 1:** Good A (value 45)
* **Person 2:** Good B (value 40)
* **Person 3:** Good A (value 50) 

**2. Identify potential conflicts:**

* Both Person 1 and Person 3 value Good A the highest.

**3. Resolve conflicts and optimize allocation:**

* **Give Good A to Person 3:**  They value it highest at 50.
* **Give Good B to Person 2:** They value it highest at 40.
* **Give Good C to Person 1:**  While their highest value is for Good A, they still value Good C at 25, and this prevents envy.

**4. Check for envy-freeness:**

* **Person 1:** Prefers their own bundle (Good C) over Person 2's (Good B) and Person 3's (Good A).
* **Person 2:** Prefers their own bundle (Good B) over Person 1's (Good C) and Person 3's (Good A).
* **Person 3:**  Prefers their own bundle (Good A) over Person 1's (Good C) and Person 2's (Good B).

**5. Allocate Money:**

Since the allocation of goods is already envy-free, we don't need to use the money to compensate anyone.  We can either:

* **Not allocate the money:** This leaves all individuals with their preferred goods and no additional money.
* **Divide the money equally:** Each person receives 1.67 units of money (5 units / 3 people). This doesn't change their preference for their allocated good.

**Final Allocation (Option 1):**

* **Person 1:** Good C
* **Person 2:** Good B
* **Person 3:** Good A

**Final Allocation (Option 2):**

* **Person 1:** Good C + 1.67 units of money
* **Person 2:** Good B + 1.67 units of money
* **Person 3:** Good A + 1.67 units of money

Both options result in an envy-free allocation where each person receives their most preferred outcome. 
",0,3,2,1,1.67,1.67,1.67
54,"Here's how we can determine an envy-free allocation for this scenario:

**1. Identify the highest valued good for each person:**

* **Person 1:** Good A (value 45)
* **Person 2:** Good B (value 40)
* **Person 3:** Good A (value 50)

**2. Initial Allocation based on highest value:**

* **Person 1:** Receives Good A 
* **Person 2:** Receives Good B
* **Person 3:**  This is where it gets tricky.  We can't give Person 3 Good A (already allocated). 

**3. Addressing Envy and Finding Alternatives:**

* **Person 3 envies Person 1:** Person 3 values Good A much higher than Good C (their remaining option). 
* **Solution:**  To prevent envy, we need to compensate Person 3.  Since money is divisible, we can use it to balance out the perceived unfairness.

**4. Calculating Fair Compensation:**

* **Person 3's loss:** Person 3 loses out on the difference between their valuation of Good A and Good C (50 - 45 = 5).
* **Compensation:** We can give Person 3 the full 5 units of money. This makes them indifferent between receiving Good A or receiving Good C + 5 units of money (which they value the same).

**Final Envy-Free Allocation:**

* **Person 1:** Good A
* **Person 2:** Good B
* **Person 3:** Good C + 5 units of money

**Why this works (Envy-Freeness):**

* **Person 1:** Prefers their bundle because they got their highest valued item.
* **Person 2:** Prefers their bundle because they got their highest valued item.
* **Person 3:**  Is indifferent between Person 1's bundle and their own, thus eliminating envy. They see both options as equally valuable.

**Important Note:** This solution assumes that the individuals value the money linearly. If their utility for money changes at different amounts, the compensation might need to be adjusted. 
",0,1,2,3,0.0,0.0,5.0
55,"This problem can be solved using the concept of **Envy-Free Allocation** from economics and game theory. Here's how we can find a solution:

**1. Determine the highest valued good for each person:**

* **Person 1:** Good A (value 45)
* **Person 2:** Good B (value 40)
* **Person 3:** Good A (value 50)

**2. Initial Allocation based on highest value:**

* **Person 1:** Receives Good A 
* **Person 2:** Receives Good B
* **Person 3:**  Since Good A is already allocated, we move to their second highest valued good, which is Good C. 

**3. Addressing Potential Envy:**

Now, we need to ensure no one envies another person's allocation:

* **Person 1:**  Has Good A (value 45) and wouldn't want to swap with Person 2 or 3.
* **Person 2:** Has Good B (value 40) and wouldn't want to swap with Person 1 or 3.
* **Person 3:**  Has Good C (value 45) -  Here's the potential for envy. Person 3 values Good A at 50, which is higher than their current allocation.

**4. Resolving Envy with Money:**

To prevent Person 3 from envying Person 1, we can use the available money:

* We can give Person 3 an amount of money equivalent to the difference in value between Good A and Good C for them (50 - 45 = 5 units). 

**Final Allocation:**

* **Person 1:** Good A
* **Person 2:** Good B
* **Person 3:** Good C + 5 units of money

**Why this works (Envy-Freeness):**

* **Person 1:** Prefers their allocation over anyone else's because they have their highest valued good.
* **Person 2:** Prefers their allocation for the same reason as Person 1.
* **Person 3:** While they value Good A more, the addition of 5 units of money compensates for the difference in value, making them indifferent between their bundle and Person 1's.

**Important Notes:**

* This solution assumes that individuals value money linearly and that having a part of a good is not beneficial.
* There might be other envy-free allocations depending on the context and how individuals value money compared to the goods. 
",0,1,2,3,0.0,0.0,5.0
56,"Here's how we can determine an envy-free allocation for this scenario:

**1. Identify Initial Allocations based on Highest Value:**

* **Good A:** Person 3 values it most (50). 
* **Good B:** Person 2 values it most (40).
* **Good C:** Person 3 values it most (45).

**2. Check for Envy and Address it:**

* **Person 1** might envy Person 2 (for Good B) or Person 3 (for Good A and Good C).  
* **Person 2** might envy Person 3 (for Good C).

**3. Use Money to Compensate and Achieve Envy-Freeness:**

* **Addressing Person 1's potential envy:** 
    *  Let's allocate Good A to Person 3 (as they value it most).
    *  To prevent Person 1 from envying Person 3, we need to compensate them. Person 1 values Good A at 45, while Person 3 values it at 50. To make Person 1 indifferent, we can give them at least 5 units of money (50-45 = 5). 
    * However, we only have 5 units of money to allocate in total.
    * Since we can't fully compensate Person 1 for Good A, let's allocate Good A to Person 1 instead, as it is the most efficient allocation without the use of money.
    * To prevent Person 1 from envying Person 2 for Good B, we can give Person 1 Good C, which they value at 25, and compensate them with 5 units of money (30-25=5).

* **Addressing Person 2's potential envy:**
    * Person 2 is allocated Good B, which they value at 40, and they do not envy Person 1.
    * Person 2 values Good C at 25, which is less than Person 1's valuation of Good C plus the money they received. Therefore, no envy exists.

**Final Allocation:**

* **Person 1:**  Good A, Good C, 5 units of money (Value: 45 + 25 + 5 = 75)
* **Person 2:** Good B (Value: 40)
* **Person 3:**  (Value: 0) 

**Explanation of Envy-Freeness:**

* **Person 1** prefers their bundle because they receive their highest valued good (Good A) and are fully compensated for not receiving their second highest valued good (Good B).
* **Person 2** prefers their bundle because they receive their highest valued good (Good B).
* **Person 3** receives no goods, but they were not willing to pay for any of the goods given their valuations.

**This allocation ensures that no individual envies another's bundle, making it an envy-free allocation.** 
",0,1,2,1,5.0,0.0,0.0
57,"Here's how we can approach this allocation problem to ensure envy-freeness, along with a proposed solution:

**Understanding Envy-Freeness**

An envy-free allocation means that no individual would prefer to have the bundle (goods and money) assigned to another individual over their own.

**Analyzing the Valuations**

Let's represent the valuations in a table:

| Person | Good A | Good B | Good C |
|---|---|---|---|
| Person 1 | 45 | 30 | 25 |
| Person 2 | 35 | 40 | 25 |
| Person 3 | 50 | 5  | 45 |

**Allocation Strategy**

1. **Highest Valuation:**  Allocate each good to the person who values it most:
    * Person 3 gets Good A (50)
    * Person 2 gets Good B (40)
    * Person 1 or Person 3 could get Good C (both value it at 25) - we'll decide later.

2. **Checking for Envy:**
   * **Person 1 vs. Person 2:** Person 1 might envy Person 2 (Good B at 40) since their own bundle currently only has Good C (25).
   * **Person 1 vs. Person 3:** Person 1 might envy Person 3 (Good A at 50) for the same reason.

3. **Using Money to Eliminate Envy:**
   * To prevent Person 1 from envying others, we need to give them money. 
   * **Option 1 (Give Good C to Person 1):** Give Person 1 Good C (25) and 15 units of money. This brings their total perceived value to 40 (25 + 15), matching Person 2.
   * **Option 2 (Give Good C to Person 3):**  Give Person 1 25 units of money to match Person 3's Good A value. 

**Choosing the Best Option**

* **Option 1** is not feasible because we only have 5 units of money to allocate.
* **Option 2** is the feasible and envy-free solution.

**Final Allocation**

* **Person 1:** 25 units of money (equivalent value of 25)
* **Person 2:** Good B (value 40)
* **Person 3:** Good A (value 50), Good C (value 45)

**Why This Works**

* No one envies Person 1 because they have the equivalent of 25, which is higher than their valuation of any single good.
* Person 2 doesn't envy anyone since they have the good they value most (Good B).
* Person 3 doesn't envy anyone since they have the two goods they value most (Good A and Good C).

**Important Note:** Envy-freeness doesn't guarantee that everyone gets the allocation they desire most, just that they won't prefer someone else's bundle. 
",0,3,2,3,25.0,0.0,0.0
58,"Here's how we can determine an envy-free allocation, considering both the goods and the money:

**1. Identify Initial Preferences:**

* **Person 1:** Prefers Good A (45) > Good B (30) > Good C (25)
* **Person 2:** Prefers Good B (40) > Good A (35) > Good C (25)
* **Person 3:** Prefers Good A (50) > Good C (45) > Good B (5)

**2. Allocate Based on Highest Value:**

* **Good A:** Person 3 values it highest (50). Allocate Good A to Person 3.
* **Good B:** Person 2 values it highest (40). Allocate Good B to Person 2.
* **Good C:** Person 1 and Person 3 have the highest and equal value (25 & 45). We'll address this shortly.

**3. Addressing Potential Envy and Good C:**

* Right now, Person 1 might envy Person 2 (Good B) and Person 3 (Good A). 
* To avoid envy, we can use the money.  Let's determine how much money would make Person 1 indifferent to the others' allocations:
    * **Compared to Person 2:** Person 1 needs 10 units of money (40 - 30) to be equally happy with Good B.
    * **Compared to Person 3:** Person 1 needs 20 units of money (50 - 30) to be equally happy with Good A.
* Since we only have 5 units of money, we can't fully compensate Person 1 to match their top preference. 

**4. Optimal Allocation:**

* **Person 1:**  Good C + 5 units of money 
* **Person 2:** Good B
* **Person 3:** Good A

**5.  Why this is Envy-Free:**

* **Person 1:** Receives their most preferred good that wasn't allocated based on highest value (Good C). The money further compensates them, making them prefer their own bundle over Person 2's. While they still might slightly prefer Good A, they have been compensated as much as possible with the available money.
* **Person 2:**  Receives their top preference (Good B) and won't envy anyone.
* **Person 3:** Receives their top preference (Good A) and won't envy anyone.

**Important Notes:**

* Envy-freeness doesn't guarantee everyone gets their absolute top choice, but ensures they prefer their own allocation over anyone else's.
* This solution aims for the most practical envy-free allocation given the constraints. 
* In some cases, a perfectly envy-free allocation might not be possible with indivisible goods and limited compensation. 
",0,3,2,1,5.0,0.0,0.0
59,"Here's how we can find an envy-free allocation considering both the goods and the money:

**1. Determine the highest valued good for each person:**

* **Person 1:** Good A (value 45)
* **Person 2:** Good B (value 40)
* **Person 3:** Good A (value 50)

**2. Address potential conflicts:**

* **Good A is desired by both Person 1 and Person 3.** Since Person 3 values it higher (50 vs. 45), we'll tentatively allocate Good A to Person 3. 

**3. Allocate the remaining goods:**

* **Person 1:**  Doesn't get Good A. Their next preference is Good B (value 30). Since no one else highly values Good B, we allocate it to Person 1.
* **Person 2:** Gets their highest preference - Good B.

**4.  Current Allocation:**

* **Person 1:** Good B 
* **Person 2:** Good C
* **Person 3:** Good A

**5. Check for Envy and Address with Money:**

* **Person 1 vs. Person 2:** Person 1 values their own bundle (Good B - value 30) less than Person 2's bundle (Good C - value 25). To remove envy, we can give Person 1 some money. They need at least 5 units of money to value their bundle equally to Person 2's bundle (30 - 25 = 5).
* **Person 1 vs. Person 3:** Person 1 values their bundle (Good B + 5 units of money = 35) less than Person 3's bundle (Good A - value 50). However, we don't have enough money to compensate Person 1 fully. 
* **Person 2 vs. Person 3:** Person 2 values their own bundle (Good C - value 25) less than Person 3's (Good A - value 50).  We don't have enough money to compensate Person 2 fully.

**6. Final Allocation (Envy-Free as much as possible):**

* **Person 1:** Good B + 5 units of money 
* **Person 2:** Good C 
* **Person 3:** Good A

**Explanation:**

This allocation is as envy-free as we can achieve with the available resources. 

* Person 1 might still envy Person 3 for Good A, but we lack the money to compensate them fully.  
* Person 2 might envy Person 3, but again, we don't have enough money for full compensation.

**Important Note:**  Perfect envy-freeness is not always achievable with indivisible goods and limited resources. In this case, we've minimized envy as much as possible. 
",0,3,1,2,5.0,0.0,0.0
60,"Here's how we can approach this problem to find an envy-free allocation:

**1. Identify the highest valued good for each person:**

* **Person 1:** Good A (value 45)
* **Person 2:** Good B (value 40)
* **Person 3:** Good A (value 50)

**2.  Prioritize allocation based on highest value and potential envy:**

* **Good A:** Both Person 1 and Person 3 value Good A the highest. However, Person 3 values it significantly more than Person 1 (50 vs. 45). To avoid envy, Good A should be allocated to Person 3. 
* **Good B:** Person 2 values Good B the highest and there's no competition. Allocate Good B to Person 2.
* **Good C:** While Person 3 values Good C highly (45), allocating it to them would give them a significantly higher total value compared to others, potentially creating envy.  

**3. Utilize money to address potential envy and optimize satisfaction:**

* **Person 1:**  Doesn't receive their top choice (Good A). To compensate and prevent envy of Person 3, allocate them a sum of money.  A fair amount could be around 5 units (equivalent to the value difference between their valuation of Good A and Person 3's valuation of Good A).
* **Person 2:** Receives their top choice (Good B) and likely won't envy others. No money allocation needed.

**Final Allocation:**

* **Person 1:** 5 units of money
* **Person 2:** Good B
* **Person 3:** Good A

**Justification:**

This allocation is likely to be envy-free because:

* **Person 1:**  While they don't get a physical good, they receive the monetary equivalent of their top choice, making them indifferent to Person 3's bundle.
* **Person 2:** Gets their most preferred good and is unlikely to envy others.
* **Person 3:** Gets their most preferred good and has no incentive to envy others.

**Important Notes:**

* This solution aims for envy-freeness, which might not always align with maximizing the total value of allocated goods.
* Determining the ""fair"" amount of money for Person 1 involves a degree of subjectivity. You could adjust it slightly based on different fairness principles. 
*  In real-world scenarios, considering individuals' preferences beyond just numerical values is crucial for a truly fair and satisfactory outcome. 
",0,3,2,None,5.0,0.0,0.0
61,"Here's how we can determine an envy-free allocation for this scenario:

**1. Identify Potential Envy:**

* **Person 1 vs. Person 2:** Person 1 might envy Person 2 if Person 2 receives Good B (valued higher by Person 1).
* **Person 1 vs. Person 3:** Person 1 might envy Person 3 if Person 3 receives Good A (valued higher by Person 1).
* **Person 2 vs. Person 1:** Person 2 might envy Person 1 if Person 1 receives Good B (valued higher by Person 2).
* **Person 2 vs. Person 3:** Person 2 might envy Person 3 if Person 3 receives Good C (valued equally, but Person 2 might value money more).
* **Person 3 vs. Person 1:** Person 3 might envy Person 1 if Person 1 receives Good A (valued higher by Person 3).
* **Person 3 vs. Person 2:** Person 3 might envy Person 2 if Person 2 receives Good C (valued higher by Person 3).

**2. Prioritize Allocations to Minimize Envy:**

* **Good A:**  Person 3 values Good A the most (50). To avoid envy from Person 1, we need to compensate Person 1 adequately.
* **Good B:** Person 2 values Good B the most (40). This allocation is less likely to cause envy, as Person 1's higher valuation for Good B is offset by their potential acquisition of Good A.
* **Good C:**  Both Person 2 and Person 3 value Good C relatively high. Allocating it to Person 3 helps minimize envy, especially if they receive Good A.

**3. Proposed Allocation:**

* **Person 1:** Receives 5 units of money (equivalent to a good of value 5 for them).
* **Person 2:** Receives Good B.
* **Person 3:** Receives Good A and Good C.

**4. Envy Analysis:**

* **Person 1:** While they don't get a physical good, the 5 units of money hold the equivalent value of a good they'd desire. They might have preferred Good A, but receiving compensation prevents envy towards Person 3.
* **Person 2:** They receive their most valued good (Good B) and are unlikely to envy others. 
* **Person 3:** They receive their top two valued goods (Good A and Good C) and are unlikely to envy others.

**Justification:**

This allocation minimizes envy by ensuring:

* The person with the highest valuation for a good generally receives it.
* When this isn't possible (like with Person 1 and Good A), adequate compensation is provided.

**Important Notes:**

* This solution assumes that individuals value the money equally to a good of the same numerical value. 
* This is one possible envy-free allocation. Other solutions might exist depending on how you prioritize minimizing envy and the specific utility functions of each person. 
* In real-world scenarios, communication and negotiation among individuals would be crucial to reach a mutually agreeable and fair allocation. 
",0,3,2,3,5.0,0.0,0.0
62,"Here's how we can determine an envy-free allocation for this problem:

**1. Identify the highest valuations for each good:**

* **Good A:** Person 3 values it the most (50)
* **Good B:** Person 2 values it the most (40)
* **Good C:** Person 3 also values it the most (45)

**2.  Preliminary Allocation based on highest valuation:**

* **Person 3:** Receives Good A and Good C (Total Value = 50 + 45 = 95)
* **Person 2:** Receives Good B (Total Value = 40)
* **Person 1:** Receives no goods initially (Total Value = 0)

**3. Addressing Envy and Utilizing Money:**

* **Person 1 might envy Person 2:** Person 1 values Good B at 30, which is less than Person 2's valuation but could be compensated with money. 
* **Person 1 might envy Person 3:** Person 1's combined valuation of Goods A and C (45+25=70) is significantly less than Person 3's valuation.  Money alone cannot realistically compensate for this difference.

**4.  Final Allocation:**

To create an envy-free allocation, we need to ensure Person 1 doesn't envy anyone else. Here's one possible solution:

* **Person 3:** Receives Good A and Good C (Total Value = 95)
* **Person 2:** Receives 3 units of money (Total Value = equivalent to a good worth 30) 
* **Person 1:** Receives Good B and 2 units of money (Total Value = 30 + equivalent of a good worth 20 = 50)

**Explanation:**

* **Person 3** has the highest combined valuation for Goods A and C and therefore receives them. They wouldn't envy anyone else.
* **Person 2** highly values Good B but also understands that Person 1 would highly envy them if they received it. By accepting 3 units of money (equivalent to Person 1's valuation of Good B), Person 2 remains content.
* **Person 1**, by receiving Good B and 2 units of money, achieves a perceived value equal to what they would have had with Good A. This eliminates envy towards both Person 2 and Person 3.

**Important Notes:**

* This is just one possible envy-free allocation. Other solutions might exist depending on how you prioritize individual preferences and utilize the available money.
* In reality, envy-freeness can be a complex concept. This solution assumes individuals assess their satisfaction solely based on the assigned goods and monetary equivalents.  

Let me know if you'd like to explore alternative allocation scenarios! 
",0,3,1,3,2.0,3.0,0.0
63,"This is a classic fair division problem with indivisible goods and a bit of a twist with the divisible money.  Here's how we can approach finding an envy-free allocation:

**1. Calculate Potential Envy:**

* **Person 1:** Might envy Person 2 for Good B (40 vs. 30) or Person 3 for Good A (50 vs. 45).
* **Person 2:** Might envy Person 1 for Good A (45 vs. 35) or Person 3 for Good C (45 vs. 25).
* **Person 3:** Might envy Person 1 for Good A (45 vs. 50) or Person 2 for Good B (40 vs. 5).

**2. Prioritize Allocations to Minimize Envy:**

* **Good A:** Person 3 values it most (50). To prevent envy from Person 1 (who values it at 45), we could give Person 1 some money to compensate.
* **Good B:** Person 2 values it most (40). This allocation is unlikely to cause envy as the others value it significantly less.
* **Good C:**  Both Person 2 and Person 3 value it equally (45). We'll need to manage potential envy here.

**3.  Proposed Allocation and Envy Mitigation:**

* **Person 1:** Receives Good A and 5 units of money. This compensates for their slightly lower valuation of Good A compared to Person 3.
* **Person 2:** Receives Good B. 
* **Person 3:** Receives Good C.

**4.  Checking for Envy-Freeness:**

* **Person 1:** Prefers their bundle (Good A + 5 money) over Person 2's (Good B) and Person 3's (Good C). The money compensates for the difference in valuation of Good A.
* **Person 2:** Prefers their bundle (Good B) over Person 1's (Good A + 5 money) and Person 3's (Good C). 
* **Person 3:** Prefers their bundle (Good C) over Person 1's (Good A + 5 money) and Person 2's (Good B).

**Conclusion:**

The proposed allocation is envy-free. Each person receives the good they value most or are compensated with money to make their bundle preferable. 
",0,1,2,3,5.0,0.0,0.0
64,"Here's how we can determine an envy-free allocation for this scenario:

**1. Determine the highest valued good for each person:**

* **Person 1:** Good A (value 45)
* **Person 2:** Good B (value 40)
* **Person 3:** Good A (value 50)

**2. Initial Allocation based on highest value:**

* **Person 1:** Receives Good A 
* **Person 2:** Receives Good B
* **Person 3:**  This is where it gets tricky.  Person 3 also values Good A highest, but it's already allocated.

**3. Addressing Envy and Finding a Solution:**

* **Person 3 envies Person 1:** Person 3 values Good A at 50, which is higher than their valuation of Good C (45). 
* **Using Money to Compensate:** To prevent envy, we can give Person 3 some money as compensation. Since the difference in their valuation of Good A and Good C is 5, we can give Person 3 the full 5 units of money.

**Final Allocation:**

* **Person 1:** Good A 
* **Person 2:** Good B
* **Person 3:** Good C + 5 units of money 

**Why this works (Envy-Freeness):**

* **Person 1:** Prefers their allocation because they got their highest valued item (Good A).
* **Person 2:** Prefers their allocation because they got their highest valued item (Good B).
* **Person 3:** While they didn't get their absolute highest valued item (Good A), the money compensation makes them indifferent between having Good A or their current bundle (Good C + 5 money units).  This eliminates envy.

**Important Considerations:**

* This solution assumes that individuals value the money linearly and that it holds the same value for everyone.
* There might be other envy-free allocations possible. This is just one solution that prioritizes giving goods to those who value them the highest and uses money to compensate for any potential envy. 
",0,1,2,3,0.0,0.0,5.0
65,"Here's how we can determine an envy-free allocation for this problem:

**1. Identify Initial Allocations based on Highest Value:**

* **Good A:** Person 3 values it highest (50) 
* **Good B:** Person 2 values it highest (40)
* **Good C:** Person 3 values it highest (45)

**2. Check for Envy and Adjust:**

* **Person 1 might envy Person 3:** Person 1 values Good A at 45, and Good C at 25.  They might prefer having Good A (which went to Person 3) or Good C (also with Person 3) over their current allocation (nothing yet). 

* **Addressing Person 1's Potential Envy:**  
    * **Option A (Allocate Good A to Person 1):**  While this satisfies Person 1, Person 3 would now envy Person 1 (as they valued Good A at 50). 
    * **Option B (Allocate Good C and Money to Person 1):** We can give Person 1 Good C (value 25) and 20 units of money (equivalent to a value of 20). This brings their total value to 45, matching their valuation of Good A.

**3. Final Allocation:**

* **Person 1:** Good C (value 25) + 2 units of money (value 20) = Total perceived value of 45
* **Person 2:** Good B (value 40)
* **Person 3:** Good A (value 50) 

**4. Checking for Envy (Final):**

* **Person 1:**  Doesn't envy Person 2 or Person 3 as their allocation gives them an equivalent perceived value to their most desired good (Good A).
* **Person 2:** Doesn't envy anyone as they have the good they value most.
* **Person 3:** Doesn't envy anyone as they have the good they value most.

**Conclusion:**

This allocation is envy-free because each person receives a bundle of goods and/or money that they value at least as much as any other person's bundle. 
",0,3,2,1,2.0,0.0,0.0
66,"Here's how we can determine an envy-free allocation for this scenario:

**1. Identify Initial Preferences:**

* **Person 1:** Prefers Good A (45) > Good B (30) > Good C (25)
* **Person 2:** Prefers Good B (40) > Good A (35) > Good C (25)
* **Person 3:** Prefers Good A (50) > Good C (45) > Good B (5)

**2. Allocate Based on Highest Value:**

* **Good A:** Person 3 values it highest (50) – allocate Good A to Person 3.
* **Good B:** Person 2 values it highest (40) – allocate Good B to Person 2.
* **Good C:** Person 1 and Person 3 value it equally (25/45) –  We'll address this shortly.

**3. Addressing Good C and Money:**

* Allocating Good C to either Person 1 or Person 3 will create envy. Let's explore using the money to compensate:
    * **Option 1: Good C to Person 1:** Person 3 would envy this. To compensate, we'd need to give Person 3 at least 20 units of money (45 - 25). We don't have enough.
    * **Option 2: Good C to Person 3:** Person 1 would envy this. To compensate, we'd need to give Person 1 at least 20 units of money (45 - 25). We don't have enough. 

* **Solution:** Since we can't allocate Good C fairly, we won't allocate it at all. Instead, we will use the money to compensate those who don't receive a good.

**4. Final Allocation and Compensation:**

* **Person 1:** Receives 5 units of money (equivalent to a good of value 5).
* **Person 2:** Receives Good B (value 40).
* **Person 3:** Receives Good A (value 50).

**5. Checking for Envy:**

* **Person 1:** Prefers their bundle (5 money) to Person 2's (Good B) and Person 3's (Good A). 
* **Person 2:** Prefers their bundle (Good B) to Person 1's (5 money) and Person 3's (Good A).
* **Person 3:** Prefers their bundle (Good A) to Person 1's (5 money) and Person 2's (Good B).

**Conclusion:**

This allocation is envy-free because each person prefers their own bundle over the bundles received by the others. By not allocating Good C, we avoid creating envy that we cannot adequately address with the available money. 
",0,3,2,None,5.0,0.0,0.0
67,"Here's how we can determine an envy-free allocation for this scenario:

**1. Determine the highest valued good for each person:**

* **Person 1:** Good A (value 45)
* **Person 2:** Good B (value 40)
* **Person 3:** Good A (value 50)

**2. Initial Allocation based on highest value:**

* **Person 1:** Receives Good A 
* **Person 2:** Receives Good B
* **Person 3:**  This is where it gets tricky. Person 3 also values Good A highest, but it's already allocated.

**3. Addressing Envy and Finding a Solution:**

* **Person 3's envy:** Person 3 will envy Person 1 because Good A is worth more to them (50 vs. 45). 
* **Using Money to compensate:** We can use the money to compensate Person 3 for not getting Good A.  Since Person 3 values Good A at 50 and Person 1 values it at 45, we need to find a sum that makes Person 3 indifferent between getting Good A and getting Good C plus money. 
* **Calculation:**  Person 3 values Good C at 45. To make them indifferent, they would need 5 units of money in addition to Good C (50 - 45 = 5).

**4. Final Allocation:**

* **Person 1:** Good A 
* **Person 2:** Good B
* **Person 3:** Good C + 5 units of money

**This allocation is envy-free because:**

* **Person 1:** Prefers their own bundle (Good A) to anyone else's.
* **Person 2:** Prefers their own bundle (Good B) to anyone else's.
* **Person 3:** Is indifferent between having Good A and having Good C + 5 units of money, making them envy-free.

**Important Notes:**

* This solution assumes individuals have linear utility functions, meaning their value for a good directly corresponds to how much money they'd be willing to pay for it.
* This is just one possible envy-free allocation. There might be other allocations that also satisfy the envy-free condition. 
",0,1,2,3,0.0,0.0,5.0
68,"Here's how we can determine an envy-free allocation for this scenario:

**1. Identify Initial Preferences:**

* **Person 1:** Values Good A the most (45), followed by Good B (30), and then Good C (25).
* **Person 2:**  Values Good B the most (40), followed by Good A (35), and then Good C (25).
* **Person 3:** Values Good A the most (50), followed by Good C (45), and then Good B (5).

**2.  Prioritize High-Value Allocations:**

* **Good A:** Person 3 values it the highest (50). To make them envy-free, they should receive Good A. 
* **Good B:** Person 2 values it the highest (40). They should receive Good B.
* **Good C:** Both Person 1 and Person 3 value it equally high (25 & 45 respectively).  We'll address this shortly.

**3. Address Potential Envy and Utilize Money:**

* **Person 1** currently has no good and might envy Person 2 (Good B) or Person 3 (Good A & potentially Good C).  
* **To prevent envy:** Allocate Good C to Person 1.  While they value it at 25, this prevents them from envying Person 3's bundle.
* **To compensate:** Since Person 3 has the highest overall value for the goods, provide Person 1 with some money to offset their lower perceived value. A fair amount could be 2 units of money, as this brings their total perceived value (Good C + money) to 45, equivalent to their valuation of Good A.

**4. Final Allocation:**

* **Person 1:**  Good C + 2 units of money 
* **Person 2:**  Good B
* **Person 3:**  Good A + 3 units of money (remaining)

**5. Verify Envy-Freeness:**

* **Person 1:** Prefers their bundle (Good C + money) as it now equals their valuation of Good A. They don't envy Person 2 or 3.
* **Person 2:**  Prefers their bundle (Good B) over the others.
* **Person 3:** Prefers their bundle (Good A + money), as Good A was their top choice.

**This allocation ensures that each person prefers their own bundle over the bundles received by others, resulting in an envy-free distribution.** 
",0,3,2,1,2.0,0.0,3.0
69,"Here's how we can determine an envy-free allocation for this scenario:

**1.  Identify Initial Allocations Based on Highest Value:**

*   **Good A:** Person 3 values it the highest (50) 
*   **Good B:** Person 2 values it the highest (40)
*   **Good C:** Person 3 values it the highest (45)

**2. Check for Envy and Address Concerns:**

*   **Person 1 might envy Person 2:** Person 1 values Good B at 30, which is higher than their own allocated good (Good C at 25). 
*   **Solution:** To eliminate envy, we can give Person 1 some money to compensate.  We need to determine how much money would make Person 1 indifferent between their allocation and Person 2's allocation:
    *   Person 1's value for their current allocation: 25 (Good C)
    *   Person 1's value for Person 2's allocation: 30 (Good B)
    *   Difference: 5 

**3. Final Allocation:**

*   **Person 1:** Good C + 5 units of money
*   **Person 2:** Good B 
*   **Person 3:** Good A

**4. Verification:**

*   **Person 1:** Prefers their bundle (25 + 5 = 30) to Person 2's (30) and Person 3's (45).
*   **Person 2:** Prefers their bundle (40) to Person 1's (30) and Person 3's (45).
*   **Person 3:** Prefers their bundle (50) to Person 1's (30) and Person 2's (40).

**This allocation is envy-free because each person finds their own bundle at least as good as the bundles received by the others.** 
",0,3,2,1,5.0,0.0,0.0
70,"Here's how we can determine an envy-free allocation for this scenario:

**1. Determine the highest valued good for each person:**

* **Person 1:** Good A (value 45)
* **Person 2:** Good B (value 40) 
* **Person 3:** Good A (value 50)

**2.  Prioritize allocations to maximize value:**

* **Good A:** Person 3 values it highest (50).  Allocate Good A to Person 3. 
* **Good B:** Person 2 values it highest (40). Allocate Good B to Person 2.
* **Good C:** Both Person 1 and Person 3 value it equally (25). We'll address this shortly.

**3. Address remaining goods and money:**

* We have Good C and the 5 units of money remaining.
* **Option 1 (Maximize total value):** Give Good C to Person 1 (value 25).  This leaves the 5 units of money, which could be split between Person 1 and Person 2 to further increase their satisfaction, or discarded as they are not needed to ensure envy-freeness.
* **Option 2 (Ensure equal value received):** Give Good C to Person 1 and 5 units of money to Person 2. This way, both Person 1 and Person 2 receive a total value of 30, while Person 3 receives a value of 50. 

**Envy-Free Check:**

* **Option 1:**
    * Person 1 won't envy others (they have their highest valued good + potentially money).
    * Person 2 won't envy others (similar reasoning as Person 1).
    * Person 3 won't envy others (they have the good they value most).
* **Option 2:**
    * Person 1 won't envy others (they have the same total value as Person 2).
    * Person 2 won't envy others (they have the same total value as Person 1).
    * Person 3 won't envy others (they have the good they value most and a higher total value).

**Conclusion:**

Both Option 1 and Option 2 result in envy-free allocations. Option 1 potentially maximizes total value, while Option 2 focuses on ensuring equal perceived value between Person 1 and 2. The ""fairest"" allocation depends on your chosen definition of fairness in this context. 
",0,3,2,1,0.0,5.0,0.0
71,"Here's how we can determine an envy-free allocation for this scenario:

**1. Identify Initial Allocations based on Highest Value:**

* **Good A:** Person 3 values it highest (50)
* **Good B:** Person 2 values it highest (40)
* **Good C:** Person 3 values it highest (45)

**2. Check for Envy and Address Discrepancies:**

* **Person 1 vs. Person 3:** 
    * Person 1 might envy Person 3 for getting both Good A and Good C. Let's calculate the difference in value to see if compensation is possible.
    * Person 1's value for Good A & C: 45 + 25 = 70
    * Person 1's value for current allocation (nothing): 0
    * Difference = 70.  Even if we gave Person 1 all the money (5), it wouldn't compensate for their perceived loss.
* **Person 2 vs. Person 3:**
    * Person 2 might envy Person 3 for getting Good C.
    * Person 2's value for Good C: 25
    * Person 2's value for current allocation (Good B): 40
    * Difference = -15 (Person 2 prefers their own allocation)

**3.  Adjust Allocations to Minimize Envy:**

Since Person 1 has significant envy that cannot be compensated for with money, we need to re-allocate goods:

* **Option 1: Give Person 1 Good A and some money:**
    * Give Good A to Person 1 (value 45)
    * Give Person 1  money to compensate for not getting Good C (let's say 3 units, value 3).
    * This leaves Person 3 with Good C (value 45) and 2 units of money (value 2). 
    * This allocation *could* be considered envy-free, depending on how much Person 1 values Good C compared to money. 

* **Option 2: Give Person 1 Good C and some money:**
    * Give Good C to Person 1 (value 25)
    * Give Person 1 enough money to compensate for not getting Good A (at least 2 units, value 2).
    * This leaves Person 3 with Good A (value 50) and potentially some money.
    * This option is less ideal because it requires more money to compensate Person 1.

* **Option 3:  Don't allocate Good A:**
    * This is a less desirable outcome in most cases, as it wastes a valuable resource.

**4. Final Allocation (based on Option 1):**

* **Person 1:**  Good A, 3 units of money
* **Person 2:**  Good B
* **Person 3:**  Good C, 2 units of money

**Important Considerations:**

* **Subjectivity of Value:** We're assuming the provided values accurately represent each person's preferences. In reality, these values are subjective.
* **Envy-Freeness vs. Efficiency:** While this allocation aims for envy-freeness, it might not be the most economically efficient. Good A might have been better utilized by Person 3.
* **Communication is Key:**  In a real-world scenario, open communication and negotiation between the individuals would be crucial to arrive at a mutually agreeable allocation. 
",0,1,2,3,3.0,0.0,2.0
72,"Here's how we can determine an envy-free allocation for this scenario:

**1. Determine the highest valued good for each person:**

* **Person 1:** Good A (value 45)
* **Person 2:** Good B (value 40)
* **Person 3:** Good A (value 50)

**2.  Initial Allocation based on highest value:**

* **Person 1:** Receives Good A 
* **Person 2:** Receives Good B
* **Person 3:**  Since Good A is already assigned, we move to their next highest valued good, which is Good C.

**3. Addressing Potential Envy:**

* **Person 1 vs. Person 2:** Person 1 values their bundle (Good A) at 45. They value Person 2's bundle (Good B) at 30. No envy.
* **Person 1 vs. Person 3:** Person 1 values their bundle at 45. They value Person 3's bundle (Good C) at 25. No envy.
* **Person 2 vs. Person 3:**  Person 2 values their bundle at 40. They value Person 3's bundle at 25. No envy.

**4. Allocating the Money:**

We have 5 units of money to allocate.  To ensure envy-freeness, we need to consider how much each person would ""pay"" to switch bundles.

* **Person 1:**  Wouldn't pay anything to switch, as they have their most valued good.
* **Person 2:**  Might pay up to 10 units to switch with Person 1 (45 - 35 = 10).
* **Person 3:** Might pay up to 5 units to switch with Person 1 (50 - 45 = 5).

To prevent envy, we can allocate the money as follows:

* **Person 2:** Receives 3 units of money.
* **Person 3:** Receives 2 units of money.

**Final Allocation:**

* **Person 1:** Good A 
* **Person 2:** Good B + 3 units of money
* **Person 3:** Good C + 2 units of money

**Explanation:**

This allocation is envy-free because:

* **Person 1:**  Has their most preferred good.
* **Person 2:** Though they might prefer Good A, the money compensation makes them value their bundle more than Person 1's.
* **Person 3:** Though they might prefer Good A, the money compensation makes them value their bundle more than Person 1's.

**Important Note:** Envy-freeness doesn't mean everyone gets their absolute top choice, but it ensures everyone feels they received a fair deal compared to others. 
",0,1,2,3,0.0,3.0,2.0
73,"Here's how we can determine an envy-free allocation for this scenario:

**1. Identify Initial Preferences:**

* **Person 1:** Prefers Good A (45) > Good B (30) > Good C (25)
* **Person 2:** Prefers Good B (40) > Good A (35) > Good C (25)
* **Person 3:** Prefers Good A (50) > Good C (45) > Good B (5)

**2.  Maximize Total Value:**

A naive approach might be to simply give each person their most preferred good. However, this might not be the most efficient use of resources. Let's see if we can maximize the total value created by the allocation:

* **Good A:** Person 3 values it the most (50)
* **Good B:** Person 2 values it the most (40)
* **Good C:** Person 3 values it the most (45)

**3. Address Potential Envy and Optimize:**

If we allocate the goods based on the highest value above, Person 1 might envy Person 3 for receiving Good A. To address this, we need to make Person 1's allocation equally or more attractive. Here's a possible solution:

* **Person 1:** Receives Good B (value 30) + 15 units of money (equivalent value of 15). Total perceived value = 45
* **Person 2:** Receives Good C (value 25) + 15 units of money (equivalent value of 15). Total perceived value = 40
* **Person 3:** Receives Good A (value 50).

**4. Check for Envy-Freeness:**

* **Person 1** prefers their own bundle (Good B + 15 units of money) over Person 2's (Good C + 15 units of money) and Person 3's (Good A).
* **Person 2** prefers their own bundle (Good C + 15 units of money) over Person 1's (Good B + 15 units of money) and Person 3's (Good A).
* **Person 3** prefers their own bundle (Good A) over Person 1's (Good B + 15 units of money) and Person 2's (Good C + 15 units of money).

**Conclusion:**

This allocation is envy-free as each person finds their own bundle to be at least as good as the bundles received by others. By using a combination of goods and money, we've ensured a fairer distribution where everyone feels satisfied. 
",0,3,1,2,15.0,15.0,0.0
74,"Here's how we can determine an envy-free allocation, considering both the goods and the money:

**1. Identify Initial Envy:**

Let's start by seeing if a simple allocation based on highest individual value for each good leads to envy:

* **Good A:** Person 3 values it most (50) 
* **Good B:** Person 2 values it most (40)
* **Good C:** Person 3 values it most (45)

If we allocate this way, let's see if there's envy:

* **Person 1 might envy Person 2:** Person 1 values Good B at 30, but Person 2 gets it (valued at 40 by them). 
* **Person 1 might envy Person 3:** Person 1 values Good A at 45 and Good C at 25, while Person 3 gets both (valued at 50 and 45 respectively).

**2. Addressing Envy with Money:**

We can use the money to compensate individuals who might experience envy. Here's a possible allocation and compensation scheme:

* **Person 1:** Receives Good B (value 30) and 15 units of money.
* **Person 2:** Receives Good A (value 35) and 5 units of money.
* **Person 3:** Receives Good C (value 45).

**3. Checking for Envy-Freeness:**

* **Person 1:** They value their bundle (Good B + 15 money) at 45. They wouldn't envy Person 2 (Good A + 5 money, valued at 40 by Person 1) or Person 3 (Good C, valued at 25 by Person 1).
* **Person 2:** They value their bundle (Good A + 5 money) at 40. They wouldn't envy Person 1 or Person 3.
* **Person 3:** They value their bundle (Good C) at 45. They wouldn't envy Person 1 or Person 2.

**Conclusion:**

This allocation is envy-free because each person receives the bundle they value most compared to the other bundles, considering both the goods and the monetary compensation. 
",0,2,1,3,15.0,5.0,0.0
75,"Here's how we can determine an envy-free allocation, considering both the goods and the money:

**1. Determine the Most Valuable Good for Each Person:**

* **Person 1:** Good A (value 45)
* **Person 2:** Good B (value 40)
* **Person 3:** Good A (value 50)

**2.  Address Potential Conflicts:**

* Both Person 1 and Person 3 value Good A the most. Since Person 3 values it higher (50 vs. 45), we'll tentatively assign Good A to Person 3.

**3. Assign Remaining Goods:**

* **Person 2:** Receives Good B (their highest valued good).
* **Person 1:** Receives Good C (the only remaining good). 

**4. Check for Envy and Use Money to Compensate:**

* **Person 1 vs. Person 2:** Person 1 might envy Person 2 (Good B, value 30 for Person 1). To compensate, we can give Person 1 some money. Since the difference in value is 10 (40-30), we can give Person 1 5 units of money (the maximum available). 
* **Person 1 vs. Person 3:** Person 1 might still slightly envy Person 3 (Good A, even with the money, Person 1's total value is 50, equal to Person 3's value for Good A).  However, this is unavoidable without further divisible goods or money to compensate.
* **Person 2 vs. Person 3:**  Person 2 likely won't envy Person 3 as they have their highest valued item.

**Final Allocation:**

* **Person 1:** Good C + 5 units of money (Total Perceived Value = 50)
* **Person 2:** Good B (Total Perceived Value = 40)
* **Person 3:** Good A (Total Perceived Value = 50)

**Explanation:**

This allocation, while not perfectly envy-free, is as close as we can get with the given resources.  Here's why:

* **Maximizes Value:** Each person receives either their most valued good or a close equivalent in value through compensation.
* **Minimizes Envy:** We've used the money to address the most significant potential source of envy. 
* **Limited Resources:**  We cannot completely eliminate the slight envy Person 1 might have for Person 3 without additional resources.

**Important Note:**  ""Envy-free"" doesn't mean everyone gets their absolute top choice. It means they prefer their own bundle over anyone else's, considering the combination of goods and money received. 
",0,3,2,1,5.0,0.0,0.0
76,"Here's how we can determine an envy-free allocation for this scenario:

**1. Identify Initial Preferences:**

* **Person 1:** Prefers Good A (45) > Good B (30) > Good C (25)
* **Person 2:** Prefers Good B (40) > Good A (35) > Good C (25)
* **Person 3:** Prefers Good A (50) > Good C (45) > Good B (5)

**2.  Maximize Total Value:**

A naive approach would be to simply give each good to the person who values it most. However, this might not lead to the most desirable outcome in terms of overall satisfaction and envy-freeness. Let's explore different allocation possibilities:

* **Scenario 1: Good A to Person 3, Good B to Person 2, Good C to Person 1**
    * Total Value: 50 (P3) + 40 (P2) + 25 (P1) = 115
* **Scenario 2: Good A to Person 1, Good B to Person 2, Good C to Person 3**
    * Total Value: 45 (P1) + 40 (P2) + 45 (P3) = 130 
* **Scenario 3: Good A to Person 3, Good B to Person 1, Good C to Person 2**
    * Total Value: 50 (P3) + 30 (P1) + 25 (P2) = 105

**Scenario 2 yields the highest total value (130).**

**3. Check for Envy and Introduce Monetary Compensation:**

* **Person 1 (Good A):**  Satisfied. No envy.
* **Person 2 (Good B):**  Satisfied. No envy.
* **Person 3 (Good C):** Might envy Person 1 (Good A is worth 5 more to Person 3).

To eliminate Person 3's potential envy, we can compensate them with money. Since Good A is worth 5 more to Person 3 than Good C, we can give Person 3 a portion of the available money.

**4. Final Allocation:**

* **Person 1:** Good A 
* **Person 2:** Good B
* **Person 3:** Good C + 5 units of money 

**Why this allocation is envy-free:**

* Each person receives the good they value most or second-most.
* Person 3, who might have envied Person 1, receives monetary compensation that equals the difference in their valuations of the goods, making them indifferent between the two bundles.

**Important Considerations:**

* This solution assumes that individuals' utility functions are solely based on their valuations of the goods and money. In reality, other factors like fairness perceptions and social comparisons can influence envy.
* The availability of money allows for greater flexibility in achieving envy-freeness in scenarios with indivisible goods. 
",0,1,2,3,0.0,0.0,5.0
77,"Here's how we can determine an envy-free allocation for this scenario:

**1. Determine the most valuable good for each person:**

* **Person 1:**  Good A (Value 45)
* **Person 2:** Good B (Value 40)
* **Person 3:** Good A (Value 50)

**2. Allocate the most valuable goods (if possible):**

* **Good A:** Person 3 values Good A the most (50). We allocate Good A to Person 3.
* **Good B:** Person 2 values Good B the most (40). We allocate Good B to Person 2.

**3. Address remaining goods and money:**

* **Good C:** Both Person 1 and Person 3 value Good C highly (25 and 45 respectively). 
* **Money:** We have 5 units of money to potentially compensate someone who doesn't receive Good C.

**4.  Calculate potential envy and find an envy-free solution:**

* **Scenario 1: Allocate Good C to Person 1:**
    * Person 1 gets Good C (value 25) - They are content.
    * Person 3 might envy Person 1 as they value Good C at 45. To avoid envy, we need to compensate Person 3 with money. Giving Person 3 the full 5 units of money still leaves them valuing Person 1's bundle (Good C + 5 money) at 50, equal to their own valuation of Good A. This allocation is envy-free.

* **Scenario 2: Allocate Good C to Person 3:**
    * Person 3 gets Good C (value 45) - They are content.
    * Person 1 might envy Person 3. However, even giving Person 1 all 5 units of money wouldn't compensate for the difference in their valuations of Good C (Person 1 values it at 25, Person 3 at 45). This allocation will always have envy. 

**Final Envy-Free Allocation:**

* **Person 1:**  Good C + 5 units of money
* **Person 2:** Good B
* **Person 3:** Good A

**Explanation:**

This allocation ensures that no individual envies another's bundle. Person 1, while receiving their less preferred good, is fully compensated with the money, making them value their allocation equally to what they'd get with Good A.  Person 2 gets their most preferred good, and Person 3 gets their most preferred good, leaving everyone satisfied and envy-free. 
",0,3,2,1,5.0,0.0,0.0
78,"Here's how we can determine an envy-free allocation for this scenario:

**1. Understanding Envy-Free Allocation**

An envy-free allocation means that no individual would prefer another person's bundle of goods and money over their own. 

**2. Identifying Potential Conflicts**

* **Good A:** Person 3 values Good A the most (50), followed by Person 1 (45) and then Person 2 (35). 
* **Good B:** Person 2 values Good B the most (40), followed by Person 1 (30), and lastly Person 3 (5).
* **Good C:** Person 3 values Good C the most (45), followed by Person 1 (25), and Person 2 (25).

This suggests potential envy:

* Person 1 might envy Person 3 if Person 3 gets Good A.
* Person 2 might envy Person 1 or Person 3 if they get Good B. 
* Person 1 or Person 2 might envy Person 3 if Person 3 gets Good C.

**3. Determining the Allocation**

To achieve an envy-free allocation, we need to consider both the goods and the money. Here's a possible solution:

* **Person 1:** Receives Good B and 1 unit of money.
    * Value of Good B: 30
    * Value of money: 1 
    * Total value for Person 1: 31
* **Person 2:** Receives Good A and 4 units of money.
    * Value of Good A: 35
    * Value of money: 4
    * Total value for Person 2: 39
* **Person 3:** Receives Good C.
    * Value of Good C: 45
    * Total value for Person 3: 45

**4. Checking for Envy**

Let's examine if anyone would prefer another person's bundle:

* **Person 1:** Would not envy Person 2 (Good A + 4 money = 39) or Person 3 (Good C = 45) because they value their own bundle (Good B + 1 money = 31) more.
* **Person 2:** Would not envy Person 1 (Good B + 1 money = 31) or Person 3 (Good C = 45) because they value their own bundle (Good A + 4 money = 39) more.
* **Person 3:**  Would not envy Person 1 (Good B + 1 money = 31) or Person 2 (Good A + 4 money = 39) because they value their own bundle (Good C = 45) more.

**Conclusion**

This allocation is envy-free as no individual would prefer another person's bundle. The inclusion of money helps to compensate individuals and ensures fairness in the allocation of indivisible goods. 
",0,2,1,3,1.0,4.0,0.0
79,"Here's how we can find an envy-free allocation:

**1. Determine the most valuable good for each person:**

* **Person 1:** Good A (value 45)
* **Person 2:** Good B (value 40)
* **Person 3:** Good A (value 50) 

**2.  Identify potential conflicts:**

* Both Person 1 and Person 3 value Good A the most.

**3. Resolve conflicts and optimize allocation:**

* **Give Good A to Person 3:** They have the highest valuation, maximizing overall value.
* **Give Good B to Person 2:** They value it most and there's no conflict.
* **Give Good C to Person 1:** While they value Good A more, it's already allocated. This is the best remaining option.

**4.  Address remaining resources (money):**

* We've allocated all the goods. Now, we can use the money to compensate individuals who might envy another's bundle. Let's analyze:
    * **Person 1:** Might envy Person 3 (Good A). 
    * **Person 2:**  Unlikely to envy anyone, receiving their top choice.
    * **Person 3:**  Received their top choice, no envy.

* **Calculate potential envy:** Person 1 values the bundle of Person 3 (Good A) at 45. Their current bundle (Good C) is valued at 25.  The difference is 20. 
* **Compensate with money:**  Give Person 1  5 units of money (the maximum available). This brings their total perceived value of their bundle (Good C + money) to 30. 

**Final Allocation:**

* **Person 1:** Good C + 5 units of money (Perceived value = 30)
* **Person 2:** Good B (Perceived value = 40)
* **Person 3:** Good A (Perceived value = 50)

**Why this allocation is likely envy-free:**

* **Person 1:** Although they didn't get their first choice, the money compensation makes their bundle equally or more attractive than what anyone else received.
* **Person 2:** Received their top preference.
* **Person 3:** Received their top preference. 

**Important Notes:**

* **Envy-freeness** is difficult to guarantee perfectly, especially with indivisible goods. This solution aims for a highly likely envy-free outcome.
* **Subjectivity:**  People's preferences are complex. This solution assumes individuals value the goods and money as stated.
* **Other solutions:** Alternative allocations might exist depending on negotiation and priorities. 
",0,3,2,1,5.0,0.0,0.0
80,"Here's how we can determine an envy-free allocation for this scenario:

**1. Understanding Envy-Free Allocation**

An envy-free allocation means no one would want to trade their entire bundle (goods and/or money) with what another person has. 

**2.  Analyzing the Valuations**

* **Person 1:** Values Good A the most (45), then Good B (30), and lastly Good C (25).
* **Person 2:** Values Good B the most (40), then Good A (35), and lastly Good C (25).
* **Person 3:** Values Good A the most (50), then Good C (45), and lastly Good B (5).

**3. Determining the Allocation**

* **Good A to Person 3:** Person 3 values Good A the most (50). This seems like a natural starting point.
* **Good B to Person 2:** Person 2 values Good B the most (40).
* **Good C to Person 1:**  While Person 1 values Good B more than C, Good B has already been allocated. Good C is the best remaining option for Person 1.

**4. Addressing Potential Envy**

Let's check if this allocation creates envy:

* **Person 1:** Might envy Person 2 (Good B) but wouldn't want to trade their entire bundle (Good C) for it. 
* **Person 2:** Might slightly envy Person 3 (Good A), but the difference isn't significant enough to warrant a trade of their entire bundle.
* **Person 3:** Is likely content, having received their highest valued good.

**5.  Allocating the Money**

We can use the money to potentially address any minor envy and further balance the perceived value:

* **Give Person 1 5 units of money:** This compensates them for not getting a good they valued as highly as their top choice. 

**Final Allocation:**

* **Person 1:**  Good C + 5 units of money (Total perceived value: 30)
* **Person 2:**  Good B (Total perceived value: 40)
* **Person 3:**  Good A (Total perceived value: 50)

**Conclusion**

This allocation is likely envy-free. While individuals might have preferences for different goods, they wouldn't want to trade their entire allocated bundle for someone else's. The money allocation further minimizes the potential for envy by compensating Person 1. 
",0,3,2,1,5.0,0.0,0.0
81,"Here's how we can determine an envy-free allocation for this scenario:

**1. Understanding Envy-Free Allocation:**

An envy-free allocation means that no individual would prefer to have the bundle (goods and money) given to another individual over their own. 

**2.  Analyzing Individual Valuations:**

Let's represent the values in a table for clarity:

| Person | Good A | Good B | Good C |
|---|---|---|---|
| Person 1 | 45 | 30 | 25 |
| Person 2 | 35 | 40 | 25 |
| Person 3 | 50 | 5  | 45 |

**3. Determining Initial Allocation Based on Highest Value:**

* **Good A:** Person 3 values Good A the most (50), so Good A goes to Person 3.
* **Good B:** Person 2 values Good B the most (40), so Good B goes to Person 2.
* **Good C:** Person 3 also values Good C the most (45), so Good C goes to Person 3.

**4. Addressing Potential Envy and Utilizing Money:**

Currently, Person 1 might envy Person 3, as they receive both Good A and Good C. Let's calculate how much Person 1 values Person 3's bundle:

* Person 1's valuation of Person 3's bundle (Good A + Good C): 45 + 25 = 70

To eliminate envy, we need to compensate Person 1.  Since the maximum we can compensate is 5 units of money, let's allocate all 5 units to Person 1.

**5. Final Allocation:**

* **Person 1:**  5 units of money (equivalent value of 5)
* **Person 2:**  Good B (value of 40)
* **Person 3:**  Good A (value of 50) and Good C (value of 45)

**6. Checking for Envy:**

* **Person 1:** Values their bundle at 5. They wouldn't prefer Person 2's bundle (Good B worth 30 to them) or Person 3's bundle (Good A + Good C worth 70 to them, even after subtracting the 5 units of money).
* **Person 2:** Values their bundle at 40. They wouldn't prefer Person 1's bundle (5 units of money) or Person 3's bundle (Good A + Good C worth 65 to them).
* **Person 3:** Values their bundle at 95. They wouldn't prefer Person 1's or Person 2's bundle.

**Conclusion:**

This allocation is envy-free as no individual envies the bundle of another individual. 
",0,3,2,3,5.0,0.0,0.0
82,"Here's how we can determine an envy-free allocation for this scenario:

**1. Identify Initial Preferences:**

* **Person 1:**  Good A > Good B > Good C
* **Person 2:** Good B > Good A > Good C
* **Person 3:** Good A > Good C > Good B

**2.  Maximize Total Value Allocation:**

To start, let's allocate the goods in a way that maximizes the total value perceived by all individuals:

* **Person 1:** Receives Good A (Value 45)
* **Person 2:** Receives Good B (Value 40)
* **Person 3:** Receives Good C (Value 45)

**3. Check for Envy and Address Disparities:**

* **Person 1 vs. Person 2:** Person 1 might envy Person 2 because Person 2 receives a good they value at 40, while Person 1 values their own allocation at 45.  To address this, we can give Person 1 some money. 
* **Person 1 vs. Person 3:** No envy – Person 1 values their allocation higher.
* **Person 2 vs. Person 1:** No envy – Person 2 values their allocation higher.
* **Person 2 vs. Person 3:** No envy – Person 2 values their allocation higher.
* **Person 3 vs. Person 1:** No envy – Person 3 values their allocation higher.
* **Person 3 vs. Person 2:** No envy – Person 3 values their allocation higher.

To eliminate the envy between Person 1 and Person 2, we need to give Person 1 at least 5 units of money (since the difference in their valuations is 5).

**4. Final Allocation:**

* **Person 1:** Receives Good A (Value 45) + 5 units of money 
* **Person 2:** Receives Good B (Value 40) 
* **Person 3:** Receives Good C (Value 45)

**Explanation:**

This allocation is envy-free because:

* **Person 1:** Prefers their allocation (Good A + 5 units of money) over anyone else's, as it holds the highest perceived value for them.
* **Person 2:** Prefers their allocation (Good B) over anyone else's.
* **Person 3:** Prefers their allocation (Good C) over anyone else's. 

This method ensures that each individual receives the bundle they value most, leading to a fair and envy-free distribution of goods and money. 
",0,1,2,3,5.0,0.0,0.0
83,"Here's how we can find an envy-free allocation:

**1. Identify the highest valued good for each person:**

* **Person 1:** Good A (value 45)
* **Person 2:** Good B (value 40)
* **Person 3:** Good A (value 50)

**2. Determine initial allocation based on highest value:**

* **Person 1:** Receives Good A 
* **Person 2:** Receives Good B
* **Person 3:**  Since Good A is already allocated, they get Good C (their next highest valued good)

**3. Check for envy and address discrepancies:**

* **Person 1 vs. Person 2:** Person 1 values their bundle (Good A) at 45. They value Person 2's bundle (Good B) at 30.  No envy.
* **Person 1 vs. Person 3:** Person 1 values their bundle at 45. They value Person 3's bundle (Good C) at 25. No envy.
* **Person 2 vs. Person 3:** Person 2 values their bundle at 40. They value Person 3's bundle at 25. No envy.

**4. Allocate the money:**

We have 5 units of money to distribute. Let's analyze how to do so fairly:

* **Person 3** might feel slightly disadvantaged because they didn't get their top choice, Good A.  To compensate, we can give them some money. 
* Since Person 3 values Good A at 50 and received Good C (value 45), we can give them 5 units of money to bridge the gap.

**Final Allocation:**

* **Person 1:** Good A
* **Person 2:** Good B
* **Person 3:** Good C + 5 units of money

**This allocation is envy-free because:**

* Each person receives their highest valued good or a combination that they value equally (in the case of Person 3).
* The money allocation compensates for any potential difference in perceived value, ensuring no one envies another's bundle. 
",0,1,2,3,0.0,0.0,5.0
84,"Here's how we can determine an envy-free allocation, considering both the goods and the money:

**1. Identify the highest valued good for each person:**

* **Person 1:** Good A (Value 45)
* **Person 2:** Good B (Value 40)
* **Person 3:** Good A (Value 50) 

**2. Resolve Conflicts and Allocate:**

* **Good A:** Both Person 1 and Person 3 value Good A the highest. Since Person 3 values it more (50 vs. 45), Person 3 gets Good A.
* **Good B:** Person 2 values Good B the highest and there's no conflict, so Person 2 gets Good B.
* **Good C:**  No one values Good C higher than their most preferred good. We'll address this later.

**3. Preliminary Allocation:**

* **Person 1:** Nothing yet
* **Person 2:** Good B
* **Person 3:** Good A 

**4. Addressing Envy and Utilizing Money:**

* **Person 1** might envy Person 2 (Good B) or Person 3 (Good A).  We need to compensate Person 1 to prevent envy.
    * To prevent envy of Person 2, Person 1 needs at least a value equivalent of Good B (value 30).
    * To prevent envy of Person 3, Person 1 needs at least a value equivalent of Good A (value 45).
    * We only have 5 units of money, so we can't fully compensate Person 1 for Good A. Let's aim to compensate them to be at least as happy as if they had Good B. 

* **Allocate Money:** Give Person 1 an amount of money equivalent to the value of Good B (30 units).

**5.  Good C Allocation:**

* Since Good C is not allocated and no one values it more than their current bundle, we can either:
    * **Leave it unallocated:** This doesn't impact the envy-freeness.
    * **Allocate it randomly:** This might slightly increase someone's satisfaction but won't create envy.

**Final Allocation:**

* **Person 1:**  Money equivalent to 30 units of value
* **Person 2:**  Good B
* **Person 3:**  Good A
* **Good C:** Unallocated (or randomly allocated)

**Why this is Envy-Free:**

* **Person 1:** Prefers their 30 units of value over both Good B (value 30) and Good A (value 45). 
* **Person 2:** Prefers their Good B (value 40) over the other bundles.
* **Person 3:**  Prefers their Good A (value 50) over the other bundles.

This allocation ensures everyone values their own bundle the most, making it envy-free. 
",0,3,2,None,3.0,0.0,0.0
85,"Here's how we can determine an envy-free allocation for this scenario:

**1. Identify Initial Allocations Based on Highest Value:**

* **Good A:** Person 3 values it highest (50)
* **Good B:** Person 2 values it highest (40)
* **Good C:** Person 3 values it highest (45)

**2. Check for Envy and Address with Monetary Compensation:**

* **Person 1 vs. Person 3:** 
    * Person 1 might envy Person 3 for getting Good A (which Person 1 values at 45) and Good C (which Person 1 values at 25).
    * To prevent this envy, we can compensate Person 1 with money. Since Person 1 values the combination of Good A and C at 70 (45+25), and Person 3 values them at 95 (50+45), a payment of 12.5 from Person 3 to Person 1 would make them indifferent. 

* **Person 2 vs. Person 3:**
    * Person 2 might envy Person 3 for getting Good C (which Person 2 values at 25).
    * To prevent this, Person 3 can compensate Person 2 with 2.5 units of money (the difference in their valuations).

**3. Final Allocation:**

* **Person 1:** Receives 12.5 units of money.
* **Person 2:** Receives Good B and 2.5 units of money.
* **Person 3:** Receives Good A and Good C, but pays out a total of 15 units of money (12.5 to Person 1 and 2.5 to Person 2).

**4. Verify Envy-Freeness:**

* **Person 1:** Values their bundle (12.5 money) at 12.5, which is more than their valuation of any other person's bundle.
* **Person 2:** Values their bundle (Good B + 2.5 money) at 42.5, which is more than their valuation of any other person's bundle.
* **Person 3:** Values their bundle (Good A + Good C - 15 money) at 80, which is more than their valuation of any other person's bundle.

**Conclusion:**

This allocation is envy-free because each person prefers their own bundle over the bundles received by the other individuals. The use of monetary compensation ensures that any potential envy is effectively mitigated. 
",0,3,2,3,12.5,2.5,0.0
86,"Here's how we can find an envy-free allocation for this problem:

**1. Determine the most valuable good for each person:**

* **Person 1:** Good A (value 45)
* **Person 2:** Good B (value 40)
* **Person 3:** Good A (value 50)

**2.  Initial Allocation Based on Highest Value:**

* **Person 1:** Receives Good A (as they value it the most)
* **Person 2:** Receives Good B (as they value it the most)
* **Person 3:**  This is where it gets tricky. They value Good A the most, but it's already allocated. 

**3. Addressing Envy and Finding an Equitable Solution:**

* **Person 3 envies Person 1:**  Person 3 values Good A at 50, while Person 1 values it at 45. To eliminate envy, we need to compensate Person 3.
* **Using Money for Compensation:** We can give Person 3 some money to compensate for not getting Good A. Since the difference in their valuations is 5 (50 - 45), we can give Person 3  5 units of money. 
* **Final Allocation:**
    * **Person 1:** Good A 
    * **Person 2:** Good B
    * **Person 3:** Good C + 5 units of money

**4. Checking for Envy-Freeness:**

* **Person 1:** Prefers their own bundle (Good A) over Person 2's (Good B) and Person 3's (Good C + 5 units of money, which is equivalent to a good valued at 50 for Person 3, still less than Person 1's valuation of Good A).
* **Person 2:** Prefers their own bundle (Good B) over Person 1's (Good A) and Person 3's (similar reasoning as above).
* **Person 3:**  Now values their bundle (Good C + money equivalent to a good of value 5) as much as Good A, making them indifferent between their allocation and Person 1's. They still prefer their bundle over Person 2's.

**Therefore, this allocation is envy-free, as no individual would prefer another person's bundle over their own.** 
",0,1,2,3,0.0,0.0,5.0
87,"Here's how we can determine an envy-free allocation for this scenario:

**1. Identify Initial Preferences:**

* **Person 1:**  Prefers Good A (45) > Good B (30) > Good C (25)
* **Person 2:** Prefers Good B (40) > Good A (35) > Good C (25)
* **Person 3:** Prefers Good A (50) > Good C (45) > Good B (5)

**2. Allocate Based on Highest Value:**

* **Good A:** Person 3 values it most (50) – Allocate Good A to Person 3.
* **Good B:** Person 2 values it most (40) – Allocate Good B to Person 2.
* **Good C:** Person 1 and Person 3 value it equally (25/45).  We'll address this shortly.

**3. Addressing Good C & Potential Envy:**

* **The Problem:** If we give Good C to Person 1, Person 3 might envy Person 1's bundle (Good C + potentially some money). If we give it to Person 3, Person 1 might envy Person 3.
* **The Solution:  Monetary Compensation**
    * **Determine Maximum Compensation:**  Person 1 values Good C at 25, Person 3 at 45.  The maximum difference is 20. 
    * **Allocate Good C and Compensate:**  Allocate Good C to Person 3 (as they value it more). To prevent envy, give Person 1 some money as compensation.  Since we have 5 units, we can give Person 1  a value equivalent to 2.5 units (half the maximum difference) to ensure they value their bundle (Good A + 2.5) at least as much as Person 3's (Good C).

**Final Allocation:**

* **Person 1:**  2.5 units of money
* **Person 2:**  Good B
* **Person 3:**  Good A, Good C, and 2.5 units of money

**Why this works (Envy-Freeness):**

* **Person 1:** Prefers their 2.5 units of money over Good C alone and definitely over Person 2's Good B. They don't envy Person 3 because the money compensates for not getting Good C.
* **Person 2:**  Gets their top preference (Good B) and wouldn't trade it for either of the other bundles.
* **Person 3:** Gets their top two preferences (Good A and C). While they give up some money, their bundle is still the most valuable to them. 

**Important Notes:**

* This solution assumes that individuals value money linearly, meaning 2.5 units of money is half as good as 5 units.
* There might be other envy-free allocations. This solution focuses on a straightforward approach using monetary compensation to address potential envy. 
",0,3,2,3,2.5,0.0,2.5
88,"Here's how we can find an envy-free allocation for this scenario:

**1. Determine the most valuable good for each person:**

* **Person 1:** Good A (value 45)
* **Person 2:** Good B (value 40)
* **Person 3:** Good A (value 50) 

**2. Identify potential conflicts:**

* Both Person 1 and Person 3 value Good A the most.

**3. Resolve conflicts and optimize allocation:**

* **Give Good A to Person 3:** They value it the highest (50), maximizing overall value.
* **Give Good B to Person 2:** They value it the highest (40).
* **Give Good C to Person 1:** While Person 3 values it higher, giving it to Person 1 avoids envy since Person 1's value for Good A (which they didn't get) is higher than their value for Good C. 

**4. Allocate the money to address any remaining envy and maximize satisfaction:**

* **Person 1:** Received Good C (value 25), might envy Person 2's Good B (value 30 for Person 1).  Give Person 1 **5 units of money** to compensate and remove envy.

**Final Allocation:**

* **Person 1:** Good C + 5 units of money (Total perceived value = 30) 
* **Person 2:** Good B (Total perceived value = 40)
* **Person 3:** Good A (Total perceived value = 50)

**This allocation is envy-free because:**

* **Person 1:** Prefers their bundle (Good C + money) over Person 2's (Good B) and Person 3's (Good A).
* **Person 2:**  Prefers their bundle (Good B) over Person 1's (Good C + money) and Person 3's (Good A).
* **Person 3:** Prefers their bundle (Good A) over Person 1's (Good C + money) and Person 2's (Good B).

**Important Notes:**

* This solution prioritizes maximizing overall value while ensuring envy-freeness. Other envy-free solutions might exist.
* The concept of ""money"" here acts as a divisible good to balance out preferences and achieve envy-freeness. In real-world scenarios, finding a universally accepted divisible resource like this can be challenging. 
",0,3,2,1,5.0,0.0,0.0
89,"Here's how we can find an envy-free allocation for this problem:

**1. Understanding Envy-Free Allocation**

An envy-free allocation means that no individual would prefer another person's bundle over their own. This includes both the allocated goods and any money received.

**2. Identifying High-Value Goods**

Let's visualize the values in a table:

| Person | Good A | Good B | Good C |
|---|---|---|---|
| Person 1 | 45 | 30 | 25 |
| Person 2 | 35 | 40 | 25 |
| Person 3 | 50 | 5  | 45 |

* **Good A:** Person 3 values it the most (50).
* **Good B:** Person 2 values it the most (40).
* **Good C:** Person 3 values it the most (45).

**3. Initial Allocation Based on Highest Value**

* **Person 3:** Receives Good A (value 50) 
* **Person 2:** Receives Good B (value 40)
* **Person 1:** Receives Good C (value 25)

**4. Addressing Potential Envy and Using Money**

* **Person 1 might envy Person 2:**  Person 1 values Good B at 30, which is higher than their current bundle's value (Good C at 25). 
* **Solution:**  To prevent envy, we can give Person 1 some money.  Since they value Good B 5 units higher than their current allocation, giving them 5 units of money compensates for the difference.

**5. Final Allocation**

* **Person 1:** Receives Good C (value 25) + 5 units of money (value 5) = Total perceived value of 30
* **Person 2:** Receives Good B (value 40)
* **Person 3:** Receives Good A (value 50)

**6. Verifying Envy-Freeness**

* **Person 1:** Prefers their bundle (Good C + 5 money) over Person 2's (Good B) and Person 3's (Good A).
* **Person 2:**  Prefers their bundle (Good B) over Person 1's (Good C + 5 money) and Person 3's (Good A).
* **Person 3:**  Prefers their bundle (Good A) over Person 1's (Good C + 5 money) and Person 2's (Good B).

**Conclusion:**

This allocation is envy-free because each person values their allocated bundle (including money) at least as much as any other person's bundle. 
",0,3,2,1,5.0,0.0,0.0
90,"Here's how we can approach this problem to find an envy-free allocation:

**1. Identify Potential Envy:**

* **Person 1 vs. Person 2:** Person 1 might envy Person 2 if Person 2 gets Good B (valued higher by Person 1).
* **Person 1 vs. Person 3:** Person 1 might envy Person 3 if Person 3 gets Good A (valued higher by Person 1).
* **Person 2 vs. Person 1:** Person 2 might envy Person 1 if Person 1 gets Good B (valued higher by Person 2).
* **Person 2 vs. Person 3:** Person 2 might envy Person 3 if Person 3 gets Good C (valued higher by Person 2).
* **Person 3 vs. Person 1:** Person 3 might envy Person 1 if Person 1 gets Good A (valued higher by Person 3).
* **Person 3 vs. Person 2:** Person 3 might envy Person 2 if Person 2 gets Good C (valued higher by Person 3).

**2.  Prioritize Allocations to Minimize Envy:**

* **Good A:** Person 3 values it the most (50), followed by Person 1 (45) and then Person 2 (35). To minimize envy, Good A should go to Person 3.
* **Good B:** Person 2 values it the most (40), followed by Person 1 (30) and then Person 3 (5). Good B should go to Person 2.
* **Good C:**  Both Person 2 and Person 3 value it equally (45 and 45) and higher than Person 1 (25). We'll address this shortly.

**3. Address Remaining Envy and Money Allocation:**

* We've minimized potential envy by allocating Good A and Good B. Now, to prevent envy regarding Good C, we can use the money:
    * **Give Good C to Person 2:** This is because Person 2 values Good B more than Person 3, so even without Good C, Person 2 is likely content.
    * **Compensate Person 3:** Give Person 3 some money to compensate for not receiving Good C.  A fair amount could be 4 units of money since they value Good C at 45, and this way, they effectively get something they value at 4 units more than Good B.

**Final Allocation:**

* **Person 1:** Receives nothing but might receive some money later.
* **Person 2:** Receives Good B and Good C. 
* **Person 3:** Receives Good A and 4 units of money.

**4. Check for Envy:**

* **Person 1 might envy Person 2** for getting Good B (valued at 30 by Person 1) and Good C (valued at 25 by Person 1). To avoid envy, we need to compensate Person 1 with at least 5 units of money, but we only have 1 left. Therefore this allocation is not envy-free. Let's try another allocation.

**Alternative Allocation:**

* **Person 1:** Receives Good B and 3 units of money.
* **Person 2:** Receives Good C and 2 units of money.
* **Person 3:** Receives Good A.

**Check for Envy:**

* **Person 1:** Values their bundle at 33 (Good B) + 3 (money) = 36. They wouldn't envy Person 2 (40+2 = 42) or Person 3 (50). 
* **Person 2:** Values their bundle at 45 (Good C) + 2 (money) = 47. They wouldn't envy Person 1 or Person 3.
* **Person 3:** Values their bundle at 50 (Good A). They wouldn't envy Person 1 or Person 2.

**Conclusion:**

This alternative allocation is envy-free as no individual prefers another person's bundle over their own. This solution highlights how using divisible resources (money) can be crucial in creating a fairer outcome when indivisible goods are involved. 
",0,3,1,2,3.0,2.0,0.0
91,"Here's how we can determine an envy-free allocation for this scenario:

**1. Identify Initial Allocations based on Highest Value:**

* **Good A:** Person 3 values it highest (50)
* **Good B:** Person 2 values it highest (40)
* **Good C:** Person 3 values it highest (45)

**2. Check for Envy and Address Discrepancies:**

* **Person 1 might envy Person 2:**  Person 1 values Good B at 30, while Person 2 gets it for 40. To potentially offset this, we can consider giving Person 1 some money.
* **Person 2 might envy Person 3:** Person 2 values Good A at 35 and Good C at 25, potentially exceeding the value Person 3 gets from Good C (45). Again, money compensation might be needed.

**3. Calculate Potential Envy and Compensation:**

* **Person 1's potential envy:** Person 2's bundle (Good B) is worth 10 more to Person 1.
* **Person 2's potential envy:**  It's unclear if Person 2 envies Person 3 without knowing the money allocation. 

**4. Allocate Money to Minimize Envy:**

* **Give Person 1: 5 units of money.** This brings their total perceived value (Good A value + money) to 50, matching Person 3. 
* **Give Person 2: 0 units of money.** Since Person 3 is already getting a good they value higher than Person 2's potential envy, no compensation is needed.

**5. Final Allocation:**

* **Person 1:** 5 units of money (equivalent value of 50)
* **Person 2:** Good B (value of 40)
* **Person 3:** Good A (value of 50) and Good C (value of 45)

**6. Verify Envy-Freeness:**

* **Person 1:** Prefers their bundle (50) over Person 2's (30) and Person 3's (45). 
* **Person 2:** Prefers their bundle (40) over Person 1's (35) and Person 3's (25 for Good C).
* **Person 3:** Prefers their bundle (95) over Person 1's (50 and 25) and Person 2's (5 and 45).

**Conclusion:**

This allocation is envy-free because each person values their own bundle at least as much as they value the bundles received by others.  This solution maximizes the use of resources, as no goods are left unallocated. 
",0,3,2,3,5.0,0.0,0.0
92,"Here's how we can find an envy-free allocation for this problem:

**1. Determine the most valuable good for each person:**

* **Person 1:** Good A (Value = 45)
* **Person 2:** Good B (Value = 40)
* **Person 3:** Good A (Value = 50)

**2. Identify potential conflicts:**

* Both Person 1 and Person 3 value Good A the most.

**3. Resolve conflicts and optimize allocation:**

* **Give Good A to Person 3:**  Since Person 3 values Good A higher than Person 1 (50 vs 45), this maximizes overall value.
* **Give Good B to Person 2:** This is the most valuable good for Person 2 and doesn't conflict with anyone else.
* **Give Good C to Person 1:** This is the remaining most valuable good for Person 1.

**4. Allocate the money to ensure envy-freeness:**

* **Person 1:** Receives Good C (value 25) - needs an additional 20 in value.
* **Person 2:** Receives Good B (value 40) -  doesn't need any additional value. 
* **Person 3:** Receives Good A (value 50) - doesn't need any additional value.

Give Person 1 the entire 5 units of money (value 5).  While this doesn't completely bridge the gap to match the value Person 3 gets from Good A, it creates a situation where:

* Person 1 prefers their bundle (Good C + 5 units of money) over anyone else's.
* Person 2 prefers their bundle (Good B) over anyone else's.
* Person 3 prefers their bundle (Good A) over anyone else's.

**Final Allocation:**

* **Person 1:** Good C + 5 units of money
* **Person 2:** Good B
* **Person 3:** Good A

**This allocation is envy-free because each person receives a bundle they value more than the bundles given to the other individuals.** 
",0,3,2,1,5.0,0.0,0.0
93,"Here's how we can determine an envy-free allocation for this scenario:

**1. Identify the highest valued good for each person:**

* **Person 1:** Good A (value 45)
* **Person 2:** Good B (value 40)
* **Person 3:** Good A (value 50)

**2. Initial Allocation Based on Highest Value:**

* **Person 1:** Receives Good A 
* **Person 2:** Receives Good B
* **Person 3:**  This is where it gets tricky.  While Person 3 values Good A the most, giving it to them would leave Person 1 envious. 

**3. Addressing Potential Envy and Finding a Solution:**

* **Option 1: Leave Good C unallocated.**  Let's analyze:
    * Person 1: Has Good A (value 45) - content
    * Person 2: Has Good B (value 40) - content
    * Person 3: Has nothing - might envy Person 1 

* **Option 2: Allocate Good C and use money to compensate.**
    * **Give Good C to Person 3:** They value it at 45.
    * **Compensate Person 1:** Since they lost out on Good A (which they valued at 45) and received nothing, give them the entire 5 units of money. This brings their total perceived value to 50.

**4. Final Allocation:**

* **Person 1:** Receives 5 units of money (equivalent value of 50)
* **Person 2:** Receives Good B 
* **Person 3:** Receives Good C

**Why this works (Envy-Freeness):**

* **Person 1:** Prefers their 5 units of money (value 50) over anyone else's allocation.
* **Person 2:**  Prefers their Good B (value 40) over anyone else's allocation.
* **Person 3:** Prefers their Good C (value 45) over anyone else's allocation.

**Important Notes:**

* This solution assumes that money is a perfect substitute for the goods, meaning individuals value each unit of money equally to a good of the same value.
* There might be other envy-free allocations possible. The key is to ensure no individual envies the bundle assigned to another. 
",0,None,2,3,5.0,0.0,0.0
94,"Here's how we can find an envy-free allocation considering both the goods and the money:

**1. Determine the highest valued good for each person:**

* **Person 1:** Good A (value 45)
* **Person 2:** Good B (value 40)
* **Person 3:** Good A (value 50)

**2. Address potential conflicts:**

* Both Person 1 and Person 3 value Good A the highest. However, Person 3 values it more (50 vs. 45).

**3.  Preliminary Allocation:**

* **Person 3:** Receives Good A (value 50)
* **Person 2:** Receives Good B (value 40) 
* **Person 1:** Receives Good C (value 25)

**4. Check for Envy and Compensate with Money:**

* **Person 1 might envy Person 2:** Person 1 values Good B at 30, which is higher than the value they place on their own allocated Good C (25). To compensate, Person 1 should receive 5 units of money (30 - 25 = 5). This way, their total perceived value is 30 (Good C) + 5 (money) = 35, eliminating envy. 

**5. Final Allocation:**

* **Person 1:** Receives Good C (value 25) and 5 units of money.
* **Person 2:** Receives Good B (value 40).
* **Person 3:** Receives Good A (value 50).

**Why this allocation is envy-free:**

* **Person 1:** Prefers their own bundle (Good C + 5 money = value 35) to Person 2's (Good B = value 30) and Person 3's (Good A = value 45, considering they'd have to give up the money).
* **Person 2:** Prefers their own bundle (Good B = value 40) to Person 1's (Good C + 5 money = value 35, since they value Good C at 25) and Person 3's (Good A = value 35).
* **Person 3:**  Prefers their own bundle (Good A = value 50) to Person 1's (Good C + 5 money = value 45, considering the money holds the same value as a good) and Person 2's (Good B = value 5).

**Important Notes:**

* This is just one possible envy-free allocation. Other solutions might exist depending on how you address potential envy and distribute the money.
* The success of this method depends on the availability of enough money to compensate for differences in perceived values and achieve envy-freeness. 
",0,3,2,1,5.0,0.0,0.0
95,"Here's how we can determine an envy-free allocation for this scenario:

**1. Identify the highest valued good for each person:**

* **Person 1:** Good A (value 45)
* **Person 2:** Good B (value 40)
* **Person 3:** Good A (value 50)

**2.  Prioritize allocation based on highest value and potential envy:**

* **Good A:** Person 3 values it the highest (50) and giving it to anyone else would create significant envy. So, Good A goes to **Person 3**.
* **Good B:** Person 2 values it the highest (40). Allocating it to them doesn't create envy as Person 1 values Good A more and Person 3 has a very low valuation for Good B. So, Good B goes to **Person 2**. 
* **Good C:** Person 1 and Person 3 value it equally (25 & 45 respectively). We'll address this later.

**3. Address remaining good and money:**

* **Good C:** To avoid envy, we can choose not to allocate Good C at all. This is preferable to creating envy by choosing one person over the other.
* **Money:** We have 5 units of money.  A fair approach is to divide it equally among the three individuals, giving each person **1.67 units of money** (approximately).

**Final Allocation:**

* **Person 1:** 1.67 units of money
* **Person 2:** Good B + 1.67 units of money
* **Person 3:** Good A + 1.67 units of money

**Why this allocation is (mostly) envy-free:**

* **Person 1:** Might slightly envy Person 2 for Good B, but they also value Good A higher which Person 2 didn't receive. The money helps offset any potential envy.
* **Person 2:**  Likely content as they got their highest valued good.
* **Person 3:** Likely the most content, receiving their highest valued good.

**Important Notes:**

* **Envy-free** doesn't always mean perfectly equal satisfaction. It means no one would directly prefer another person's bundle over their own.
* **Not allocating Good C** might seem wasteful, but it prevents creating a situation where one person feels significantly disadvantaged.
* There might be other valid envy-free allocations depending on how you want to weigh fairness and value optimization. 
",0,3,2,None,1.67,1.67,1.67
96,"Here's how we can determine an envy-free allocation considering the values and the available money:

**1. Identify Initial Preferences:**

* **Person 1:** Prefers Good A (45) > Good B (30) > Good C (25)
* **Person 2:** Prefers Good B (40) > Good A (35) > Good C (25)
* **Person 3:** Prefers Good A (50) > Good C (45) > Good B (5)

**2. Allocate Based on Highest Value:**

* **Good A:** Person 3 values it highest (50). Allocate Good A to Person 3.
* **Good B:** Person 2 values it highest (40). Allocate Good B to Person 2.
* **Good C:** Person 1 and Person 3 have the highest value (25 & 45), but it's more critical for Person 3 to avoid envy (as they already have Good A). Allocate Good C to Person 3.

**3. Address Potential Envy and Use Money:**

* **Person 1** might envy Person 2 (Good B) or Person 3 (Good A and C). 
    * To prevent envy of Person 2, give Person 1 at least 15 units of money (40 [value of Good B] - 25 [value of their current best good, Good C] = 15). 
    * To prevent envy of Person 3 is trickier, as the combined value (50+45=95) is very high.

* **Person 2** is likely content, having their top preference.

* **Person 3** is likely content, having their top two preferences.

**4. Final Allocation:**

* **Person 1:** Receives 5 units of money.
* **Person 2:** Receives Good B.
* **Person 3:** Receives Good A and Good C.

**Justification:**

* **Envy-Free:** Person 1 might still slightly prefer Person 3's bundle, but the money compensates them enough to prevent envy.  This is a pragmatic approach since we have a limited amount of money. 
* **Maximizes Value:**  Goods are allocated to the individuals who value them the most.

**Important Notes:**

* This solution assumes that money can compensate for the difference in value, which might not always be true in real-world scenarios.
* There might be other envy-free allocations, especially considering different utilities for money. This solution focuses on a practical approach given the constraints. 
",0,3,2,3,5.0,0.0,0.0
97,"Here's how we can approach this allocation problem to ensure envy-freeness:

**1. Initial Allocation based on Highest Valuation:**

* **Good A:** Person 3 values it highest (50) – allocate Good A to Person 3.
* **Good B:** Person 2 values it highest (40) – allocate Good B to Person 2.
* **Good C:** Person 1 and Person 3 have the highest and equal valuation (25) - we'll decide later.

**2. Addressing Potential Envy:**

* **Person 1** might envy Person 2 (Good B) or Person 3 (Good A and potentially Good C). 
* **Person 2** might envy Person 3 (Good A).
* **Person 3** is currently content, having received their highest valued good.

**3. Using Money to Compensate and Achieve Envy-Freeness:**

* **Person 1:** 
    * To prevent envy of Person 2 (Good B), we need to compensate Person 1 with at least 5 units of money (30 - 25 = 5). 
    * To prevent envy of Person 3 (Good A), we'd need to compensate with at least 5 units (45-40 = 5) and potentially more if Good C goes to Person 3.  
    * Since we only have 5 units of money, we'll allocate all of it to Person 1.
* **Person 2:**  Person 2 needs at least 15 units of money to not envy Person 3 (50 - 35 = 15).  We don't have enough money to compensate. However, we can make Person 2 envy-free by allocating Good C to them, as they value the combination of Good B and Good C (40 + 25 = 65) more than Good A and any amount of money (50 + 5 = 55). 

**Final Allocation:**

* **Person 1:**  5 units of money
* **Person 2:**  Good B and Good C
* **Person 3:**  Good A 

**Justification for Envy-Freeness:**

* **Person 1:** Values their bundle at 5. They don't envy anyone else as they wouldn't be able to afford the other bundles even with the money.
* **Person 2:** Values their bundle at 65 (40+25). They don't envy Person 3 because 65 > 55 (Good A + money).
* **Person 3:** Values their bundle at 50. They don't envy anyone as they have the good they value most.

**This allocation ensures that each individual prefers their own bundle over anyone else's, creating an envy-free outcome.** 
",0,3,2,2,5.0,0.0,0.0
98,"Here's how we can determine an envy-free allocation for this problem:

**1. Identify Initial Allocations Based on Highest Value:**

* **Good A:** Person 3 values it the most (50), so Good A goes to Person 3.
* **Good B:** Person 2 values it the most (40), so Good B goes to Person 2.
* **Good C:**  Both Person 1 and Person 3 value it equally (25), so we need further analysis.

**2. Addressing Potential Envy and Good C Allocation:**

* **Person 1:**  Might envy Person 2 (Good B) or Person 3 (Good A and potentially Good C).
* **Person 2:**  Seems satisfied with Good B, as it's their highest valued item.
* **Person 3:**  Might envy Person 2 (Good B).

To avoid envy, we need to ensure Person 1 finds their allocated bundle at least as good as the others. Since Good C is the only remaining good, we can allocate it to Person 1.

**3. Using Money to Balance Perceived Value:**

Even with the current allocation, there's still a possibility of envy:

* **Person 1:** Gets Good C (value 25) but might envy Person 3's Good A (value 45 to Person 1).
* **Person 3:** Gets Good A (value 50) but might envy the combination of Good B and C (value 35 to Person 3).

To balance this, we can use the money:

* **Give Person 1  2 units of money.** This brings their total perceived value to 45 (25 for Good C + 20 equivalent value from the money), matching their valuation of Good A. 
* **Give Person 3  3 units of money.** This brings their total perceived value to 53 (50 for Good A + 3 equivalent value from the money), making their bundle more attractive than Good B and C combined.

**Final Allocation:**

* **Person 1:** Good C + 2 units of money
* **Person 2:** Good B
* **Person 3:** Good A + 3 units of money

**This allocation is envy-free because:**

* **Person 1:** Values their bundle (Good C + money) equally to Person 3's bundle.
* **Person 2:** Values their bundle (Good B) higher than any other combination.
* **Person 3:** Values their bundle (Good A + money) higher than any other combination.

**Important Note:**  Envy-freeness doesn't mean everyone gets their absolute favorite item. It means everyone prefers their own allocated bundle over the bundles allocated to others. 
",0,3,2,1,2.0,0.0,3.0
99,"Here's how we can determine an envy-free allocation for this problem:

**1. Identify the highest valued good for each person:**

* **Person 1:** Good A (value 45)
* **Person 2:** Good B (value 40)
* **Person 3:** Good A (value 50)

**2. Initial Allocation based on highest value:**

* **Person 1:** Receives Good A 
* **Person 2:** Receives Good B
* **Person 3:**  Since Good A is already allocated, we move to their second highest valued good, Good C (value 45).

**3. Check for Envy and Address Discrepancies:**

* **Person 1 vs. Person 2:** Person 1 values their bundle (Good A) at 45, and Person 2 values their bundle (Good B) at 40.  No envy.
* **Person 1 vs. Person 3:** Person 1 values their bundle at 45, and Person 3 values their bundle (Good C) at 45. No envy.
* **Person 2 vs. Person 3:** Person 2 values their bundle at 40, while they value Person 3's bundle (Good C) at 25. No envy.

**4. Allocate Remaining Money:**

We have 5 units of money.  Let's examine if allocating some of this money can improve the overall satisfaction without creating envy:

* **Person 2** might envy Person 1's Good A (which they value at 35) even though they prefer their own Good B (valued at 40). We can give Person 2 five units of money, as this brings their total valuation of their bundle (Good B + 5 money) to 45, eliminating potential envy towards Person 1.

**Final Allocation:**

* **Person 1:** Good A 
* **Person 2:** Good B + 5 units of money
* **Person 3:** Good C 

**This allocation is envy-free because:**

* Each person receives the good they value most highly, except for Person 3, who receives their second-highest valued good but is not envious of the others.
* The allocation of money to Person 2 ensures they don't envy Person 1's bundle.

**Important Note:** There might be other envy-free allocations possible. The key is to ensure that no individual would prefer another person's allocated bundle over their own. 
",0,1,2,3,0.0,5.0,0.0
