,Text,Good A,Good B,Good C,Good D,Good E,Good F
0,"**Fair Allocation of Goods**

Given the values assigned by each person to the different goods, the following allocation is considered fair:

| **Person** | **Goods** |
|---|---|
| Person 1 | Good B, Good E |
| Person 2 | Good A, Good F |
| Person 3 | Good C, Good D |

**Rationale:**

* **Person 1** receives goods with a total value of 45 (20 + 25).
* **Person 2** receives goods with a total value of 48 (26 + 22).
* **Person 3** receives goods with a total value of 27 (6 + 21).

This allocation balances the value of the goods received by each person as much as possible. While Person 2 receives a slightly higher total value than the other two, they also have the highest value for Good A.

**Considerations:**

* **Envy-freeness:** This allocation ensures that no person envies the goods received by any other person.
* **Equity:** The allocation aims to distribute the goods fairly, considering the value that each person places on them.
* **Efficiency:** All goods are allocated to individuals, maximizing their overall value.

It's important to note that fairness is a subjective concept, and different individuals may have different perspectives on what constitutes a fair allocation. This allocation is presented as one possible solution that takes into account the preferences and values of the three individuals involved.",2,1,3,3,1,2
1,"**Allocation 1**

* Person 1: Good B, Good E
* Person 2: Good A, Good D
* Person 3: Good C, Good F

**Rationale:**

This allocation maximizes the sum of utilities for all individuals. The total utility is 127 (5+20+25+26+20+32).

**Allocation 2**

* Person 1: Good A, Good C
* Person 2: Good B, Good E
* Person 3: Good D, Good F

**Rationale:**

This allocation ensures that each individual receives at least two goods, and the sum of utilities is still high at 125 (5+32+20+25+21+2).

**Allocation 3**

* Person 1: Good A, Good E
* Person 2: Good B, Good C
* Person 3: Good D, Good F

**Rationale:**

This allocation is a compromise that gives each individual a good that they highly value (Good A for Person 1, Good B for Person 2, and Good E for Person 3), while also distributing the remaining goods fairly. The sum of utilities is 124 (5+25+7+23+21+2).

**Choice of Allocation**

The best allocation depends on the context and the preferences of the individuals involved. 

* **Allocation 1** maximizes overall utility but gives Person 3 only one good that they value relatively low (Good F).
* **Allocation 2** ensures a more equitable distribution of goods but results in a slightly lower sum of utilities.
* **Allocation 3** strikes a balance between equity and overall utility.

Ultimately, the fairest allocation is the one that is deemed to be the most acceptable and satisfactory by all parties involved.",1,2,3,2,1,3
2,"**Fair Allocation of Goods:**

**Person 1:**
* Good C (Value: 32)
* Good E (Value: 25)

**Person 2:**
* Good A (Value: 26)
* Good D (Value: 20)
* Good F (Value: 22)

**Person 3:**
* Good B (Value: 17)
* Good D (Value: 21)
* Good F (Value: 2)

**Rationale:**

This allocation is considered fair because it:

* **Maximizes total utility:** The sum of the values of the allocated goods for each person is 82 for Person 1, 68 for Person 2, and 60 for Person 3, totaling 210.
* **Balances individual values:** Each person receives goods for which they have relatively high values.
* **Avoids over-allocation:** No person receives more than 2 goods, ensuring that the distribution is equitable.
* **Considers fairness in both utility and number of goods:** Person 2, who has the highest total value for the goods (68), receives three goods, while Person 1 and Person 3, who have slightly lower total values, each receive two goods.

**Ethical Considerations:**

* **Equity:** This allocation aims to provide a fair distribution of goods based on the individuals' preferences.
* **Efficiency:** The allocation maximizes the total utility of the goods, ensuring that they are allocated to those who value them most.
* **Transparency:** The rationale for the allocation is clear and can be explained to the individuals involved.

It is important to note that this allocation is just one possible fair solution. Other fair allocations may also exist depending on the specific preferences and values of the individuals involved.",2,3,1,2,1,2
3,"**Proposed Allocation:**

* **Person 1:**
    * Good A
    * Good C
    * Good F
* **Person 2:**
    * Good B
    * Good D
    * Good E
* **Person 3:** Not allocated any goods

**Justification:**

This allocation is considered fair based on the following principles:

* **Equal division of total value:** By distributing the goods in this manner, each person receives a total value of 72. This ensures that no one person receives a significantly higher or lower value than the others.
* **Consideration of individual preferences:** The allocation takes into account the preferences of each person by assigning goods to those who value them the most. For example, Person 1 has the highest value for Good C, so they receive it.
* **Elimination of envy:** This allocation eliminates envy among the individuals because each person receives goods that they value more than the goods they do not receive. For instance, Person 1 values Good C more than Good B, so they are not envious of Person 2 receiving Good B.
* **No wastage:** By allocating all six goods, there is no wastage. Every good is assigned to a person who values it, ensuring that its value is realized.
* **Simplicity:** The allocation is straightforward and easy to understand, making it less likely to be disputed by the individuals involved.

**Additional Considerations:**

* It could be argued that Person 3 should receive at least one good, even if it is the good with the lowest value. However, this would involve compromising the principles of equal division of total value and elimination of envy.
* The allocation could be adjusted if additional information about the individuals' values or circumstances is available. For example, if Person 3 has a particular need for a specific good, that could be taken into consideration.",1,2,1,2,2,1
4,"**Allocation:**

* **Person 1:** Good B, Good E
* **Person 2:** Good A, Good D
* **Person 3:** Good C, Good F

**Rationale:**

This allocation aims to balance fairness and efficiency by considering the relative values assigned by each individual to the different goods.

**Fairness:**

* Each person receives two goods, ensuring a basic level of satisfaction for all.
* The value of the goods allocated to each person is relatively close: Person 1 receives 45 (20 + 25), Person 2 receives 46 (26 + 20), and Person 3 receives 34 (6 + 32).

**Efficiency:**

* The allocation maximizes the total value of the goods for the group: the sum of the values assigned by each person to their allocated goods is 125.
* No goods are discarded, as every good is assigned to a person who values it.

**Additional Considerations:**

* Could consider using a more sophisticated allocation algorithm, such as the Shapley value.
* Could allow for fractional allocations or trading of goods among individuals.
* Ultimately, fairness is subjective, and different individuals may have different views on what constitutes a fair allocation.",2,1,3,2,1,3
5,"**Condorcet Method**

The Condorcet method is a voting system that aims to find a winner that is preferred by a majority of the voters. Here is how we can apply the Condorcet method to your allocation problem:

1. **Create a pairwise comparison matrix:** For each pair of goods, calculate how many people prefer one good over the other. If there is a tie, consider it as a half-win for both goods.

|       | Good A | Good B | Good C | Good D | Good E | Good F |
|-------|--------|--------|--------|--------|--------|--------|
| Good A | 0      | -3     | -3     | -1     | -2     | -1     |
| Good B | 3      | 0      | -1     | -2     | -3     | -1     |
| Good C | 3      | 1      | 0      | -1     | -3     | -2     |
| Good D | 1      | 2      | 1      | 0      | -2     | -2     |
| Good E | 2      | 3      | 3      | 2      | 0      | -1     |
| Good F | 1      | 1      | 2      | 2      | 1      | 0      |

2. **Find the winner:** Identify the good that has the highest total number of victories (i.e., the highest sum of values in the matrix). In this case, Good E is the winner with a total of 10 victories.

3. **Allocate the winning good:** Give Good E to the person who values it the most. In this case, Person 3 values Good E the most (30), so Person 3 receives Good E.

4. **Repeat the process:** Remove Good E from consideration and repeat steps 1-3 with the remaining goods until all goods are allocated.

**Final Allocation:**

| Person | Good A | Good B | Good C | Good D | Good E | Good F |
|--------|--------|--------|--------|--------|--------|--------|
| Person 1 |  -     |  -     |  -     | 3      |  -     | 15     |
| Person 2 | 26     |  -     | 23     | 20     |  -     | 22     |
| Person 3 |  -     | 17     | 6      | 21     | 30     |  -     |

This allocation is fair because:

* It gives Good E, the most valued good, to Person 3, who values it the most.
* It allocates the remaining goods to the people who value them the most.
* It uses a systematic and consistent method (Condorcet) to determine the allocation.

It's important to note that other methods of fair allocation might yield different results. The choice of allocation method depends on the specific context and the fairness criteria that are most important to the individuals involved.",2,3,2,1,3,1
6,"**Allocation:**

* **Person 1:** Good C, Good E
* **Person 2:** Good A, Good D
* **Person 3:** Good B, Good F

**Reasoning:**

To determine the fairest allocation, I used the following criteria:

* **Maximizing Total Utility:** This allocation maximizes the total utility (sum of individual values) for the goods. The total utility under this allocation is 5+20+32+3+25+15+26+7+23+20+2+22+24+17+6+21+30+2 = 244.

* **Equitable Distribution:** This allocation ensures that each person receives a fair share of the goods based on their preferences. Person 1 receives goods with a total utility of 57, Person 2 receives goods with a utility of 55, and Person 3 receives goods with a utility of 75.

* **Compromise Approach:** This allocation attempts to balance the interests of all three individuals. It accommodates Person 1's high value for Good C and Good E, Person 2's high value for Good A, and Person 3's high value for Good B. Also, each individual receives two goods.

**Other Possible Allocations:**

There are other possible allocations that could be considered fair, depending on the specific preferences and priorities of the individuals involved. For example:

* **Equal Division:** Each person receives two goods: Good A, Good B, Good C (to Person 1), Good D, Good E, Good F (to Person 2). This allocation results in a total utility of 238.

* **Priority-Based Allocation:** Each person receives their highest-valued good, the next-highest-valued good, etc., until all goods are allocated. This allocation may not maximize total utility but ensures that each person receives their most-preferred goods.",2,3,1,2,1,3
7,"**Step 1: Calculate the Total Value of Each Good**

| Good | Person 1 | Person 2 | Person 3 | Total |
|---|---|---|---|---|
| A | 5 | 26 | 24 | 55 |
| B | 20 | 7 | 17 | 44 |
| C | 32 | 23 | 6 | 61 |
| D | 3 | 20 | 21 | 44 |
| E | 25 | 2 | 30 | 57 |
| F | 15 | 22 | 2 | 39 |

**Step 2: Sort the Goods by Total Value**

| Good | Total Value |
|---|---|
| E | 57 |
| C | 61 |
| D | 44 |
| B | 44 |
| A | 55 |
| F | 39 |

**Step 3: Allocate the Goods by Highest Value**

Starting with the good with the highest total value, allocate it to the person who values it the most.

* **Good E:** Allocate to Person 3 (value of 30)
* **Good C:** Allocate to Person 2 (value of 23)
* **Good D:** Allocate to Person 3 (value of 21)
* **Good B:** Allocate to Person 1 (value of 20)
* **Good A:** Allocate to Person 2 (value of 26)
* **Good F:** Not allocated (no person values it enough)

**Final Allocation:**

* Person 1: Good B
* Person 2: Good A, Good C
* Person 3: Good D, Good E",2,1,2,3,3,None
8,"**Fair Allocation**

**Person 1:**

* Good A: 5
* Good B: 20
* Good E: 25

**Person 2:**

* Good A: 26
* Good C: 23
* Good D: 20

**Person 3:**

* Good B: 17
* Good D: 21
* Good F: 2

**Rationale:**

* This allocation maximizes the total utility of the individuals.
* Person 1 receives the goods they value most: Good B and Good E.
* Person 2 receives the goods that give them the highest individual utility: Good A and Good D.
* Person 3 receives the goods that provide them with a reasonable amount of utility while ensuring that all goods are allocated.

**Other Considerations:**

* **Equity:** This allocation ensures that each person receives at least two goods.
* **Efficiency:** All goods are allocated, maximizing the total value derived from the goods.
* **Individual Preferences:** The allocation respects the preferences of the individuals by giving them the goods they value most.

**Additional Notes:**

* This allocation is not the only possible fair allocation. There are other allocations that could be considered fair based on different criteria.
* The allocation of Good C to Person 2 could be questioned, as it is the good with the lowest value for Person 2. However, this allocation ensures that Person 2 receives three goods, which is deemed fair in this case.
* The allocation of Good F to Person 3 could also be debated, as it is the good with the lowest value for both Person 2 and Person 3. However, this allocation ensures that all goods are allocated and that Person 3 receives a reasonable amount of utility.",2,1,2,2,1,3
9,"I propose the following allocation of goods:

- Person 1 receives Good B and Good E.
- Person 2 receives Good A and Good D.
- Person 3 receives Good C and Good F.

This allocation gives the following total value to each person:

- Person 1: 20 + 25 = 45
- Person 2: 26 + 20 = 46
- Person 3: 6 + 2 = 8

This allocation is fair because it gives each person a similar total value of goods, while also taking into account their individual preferences. For example, Person 1 highly values Good B and Good E, so they receive those goods. Person 2 highly values Good A and Good D, so they receive those goods. And Person 3 highly values Good C and Good F, so they receive those goods.

It is important to note that this is just one possible fair allocation of the goods. There are other fair allocations that could be made, depending on the specific preferences of the individuals involved.",2,1,3,2,1,3
10,"**Fair Allocation of Goods**

**Considered Factors:**

* Maximizing the total value derived from the goods
* Ensuring equity in the distribution
* Considering individual preferences

**Proposed Allocation:**

* **Person 1:**
    * Good B (value: 20)
    * Good E (value: 25)
* **Person 2:**
    * Good A (value: 26)
    * Good D (value: 20)
* **Person 3:**
    * Good C (value: 32)
    * Good F (value: 22)

**Rationale:**

* **Total Value:** This allocation maximizes the total value derived from the goods, with a total of 125 units of value.
* **Equity:** Each person receives two goods that align with their preferences.
* **Individual Preferences:** Person 1 highly values Goods B and E, while Person 2 prefers Goods A and D. Person 3 greatly desires Good C. This allocation accommodates these preferences to the extent possible.

**Distribution of Remaining Goods:**

The remaining goods, Goods A and F, have values of 15 and 2. Since no person highly values these goods, they will be discarded to avoid an inequitable distribution.

**Conclusion:**

This allocation strives to be fair by maximizing value, ensuring equity, and considering individual preferences. It is important to note that this is one possible allocation among many, and other fair solutions may exist.",2,1,3,2,1,3
11,"**Fair Allocation:**

* **Person 1 receives:**

    * Good A
    * Good C
    * Good E

* **Person 2 receives:**

    * Good B
    * Good D
    * Good F

* **Person 3 receives:**

    * Not allocated any goods

**Justification:**

This allocation is fair because it:

* **Maximizes Total Value:** The total value of the allocation is 172 (Person 1: 5+32+25 = 62, Person 2: 20+7+22 = 49, Person 3: 0). This is the highest total value that can be achieved given the individuals' values for the goods.
* **Ensures Equitable Distribution:** Each person receives goods that they value highly. Person 1 receives their most valued goods (C and E) and a good of moderate value (A). Person 2 receives their most valued goods (B and D) and a good of moderate value (F). Person 3, unfortunately, does not receive any goods that they value highly.
* **Avoids Inefficiencies:** Allocating some goods to Person 3 would result in a lower total value because their values for the remaining goods are lower than those of Person 1 and Person 2.

**Additional Notes:**

* This allocation is based on the assumption that goods cannot be divided. If goods could be divided, it would be possible to allocate some goods to Person 3 while still ensuring a fair distribution.
* The fairness of an allocation is subjective and depends on the criteria used for evaluation. Different criteria may lead to different fair allocations.",1,2,1,2,1,2
12,"**Fair Allocation**

To determine a fair allocation, we will use the **Serial Dictatorship** method:

1. **Person 1 Chooses First:**
   - Person 1 selects Good C (value: 32).
   - Remaining goods: A, B, D, E, F

2. **Person 2 Chooses Second:**
   - Person 2 selects Good A (value: 26).
   - Remaining goods: B, D, E, F

3. **Person 3 Chooses Third:**
   - Person 3 selects Good E (value: 30).
   - Remaining goods: B, D, F

4. **Person 1 Chooses Fourth:**
   - Person 1 selects Good B (value: 20).
   - Remaining goods: D, F

5. **Person 2 Chooses Fifth:**
   - Person 2 selects Good F (value: 22).
   - Remaining goods: D

6. **Person 3 Chooses Sixth:**
   - Person 3 selects Good D (value: 21).

**Final Allocation:**

* Person 1: Good C, Good B
* Person 2: Good A, Good F
* Person 3: Good E, Good D

**Explanation:**

This allocation aims to balance the total value received by each person.

* Person 1 receives goods worth 52 units (32 + 20).
* Person 2 receives goods worth 48 units (26 + 22).
* Person 3 receives goods worth 51 units (30 + 21).

While Person 3 receives a slightly higher value than the others, this allocation still provides a fair and equitable distribution of the goods.",2,1,1,3,3,2
13,"**Fair Allocation:**

* **Person 1:** Good A, Good C, Good F
* **Person 2:** Good D, Good E, Good F
* **Person 3:** Good B, Good C, Good E

**Explanation:**

This allocation aims to distribute the goods fairly while considering the individuals' preferences:

* **Person 1:** Receives their most preferred goods (A and C) and another valuable good (F).
* **Person 2:** Receives their most preferred goods (D and E) and a good that has a relatively high value for them (F).
* **Person 3:** Receives their most preferred good (E) and two goods that they value more than other goods (B and C).

**Total Values:**

* Person 1: 5 + 32 + 15 = 52
* Person 2: 20 + 2 + 22 = 44
* Person 3: 17 + 6 + 30 = 53

**Justification for Fairness:**

* **Equity:** Each person receives a similar total value of goods.
* **Envy-Freeness:** No person prefers the allocation of any other person.
* **Efficiency:** All goods are allocated, maximizing the total value for all individuals.

**Note:**

This allocation is one possible solution that balances fairness and efficiency. Other allocations may also be considered fair depending on the criteria used.",1,3,1,2,2,1
14,"To determine a fair allocation of the goods, I consider the following principles:

**Equity:** Each person should receive a fair share of the total value of the goods.

**Efficiency:** The allocation should maximize the total value of the goods to the individuals.

Based on these principles, I propose the following allocation:

* **Person 1:** Good A, Good C, Good E
* **Person 2:** Good B, Good D, Good F
* **Person 3:** Good A, Good C, Good E

**Explanation:**

* This allocation ensures that each person receives a total value of 72, which is the average value of the goods.
* Person 1 has a higher valuation for Good A, Good C, and Good E, so they receive those goods.
* Person 2 has a higher valuation for Good B, Good D, and Good F, so they receive those goods.
* Person 3 has the lowest valuation for Good A, Good C, and Good E, so they receive those goods along with Good F, which Person 2 values the least.

**Justification for fairness:**

* The allocation satisfies the equity principle by giving each person an equal share of the total value.
* The allocation satisfies the efficiency principle by maximizing the total value of the goods to the individuals. Specifically, the total value of the goods under this allocation is 216, which is higher than any other possible allocation.
* Additionally, this allocation avoids any envy, as each person receives a set of goods that they value at least as much as any other person's allocation.

**Conclusion:**

I believe this allocation is fair and efficient because it considers both equity and efficiency. It ensures that each person receives a fair share of the value of the goods while also maximizing the total value to the individuals involved.",1,2,1,2,1,2
15,"**Procedure for Determining a Fair Allocation**

1. **Create a value matrix:** Construct a table that shows each person's value for each good.

```
| Good | Person 1 | Person 2 | Person 3 |
|---|---|---|---|
| A | 5 | 26 | 24 |
| B | 20 | 7 | 17 |
| C | 32 | 23 | 6 |
| D | 3 | 20 | 21 |
| E | 25 | 2 | 30 |
| F | 15 | 22 | 2 |
```

2. **Find the maximum value for each good:** Identify the highest value for each good.

```
| Good | Maximum Value |
|---|---|
| A | 26 |
| B | 20 |
| C | 32 |
| D | 21 |
| E | 30 |
| F | 22 |
```

3. **Allocate goods to the person with the highest value:** For each good, assign it to the person who values it the most.

* Good A: Person 2 (value: 26)
* Good B: Person 1 (value: 20)
* Good C: Person 1 (value: 32)
* Good D: Person 3 (value: 21)
* Good E: Person 3 (value: 30)
* Good F: Person 2 (value: 22)

**Final Allocation**

* Person 1: Good B, Good C, Good E
* Person 2: Good A, Good F
* Person 3: Good D, Good E (ties can be broken randomly or by agreement)

**Rationale**

This allocation maximizes the total value of the goods for the three individuals. By assigning each good to the person who values it the most, we ensure that the goods are being allocated to those who will benefit from them the most.

**Note:**

* The allocation could be modified if the goods were not indivisible, as we could then potentially allocate fractional amounts of goods.
* There may be other fairness criteria that could be considered, such as equality or envy-freeness. The choice of fairness criterion depends on the specific context and the preferences of the individuals involved.",2,1,1,3,3,2
16,"**Fair Allocation of Goods:**

**Allocation:**

* **Person 1:** Good C, Good E
* **Person 2:** Good A, Good D
* **Person 3:** Good B, Good F

**Rationale:**

This allocation is considered fair because it maximizes the total social welfare (the sum of the values of the goods allocated to each person).

**Total Social Welfare:** 32 + 25 + 26 + 20 + 17 + 2 = 122

**Explanation:**

* **Good A:** Person 2 has the highest value for Good A (26), so they receive it.
* **Good B:** Person 3 has the highest value for Good B (17), so they receive it.
* **Good C:** Person 1 has the highest value for Good C (32), so they receive it.
* **Good D:** Person 2 has the second highest value for Good D (20), so they receive it.
* **Good E:** Person 1 has the highest value for Good E (25), so they receive it.
* **Good F:** Person 3 has the second highest value for Good F (2), so they receive it.

**Alternative Allocations:**

Other allocations that could be considered fair are:

* **Allocation 1:** Person 1: Good A, Good C, Good E; Person 2: Good B, Good D; Person 3: Good F
* **Allocation 2:** Person 1: Good A, Good C; Person 2: Good B, Good D, Good E; Person 3: Good F

**However, the allocation proposed above maximizes the total social welfare and is therefore the most equitable.**",2,3,1,2,1,3
17,"**Fair Allocation:**

* **Person 1:** Good A, Good E
* **Person 2:** Good D, Good F
* **Person 3:** Good B, Good C

**Explanation:**

This allocation is based on the following considerations:

* **Maximizing Total Value:** The allocation maximizes the total value for all individuals. The total value for Person 1 is 80 (5 + 25), for Person 2 is 64 (20 + 22 + 2), and for Person 3 is 75 (17 + 30 + 28).
* **Fairness in Valuations:** The allocation considers the relative valuations of each individual for different goods. Person 1 highly values Good E, while Person 3 highly values Good B. The allocation assigns these goods to the individuals who value them most.
* **Balancing Allocations:** The allocation ensures that each individual receives a similar number of goods and a balance of high and low-valued goods. Person 1 receives two goods with a total value of 80, Person 2 receives two goods with a total value of 64, and Person 3 receives two goods with a total value of 75.

**Alternative Allocations:**

Alternative allocations may also be considered fair, depending on the specific criteria used. For example:

* **Equitable Allocation:** Allocate one good to each person, regardless of their valuations.
* **Nash Bargaining Solution:** Allocate goods to maximize the ""bargaining power"" of each individual, based on their threat points (i.e., the value they would receive if no agreement was reached).
* **Kalai-Smorodinsky Solution:** Allocate goods to maximize the ""coalition value"" of each possible coalition of individuals.

**Conclusion:**

Ultimately, the fairest allocation depends on the specific values, criteria, and principles that are deemed important. In this case, the proposed allocation balances total value maximization, fairness in valuations, and a reasonable distribution of goods.",1,3,3,2,1,2
18,"**Fair Allocation based on Equal Value Sum Maximization**

1. **Rank Goods by Value for Each Person:**

| Person | Good A | Good B | Good C | Good D | Good E | Good F |
|---|---|---|---|---|---|---|
| Person 1 | 5 | 20 | 32 | 3 | 25 | 15 |
| Person 2 | 26 | 7 | 23 | 20 | 2 | 22 |
| Person 3 | 24 | 17 | 6 | 21 | 30 | 2 |

2. **Calculate Total Value for Each Person:**

| Person | Total Value |
|---|---|
| Person 1 | 120 |
| Person 2 | 120 |
| Person 3 | 120 |

3. **Allocate Goods:**

* **Good A to Person 2:** Person 2 values Good A the most (26) and it is their highest-ranked unallocated good.
* **Good B to Person 1:** Person 1 values Good B the most (20) and it is their highest-ranked unallocated good.
* **Good C to Person 1:** Person 1 values Good C the most (32) and it is their highest-ranked unallocated good.
* **Good D to Person 3:** Person 3 values Good D the most (21) and it is their highest-ranked unallocated good.
* **Good E to Person 3:** Person 3 values Good E the most (30) and it is their highest-ranked unallocated good.
* **Good F to Person 2:** Person 2 values Good F the most (22) and it is their highest-ranked unallocated good.

**Final Allocation:**

| Person | Goods |
|---|---|
| Person 1 | Good B, Good C |
| Person 2 | Good A, Good F |
| Person 3 | Good D, Good E |

**Rationale:**

This allocation ensures that each person receives goods with a total value of 120, which is the maximum possible value for any allocation. This approach aims to maximize the total value for all individuals, resulting in a fair distribution.",2,1,1,3,3,2
19,"**Fair Allocation:**

**Person 1:** Good E, Good C
**Person 2:** Good A, Good F
**Person 3:** Good B, Good D

**Rationale for Allocation:**

1. **Efficiency:** This allocation allows each person to receive the goods they value most highly.

2. **Equity:** The total value of goods received by each person is almost equal:
   - Person 1: 25 + 32 = 57
   - Person 2: 26 + 22 = 48
   - Person 3: 17 + 21 = 38

3. **Envy-Free:** None of the individuals would prefer the allocation of another person, given their own valuations.

4. **Non-Wasteful:** All goods are allocated, and none are discarded.

5. **Simplicity:** The allocation is straightforward and easy to implement.

**Alternative Allocations:**

Other fair allocations could also be considered, such as:

* **Person 1:** Good A, Good C, Good E
* **Person 2:** Good B, Good F
* **Person 3:** Good D

* **Person 1:** Good A, Good E
* **Person 2:** Good B, Good C, Good F
* **Person 3:** Good D

However, the allocation presented above balances the criteria of efficiency, equity, envy-freeness, non-wastefulness, and simplicity to a higher degree than these alternatives.",2,3,1,3,1,2
20,"**Fair Allocation of Goods**

**Step 1: Calculate the Total Value of Goods for Each Person**

| Person | Good A | Good B | Good C | Good D | Good E | Good F | Total |
|---|---|---|---|---|---|---|---|
| Person 1 | 5 | 20 | 32 | 3 | 25 | 15 | **100** |
| Person 2 | 26 | 7 | 23 | 20 | 2 | 22 | **100** |
| Person 3 | 24 | 17 | 6 | 21 | 30 | 2 | **100** |

**Step 2: Determine Priority Values for Each Good**

For each good, the priority value is the sum of the values assigned to it by all three individuals:

| Good | Priority Value |
|---|---|
| Good A | 55 |
| Good B | 44 |
| Good C | 61 |
| Good D | 44 |
| Good E | 57 |
| Good F | 39 |

**Step 3: Allocate Goods Based on Priority Values**

Starting with the highest priority value, allocate the goods as follows:

* **Good C** to **Person 1** (value 32)
* **Good E** to **Person 3** (value 30)
* **Good A** to **Person 2** (value 26)
* **Good B** to **Person 1** (value 20)
* **Good D** to **Person 3** (value 21)
* **Good F** to **Person 2** (value 22)

**Final Allocation:**

| Person | Good A | Good B | Good C | Good D | Good E | Good F |
|---|---|---|---|---|---|---|---|
| Person 1 | None | 20 | 32 | None | None | None |
| Person 2 | 26 | None | None | None | None | 22 |
| Person 3 | None | None | None | 21 | 30 | None |

**Justification for Allocation:**

This allocation ensures that each person receives approximately equal total value (100) and that the goods with the highest priority values are allocated first.

* Person 1 receives Goods B and C, which have a combined priority value of 52 (out of 301 total).
* Person 2 receives Goods A and F, which have a combined priority value of 48.
* Person 3 receives Goods D and E, which have a combined priority value of 51.

While this allocation may not be ideal for any one person, it is considered fair as it balances the preferences of all three individuals and results in an equitable distribution of goods.",2,1,1,3,3,2
21,"**Nash Bargaining Solution**

The Nash Bargaining Solution is a cooperative game theory solution concept that aims to find a fair allocation that maximizes the product of the individual utilities. It assumes that the individuals are rational and will work together to find a mutually beneficial solution.

**Step 1: Calculate the Total Value of Each Good**

| Good | Person 1's Value | Person 2's Value | Person 3's Value | Total Value |
|---|---|---|---|---|
| A | 5 | 26 | 24 | 55 |
| B | 20 | 7 | 17 | 44 |
| C | 32 | 23 | 6 | 61 |
| D | 3 | 20 | 21 | 44 |
| E | 25 | 2 | 30 | 57 |
| F | 15 | 22 | 2 | 39 |

**Step 2: Calculate the Disagreement Point**

The disagreement point is the outcome that would result if the individuals could not reach an agreement and the goods were not allocated. In this case, the disagreement point is assumed to be zero for all individuals.

**Step 3: Calculate the Product of Utilities**

The product of utilities is calculated by multiplying the utilities of each individual for each good.

| Allocation | Person 1's Utility | Person 2's Utility | Person 3's Utility | Product of Utilities |
|---|---|---|---|---|
| (A,B,C,E,F to P1, D to P2) | 80 | 71 | 75 | 421,875 |
| (A,C,D,E to P1, B to P2, F to P3) | 82 | 161 | 30 | 403,460 |
| (A,B,E to P1, C,D to P2, F to P3) | 85 | 147 | 6 | 718,830 |

**Step 4: Select the Allocation with the Highest Product of Utilities**

Based on the above calculations, the allocation that maximizes the product of utilities is:

**Person 1:** A, B, E
**Person 2:** C, D
**Person 3:** F

**Justification:**

This allocation results in the highest product of utilities (718,830), which indicates that it is the most mutually beneficial solution for the individuals involved. It gives Person 1 the goods they value most (A, B, E), Person 2 the goods they value most (C, D), and Person 3 the goods they value most (F).",1,1,2,2,1,3
22,"**Nash Bargaining Solution**

The Nash Bargaining Solution (NBS) is a cooperative game theory solution concept that aims to find a fair and efficient distribution of goods among individuals. It assumes that the individuals involved are rational and self-interested. The NBS allocation maximizes the product of the individuals' utilities, which in this case translates to maximizing the total value the individuals place on the goods.

**Steps to Calculate the NBS Allocation:**

1. **Calculate the Total Value:** Sum the values each individual places on each good:
   - Total Value = 5 + 20 + 32 + 3 + 25 + 15 + 26 + 7 + 23 + 20 + 2 + 22 + 24 + 17 + 6 + 21 + 30 + 2 = 249

2. **Determine the Minimum Value for Each Individual:** This is the value each individual would receive if no agreement is reached and the goods are not allocated.
   - Person 1: Minimum Value = 0
   - Person 2: Minimum Value = 0
   - Person 3: Minimum Value = 0

3. **Calculate the Individual Bargaining Powers:** This is the ratio of the individual's minimum value to the total value.
   - Person 1: Bargaining Power = 0 / 249 = 0
   - Person 2: Bargaining Power = 0 / 249 = 0
   - Person 3: Bargaining Power = 0 / 249 = 0

4. **Maximize the Product of Utilities:** Find the allocation that maximizes the product of the individual utilities, subject to the following constraints:
   - Each individual receives at least their minimum value.
   - The sum of the values the individuals receive equals the total value.

**NBS Allocation:**

Using a trial-and-error approach or an optimization algorithm, we can find the following NBS allocation:

* Person 1 receives Good D and Good F (Total Value: 18)
* Person 2 receives Good A and Good E (Total Value: 48)
* Person 3 receives Good B and Good C (Total Value: 49)

**Analysis:**

This allocation satisfies the NBS criteria by maximizing the product of the individual utilities (18 * 48 * 49 = 42,336). It also ensures that each individual receives at least their minimum value (all individuals receive a positive value).

It is worth noting that the NBS allocation is not necessarily the only fair allocation. Other factors, such as the individuals' needs, preferences, or contributions, could also be considered when determining a fair distribution.",2,3,3,1,2,1
23,"**Fair Allocation:**

* **Person 1:** Good C, Good E
* **Person 2:** Good A, Good D
* **Person 3:** Good B, Good F

**Rationale:**

This allocation aims to maximize the total value for all three individuals while ensuring that each person receives at least two goods.

* **Person 1** receives Good C (value 32) and Good E (value 25) for a total value of 57. 
* **Person 2** receives Good A (value 26) and Good D (value 20) for a total value of 46. 
* **Person 3** receives Good B (value 17) and Good F (value 2) for a total value of 19. 

This allocation ensures that each person receives goods that they value highly, with Person 1 and Person 2 receiving two goods each and Person 3 receiving one high-value good and one low-value good. 

The allocation also considers the relative values for each good. For example, Good C is the highest-valued good for Person 1, and Good A is very high for Person 2, so allocating these goods to their respective individuals ensures fairness.",2,3,1,2,1,3
24,"**Fair Allocation:**

* **Person 1:** Good A and Good E
* **Person 2:** Good B and Good D
* **Person 3:** Good C and Good F

**Rationale:**

This allocation aims to maximize the total value derived by all three individuals.

* **Person 1:** Total value = 5 (Good A) + 25 (Good E) = **30**
* **Person 2:** Total value = 20 (Good B) + 20 (Good D) = **40**
* **Person 3:** Total value = 6 (Good C) + 2 (Good F) = **8**

This allocation gives Person 2 the highest total value, but it also ensures that Person 1 and Person 3 receive a fair share of the goods, as their total values are well above zero.

* Person 1 receives two of their top three most valued goods, which are Good A and Good E.
* Person 2 receives their two most valued goods, which are Good B and Good D.
* Person 3 receives their first and third most valued goods, which are Good C and Good F.

**Additional Considerations:**

* **Envy-Freeness:** This allocation is not envy-free, as Person 2 may prefer the allocation that Person 1 received. However, it is considered to be fair because it provides a reasonable balance of value for all parties.
* **Equity:** The allocation may not be considered equitable, as Person 2 receives a significantly higher total value than Person 3. However, it is important to note that Person 2's higher total value is due to the fact that their valuations for Goods B and D are higher than those of the other individuals.",1,2,3,2,1,3
25,"**Fair Allocation:**

**Person 1:**

* Good A (5)
* Good B (20)
* Good C (32)

**Person 2:**

* Good D (20)
* Good F (22)

**Person 3:**

* Good E (30)

**Unallocated:**

* Good F (15)

**Rationale:**

This allocation prioritizes the highest values for each person. Person 1 receives the goods for which they have the highest values (A, B, C). Person 2 receives the remaining goods they value most (D, F). Person 3 receives the good with their highest remaining value (E).

One of the goods (F) remains unallocated because it has lower values for all three people, and discarding it ensures that each person receives their most preferred goods.

This allocation can be considered fair because it maximizes the total value obtained by all three individuals:

* Person 1: 5 + 20 + 32 = 57
* Person 2: 20 + 22 = 42
* Person 3: 30 = 30

**Total Value:** 57 + 42 + 30 = **129**",1,1,1,2,3,None
26,"**Fair Allocation of Goods**

To determine a fair allocation of the goods, we will use the **Adjusted Winner Procedure (AWP)**.

**Step 1: Calculate the Total Value of Goods for Each Person**

* Person 1: 5 + 20 + 32 + 3 + 25 + 15 = 100
* Person 2: 26 + 7 + 23 + 20 + 2 + 22 = 100
* Person 3: 24 + 17 + 6 + 21 + 30 + 2 = 100

**Step 2: Calculate the Average Value of Goods**

Average = (100 + 100 + 100) / 3 = 100

**Step 3: Allocate Goods to People with the Highest Value**

* Good A: Person 2 (26 > 24 > 5)
* Good B: Person 1 (20 > 17 > 7)
* Good C: Person 1 (32 > 23 > 6)
* Good D: Person 3 (21 > 20 > 3)
* Good E: Person 3 (30 > 25 > 2)
* Good F: Person 2 (22 > 15 > 2)

**Step 4: Calculate the Value of Goods Allocated to Each Person**

* Person 1: Good B (20) + Good C (32) = 52
* Person 2: Good A (26) + Good F (22) = 48
* Person 3: Good D (21) + Good E (30) = 51

**Step 5: Adjust Allocation for People with Values Above Average**

Person 1 has a value of 52, which is above the average value of 100. He will have one good removed from his allocation.

* Person 1: Good B (20)
* Person 2: Good A (26) + Good F (22) = 48
* Person 3: Good D (21) + Good E (30) = 51

**Step 6: Adjust Allocation for People with Values Below Average**

Person 2 has a value of 48, which is below the average value of 100. He will receive one additional good from the remaining unassigned goods.

* Person 1: Good B (20)
* Person 2: Good A (26) + Good F (22) + Good C (32) = 80
* Person 3: Good D (21) + Good E (30) = 51

Therefore, the fair allocation of goods is:

* **Person 1:** Good B (20)
* **Person 2:** Good A (26), Good F (22), Good C (32)
* **Person 3:** Good D (21), Good E (30)",2,1,2,3,3,2
27,"**Fair Allocation of Goods**

**Principle:** Maximize the total value of the goods for all individuals involved.

**Allocation:**

* Good A: Person 2 (value = 26)
* Good B: Person 1 (value = 20)
* Good C: Person 3 (value = 6)
* Good D: Person 3 (value = 21)
* Good E: Person 3 (value = 30)
* Good F: Person 1 (value = 15)

**Total Value:** 118

**Rationale:**

* Person 2 has the highest value for Good A, which is the most valuable good.
* Person 3 has the second highest value for Good E, which is the second most valuable good.
* Person 1 has the third highest value for Good B and the highest value for Good F.
* Allocating Goods C and D to Person 3 balances out the allocation and ensures a more equitable distribution.

This allocation results in a total value of 118, which is the highest possible sum given the values of the individuals involved. It also ensures that each person receives at least one good that they value highly.",2,1,3,3,3,1
28,"**Fair Allocation:**

* **Person 1:** Good A, Good C, Good F
* **Person 2:** Good B, Good D, Good E
* **Person 3:** Not allocated

**Rationale:**

This allocation aims to balance the total value of goods allocated to each person while also considering the individuals' preferences.

**Total Value of Goods Allocated:**

* Person 1: 5 + 32 + 15 = 52
* Person 2: 20 + 20 + 2 = 42
* Person 3: Not allocated

**Analysis:**

* Person 1 receives the goods they value most highly (Good A, Good C, Good F).
* Person 2 receives the goods they value most highly (Good B, Good D).
* Person 3 does not receive any goods because their highest-valued good (Good E) is highly valued by Person 2, and their other goods are not as highly valued as the goods allocated to Person 1 and Person 2.

This allocation is fair because it:

* **Maximizes total utility:** By allocating goods to those who value them most, it increases the overall satisfaction of the individuals involved.
* **Considers preferences:** It takes into account the specific preferences of each person, ensuring that they receive goods that they truly want.
* **Balances outcomes:** It balances the value of goods allocated to each person, preventing any one individual from receiving an excessive share.

While different allocations may be considered fair depending on the specific criteria used, this allocation fulfills the goals of fairness in this particular scenario.",1,2,1,2,2,1
29,"**Fair Allocation:**

* **Person 1:** Good C (value: 32)
* **Person 2:** Good A (value: 26)
* **Person 3:** Good E (value: 30)

**Remaining Goods:**

* Good B (value: 17)
* Good D (value: 21)
* Good F (value: 2)

**Rationale:**

This allocation maximizes the total value received by all three individuals:

* Person 1: 32
* Person 2: 26
* Person 3: 30

**Total:** 88

This allocation also ensures that each person receives at least one good that they highly value:

* Person 1: Good C is their most valuable good.
* Person 2: Good A is their most valuable good.
* Person 3: Good E is their most valuable good.

The remaining goods (Good B, Good D, and Good F) are disposed of, as their total value (40) is less than the value of the goods already allocated (88).

**Considerations for Fairness:**

This allocation is considered fair for the following reasons:

* **Equal Distribution:** Each person receives roughly equal value in the allocation.
* **Equity:** The allocation takes into account the individual preferences and values of each person.
* **Efficiency:** The allocation maximizes the total value received by all three individuals.",2,None,1,None,3,None
30,"**Fair Allocation:**

* **Person 1:** Good B, Good E
* **Person 2:** Good A, Good F
* **Person 3:** Good C, Good D

**Explanation:**

This allocation is designed to maximize the overall fairness by considering the following principles:

* **Equity:** Each person receives a bundle of goods with roughly equal total value.
* **Efficiency:** All goods are allocated, ensuring that none are wasted.
* **Individual preferences:** The allocation takes into account the different values that each person places on each good.

**Justification:**

* **Person 1's total value:** 20 (Good B) + 25 (Good E) = 45
* **Person 2's total value:** 26 (Good A) + 22 (Good F) = 48
* **Person 3's total value:** 6 (Good C) + 21 (Good D) = 27

**Benefits of this Allocation:**

* It gives each person their most valuable good (Person 1 gets Good B, Person 2 gets Good A, and Person 3 gets Good E).
* It ensures that all persons receive a bundle of goods that is at least as valuable as the bundle they would receive in an equal split (Person 1: 30, Person 2: 31, Person 3: 29).
* It maximizes the total value of the allocated goods (sum of values: 120).

**Alternative Allocations:**

Other fair allocations might prioritize different principles or consider additional factors. For example, an allocation that prioritizes efficiency over equity might allocate all goods to Person 2, who has the highest total value.",2,1,3,3,1,2
31,"**Fair Allocation:**

* **Person 1:** Good A, Good B, Good E
* **Person 2:** Good C, Good D, Good F
* **Person 3:** Good B

**Rationale:**

This allocation maximizes the **total value** for all individuals. The total value under this allocation is:

* Person 1: 5 + 20 + 25 = 50
* Person 2: 23 + 20 + 22 = 65
* Person 3: 17 = 17

**Total:** 50 + 65 + 17 = **132**

**Additional Considerations:**

* **Equitable Distribution:** This allocation distributes the goods equally among the individuals, with each person receiving three goods.
* **Envy-Freeness:** No individual would prefer any other individual's allocation, given their own values.
* **Strategy-Proofness:** This allocation cannot be manipulated by individuals misrepresenting their values.
* **Simplicity:** This allocation is straightforward and easy to implement.

**Note:**

This is just one possible fair allocation. Other fair allocations may be possible based on different fairness criteria or weightings of individual values.",1,3,2,2,1,2
32,"I propose the following allocation of goods:
- Person 1 receives Good B, Good C and Good E
- Person 2 receives Good A and Good F
- Person 3 receives Good D

This allocation has the following total values for each person:
- Person 1: 32 + 25 = 57
- Person 2: 26 + 22 = 48
- Person 3: 21 + 2 = 23

The main reason for this allocation is to give Person 1 and Person 2 the goods that they value the most. Person 1 values Good B, Good C, and Good E the most, and Person 2 values Good A and Good F the most. This allocation also gives Person 3 the goods that they value the most, but since their values are lower than the other two individuals, they receive fewer goods.

Another important factor to consider is the potential for envy. If one person receives a good that they value more than another person, then the other person may feel envious. In this allocation, Person 1 and Person 2 both receive goods that they value more than the other person, but Person 1 receives more goods overall. This may lead to some envy from Person 2, but it is the fairest allocation that can be made without giving Person 1 all of the goods.

Overall, I believe that this allocation is the fairest because it takes into account the values of each person and the potential for envy.",2,1,1,3,1,2
33,"**Step 1: Sort the goods based on their total value for all individuals.**

| Good | Total Value |
|---|---|
| Good E | 77 |
| Good C | 61 |
| Good D | 44 |
| Good B | 44 |
| Good A | 45 |
| Good F | 39 |

**Step 2: Assign the highest-valued goods first.**

* Good E: Person 3 values it the most (30), so they get it.
* Good C: Person 1 values it the most (32), so they get it.

**Step 3: Assign the remaining goods considering the remaining values.**

* Good D: Person 3 values it the most (21) of the remaining individuals, so they get it.
* Good B: Person 1 values it the most (20) of the remaining individuals, so they get it.

**Remaining Goods:** Good A and Good F

**Step 4: Allocate the remaining goods considering individual preferences and trade-offs.**

* Person 2 values Good A much higher than Good F (26 vs. 22).
* Person 1 values Good A slightly higher than Good F (5 vs. 15).

Since Person 2 values Good A significantly more than Person 1, it is fair to allocate Good A to Person 2 and Good F to Person 1.

**Final Allocation:**

| Person | Good |
|---|---|
| Person 1 | Good C | Good F |
| Person 2 | Good A | Good D |
| Person 3 | Good E | Good B |

**Rationale:**

This allocation is fair because:

* It considers the preferences and values of all individuals.
* It allocates the highest-valued goods to those who value them the most.
* It balances the remaining goods based on individual preferences and trade-offs.
* It ensures that all individuals receive goods that they value.",2,3,1,2,3,1
34,"**Fair Allocation:**

* **Person 1 receives:** Good C, Good E
* **Person 2 receives:** Good A, Good B
* **Person 3 receives:** Good D, Good F

**Explanation:**

This allocation aims to maximize the total value obtained by the individuals while also ensuring a relatively equitable distribution of goods.

* Person 1 receives two goods with high values for them (Good C and Good E), resulting in a total value of 57.
* Person 2 receives two goods that are among their highest-valued goods (Good A and Good B), leading to a total value of 46.
* Person 3 receives two goods that are relatively lower in value for the other individuals (Good D and Good F), but still have a combined value of 23 for Person 3.

This allocation considers both the absolute values of the goods for each individual and the relative differences in their valuations. It aims to provide each person with a fair share of goods that meet their preferences.",2,2,1,3,1,3
35,"**Fair Allocation:**

**Person 1:**
* Good B (value: 20)
* Good E (value: 25)

**Person 2:**
* Good A (value: 26)
* Good C (value: 23)

**Person 3:**
* Good D (value: 21)
* Good F (value: 22)

**Remaining Goods:**
* Good A (value: 5) - Discarded as it has low value for everyone.

**Explanation:**

This allocation considers both the individual preferences and the total value of the goods allocated.

* **Person 1:** Receives two goods with a total value of 45. Their highest valued good (Good C) is assigned to Person 2, who values it more.

* **Person 2:** Receives two goods with a total value of 49. Their highest valued good (Good B) is assigned to Person 1, who values it even more.

* **Person 3:** Receives two goods with a total value of 43. Their highest valued good (Good E) is assigned to Person 1, who values it significantly more.

Discarding Good A, which has low value for all individuals, ensures that we achieve a more equitable distribution of the remaining goods. This allocation respects the preferences of each individual while maximizing the total value allocated to all.",None,1,2,3,1,3
36,"I propose the following allocation:

* **Person 1:** Good B, Good C
* **Person 2:** Good A, Good D
* **Person 3:** Good E, Good F

This allocation is fair because it gives each person two goods that they value highly.

* Person 1 values Good B and Good C the most, with values of 20 and 32 respectively.
* Person 2 values Good A and Good D the most, with values of 26 and 20 respectively.
* Person 3 values Good E and Good F the most, with values of 30 and 2 respectively.

In addition, this allocation is efficient because it maximizes the total value of the goods to the three people. The total value of the goods in this allocation is 20 + 32 + 26 + 20 + 30 + 2 = 128. This is the highest possible total value that can be achieved with any allocation of the six goods.",2,1,1,2,3,3
37,"**Fair Allocation:**

**Person 1:**
* Good B (value: 20)
* Good E (value: 25)

**Person 2:**
* Good A (value: 26)
* Good F (value: 22)

**Person 3:**
* Good C (value: 6)
* Good D (value: 21)

**Rationale:**

This allocation considers the individual preferences of each person and aims to maximize the total value they receive.

* Person 1 values Goods B and E the most out of all six goods, so they are allocated to them.
* Person 2 values Good A and Good F the most, so they are allocated to them.
* Person 3's highest valued goods are already allocated to the other two individuals, so they receive the remaining goods, C and D.

**Total Value:**

* Person 1: 45
* Person 2: 48
* Person 3: 27

This allocation results in a total value of 120, which is higher than any other possible allocation.

**Other Considerations:**

This allocation could also be considered fair because:

* It satisfies the envy-freeness criterion, meaning that no person would rather have the allocation of any other person.
* It is an equitable allocation, as each person receives a valuable combination of goods that aligns with their preferences.
* It is a Pareto efficient allocation, meaning that it is not possible to improve the allocation for one person without making it worse for another person.",2,1,3,3,1,2
38,"**Fair Allocation:**

**Person 1:**
* Good B (Value: 20)
* Good C (Value: 32)
* Good E (Value: 25)

**Person 2:**
* Good A (Value: 26)
* Good D (Value: 20)
* Good F (Value: 22)

**Person 3:**
* Good A (Value: 24)
* Good B (Value: 17)
* Good D (Value: 21)

**Reasoning:**

This allocation aims to maximize the total value for all individuals. Person 1 receives the goods with the highest value for them (excluding Good A which goes to Person 2), while Person 2 receives the goods with the second highest value. Person 3 receives the remaining goods, which have a lower value for the first two individuals but still provide significant utility to them.

**Other Considerations:**

* **Envy-freeness:** No individual should prefer another individual's allocation to their own. This allocation satisfies this condition, as each individual receives a combination of goods that they value more than any other possible combination.
* **Equity:** The allocation is relatively equitable, in the sense that all individuals receive approximately 1/3 of the total value.
* **Efficiency:** The allocation maximizes the total value obtained by all individuals.

**Note:**

Fairness is a subjective concept, and different individuals may have different views on what constitutes a fair allocation. The allocation presented here is one possible solution that takes into account the values of the individuals involved.",2,1,1,2,1,2
39,"**Step 1: Calculate the total value of each good**

- Good A: 5 + 26 + 24 = 55
- Good B: 20 + 7 + 17 = 44
- Good C: 32 + 23 + 6 = 61
- Good D: 3 + 20 + 21 = 44
- Good E: 25 + 2 + 30 = 57
- Good F: 15 + 22 + 2 = 39

**Step 2: Sort the goods from highest to lowest total value**

- Good E (57)
- Good C (61)
- Good A (55)
- Good D (44)
- Good B (44)
- Good F (39)

**Step 3: Allocate the goods starting with the highest value good**

**Round 1:**

- Good E: Person 3 (value: 30)

**Round 2:**

- Good C: Person 1 (value: 32)

**Round 3:**

- Good A: Person 2 (value: 26)

**Round 4:**

- Tie between Good B and Good D:
    - Good B: Person 1 (value: 20)
    - Good D: Person 3 (value: 21)

**Final Allocation:**

- Person 1: Good C (32), Good B (20)
- Person 2: Good A (26)
- Person 3: Good E (30), Good D (21), Good F (2)

**Explanation:**

This allocation aims to maximize the total value for all individuals combined. It satisfies the following criteria:

- **Envy-freeness:** No person would prefer another person's allocation to their own.
- **Pareto efficiency:** It is not possible to reallocate the goods in a way that would make one person better off without making another person worse off.
- **Equity:** The goods are allocated in a way that takes into account the different values that each person has for the goods.",2,1,1,3,3,3
40,"**Step 1: Calculate the Total Value of Each Good**

| Good | Person 1 | Person 2 | Person 3 | Total Value |
|---|---|---|---|---|
| A | 5 | 26 | 24 | 55 |
| B | 20 | 7 | 17 | 44 |
| C | 32 | 23 | 6 | 61 |
| D | 3 | 20 | 21 | 44 |
| E | 25 | 2 | 30 | 57 |
| F | 15 | 22 | 2 | 39 |

**Step 2: Determine the Marginal Value of Each Good for Each Person**

For each person, calculate the marginal value of each good by subtracting the total value of the goods they have already received from the total value of the goods they would receive if they were given the next good.

| Person | Good A | Good B | Good C | Good D | Good E | Good F |
|---|---|---|---|---|---|---|
| 1 | 55 - 5 = 50 | 79 - 55 = 24 | 111 - 79 = 32 | 114 - 111 = 3 | 139 - 114 = 25 | 154 - 139 = 15 |
| 2 | 55 - 26 = 29 | 62 - 55 = 7 | 85 - 62 = 23 | 105 - 85 = 20 | 107 - 105 = 2 | 129 - 107 = 22 |
| 3 | 55 - 24 = 31 | 72 - 55 = 17 | 78 - 72 = 6 | 99 - 78 = 21 | 129 - 99 = 30 | 131 - 129 = 2 |

**Step 3: Allocate the Goods**

Start by allocating the good with the highest marginal value to the person with the highest marginal value for that good.

* Allocate Good E to Person 3 (marginal value: 30).
* Allocate Good D to Person 3 (marginal value: 21).
* Allocate Good C to Person 1 (marginal value: 32).
* Allocate Good B to Person 1 (marginal value: 24).
* Allocate Good A to Person 2 (marginal value: 29).
* Allocate Good F to Person 2 (marginal value: 22).

**Final Allocation:**

| Person | Goods |
|---|---|
| 1 | Good B, Good C |
| 2 | Good A, Good F |
| 3 | Good D, Good E |

**Justification:**

This allocation maximizes the total utility of all three individuals. Person 1 receives the two goods that they value the most (Good B and Good C), Person 2 receives the two goods that they value the most (Good A and Good F), and Person 3 receives the two goods that they value the most (Good D and Good E).",2,1,1,3,3,2
41,"**Fair Allocation:**

* **Person 1:** Good C, Good E, Good F
* **Person 2:** Good A, Good B
* **Person 3:** Good D

**Explanation:**

This allocation aims to maximize the total value for all three individuals.

* Person 1's total value is: 32 + 25 + 15 = 72
* Person 2's total value is: 26 + 7 = 33
* Person 3's total value is: 21 + 30 + 2 = 53

**Justification for Allocating Goods as Follows:**

* **Good A:** Person 2 values Good A highest (26), so they receive it.
* **Good B:** Person 2 also values Good B highest (7), so they receive it.
* **Good C:** Person 1 values Good C highest (32), so they receive it.
* **Good D:** Person 3 values Good D highest (21), so they receive it.
* **Good E:** Person 1 values Good E highest (25), so they receive it.
* **Good F:** Person 1 also values Good F highest (15), so they receive it.

**Additional Considerations:**

* This allocation ensures that all individuals receive at least one good.
* The allocation is not envy-free, meaning that some individuals may prefer another person's allocation to their own. However, it is considered to be fairer than other allocations that may lead to significant disparities in value.",2,2,1,3,1,1
42,"**Fair Allocation:**

* **Person 1:** Good E
* **Person 2:** Good A, Good C
* **Person 3:** Good B, Good D, Good F

**Rationale:**

This allocation is designed to maximize the total value of the goods for all three individuals.

* **Person 1:** Receives Good E, which they value at 30.
* **Person 2:** Receives Good A, which they value at 26, and Good C, which they value at 23. Total value: 49.
* **Person 3:** Receives Good B, which they value at 17, Good D, which they value at 21, and Good F, which they value at 2. Total value: 40.

This allocation results in a total value of 30 + 49 + 40 = 119, which is greater than any other possible allocation. It also ensures that each individual receives at least one good that they value highly.

Additionally, this allocation considers the relative values of the goods for each person. For example, Person 1 values Good B highly (at 20), but Person 2 values it relatively low (at 7). By giving Good B to Person 3, who values it at 17, we ensure that it is allocated to someone who values it more highly.

This allocation also avoids the problem of ""envy,"" where one person would prefer to have a good that another person received. For example, if Person 1 received Good A instead of Person 2, they would have a higher total value, but Person 2 would be envious of their possession of Good A.",2,3,2,3,1,3
43,"**Fair Allocation of Goods:**

**Allocation 1:**

* Person 1: Good B, Good E
* Person 2: Good A, Good C
* Person 3: Good D, Good F

This allocation maximizes the total value of the goods for all three individuals, with a total value of 140.

**Allocation 2:**

* Person 1: Good A, Good D, Good F
* Person 2: Good B, Good E
* Person 3: Good C

This allocation ensures that all three individuals receive an equal number of goods, while still considering their values for each good. The total value of the goods for this allocation is 138.

**Allocation 3:**

* Person 1: Good A, Good B
* Person 2: Good C, Good D
* Person 3: Good E, Good F

This allocation considers the relative values of the goods for each individual and attempts to maximize the combined value for the individuals with the highest values for each good. The total value of the goods for this allocation is 137.

**Choice of Fairest Allocation:**

Ultimately, the fairest allocation depends on the specific criteria for fairness that are used. Based on the following criteria:

* Maximizing total value for all individuals
* Ensuring equal distribution of goods
* Considering individual preferences

**Allocation 1** would be considered the fairest allocation because it maximizes the total value of the goods for all three individuals. This allocation ensures that everyone receives goods that they value highly, resulting in a more equitable distribution of benefits.",1,1,2,3,1,3
44,"**Fair Allocation:**

1. **Good A:** Person 2 (value: 26)
2. **Good B:** Person 1 (value: 20)
3. **Good C:** Person 1 (value: 32)
4. **Good D:** Person 3 (value: 21)
5. **Good E:** Person 3 (value: 30)
6. **Good F:** Person 2 (value: 22)

**Rationale:**

This allocation maximizes the total value of the goods for the three individuals, which is 26 + 20 + 32 + 21 + 30 + 22 = 151.

* **Person 1:** Receives Goods B and C, with a total value of 20 + 32 = 52.
* **Person 2:** Receives Goods A and F, with a total value of 26 + 22 = 48.
* **Person 3:** Receives Goods D and E, with a total value of 21 + 30 = 51.

The allocation ensures that each person receives a fair share of the goods based on their individual preferences. Person 1 receives their most valued goods (Goods B and C), Person 2 receives their second most valued good (Good A) and their most valued remaining good (Good F), and Person 3 receives their two most valued remaining goods (Goods D and E).",2,1,1,3,3,2
45,"To determine a fair allocation of the goods, we can use the **Equal Division with Envy Prevention (EDEP)** algorithm. This algorithm is designed to distribute indivisible goods among multiple individuals in a way that prevents envy, meaning no one individual would prefer the allocation of another individual.

**Step 1: Create a table of values.**
| Good | Person 1 | Person 2 | Person 3 |
|---|---|---|---|
| A | 5 | 26 | 24 |
| B | 20 | 7 | 17 |
| C | 32 | 23 | 6 |
| D | 3 | 20 | 21 |
| E | 25 | 2 | 30 |
| F | 15 | 22 | 2 |

**Step 2: Sort the rows in descending order of values.**
| Good | Person 1 | Person 2 | Person 3 |
|---|---|---|---|
| C | 32 | 23 | 6 |
| B | 20 | 7 | 17 |
| E | 25 | 2 | 30 |
| F | 15 | 22 | 2 |
| A | 5 | 26 | 24 |
| D | 3 | 20 | 21 |

**Step 3: Allocate the goods one by one.**
Starting with the first row (Good C), we allocate it to Person 1 (who values it the most).

* **Allocation**: Good C to Person 1

Next, we move on to the second row (Good B). We allocate it to Person 2 (who values it the most).

* **Allocation**: Good B to Person 2

Continuing in this manner, we allocate the remaining goods as follows:

* Good E to Person 3
* Good F to Person 2
* Good A to Person 1
* Good D to Person 3

**Final Allocation:**

* Person 1: Good C, Good A
* Person 2: Good B, Good F
* Person 3: Good E, Good D

This allocation prevents envy because each individual has received a set of goods that they value more than any other possible combination of goods. Person 1 has Goods C and A, which they value at 32 + 5 = 37. Person 2 has Goods B and F, which they value at 7 + 22 = 29. Person 3 has Goods E and D, which they value at 30 + 21 = 51. No individual would prefer the allocation of another individual.

Therefore, this allocation is considered to be a fair allocation of the goods among the three individuals.",1,2,1,3,3,2
46,"**Solution:**

To determine a fair allocation of the goods, we can use the following steps:

1. **Calculate the total utility:** Calculate the total utility each person would receive if they were given all the goods.
   - Person 1: 5 + 20 + 32 + 3 + 25 + 15 = 100
   - Person 2: 26 + 7 + 23 + 20 + 2 + 22 = 100
   - Person 3: 24 + 17 + 6 + 21 + 30 + 2 = 100

2. **Allocate the goods sequentially:** Start by allocating the goods with the highest value to each person. If a good has the same value for multiple people, allocate it to the person with the lowest total utility.
   - Good A: Person 2 (26)
   - Good B: Person 1 (20)
   - Good C: Person 1 (32)
   - Good D: Person 3 (21)
   - Good E: Person 3 (30)
   - Good F: Person 2 (22)

3. **Check for optimality:** Calculate the total utility for each person after the allocation. If the total utility for any person is less than the total utility for any other person, the allocation is not optimal.

4. **Adjust the allocation:** If the allocation is not optimal, adjust it by swapping goods between people until the total utility for all people is as close as possible to the same.

**Final Allocation:**

- Person 1: Good B, Good C, Good D
- Person 2: Good A, Good F
- Person 3: Good E

This allocation results in the following total utilities:

- Person 1: 20 + 32 + 3 = 55
- Person 2: 26 + 22 = 48
- Person 3: 30 + 21 = 51

While the total utilities are not exactly the same, this allocation is relatively fair and balances the interests of all three individuals.",2,1,1,3,3,2
47,"**Fair Allocation:**

* **Good A:** Person 2
* **Good B:** Person 1
* **Good C:** Person 1
* **Good D:** Person 3
* **Good E:** Person 3
* **Good F:** Person 2

**Reasoning:**

This allocation is fair because it maximizes the sum of individual utilities derived from the goods.

* **Person 1's Utility:** 20 + 32 = 52
* **Person 2's Utility:** 26 + 22 = 48
* **Person 3's Utility:** 21 + 30 = 51

**Alternative Allocations:**

* **Allocate Good A to Person 1:** This would result in a slightly lower sum of utilities (51), as Person 2 now values Good A at 0.
* **Allocate Good E to Person 1:** This would also result in a slightly lower sum of utilities (50), as Person 3 now values Good E at 0.

**Additional Considerations:**

* **Envy-Freeness:** This allocation is not envy-free, as Person 1 would prefer to have Good A and Good E instead of Good B and Good C.
* **Other Fairness Criteria:** Other fairness criteria, such as proportional allocation or egalitarian allocation, could be considered. However, these criteria may not maximize the sum of individual utilities.",2,1,1,3,3,2
48,"**Allocation:**

* **Person 1:** Good B, Good C, Good E
* **Person 2:** Good A, Good F
* **Person 3:** Good D

**Explanation:**

This allocation is considered fair based on the following principles:

* **Equity:** Each person receives goods that they value highly. Person 1 values Goods B, C, and E the most, Person 2 values Goods A and F the most, and Person 3 values Good D the most.
* **Maximizing Total Value:** This allocation results in the highest total value of goods for all three individuals combined. The total value of the allocation is 142 (5 + 20 + 32 + 7 + 22 + 30).
* **Equal Division:** The allocation is not perfectly equal, but it is close. Person 1 receives goods with a total value of 57, Person 2 receives goods with a total value of 49, and Person 3 receives a good with a value of 21.
* **No Waste:** All six goods are allocated, so there is no waste.

**Alternative Allocation:**

An alternative allocation that could also be considered fair would be:

* **Person 1:** Good A, Good C, Good D
* **Person 2:** Good B, Good E
* **Person 3:** Good F

This allocation results in a slightly lower total value (139), but it provides each person with a good that they value highly and is still relatively equal.",2,1,1,3,1,2
49,"To determine a fair allocation of the goods, I will use the following steps:

1. **Create a table of values:** I will create a table that shows the value each person assigns to each good.

| Good | Person 1 | Person 2 | Person 3 |
|---|---|---|---|
| A | 5 | 26 | 24 |
| B | 20 | 7 | 17 |
| C | 32 | 23 | 6 |
| D | 3 | 20 | 21 |
| E | 25 | 2 | 30 |
| F | 15 | 22 | 2 |

2. **Find the total value of each good:** I will add up the values that all three people assign to each good.

| Good | Total Value |
|---|---|
| A | 55 |
| B | 44 |
| C | 61 |
| D | 44 |
| E | 57 |
| F | 39 |

3. **Allocate the goods to the people who value them the most:** I will start by allocating the good with the highest total value, which is Good E. Person 3 values Good E the most, so I will allocate it to them.
- Person 1: 0 goods
- Person 2: 0 goods
- Person 3: Good E

4. **Repeat step 3 for the remaining goods:** I will continue to allocate the goods to the people who value them the most, until all the goods have been allocated.
- Good C: Allocated to Person 1
- Good D: Allocated to Person 3
- Good A: Allocated to Person 2
- Good B: Allocated to Person 1
- Good F: Allocated to Person 2

**Final allocation:**

- Person 1: Goods A, B, and C
- Person 2: Goods A and F
- Person 3: Goods D and E

I believe this allocation is fair because it takes into account the value that each person assigns to each good. Each person received at least one good that they value more than any other good.",2,1,1,3,3,2
50,"**Fair Allocation:**

* **Person 1:** Good A, Good C, Good F
* **Person 2:** Good B, Good E
* **Person 3:** Good D

**Rationale:**

This allocation maximizes the **total value** for all individuals:

* Person 1: 5 + 32 + 15 = 52
* Person 2: 20 + 2 = 22
* Person 3: 21 + 30 = 51

**Total:** 125

**Additional Considerations:**

* **Equity:** Each person receives a fair share of the goods based on their values.
* **Efficiency:** No goods are left unallocated.
* **Stability:** No person would have an incentive to trade their goods with another person.

**Alternative Allocation (Less Equitable):**

* **Person 1:** Good A, Good B, Good C
* **Person 2:** Good D, Good E, Good F
* **Person 3:** None

**Total Value:** 110

* While this allocation may be more efficient (no goods are discarded), it is less equitable because Person 3 receives nothing.

**Other Factors to Consider:**

* **Power imbalances:** If one person has more power or influence, they may be able to negotiate a more favorable allocation.
* **Social norms:** Cultural or societal norms may influence what is considered fair.
* **Time constraints:** The allocation may need to be made quickly, which could limit the fairness and efficiency of the process.

Ultimately, a fair allocation is one that is acceptable to all parties involved and considers multiple factors, including equity, efficiency, and the social context.",1,2,1,3,2,1
51,"**Fair Allocation of Goods:**

Given the values assigned by each person to the different goods, I propose the following allocation:

**Person 1:**

* Good B
* Good C
* Good F

**Person 2:**

* Good A
* Good D

**Person 3:**

* Good E

**Rationale:**

This allocation strives to maximize the total value for all three individuals while ensuring a relatively equitable distribution.

* **Person 1** receives the goods they value the most (B and C), as well as a good that they value fairly (F).
* **Person 2** receives the goods they value the most (A and D), which also happen to be the goods that Person 1 values the least.
* **Person 3** receives the good they value the most (E), even though they had lower valuations for the remaining goods.

**Total Value:**

* Person 1: 5 + 20 + 32 + 15 = **72**
* Person 2: 26 + 20 + 22 = **68**
* Person 3: 30 = **30**

**Total Value for All:** **170**

This allocation results in a higher total value than other possible allocations while also ensuring that each person receives goods that they value. I believe it represents a fair solution that considers the individual preferences and values of all involved.",2,1,1,2,3,1
52,"**Procedure to Determine a Fair Allocation:**

**Step 1: Calculate the Total Value for Each Person**

* **Person 1:** 5 + 20 + 32 + 3 + 25 + 15 = 100
* **Person 2:** 26 + 7 + 23 + 20 + 2 + 22 = 100
* **Person 3:** 24 + 17 + 6 + 21 + 30 + 2 = 100

**Step 2: Calculate the Proportional Share for Each Person**

* Each person's proportional share is 100 / 3 = 33.33

**Step 3: Allocate Goods Based on Proportional Share**

Starting with the highest valued goods, we allocate them to people in such a way that each person's total value is as close to 33.33 as possible.

* **Good A:**
    * Person 2: Value of 26 (worth 26 units)
* **Good B:**
    * Person 1: Value of 20 (worth 20 units)
    * Person 3: Value of 17 (worth 17 units)
* **Good C:**
    * Person 1: Value of 32 (worth 32 units)
* **Good D:**
    * Person 2: Value of 20 (worth 20 units)
    * Person 3: Value of 21 (worth 21 units)
* **Good E:**
    * Person 1: Value of 25 (worth 25 units)
    * Person 3: Value of 30 (worth 30 units)
* **Good F:**
    * Person 1: Value of 15 (worth 15 units)
    * Person 2: Value of 22 (worth 22 units)

**Final Allocation:**

* **Person 1:** Good B, Good C, Good E, Good F (Total value: 92 units)
* **Person 2:** Good A, Good D (Total value: 46 units)
* **Person 3:** Good B, Good D, Good E (Total value: 68 units)

**Justification for Fairness:**

This allocation is considered fair because:

* Each person receives goods with a total value that is as close as possible to their proportional share (33.33 units).
* There are no goods that are significantly under-allocated or over-allocated.
* The allocation takes into account the different preferences of each person.
* Each person has the opportunity to receive goods that they consider to be most valuable to them.",2,1,1,2,1,1
53,"**Allocation:**

* **Person 1:** Good B, Good C, Good F
* **Person 2:** Good A, Good D, Good E
* **Person 3:** Good C, Good E

**Explanation:**

This allocation aims to balance fairness by considering the following criteria:

* **Equalization of Values:** The allocation attempts to give each person goods with a similar total value. Person 1 receives goods worth 72 (20 + 32 + 15), Person 2 receives goods worth 75 (26 + 20 + 29), and Person 3 receives goods worth 73 (32 + 30 + 11).
* **Maximization of Individual Values:** The allocation gives Person 1 their most preferred goods (Good B and Good C) and Person 2 their most preferred goods (Good A and Good D). Person 3 receives Good C, which has their second-highest value, along with Good E, which has their highest value.
* **Minimization of Residual Values:** This allocation minimizes the total value of goods not allocated. By giving Person 3 Good C instead of Good F (which has a lower value for them), the total residual value is reduced.

**Alternative Allocation:**

* **Person 1:** Good A, Good B, Good E
* **Person 2:** Good C, Good D, Good F
* **Person 3:** Good A, Good D

**Explanation:**

This allocation would also maintain a balance of values, with Person 1 receiving goods worth 72, Person 2 receiving goods worth 75, and Person 3 receiving goods worth 69. However, it does not maximize individual values as it does not give Person 2 their most preferred goods (Good A and Good D).

Ultimately, the choice between these two allocations depends on the specific criteria and preferences of the individuals involved.",2,1,1,2,2,1
54,"**Maximin Allocation:**

This allocation prioritizes the individual with the lowest maximum value across all goods. In this case, Person 3 has the lowest maximum value of 30. Therefore, the allocation that maximizes their utility is:

* Person 3: Good E

This leaves the following goods to be allocated: Good A, Good B, Good C, Good D, and Good F.

**Next, we consider the individual with the next lowest maximum value, which is Person 2 (value of 26 for Good A).**

* Person 2: Good A

This leaves: Good B, Good C, Good D, and Good F.

**Person 1 has the highest maximum value of 32, so we allocate them the remaining good with the highest value for them:**

* Person 1: Good C

This leaves: Good B, Good D, and Good F.

**Finally, we allocate the remaining goods to the remaining individuals:**

* Person 1: Good B
* Person 2: Good D
* Person 3: Good F

**Summary:**

* Person 1: Good A, Good B, Good C
* Person 2: Good A, Good D, Good F
* Person 3: Good E, Good F

**Rationale:**

The maximin allocation ensures that the individual with the lowest maximum value (Person 3) receives a good that they value highly (Good E). It then allocates the remaining goods to the other individuals in a way that maximizes their utility, given the constraints of indivisibility.",2,1,1,2,3,3
55,"**Fair Allocation:**

**Person 1:**
* Good A
* Good B
* Good E

**Person 2:**
* Good D
* Good F
* Good C

**Person 3:**
* Good A (tie-break)

**Explanation:**

This allocation maximizes the total value for all three individuals:

* Person 1: 5+20+25 = 50
* Person 2: 20+22+23 = 65
* Person 3: 24+17+6 (or 30) = 77 (or 47)

**Rationale:**

* The allocation is **fair** because each person receives goods that they value highly.
* The allocation is **utilitarian** because it maximizes the total value for the group.
* In the case of a tie for Good A between Person 1 and Person 3, we break the tie in favor of Person 3 because they value Good E more highly than Person 1 values Good A.

**Alternative Fair Allocations:**

There are other possible allocations that could also be considered fair:

* **Person 1:** Good A, Good B, Good C
* **Person 2:** Good D, Good E, Good F
* **Person 3:** None (gets no goods)

* **Person 1:** Good A, Good B, Good D
* **Person 2:** Good C, Good E, Good F
* **Person 3:** Good A

Ultimately, the fairest allocation depends on the specific circumstances and preferences of the individuals involved.",1,1,2,2,1,2
56,"**Allocation:**

* **Person 1:** Good B, Good C, Good F
* **Person 2:** Good A, Good D
* **Person 3:** Good E

**Explanation:**

This allocation is fair because it:

* **Maximizes total utility across individuals:** The total value of the goods allocated to each person is:

    * Person 1: 72 (20 + 32 + 20)
    * Person 2: 48 (26 + 20 + 2)
    * Person 3: 52 (30 + 21 + 1)

* **Balances the value of goods allocated to each individual:** Each person receives a similar total value of goods:

    * Person 1: 72
    * Person 2: 48
    * Person 3: 52

* **Considers individual preferences:**

    * Person 1 values Good B and Good C highly, and those goods are allocated to them.
    * Person 2 values Good A and Good D highly, and those goods are allocated to them.
    * Person 3 values Good E the most, and that good is allocated to them.

* **Avoids any wasted goods:** All 6 goods are allocated and none are thrown away.

**Alternative Allocations:**

Other allocations could also be considered fair, depending on the specific criteria used. For example, one could allocate the goods in a way that:

* **Equalizes the total value of goods allocated to each individual as much as possible:**
    * Person 1: Good A, Good B, Good E
    * Person 2: Good C, Good D, Good F
    * Person 3: Good A

* **Prioritizes the highest individual value for each good:**
    * Person 1: Good B, Good C, Good E
    * Person 2: Good A, Good D, Good F
    * Person 3: Good A, Good D, Good E

Ultimately, the fairness of an allocation is subjective and depends on the values and preferences of the individuals involved.",2,1,1,2,3,1
57,"**Fair Allocation:**

* **Good A:** Person 2 (Value: 26)
* **Good B:** Person 1 (Value: 20)
* **Good C:** Person 3 (Value: 6)
* **Good D:** Person 3 (Value: 21)
* **Good E:** Person 1 (Value: 25)
* **Good F:** Person 2 (Value: 22)

**Rationale:**

This allocation aims to maximize the total utility of all individuals involved, while also ensuring that each person receives at least one good.

* **Good A:** Person 2's value for Good A is significantly higher than Person 1's or Person 3's, so allocating it to them would result in a greater overall utility.
* **Good B:** Person 1 values Good B more than the other two individuals, and it is also a good with high value in general.
* **Good C:** Person 3 has the lowest value for Good C, so allocating it to them minimizes the loss of utility.
* **Good D:** Similar to Good C, Person 3 has the lowest value for Good D, so allocating it to them minimizes the loss of utility.
* **Good E:** Person 1's value for Good E is much higher than the others, and it is also a good with high value in general.
* **Good F:** Allocating Good F to Person 2 gives them a second good, and their value for it is relatively high.

This allocation ensures that all individuals receive at least one good, and that the distribution of goods is as fair as possible based on the individuals' preferences and the value of the goods.",2,1,3,3,1,2
58,"**Envy-Free Allocation:**

One possible fair allocation that eliminates envy among the individuals is as follows:

* Person 1 receives Good C and Good E.
* Person 2 receives Good A and Good F.
* Person 3 receives Good B and Good D.

**Justification:**

* Person 1 values Good C and Good E the most, and their total value for these goods (32 + 25 = 57) is higher than the value of any other combination of two goods for the other individuals.
* Person 2 values Good A and Good F the most, and their total value for these goods (26 + 22 = 48) is higher than the value of any other combination of two goods for the other individuals.
* Person 3 values Good B and Good D the most, and their total value for these goods (17 + 21 = 38) is higher than the value of any other combination of two goods for the other individuals.

**Explanation:**

This allocation ensures that each individual receives a bundle of goods that they value more than any other possible bundle. Therefore, no individual would prefer the bundle of goods allocated to any other individual, eliminating envy.

**Note:**

It is possible for other fair allocations to exist, as long as they satisfy the condition of envy-freeness.",2,3,1,3,1,2
59,"**Fair Allocation of Goods**

**Step 1: Construct the Value Matrix**

| Good | Person 1 | Person 2 | Person 3 |
|---|---|---|---|
| A | 5 | 26 | 24 |
| B | 20 | 7 | 17 |
| C | 32 | 23 | 6 |
| D | 3 | 20 | 21 |
| E | 25 | 2 | 30 |
| F | 15 | 22 | 2 |

**Step 2: Identify the Most Valuable Good for Each Person**

| Person | Most Valuable Good |
|---|---|
| Person 1 | Good C |
| Person 2 | Good A |
| Person 3 | Good E |

**Step 3: Allocate the Most Valuable Goods**

* Allocate Good C to Person 1 (value: 32).
* Allocate Good A to Person 2 (value: 26).
* Allocate Good E to Person 3 (value: 30).

**Step 4: Allocate Remaining Goods**

* **Person 1:** Good B (value: 20 remaining)
* **Person 2:** Good D (value: 20 remaining)
* **Person 3:** Good F (value: 2 remaining)

**Final Allocation:**

| Person | Goods | Value |
|---|---|---|
| Person 1 | Good C, Good B | 52 |
| Person 2 | Good A, Good D | 46 |
| Person 3 | Good E, Good F | 32 |

**Rationale:**

This allocation aims to distribute the goods fairly by giving each person their most valuable good and then allocating the remaining goods in a way that maximizes their total value.

* Person 1 receives two goods with a combined value of 52, which is the highest total value among the three individuals.
* Person 2 receives two goods with a combined value of 46, which is the second highest total value.
* Person 3 receives two goods with a combined value of 32, which is the lowest total value. However, they received Good E, which is the most valuable good overall.

This allocation ensures that each person receives a fair share of the goods and that the overall value is distributed as equitably as possible.",2,1,1,2,3,3
60,"**Fair Allocation of Goods:**

**Step 1: Calculate the Total Value for Each Good**

| Good | Total Value |
|---|---|
| A | 55 |
| B | 44 |
| C | 61 |
| D | 44 |
| E | 57 |
| F | 39 |

**Step 2: Determine the Marginal Value for Each Person**

| Person | Good | Marginal Value |
|---|---|---|
| 1 | A | 5 |
| | B | 20 |
| | C | 32 |
| | D | 3 |
| | E | 25 |
| | F | 15 |
| 2 | A | 26 |
| | B | 7 |
| | C | 23 |
| | D | 20 |
| | E | 2 |
| | F | 22 |
| 3 | A | 24 |
| | B | 17 |
| | C | 6 |
| | D | 21 |
| | E | 30 |
| | F | 2 |

**Step 3: Allocate Goods Based on Marginal Value**

Starting with the highest marginal value, allocate goods to the individuals in descending order.

**Allocation:**

* **Person 1:** Good C (32), Good E (25), Good F (15)
* **Person 2:** Good A (26), Good B (7), Good D (20)
* **Person 3:** Good B (17), Good D (21), Good E (30)

**Rationale:**

This allocation maximizes the total value enjoyed by the individuals, thereby promoting fairness. By giving each person the goods they value most, we ensure that resources are distributed according to their preferences.

**Additional Considerations:**

* It is important to note that this is just one possible fair allocation. Other allocations may be considered fair depending on specific circumstances or ethical perspectives.
* This allocation is not necessarily envy-free, meaning that some individuals may prefer the bundles allocated to others. However, it is a reasonable compromise that balances individual preferences and overall fairness.",2,3,1,2,1,1
61,"**Fair Allocation of Goods**

**Goal:** Determine a fair allocation of 6 indivisible goods among 3 individuals.

**Individuals' Values for Goods:**

| Individual | Good A | Good B | Good C | Good D | Good E | Good F |
|---|---|---|---|---|---|---|
| Person 1 | 5 | 20 | 32 | 3 | 25 | 15 |
| Person 2 | 26 | 7 | 23 | 20 | 2 | 22 |
| Person 3 | 24 | 17 | 6 | 21 | 30 | 2 |

**Proposed Allocation:**

* **Person 1:** Good B, Good E, Good F
* **Person 2:** Good A, Good C, Good D
* **Person 3:** None

**Rationale:**

* This allocation maximizes the sum of the individuals' values for the goods they receive. Person 1's value for the goods they receive is 20+25+15 = 60. Person 2's value is 26+23+20 = 69. Person 3 receives no goods, but this is fair as their lowest value for any good is 2.
* The allocation ensures that all goods are allocated. If Good E were allocated to Person 2, for example, then Person 1 would receive nothing as their other values are lower than those of Person 2.
* This allocation is also equitable, as it distributes the goods among the individuals in a way that reflects their overall preferences. Person 2 receives the most valuable goods (A, C, D), while Person 1 receives the next most valuable (B, E, F).

**Additional Considerations:**

* The allocation does not consider any other factors, such as the individuals' needs or circumstances.
* The allocation could be adjusted based on the individuals' willingness to trade. For example, if Person 1 was willing to give up Good B to receive Good A, then the allocation could be modified to accommodate their preferences.",2,1,2,2,1,1
62,"**Fair Allocation:**

* **Person 1:** Good A, Good D
* **Person 2:** Good B, Good F
* **Person 3:** Good C, Good E

**Justification:**

This allocation aims to maximize the average value that each person receives.

* Person 1's value: (5 + 3) / 2 = 4
* Person 2's value: (20 + 22) / 2 = 21
* Person 3's value: (6 + 30) / 2 = 18

**Rationale:**

* Person 2 has the highest value for Good B and Good F, so it is fair to allocate them to them.
* Person 3 has the highest value for Good C and Good E, so it is fair to allocate them to them.
* This leaves Good A and Good D for Person 1, who has the highest value for those goods among the remaining goods.

This allocation also considers the relative values of the goods. For instance, Good E is worth more to Person 3 than the other goods are to Person 1 or Person 2, so it is allocated to Person 3.

Overall, this allocation balances fairness and efficiency, ensuring that each person receives a fair share of the goods based on their preferences.",1,2,3,1,3,2
63,"**Fair Allocation of Goods**

To determine a fair allocation of goods, we can use the following steps:

**1. Calculate the total value for each person:**

* Person 1: 5 + 20 + 32 + 3 + 25 + 15 = 100
* Person 2: 26 + 7 + 23 + 20 + 2 + 22 = 100
* Person 3: 24 + 17 + 6 + 21 + 30 + 2 = 100

**2. Determine a fair share for each person:**

Since the total value for each person is the same, a fair share would be 100 / 3 = 33.33.

**3. Allocate goods based on values:**

Starting with the person with the highest value for a particular good, allocate that good to them until their fair share is reached.

* **Good A:** Person 2 has the highest value (26). Allocate Good A to Person 2.
* **Good B (Remaining):** Person 1 has the highest remaining value (20). Allocate Good B to Person 1.
* **Good C (Remaining):** Person 1 has the highest remaining value (32). Allocate Good C to Person 1.
* **Good D (Remaining):** Person 3 has the highest remaining value (21). Allocate Good D to Person 3.
* **Good E (Remaining):** Person 1 has the highest remaining value (25). Allocate Good E to Person 1.
* **Good F (Remaining):** Person 2 has the highest remaining value (22). Allocate Good F to Person 2.

**Final Allocation:**

* Person 1: Good A, Good B, Good C, Good E
* Person 2: Good D, Good F
* Person 3: Not allocated any goods

**Justification:**

This allocation ensures that all individuals have a fair share of the total value of the goods. In particular:

* Person 1 receives 5 + 20 + 32 + 25 = 82 units of value, which is close to their fair share of 100 / 3 = 33.33.
* Person 2 receives 26 + 20 + 22 = 68 units of value, which is also close to their fair share.
* Person 3 does not receive any goods, as their value for all remaining goods is below the remaining fair share of 33.33.",2,1,1,3,1,2
64,"**Fair Allocation:**

**Person 1:**
* Good C
* Good E

**Person 2:**
* Good A
* Good D
* Good F

**Person 3:**
* Good B

**Rationale:**

This allocation maximizes the total value for the three individuals:

* **Person 1:** 32 + 25 = 57
* **Person 2:** 26 + 20 + 22 = 68
* **Person 3:** 17 = 17

**Total Value:** 57 + 68 + 17 = 142

This allocation also respects the relative values of the individuals for each good. For example, Person 1 values Good C the most among all individuals, so they are allocated Good C. Similarly, Person 2 values Good A the most, so they are allocated Good A.

Another factor considered in this allocation is the envy of each individual. For example, Person 1 would not envy Person 2's allocation of Good D because they value Good C more. Similarly, Person 3 would not envy Person 2's allocation of Good A because they value Good B more.

Overall, this allocation is considered fair because it maximizes the total value, respects the relative values of the individuals, and minimizes envy.",2,3,1,2,1,2
65,"**Fair Allocation of Goods:**

**Step 1: Calculate Total Value for Each Person**

* Person 1: 5 + 20 + 32 + 3 + 25 + 15 = 100
* Person 2: 26 + 7 + 23 + 20 + 2 + 22 = 100
* Person 3: 24 + 17 + 6 + 21 + 30 + 2 = 100

**Step 2: Determine the Goods to be Allocated**

Given that the total value is the same for each person, we can allocate all 6 goods fairly without throwing any away.

**Step 3: Assign Goods Based on Highest Value**

* Person 1: Good C (value 32)
* Person 2: Good A (value 26)
* Person 3: Good E (value 30)

**Step 4: Allocate Remaining Goods**

* Person 1: Good B (value 20)
* Person 2: Good D (value 20)
* Person 3: Good F (value 22)

**Final Allocation:**

* Person 1: **Good C, Good B**
* Person 2: **Good A, Good D**
* Person 3: **Good E, Good F**

**Rationale:**

This allocation ensures that each person receives a fair bundle of goods, with each good being assigned to the person who values it the most. It also avoids any waste, as all goods are allocated.",2,1,1,2,3,3
66,"The allocation that I consider to be the fairest is as follows:

* **Person 1:** Good B, Good C, Good D
* **Person 2:** Good A, Good F
* **Person 3:** Good E

This allocation is fair because it gives each person goods that they value highly. Person 1 values Good C the most, so they get that good. Person 2 values Good A the most, so they get that good. Person 3 values Good E the most, so they get that good.

In addition, this allocation is efficient because it gives each good to the person who values it the most. This means that the total value of the goods is maximized.

Another possible fair allocation is as follows:

* **Person 1:** Good A, Good B, Good E
* **Person 2:** Good C, Good D, Good F
* **Person 3:** None

This allocation is also fair because it gives each person goods that they value highly. Person 1 values Good B the most, so they get that good. Person 2 values Good C the most, so they get that good. Person 3 values Good E the most, so they get that good.

However, this allocation is less efficient than the first allocation because it gives Good A to Person 1, who values it less than Person 2. This means that the total value of the goods is lower.

Ultimately, the best allocation is the one that is fair to all parties involved and that maximizes the total value of the goods. In this case, I believe that the first allocation is the best choice.",2,1,1,1,3,2
67,"**Maximizing Total Value**

One fair allocation method is to allocate the goods to the individuals who value them the most. By doing so, we maximize the total value derived from the goods. This allocation is as follows:

* Good A to Person 2 (value: 26)
* Good B to Person 1 (value: 20)
* Good C to Person 1 (value: 32)
* Good D to Person 3 (value: 21)
* Good E to Person 1 (value: 25)
* Good F to Person 2 (value: 22)

**Total value:** 146

**Minimizing Total Loss**

Another fair allocation method is to minimize the total loss of value. This involves allocating the goods to the individuals who would lose the most if they did not receive them. This allocation is as follows:

* Good A to Person 2 (value: 26)
* Good B to Person 1 (value: 20)
* Good C to Person 3 (value: 6)
* Good D to Person 3 (value: 21)
* Good E to Person 1 (value: 25)
* Good F to Person 2 (value: 22)

**Total value:** 120

**Envy-Free Allocation**

An envy-free allocation is one where no individual prefers the allocation of another individual. The following allocation is envy-free:

* Good A to Person 2 (value: 26)
* Good B to Person 1 (value: 20)
* Good C to Person 1 (value: 32)
* Good D to Person 3 (value: 21)
* Good E to Person 3 (value: 30)
* Good F to Person 2 (value: 22)

**Total value:** 151

**Equalitarian Allocation**

An equalitarian allocation is one where each individual receives the same total value. The following allocation is equalitarian:

* Good A to Person 1 (value: 5)
* Good B to Person 2 (value: 7)
* Good C to Person 3 (value: 6)
* Good D to Person 3 (value: 21)
* Good E to Person 1 (value: 25)
* Good F to Person 2 (value: 22)

**Total value per individual:** 53

**Hybrid Allocation**

A hybrid allocation combines different principles to achieve a fair distribution. For instance, we could prioritize envy-freeness by allocating goods A, B, C, and F as in the envy-free allocation. We could then allocate the remaining goods (D and E) to maximize the total value, giving them to Person 3 and Person 1, respectively. This hybrid allocation is as follows:

* Good A to Person 2 (value: 26)
* Good B to Person 1 (value: 20)
* Good C to Person 1 (value: 32)
* Good D to Person 3 (value: 21)
* Good E to Person 1 (value: 25)
* Good F to Person 2 (value: 22)

**Total value:** 146

The choice of allocation method depends on the specific fairness principles that are considered most important in the given situation.",2,1,1,3,3,2
68,"**Principle of Fairness:**

I will allocate the goods to individuals in a way that maximizes the sum of their utilities. Utility is the value that each individual assigns to a particular good.

**Calculation of Utilities:**

| Good | Person 1 | Person 2 | Person 3 |
|---|---|---|---|
| A | 5 | 26 | 24 |
| B | 20 | 7 | 17 |
| C | 32 | 23 | 6 |
| D | 3 | 20 | 21 |
| E | 25 | 2 | 30 |
| F | 15 | 22 | 2 |

**Allocation:**

* **Good A:** To Person 2, who values it the highest (utility = 26).
* **Good B:** To Person 1, who values it the highest (utility = 20).
* **Good C:** To Person 1, who values it the highest (utility = 32).
* **Good D:** To Person 3, who values it the highest (utility = 21).
* **Good E:** To Person 3, who values it the highest (utility = 30).
* **Good F:** To Person 2, who values it the highest (utility = 22).

**Total Utility:**

The sum of utilities for this allocation is: 26 + 20 + 32 + 21 + 30 + 22 = 151

**Justification:**

This allocation ensures that Person 1, Person 2, and Person 3 all receive goods that they value highly. By assigning goods to individuals who derive the most utility from them, I am maximizing the overall fairness of the allocation.",2,1,1,3,3,2
69,"**Step 1: Rank the Goods for Each Person**

| Person | Good A | Good B | Good C | Good D | Good E | Good F |
|---|---|---|---|---|---|---|
| Person 1 | 5 | 20 | 32 | 3 | 25 | 15 |
| Person 2 | 26 | 7 | 23 | 20 | 2 | 22 |
| Person 3 | 24 | 17 | 6 | 21 | 30 | 2 |

**Step 2: Find the Total Value for Each Person**

| Person | Total Value |
|---|---|
| Person 1 | 122 |
| Person 2 | 100 |
| Person 3 | 120 |

**Step 3: Determine a Fair Allocation**

The goal is to allocate the goods in a way that maximizes the overall fairness. There are several approaches to fairness, including:

* **Egalitarian:** Allocate equal value of goods to each person.
* **Utilitarian:** Allocate goods to maximize the total value for all persons.
* **Prioritarian:** Allocate goods to give priority to those with the highest needs or least resources.

In this case, we will use a combination of principles to achieve a fair allocation:

**Allocation:**

* **Person 1:** Good C, Good E
* **Person 2:** Good A, Good D, Good F
* **Person 3:** Good B

**Explanation:**

* Person 1 has the highest total value, but did not value Good A and Good D highly.
* Person 2 valued Good A and Good D the most, so they received those.
* Person 3 had the lowest total value, but valued Good B the most.

This allocation results in the following total values for each person:

* Person 1: 57
* Person 2: 53
* Person 3: 17

While not perfectly equal, this allocation is considered fair because it gives priority to Person 3's needs, provides Person 2 with their most valued goods, and still grants Person 1 a reasonable share of the goods.",2,3,1,2,1,2
70,"**Fair Allocation of Goods**

**Allocation:**

* Person 1: Good A, Good C, Good E
* Person 2: Good B, Good F
* Person 3: Good D

**Explanation:**

This allocation aims to maximize the total value of the goods for all individuals while ensuring fairness.

**Individual Valuations:**

* Person 1: 5 + 32 + 25 = 62
* Person 2: 20 + 22 = 42
* Person 3: 21 + 30 = 51

**Why is this allocation fair?**

* **Equal Value:** The total value for each person is relatively close (62 for Person 1, 42 for Person 2, and 51 for Person 3).
* **High-Value Goods:** Person 1 receives three of the highest-valued goods (Good A, Good C, Good E), which have a combined value of 57.
* **Balance:** Person 2 receives the two second-highest-valued goods (Good B, Good F), which balance out the higher-value goods received by Person 1.
* **Preference Fulfillment:** Person 3 receives Good D, which is their highest-valued good among the remaining options.
* **No Envy:** None of the individuals would prefer the allocation of another individual, as their own allocation provides them with the highest total value.

This allocation is fair because it considers the individual valuations of the goods, ensures that everyone receives a significant portion of value, and minimizes envy.",1,2,1,3,1,2
71,"**Allocation:**

* **Person 1:**
    * Good C
    * Good D
    * Good E
* **Person 2:**
    * Good A
    * Good B
    * Good F
* **Person 3:**

**Rationale:**

This allocation considers both individuals' values and aims to maximize the total utility derived from the goods.

* **Person 1:**
    * Person 1 values Good C the highest (32), Good D moderately (3), and Good E second highest (25).
    * Allocating these goods to Person 1 gives them a total utility of 60.
* **Person 2:**
    * Person 2 values Good A the highest (26), Good B moderately (7), and Good F third highest (22).
    * Allocating these goods to Person 2 gives them a total utility of 55.
* **Person 3:**
    * Person 3 does not receive any goods in this allocation because their highest valued goods (Good E and Good C) have already been allocated.
    * However, this allocation still maximizes the total utility (115) for the first two individuals.

**Additional Considerations:**

* **Envy-freeness:** This allocation is not envy-free, as Person 3 would prefer to have Goods C and E over Person 1.
* **Pareto efficiency:** This allocation is Pareto efficient, meaning it is not possible to reallocate the goods to increase one person's utility without decreasing another's.

**Note:** The fairness of this allocation is subjective and may depend on the criteria used for evaluation. Other factors, such as need, equity, or social welfare, could be considered in determining a different fair allocation.",2,2,1,1,1,2
72,"**Step 1: Determine the marginal utility of each good for each person.**

The marginal utility of a good is the additional value that a person derives from receiving one more unit of that good.

| Person | Good | Marginal Utility |
|---|---|---|
| 1 | A | 5 |
| 1 | B | 20 |
| 1 | C | 32 |
| 1 | D | 3 |
| 1 | E | 25 |
| 1 | F | 15 |
| 2 | A | 26 |
| 2 | B | 7 |
| 2 | C | 23 |
| 2 | D | 20 |
| 2 | E | 2 |
| 2 | F | 22 |
| 3 | A | 24 |
| 3 | B | 17 |
| 3 | C | 6 |
| 3 | D | 21 |
| 3 | E | 30 |
| 3 | F | 2 |

**Step 2: Sort the goods in order of their marginal utility for each person.**

| Person | Goods |
|---|---|
| 1 | C, B, E, A, F, D |
| 2 | A, D, C, F, B, E |
| 3 | E, D, B, A, C, F |

**Step 3: Allocate the goods to the person who values them the most.**

Starting with the most valuable good, allocate it to the person who values it the most. Continue this process until all the goods have been allocated.

| Person | Goods |
|---|---|
| 1 | C |
| 2 | A |
| 3 | E |
| 1 | B |
| 2 | D |
| 3 | D |

**Final Allocation:**

* Person 1: C, B
* Person 2: A, D
* Person 3: E, D

This allocation maximizes the total utility of the goods for the three people:

* Person 1: 32 + 20 = 52
* Person 2: 26 + 20 = 46
* Person 3: 30 + 21 = 51

This allocation is also fair because each person receives goods that they value more than the other goods that are available.",2,1,1,2,3,None
73,"**Step 1: Calculate the Total Value of Goods for Each Person**

* Person 1: 5 + 20 + 32 + 3 + 25 + 15 = 95
* Person 2: 26 + 7 + 23 + 20 + 2 + 22 = 100
* Person 3: 24 + 17 + 6 + 21 + 30 + 2 = 100

**Step 2: Find the Goods with the Highest Value for Each Person**

* Person 1: Good B (20), Good C (32), Good E (25), Good A (5)
* Person 2: Good A (26), Good B (7), Good D (20), Good C (23)
* Person 3: Good E (30), Good B (17), Good D (21), Good A (24)

**Step 3: Allocate the Highest Value Goods to Each Person**

* Person 1: Good B
* Person 2: Good A
* Person 3: Good E

**Step 4: Remaining Goods**

* Good C
* Good D
* Good F

**Step 5: Allocate Remaining Goods Based on Second Highest Value**

* Person 1: Good C (32)
* Person 2: Good D (20)
* Person 3: Good F (2)

**Final Allocation:**

* Person 1: Good B, Good C
* Person 2: Good A, Good D
* Person 3: Good E, Good F

**Justification for Fairness:**

This allocation ensures that each person receives their most valued goods, as well as the second most valued goods. The total value of goods received by each person is as follows:

* Person 1: 20 + 32 = 52
* Person 2: 26 + 20 = 46
* Person 3: 30 + 2 = 32

While Person 1 receives a slightly higher total value than Person 2, it is due to the fact that their highest and second highest valued goods are both more valuable than those of Person 2. Person 3's total value is lower because their highest and second highest valued goods have lower values than those of the other two individuals.",2,1,1,2,3,3
74,"**Nash Bargaining Solution (NBS)**

The NBS is a widely used method for fair allocation that takes into account the individual values of the goods. It aims to find an allocation that maximizes the product of the individuals' utilities, making it a Pareto-optimal solution.

**Step 1: Calculate Individual Utility Products**

For each person, calculate the product of their utilities for each good:

| Person | Good | Utility | Utility Product |
|---|---|---|---|
| Person 1 | A | 5 | 5 |
| Person 1 | B | 20 | 20 |
| Person 1 | C | 32 | 32 |
| Person 1 | D | 3 | 3 |
| Person 1 | E | 25 | 25 |
| Person 1 | F | 15 | 15 |
| Person 2 | A | 26 | 26 |
| Person 2 | B | 7 | 7 |
| Person 2 | C | 23 | 23 |
| Person 2 | D | 20 | 20 |
| Person 2 | E | 2 | 2 |
| Person 2 | F | 22 | 22 |
| Person 3 | A | 24 | 24 |
| Person 3 | B | 17 | 17 |
| Person 3 | C | 6 | 6 |
| Person 3 | D | 21 | 21 |
| Person 3 | E | 30 | 30 |
| Person 3 | F | 2 | 2 |

**Step 2: Compute the Nash Product**

The Nash product is the product of the maximum utility products for each person:

Nash Product = 5 x 26 x 30 = 3,900

**Step 3: Find the Allocation that Maximizes the Nash Product**

We try different allocations to find the one that maximizes the Nash product:

**Allocation 1:**

* Person 1: Good C (32)
* Person 2: Good A (26)
* Person 3: Good E (30)

Nash Product = 32 x 26 x 30 = 25,856

**Allocation 2:**

* Person 1: Good B (20)
* Person 2: Good D (20)
* Person 3: Good E (30)

Nash Product = 20 x 20 x 30 = 12,000

**Allocation 3:**

* Person 1: Good A (5)
* Person 2: Good B (7)
* Person 3: Good C (6), Good D (21), Good E (30)

Nash Product = 5 x 7 x 6 x 21 x 30 = 23,100

**Final Allocation:**

The allocation that maximizes the Nash product is **Allocation 3**:

* Person 1: Good A (5)
* Person 2: Good B (7)
* Person 3: Good C (6), Good D (21), Good E (30)",1,2,3,3,3,None
75,"To determine a fair allocation of the 6 goods among the 3 individuals, I have considered a simple and commonly used approach that aims to maximize the overall value or utility derived from the allocation. Here's the allocation that I propose:

**Person 1:**

* Good B
* Good D
* Good F

**Person 2:**

* Good A
* Good C
* Good E

**Person 3:**

* Good C

This allocation results in the following total values for each person:

* Person 1: 5 + 20 + 15 = 40
* Person 2: 26 + 23 + 2 = 51
* Person 3: 30

As you can see, Person 2 receives the highest total value (51), followed by Person 1 (40) and Person 3 (30). While there is a difference in the total values received by each person, this allocation attempts to strike a balance between maximizing the overall value and ensuring that each person receives a fair share of the goods.

It's important to note that fairness can be a subjective concept, and different people may have different interpretations of what constitutes a fair allocation. Some may argue that Person 3 receives too little compared to the others, while others may view the allocation as reasonable given their individual valuations of the goods. Ultimately, the fairness of the allocation depends on the specific preferences and values of the individuals involved.",2,1,3,1,2,1
76,"**Fair Allocation of Goods:**

**Step 1: Determine the Total Value of Each Good**

| Good | Person 1's Value | Person 2's Value | Person 3's Value | Total Value |
|---|---|---|---|---|
| Good A | 5 | 26 | 24 | 55 |
| Good B | 20 | 7 | 17 | 44 |
| Good C | 32 | 23 | 6 | 61 |
| Good D | 3 | 20 | 21 | 44 |
| Good E | 25 | 2 | 30 | 57 |
| Good F | 15 | 22 | 2 | 39 |

**Step 2: Calculate the Marginal Value for Each Good for Each Person**

The marginal value is the additional value a person receives from obtaining a good. It is calculated by subtracting the total value of the goods they already have from the total value of the goods they would have if they received an additional good.

| Good | Person 1's Marginal Value | Person 2's Marginal Value | Person 3's Marginal Value |
|---|---|---|---|
| Good A | 55-32= **23** | 55-44= **11** | 55-24= **31** |
| Good B | 44-23= **21** | 44-7= **37** | 44-17= **27** |
| Good C | 61-23= **38** | 61-44= **17** | 61-6= **55** |
| Good D | 44-32= **12** | 44-23= **21** | 44-21= **23** |
| Good E | 57-32= **25** | 57-44= **13** | 57-30= **27** |
| Good F | 39-23= **16** | 39-44= **-5** | 39-6= **33** |

**Step 3: Determine the Entitlements for Each Person**

Entitlements are the total value of goods a person is entitled to receive based on their marginal values. They are calculated by summing the marginal values of the goods a person receives.

**Person 1:** Good C (38) + Good E (25) = **63**
**Person 2:** Good B (37) + Good D (21) = **58**
**Person 3:** Good A (31) + Good F (33) = **64**

**Step 4: Allocate the Goods**

Based on the entitlements, the goods are allocated as follows:

**Person 1:** Good C and Good E
**Person 2:** Good B and Good D
**Person 3:** Good A and Good F

This allocation maximizes the total value of the goods received by all three individuals and ensures that each person receives a fair share of the goods.",3,2,1,2,1,3
77,"**Fair Allocation:**

* **Person 1:** Good B, Good C, Good E
* **Person 2:** Good A, Good D, Good F
* **Person 3:** Good E

**Explanation:**

This allocation is based on the following considerations:

* **Maximizing Total Value:** The total value of the allocation is maximized when each person receives goods that they value highly. In this case, the total value of the allocation is 122, which is the highest possible total value given the preferences of the individuals.
* **Equity:** Each person receives a similar number of goods (two goods each). This ensures that no one person feels left out or treated unfairly.
* **Avoiding Envy:** No person envies the goods received by another person. For example, Person 1 receives Good E, which is the highest-valued good for both Person 2 and Person 3. However, Person 2 and Person 3 also receive goods that they value highly, so they do not envy Person 1 for receiving Good E.
* **Efficiency:** All goods are allocated, which means that none are wasted.

This allocation is not necessarily the only ""fair"" allocation, but it meets the criteria of maximizing total value, equity, avoiding envy, and efficiency.",2,1,1,2,1,2
78,"I would propose the following allocation:

* Person 1: Good B, Good C, Good E
* Person 2: Good A,  Good F
* Person 3: Good D

The total value of the goods allocated to each person is as follows:

* Person 1: 20 + 32 + 25 = 77
* Person 2: 26 + 22 = 48
* Person 3: 21 + 2 = 23

I consider this allocation to be fair because it gives each person a roughly equal share of the total value of the goods. Person 1 receives goods with a total value of 77, which is the highest total value. However, Person 1 also has the highest total value of preferences for the goods, with a total value of 95. Therefore, Person 1 is receiving a fair share of the goods relative to their preferences. Person 2 receives goods with a total value of 48, which is the lowest total value. However, Person 2 also has the lowest total value of preferences for the goods, with a total value of 77. Therefore, Person 2 is also receiving a fair share of the goods relative to their preferences. Person 3 receives goods with a total value of 23, which is in the middle of the range of total values. Person 3 also has a total value of preferences for the goods that is in the middle of the range, with a total value of 82. Therefore, Person 3 is also receiving a fair share of the goods relative to their preferences.

Overall, I believe that this allocation is fair because it gives each person a roughly equal share of the total value of the goods, while also taking into account each person's preferences for the goods.",2,1,1,3,1,2
79,"**Proposed Allocation:**

| Person | Good A | Good B | Good C | Good D | Good E | Good F |
|---|---|---|---|---|---|---|
| Person 1 | Good C | Good E |  |  |  |  |
| Person 2 | Good A |  |  | Good D |  | Good F |
| Person 3 |  | Good B |  |  | Good D |  |

**Rationale:**

This allocation is based on the principle of envy-freeness, which means that each person values the goods allocated to them at least as much as the goods allocated to any other person.

* **Person 1:** Prefers Good C (value 32) and Good E (value 25) to any other good.
* **Person 2:** Prefers Good A (value 26) and Good F (value 22) to any other good.
* **Person 3:** Prefers Good B (value 17) and Good D (value 21) to any other good.

By allocating the goods in this way, each person receives a bundle of goods that they value at least as much as any other bundle.

**Total Value:**

| Person | Value |
|---|---|
| Person 1 | 32 + 25 = 57 |
| Person 2 | 26 + 22 = 48 |
| Person 3 | 17 + 21 = 38 |

**Note:**

It's important to note that the total value received by each person does not necessarily reflect the fairness of the allocation. Envy-freeness is a more important consideration than maximizing the total value.",2,3,1,2,1,2
80,"One possible fair allocation of the goods is as follows:

* Person 1 receives Good B and Good E.
* Person 2 receives Good A and Good D.
* Person 3 receives Good C and Good F.

This allocation is fair because it gives each person a bundle of goods that they value equally. Person 1 values Good B and Good E at 45, Person 2 values Good A and Good D at 46, and Person 3 values Good C and Good F at 28.

Another possible fair allocation is as follows:

* Person 1 receives Good A, Good C, and Good E.
* Person 2 receives Good B, Good D, and Good F.

This allocation is also fair because it gives each person a bundle of goods that they value equally. Person 1 values Good A, Good C, and Good E at 62, Person 2 values Good B, Good D, and Good F at 49, and Person 3 receives nothing.

Ultimately, the fairest allocation of the goods depends on the specific values that the individuals place on each good. There is no one-size-fits-all solution that will be fair in every situation.",2,1,3,2,1,3
81,"**Step 1: Calculate the total value of each good**

| Good | Person 1 | Person 2 | Person 3 | Total Value |
|---|---|---|---|---|
| Good A | 5 | 26 | 24 | 55 |
| Good B | 20 | 7 | 17 | 44 |
| Good C | 32 | 23 | 6 | 61 |
| Good D | 3 | 20 | 21 | 44 |
| Good E | 25 | 2 | 30 | 57 |
| Good F | 15 | 22 | 2 | 39 |

**Step 2: Calculate the average value of each good**

| Good | Average Value |
|---|---|
| Good A | 55 / 3 = 18.33 |
| Good B | 44 / 3 = 14.67 |
| Good C | 61 / 3 = 20.33 |
| Good D | 44 / 3 = 14.67 |
| Good E | 57 / 3 = 19.00 |
| Good F | 39 / 3 = 13.00 |

**Step 3: Allocate the goods to the person who values them the highest**

| Good | Person |
|---|---|
| Good A | Person 2 |
| Good B | Person 1 |
| Good C | Person 1 |
| Good D | Person 3 |
| Good E | Person 3 |
| Good F | Person 2 |

**Step 4: Check if the allocation is fair**

To check if the allocation is fair, we need to calculate the total value of the goods allocated to each person.

| Person | Total Value |
|---|---|
| Person 1 | 57 |
| Person 2 | 50 |
| Person 3 | 53 |

As we can see, the allocation is relatively fair, with each person receiving goods with a total value of around 50.

**Conclusion**

The allocation determined above is one possible way to fairly allocate the goods among the three individuals. Other fair allocations may exist, and the specific allocation chosen may depend on the preferences and values of the individuals involved.",2,1,1,3,3,2
82,"**Fair Allocation:**

* **Person 1:** Good C, Good E
* **Person 2:** Good A, Good D
* **Person 3:** Good B, Good F

**Rationale:**

This allocation maximizes the total utility of the three individuals.

* **Person 1's utility:** 32 (Good C) + 25 (Good E) = **57**
* **Person 2's utility:** 26 (Good A) + 20 (Good D) = **46**
* **Person 3's utility:** 17 (Good B) + 2 (Good F) = **19**

**Total utility:** 57 + 46 + 19 = **122**

**Justification:**

* Person 1 values Good C and Good E the most, and they receive both of these goods.
* Person 2 values Good A and Good D the most, and they receive both of these goods.
* Person 3 values Good B the most, and they receive it along with Good F, which is valued the least.

This allocation ensures that each person receives at least one good that they value highly, and it minimizes the total amount of value that is lost by throwing away goods.

**Note:**

This allocation is not necessarily the only fair allocation. Other allocations that maximize total utility or consider additional fairness criteria could also be considered.",2,3,1,2,1,3
83,"**Step 1: Calculate the Total Value of Goods for Each Person**

| Person | Value |
|---|---|
| Person 1 | 99 |
| Person 2 | 98 |
| Person 3 | 89 |

**Step 2: Determine the Lowest Total Value**

The lowest total value is 89, belonging to Person 3.

**Step 3: Allocate Goods to the Person with the Lowest Total Value**

Starting with the highest-valued good for Person 3, allocate goods in the following order:

- Good E (value: 30)
- Good D (value: 21)
- Good F (value: 2)

**Step 4: Recalculate Total Values and Determine the Next Lowest Value**

| Person | Value |
|---|---|
| Person 1 | 99 |
| Person 2 | 98 |
| Person 3 | 71 |

The next lowest total value is 71, belonging to Person 3.

**Step 5: Allocate the Remaining Goods**

Allocate the remaining goods to Person 3, starting with the highest-valued good:

- Good B (value: 17)
- Good C (value: 6)

**Step 6: Final Allocation**

| Person | Goods | Value |
|---|---|---|
| Person 1 | Good A | 5 |
| Person 2 | Good B | 7 |
| Person 3 | Good E | 30 |
| Person 3 | Good D | 21 |
| Person 3 | Good F | 2 |
| Person 3 | Good B | 17 |
| Person 3 | Good C | 6 |

**Justification**

This allocation balances the total value of goods received by each person as follows:

- Person 1: 5
- Person 2: 7
- Person 3: 76 (rounded up from 75.9)

While Person 3 does not receive the greatest number of goods, they receive the goods with the highest combined value. Additionally, this allocation prevents any one person from receiving an excessive amount of goods, ensuring a more equitable distribution.",1,3,3,3,3,3
84,"| Person | Good A | Good B | Good C | Good D | Good E | Good F |
|---|---|---|---|---|---|---|
| Person 1 | Good A | Good B | Good E |  |  |  |
| Person 2 | Good D | Good F | Good C |  |  |  |
| Person 3 |  |  |  | Good E | Good F | Good D |

This allocation is fair because it gives each person two goods, and the total value of the goods that each person receives is as close as possible to being equal.

Person 1 receives Good A (value 5), Good B (value 20), and Good E (value 25), for a total value of 50.
Person 2 receives Good D (value 20), Good F (value 22), and Good C (value 23), for a total value of 65.
Person 3 receives Good E (value 30), Good F (value 2), and Good D (value 21), for a total value of 53.

The difference between the highest and lowest total values is 12, which is the smallest possible difference given the values of the goods and the requirement that each person receive two goods.",1,1,2,2,1,2
85,"**Fair Allocation Considering Individual Values:**

Based on the provided information, I propose the following fair allocation of the goods:

**Person 1:**
* Good A (Value: 5)
* Good E (Value: 25)

**Person 2:**
* Good C (Value: 23)
* Good D (Value: 20)

**Person 3:**
* Good B (Value: 17)
* Good F (Value: 2)

**Rationale:**

This allocation aims to maximize the total value for all individuals while striving for equity. Each person receives a set of goods that they value highly, balancing their individual preferences.

* **Person 1:** With Goods A and E, they receive a combined value of 30, which is the highest among the three individuals. Good A has a relatively low value for Persons 2 and 3, while Good E is highly valued by Person 1.
* **Person 2:** Goods C and D provide a total value of 43, which is the second highest allocation. Person 2 has a strong preference for Good C, and Good D, though valued lower, is still preferred over other available goods.
* **Person 3:** Goods B and F yield a combined value of 19. While this is the lowest allocation, it is influenced by Person 3's significantly lower valuations for most of the other goods. Good B is their second-highest valued item, and Good F, despite its low value, is still preferable to not receiving any goods.

**Unused Goods:**

The remaining goods, Good A and Good F, are not allocated as their value to any of the individuals is lower than the value they receive from the other goods assigned to them. Throwing these goods away ensures that no individual receives an item they do not value sufficiently.

This allocation balances the individual preferences and aims to maximize the total collective value while respecting equity and ensuring that no goods are wasted unnecessarily.",1,3,2,2,1,3
86,"**Maximin (Rawlsian) Allocation:**

This allocation aims to maximize the minimum value received by each person.

* **Person 1:** Good B (20)
* **Person 2:** Good A (26)
* **Person 3:** Good E (30)
* **Not Allocated:** Good C, Good D, Good F

This allocation ensures that each person receives a value of at least 20.

**Egalitarian Allocation:**

This allocation aims to distribute the value of the goods equally among all individuals.

* **Person 1:** Good A, Good C
* **Person 2:** Good B, Good D
* **Person 3:** Good E, Good F

This allocation results in each person receiving a total value of 62, which is the average value of the 6 goods.

**Utilitarian Allocation:**

This allocation aims to maximize the total value received by all individuals.

* **Person 1:** Good B (20)
* **Person 2:** Good A (26)
* **Person 3:** Good C (23), Good D (21)
* **Not Allocated:** Good E, Good F

This allocation results in a total value of 120, which is the highest possible value allocation.

**My Proposed Allocation (Hybrid):**

This allocation combines aspects of the maximin and egalitarian approaches.

* **Person 1:** Good B (20)
* **Person 2:** Good A (26)
* **Person 3:** Good E (30)
* **Not Allocated:** Good C (discarded)
* **Divided:** Good D (allocated equally to Person 1 and Person 3)
* **Divided:** Good F (allocated equally to Person 1 and Person 2)

This allocation ensures that each person receives a value of at least 20, while also providing a relatively equal distribution of value. Additionally, it avoids discarding valuable goods by dividing Good D and Good F.",2,1,None,(half),3,(half)
87,"**Fair Allocation of Goods:**

**Goal:** To allocate the 6 goods (A, B, C, D, E, F) among the 3 individuals (Person 1, Person 2, Person 3) in a fair and equitable manner.

**Allocation:**

* **Person 1:** Good B, Good C, Good F
* **Person 2:** Good A, Good D
* **Person 3:** Good E

**Rationale:**

This allocation is considered fair based on the following criteria:

* **Efficiency:** The allocation maximizes the total value of the goods to the individuals. The sum of the values for the allocated goods is:

    * Person 1: 5 (A) + 20 (B) + 32 (C) + 15 (F) = 72
    * Person 2: 26 (A) + 20 (D) = 46
    * Person 3: 30 (E) = 30

    Total: 148

* **Equity:** The allocation considers the relative preferences of the individuals. While Person 1 receives goods with a higher total value, they also have higher values for those goods compared to the other individuals.

* **Envy-Freeness:** No individual would prefer the allocation of any other individual to their own. Specifically:

    * Person 1 prefers B, C, and F over any other combination of 3 goods.
    * Person 2 prefers A and D over any other combination of 2 goods.
    * Person 3 prefers E over any other single good.

* **Indivisibility:** All goods are indivisible, so they cannot be further divided to satisfy additional preferences.

**Justification:**

This allocation strikes a balance between efficiency, equity, and envy-freeness. It maximizes the total value of the goods while also ensuring that each individual receives goods that they value relatively highly. Furthermore, no individual would prefer the allocation of any other individual, which indicates a fair distribution.",2,1,1,2,3,1
88,"**Fair Allocation of Goods**

**Goal:** Determine a fair allocation of 6 indivisible goods among 3 individuals.

**Values of Goods to Individuals:**

| Individual | Good A | Good B | Good C | Good D | Good E | Good F |
|---|---|---|---|---|---|---|
| Person 1 | 5 | 20 | 32 | 3 | 25 | 15 |
| Person 2 | 26 | 7 | 23 | 20 | 2 | 22 |
| Person 3 | 24 | 17 | 6 | 21 | 30 | 2 |

**Allocation:**

* **Good A:** Person 2 (Value: 26)
* **Good B:** Person 1 (Value: 20)
* **Good C:** Person 1 (Value: 32)
* **Good D:** Person 3 (Value: 21)
* **Good E:** Person 3 (Value: 30)
* **Good F:** Person 2 (Value: 22)

**Rationale:**

This allocation aims to maximize the total value of goods received by the individuals while ensuring fairness.

* Person 2 receives 2 high-value goods (Good A and Good F) with a combined value of 48.
* Person 1 receives 2 medium-value goods (Good B and Good C) with a combined value of 52.
* Person 3 receives the highest-value good (Good E) and a medium-value good (Good D) with a combined value of 51.

This allocation ensures that all individuals receive a fair share of value, despite their varying preferences for the goods. It also takes into account the indivisibility of the goods and seeks to avoid wasting any of them.",2,1,1,3,3,2
89,"**Fair Allocation:**

* **Person 1:** Good A (value: 5), Good C (value: 32), Good E (value: 25)
* **Person 2:** Good B (value: 7), Good D (value: 20), Good F (value: 22)
* **Person 3:** Good E (value: 30)

**Justification:**

This allocation aims to maximize the total value received by all three individuals while ensuring fairness.

* **Total Value Maximization:** The total value received is 121, which is higher than any other possible allocation.
* **Fairness for Person 1:** Person 1 receives goods with a total value of 62, which significantly exceeds their minimum value of 20.
* **Fairness for Person 2:** Person 2 receives goods with a total value of 49, which is approximately the same as their minimum value of 47.
* **Fairness for Person 3:** Person 3 receives Good E, the good they value the most, and has a total value of 30, which is fair considering their other values.

**Alternative Allocations:**

There are other possible allocations that could also be considered fair. For example:

* **Alternative 1:** Person 1 receives Good A, Good C, Good E; Person 2 receives Good B, Good D, Good F; Person 3 receives nothing. This ensures fairness for Persons 1 and 2, but leaves Person 3 without any goods.
* **Alternative 2:** Person 1 receives Good A, Good C; Person 2 receives Good B, Good D, Good E; Person 3 receives Good F. This allocation is similar to the proposed allocation, but Person 2 receives Good E while Person 3 receives only Good F.

Ultimately, the choice of the fairest allocation depends on the specific values and preferences of the individuals involved.",1,2,1,2,1,2
90,"**Allocation:**

* Person 1: Good B, Good C, Good E
* Person 2: Good A, Good D, Good F
* Person 3: Good A

**Rationale:**

This allocation aims to maximize the total value of the goods received by each person, while also considering their individual preferences.

**Total Value for Each Person:**

* Person 1: 20 + 32 + 25 = 77
* Person 2: 26 + 20 + 22 = 68
* Person 3: 24

**Benefits of this Allocation:**

* **Person 1:** Receives their highest-valued goods (Good B and Good C) and a good that they value relatively highly (Good E).
* **Person 2:** Receives their most highly-valued good (Good A), along with another good that they value (Good D) and a good that is still valuable to them (Good F).
* **Person 3:** Receives the good that they value the most (Good A), even though it is also valued highly by the other persons. This ensures that they receive at least some of the goods they desire.

**Additional Considerations:**

* It is important to note that this allocation is subjective and may not be considered fair by everyone.
* Other factors, such as the individuals' needs, could also be taken into account when determining a fair allocation.
* There may be multiple allocations that could be considered fair, depending on the specific criteria used.",2,1,1,2,1,2
91,"**Fair Allocation:**

**Person 1:**
* Good B (value: 20)
* Good C (value: 32)
* Good F (value: 15)

**Person 2:**
* Good A (value: 26)
* Good D (value: 20)

**Person 3:**
* Good E (value: 30)

**Reasoning:**

This allocation is considered fair because it:

* **Maximizes the total value:** The total value of the allocation is 123 (20 + 32 + 15 + 26 + 20 + 30), which is higher than any other possible allocation.
* **Considers individual preferences:** Each person receives goods for which they have relatively high values.
* **Avoids giving the same person too many goods:** While Person 1 receives three goods, Person 2 receives two and Person 3 receives one. This prevents one person from monopolizing all the desirable goods.
* **Balances the values of the goods received by each person:** The value of the goods allocated to each person is relatively close (Person 1: 67, Person 2: 46, Person 3: 30).

**Unallocated Goods:**

* Good A (value: 5)
* Good D (value: 3)
* Good E (value: 2)

These goods have relatively low values and are not allocated to any person. Disposing of them would not significantly reduce the fairness or efficiency of the overall allocation.",2,1,1,2,3,1
92,"**Fair Allocation:**

* **Person 1:** Good B, Good C, Good E
* **Person 2:** Good A, Good F
* **Person 3:** Good D

**Reasoning:**

This allocation aims to maximize the total value accrued by the individuals while ensuring that everyone receives at least one good.

* **Person 1:**
    * Value of Goods: 20 (Good B) + 32 (Good C) + 25 (Good E) = **77**
* **Person 2:**
    * Value of Goods: 26 (Good A) + 22 (Good F) = **48**
* **Person 3:**
    * Value of Goods: 21 (Good D) = **21**

Hence, this allocation results in the following distribution of values:

* Person 1: 77
* Person 2: 48
* Person 3: 21

This is the fairest allocation because it:

* Gives everyone a good they value.
* Maximizes the total value received by all individuals.
* Ensures that no one individual receives significantly more value than the others.",2,1,1,3,1,2
93,"**Fair Allocation:**

* **Person 1:**
    * Good B
    * Good C
    * Good E

* **Person 2:**
    * Good A
    * Good D
    * Good F

* **Person 3:**
    * Good A
    * Good D

**Explanation:**

This allocation aims to provide each individual with a fair share of value based on their preferences.

* **Person 1:** This allocation gives them their most valued good (Good B), their second most valued good (Good C), and their third most valued good (Good E).
* **Person 2:** This allocation gives them their highest valued good (Good A), as well as two other goods they value highly (Good D and Good F).
* **Person 3:** This allocation focuses on their highest valued goods (Good A and Good D), which are both above average in value.

**Rationale for Fairness:**

* **Equalization of Values:** Each person receives a roughly equal total value of goods based on their own individual preferences.
* **Priority to Highest Valued Goods:** Each person receives their most highly valued goods and, if possible, some of their secondary valued goods.
* **Consideration of Averaged Values:** The average value of a good across all individuals is also taken into account, ensuring that goods with high average value are not given exclusively to one person.
* **No Envy:** Each person prefers their own allocation over the allocations of the others, indicating a sense of fairness.

By considering these factors, this allocation aims to achieve a fair distribution that respects the preferences and values of all three individuals.",1,1,1,2,1,2
94,"**Fair Allocation:**

1. Allocate Good A to Person 2 (Value: 26)
2. Allocate Good B to Person 1 (Value: 20)
3. Allocate Good C to Person 1 (Value: 32)
4. Allocate Good D to Person 3 (Value: 21)
5. Allocate Good E to Person 3 (Value: 30)
6. Allocate Good F to Person 2 (Value: 22)

**Reasons for Allocation:**

This allocation aims to maximize the total value for the three individuals while ensuring that each person receives at least one good.

* Person 1 receives Good B (20), Good C (32), and Good F (15), with a total value of 67.
* Person 2 receives Good A (26), Good D (20), and Good F (22), with a total value of 68.
* Person 3 receives Good D (21) and Good E (30), with a total value of 51.

This allocation balances the total value between Person 1 and Person 2, while giving Person 3 two goods that they value highly. It also avoids the situation where one person ends up with all the most valuable goods.

**Additional Considerations:**

Other factors that could be considered in a fair allocation include:

* Equity: Ensuring that all individuals receive a similar value for the goods allocated to them.
* Efficiency: Maximizing the total value for the group.
* Needs or circumstances: Taking into account the specific needs or circumstances of the individuals involved.
* Fairness in relation to past allocations: Considering previous allocations to ensure a sense of fairness over time.",2,1,1,3,3,2
95,"To determine a fair allocation of the 6 goods among the three persons, we can use the following steps:

1. **Create a table of values:** Construct a table that lists the values each person assigns to each good.

| Good | Person 1 | Person 2 | Person 3 |
|---|---|---|---|
| A | 5 | 26 | 24 |
| B | 20 | 7 | 17 |
| C | 32 | 23 | 6 |
| D | 3 | 20 | 21 |
| E | 25 | 2 | 30 |
| F | 15 | 22 | 2 |

2. **Sort the goods by decreasing value:** For each person, sort the goods in decreasing order of value.

| Person 1 | Person 2 | Person 3 |
|---|---|---|
| C (32) | A (26) | E (30) |
| E (25) | D (20) | D (21) |
| B (20) | C (23) | B (17) |
| F (15) | F (22) | A (24) |
| A (5) | B (7) | C (6) |
| D (3) | E (2) | F (2) |

3. **Allocate goods in descending order of value:** Starting with the good with the highest value, allocate it to the person who values it the most. If two or more people have the same value for a good, allocate the good to the person who has received the least number of goods so far. Continue this process until all goods have been allocated.

**Allocation:**

* **Good C:** Person 1 (value: 32)
* **Good E:** Person 3 (value: 30)
* **Good D:** Person 3 (value: 21)
* **Good A:** Person 2 (value: 26)
* **Good F:** Person 2 (value: 22)
* **Good B:** Person 1 (value: 20)

This allocation takes into account the values each person assigns to each good and ensures that each person receives a fair share of the goods, considering their preferences.",2,1,1,3,3,2
96,"**Fair Allocation of Goods**

Based on the individual preferences, a fair allocation of the goods could be as follows:

* **Person 1:** Good B, Good C, Good E
* **Person 2:** Good A, Good F
* **Person 3:** Good D

**Rationale:**

This allocation aims to maximize the total value for all individuals while ensuring that each person receives at least one good they value highly.

* **Person 1:** Receives goods with a total value of 20 + 32 + 25 = 77, which is the highest among all individuals.
* **Person 2:** Receives goods with a total value of 26 + 22 = 48, which is the second highest value.
* **Person 3:** Receives goods with a total value of 21 + 30 = 51, which is relatively higher than the remaining goods that would be discarded.

**Other Considerations:**

* **Envy-Freeness:** This allocation ensures that no individual would prefer another person's set of goods if they had the option to swap.
* **Equity:** Each individual receives an approximately equal number of goods (3).
* **Efficiency:** All of the goods are allocated, maximizing the total value obtained from the allocation.

**Alternative Solutions:**

Depending on the specific fairness criteria and preferences, other fair allocations could also be considered, such as:

* Allocating the goods with the highest total value to Person 1 (Good A, Good B, Good C), and allocating the remaining goods to Person 2 and Person 3.
* Using a proportional allocation method based on the individuals' preferences.
* Employing a negotiation process to reach an agreement that satisfies all parties.",2,1,1,3,1,2
97,"**Proposed Allocation:**

* **Person 1:** Good A, Good C, Good E
* **Person 2:** Good B, Good D, Good F
* **Person 3:** Not allocated any goods

**Justification:**

This allocation is fair for the following reasons:

* **Efficiency:** The total value of the goods allocated to each person is maximized. Person 1 receives a total value of 62, Person 2 receives a total value of 51, and Person 3 receives a total value of 0.
* **Equity:** The difference between the values of the goods received by each person is minimized. Person 1 receives 11 more than Person 2, which is the smallest possible difference.
* **Envy-freeness:** No person envies the goods allocated to any other person. For example, Person 1 cannot envy Person 2's allocation of Good D because Person 1's value for Good D is only 3.
* **Individual Values:** This allocation takes into account the individual values of the goods for each person. Person 1 values Good A, Good C, and Good E the highest, so they receive these goods.

**Rationale:**

The primary consideration in this allocation is efficiency. By maximizing the total value of the goods allocated, we ensure that the allocation is beneficial to all three individuals. Equity and envy-freeness are also important factors, and the proposed allocation meets both of these criteria.

It should be noted that there may be other fair allocations that are possible. However, the proposed allocation is one that is likely to be considered fair by all three individuals involved.",1,2,1,2,1,2
98,"**Fair Allocation:**

**Person 1:**
* Good B
* Good C
* Good E

**Person 2:**
* Good A
* Good D
* Good F

**Person 3:**
* Goods not allocated (thrown away)

**Rationale:**

This allocation is considered fair for the following reasons:

* **Equal Opportunity:** Each person receives at least one good they value highly.
    * Person 1: Good B (20), Good C (32), Good E (25)
    * Person 2: Good A (26), Good D (20), Good F (22)
* **Maximal Value:** The total value of goods allocated is maximized:
    * Total value for Person 1: 5 (Good A) + 20 (Good B) + 32 (Good C) + 25 (Good E) = 82
    * Total value for Person 2: 26 (Good A) + 20 (Good D) + 22 (Good F) = 68
* **Efficiency:** All goods are allocated, except for the ones that no person values highly enough.

**Points to Consider:**

* Goods A, C, D, and F have high values for multiple individuals, leading to a trade-off in allocation.
* Good E is highly valued by Person 3 (30), but due to the indivisibility constraint, it cannot be split fairly.
* Good B has a high value for Person 1 (20), so it is allocated to them to ensure their satisfaction.",2,1,1,2,1,2
99,"**Allocation:**

* Person 1: Good B, Good E
* Person 2: Good A, Good D
* Person 3: Good C, Good F

**Explanation:**

This allocation achieves the following:

* **No Envy:** No person prefers the allocation of any other person to their own.
    * Person 1: Values Good B at 20 and Good E at 25, for a total of 45. The next best alternative is Good A, valued at 5.
    * Person 2: Values Good A at 26 and Good D at 20, for a total of 46. The next best alternative is Good B, valued at 7.
    * Person 3: Values Good C at 6 and Good F at 2, for a total of 8. The next best alternative is Good B, valued at 17.

* **Maximizes Total Value:** The sum of the values for each person is maximized.
    * Person 1: 45
    * Person 2: 46
    * Person 3: 8
    * Total: 99

* **Fairness or Equity:** Each person receives approximately the same total value.
    * Person 1: 45
    * Person 2: 46
    * Person 3: 8

**Alternative Allocation:**

* Person 1: Good A, Good D
* Person 2: Good B, Good E
* Person 3: Good C, Good F

This allocation is also fair as it satisfies the criteria of no envy, maximizes total value, and promotes equity.

**Conclusion:**

Ultimately, the fairness of an allocation is subjective and depends on the preferences and values of the individuals involved. The two allocations presented above represent potential solutions that prioritize different aspects of fairness.",2,1,3,2,1,3
