,Text,Good A,Good B,Good C
0,"I understand the problem. In this situation, I would consider a fair allocation to be one that maximizes the total value of the goods allocated to the individuals, while also ensuring that no individual receives more than one good.

Based on the values provided, here is one possible allocation:

* Good A: Person 1 receives Good A, as their value for it is higher than Person 2's value.
* Good B: Person 2 receives Good B, as their value for it is higher than Person 1's value.
* Good C: Neither person receives Good C, as it is not possible to allocate it to both individuals without violating the rule that no good can be allocated to more than one person.

This allocation results in a total value of 49 + 48 + 0 = 97, which is the maximum possible total value under these constraints.

Alternatively, another possible allocation could be:

* Good A: Person 2 receives Good A, as their value for it is higher than Person 1's value.
* Good B: Person 1 receives Good B, as their value for it is higher than Person 2's value.
* Good C: Neither person receives Good C, as it is not possible to allocate it to both individuals without violating the rule that no good can be allocated to more than one person.

This allocation also results in a total value of 49 + 46 + 0 = 95, which is still a maximum possible total value under these constraints.

It's important to note that there may be other possible allocations that could also be considered fair, depending on the specific context and the preferences of the individuals involved.",1,2,None
1,"Thank you for providing the information. In this situation, I would consider a fair allocation to be one that maximizes the total value of the goods allocated to the individuals, while also ensuring that no individual receives more than one good.

Based on the values provided, it appears that both individuals value Good A and Good C relatively highly. To maximize the total value of the goods allocated, I would suggest allocating Good A to Person 1 and Good C to Person 2. This allocation would result in a total value of 49 + 5 = 54 for Person 1 and 47 + 5 = 52 for Person 2.

Alternatively, if you would like to prioritize giving each individual at least one good, I would suggest allocating Good B to both individuals, as it has the lowest value and can be shared between them. This allocation would result in a total value of 46 + 46 = 92 for both individuals.

Ultimately, the fairest allocation will depend on your specific preferences and priorities. However, these two options provide a starting point for considering a fair allocation of the goods.",1,individuals,2
2,"Thank you for providing the information. In this situation, I would consider a fair allocation to be one that maximizes the total value of the goods allocated to the individuals, while also ensuring that no individual receives more than one good.

Based on the values provided, it appears that both individuals value Good A and Good C relatively highly. To maximize the total value of the goods allocated, I would suggest allocating Good A to Person 1 and Good C to Person 2. This allocation would result in a total value of 49 + 5 = 54 for Person 1 and 47 + 5 = 52 for Person 2.

Alternatively, if you would like to prioritize giving each individual at least one good, I would suggest allocating Good B to both individuals, as it has the lowest value and can be shared between them. This allocation would result in a total value of 46 + 46 = 92 for both individuals.

Ultimately, the fairest allocation will depend on your specific preferences and priorities. However, these two options provide a starting point for considering a fair allocation of the goods.",1,individuals,2
3,"Thank you for providing the information. In this situation, I would consider a fair allocation to be one that maximizes the total value of the goods allocated to the individuals, while also ensuring that no individual receives more than one good.

Based on the values provided, it appears that both individuals value Good A and Good C relatively highly. To maximize the total value of the goods allocated, I would suggest allocating Good A to Person 1 and Good C to Person 2. This allocation would result in a total value of 49 + 5 = 54 for Person 1 and 47 + 5 = 52 for Person 2.

Alternatively, if you would like to prioritize giving each individual at least one good, I would suggest allocating Good B to both individuals, as it has the lowest value and can be shared between them. This allocation would result in a total value of 46 + 46 = 92 for both individuals.

Ultimately, the fairest allocation will depend on your specific preferences and priorities. However, these two options provide a starting point for considering a fair allocation of the goods.",1,Both,2
4,"Thank you for providing the information. In this situation, I would consider a fair allocation to be one that maximizes the total value of the goods allocated to the individuals, while also ensuring that no individual receives more than one good.

Based on the values provided, it appears that both individuals value Good A and Good C relatively highly. To maximize the total value of the goods allocated, I would suggest allocating Good A to Person 1 and Good C to Person 2. This allocation would result in a total value of 49 + 5 = 54 for Person 1, and 47 + 5 = 52 for Person 2.

Alternatively, if you would like to prioritize giving each individual at least one good, I would suggest allocating Good B to both individuals, as it has the lowest value among the three goods. This allocation would result in a total value of 46 + 46 = 92 for both individuals.

Please note that there is no universally accepted method for determining the fairest allocation of indivisible goods, and different individuals may have different preferences and values. The above allocations are simply one possible approach to addressing the problem.",1,individuals,2
5,"Thank you for providing the information. In this situation, I would consider a fair allocation to be one that maximizes the total value of the goods allocated to the individuals, while also ensuring that no individual receives more than one good.

Based on the values provided, it appears that both individuals value Good A and Good C relatively highly. To maximize the total value of the goods allocated, I would suggest allocating Good A to Person 1 and Good C to Person 2. This allocation would result in a total value of 49 + 5 = 54 for Person 1 and 47 + 5 = 52 for Person 2.

Alternatively, if you would like to prioritize giving each individual at least one good, I would suggest allocating Good B to both individuals, as it has the lowest value and can be shared between them. This allocation would result in a total value of 46 + 46 = 92 for both individuals.

Ultimately, the fairest allocation will depend on your specific preferences and priorities. However, these two options provide a starting point for considering a fair allocation of the goods.",1,Both,2
6,"I understand the problem. In this situation, I would consider a fair allocation to be one that maximizes the total value of the goods allocated to the individuals, while also ensuring that no individual receives more than one good.

Based on the values provided, here is one possible allocation:

* Good A: Person 1 receives Good A, as their value for it is higher than Person 2's value.
* Good B: Person 2 receives Good B, as their value for it is higher than Person 1's value.
* Good C: Neither person receives Good C, as it is not possible to allocate it to both individuals without violating the rule that no good can be allocated to more than one person.

This allocation results in a total value of 49 + 48 + 0 = 97, which is the maximum possible total value under these constraints.

Alternatively, another possible allocation could be:

* Good A: Person 2 receives Good A, as their value for it is higher than Person 1's value.
* Good B: Person 1 receives Good B, as their value for it is higher than Person 2's value.
* Good C: Neither person receives Good C, as it is not possible to allocate it to both individuals without violating the rule that no good can be allocated to more than one person.

This allocation also results in a total value of 49 + 46 + 0 = 95, which is still a maximum possible total value under these constraints.

It's important to note that there may be other possible allocations that could also be considered fair, depending on the specific context and the preferences of the individuals involved.",1,2,None
7,"Thank you for providing the information. In this situation, I would consider a fair allocation to be one that maximizes the total value of the goods allocated to the individuals, while also ensuring that no individual receives more than one good.

Based on the values provided, it appears that both individuals value Good A and Good C relatively highly. To maximize the total value of the goods allocated, I would suggest allocating Good A to Person 1 and Good C to Person 2. This allocation would result in a total value of 49 + 5 = 54 for Person 1 and 47 + 5 = 52 for Person 2.

Alternatively, if you would like to prioritize giving each individual at least one good, I would suggest allocating Good B to both individuals, as it has the lowest value and can be shared between them. This allocation would result in a total value of 46 + 46 = 92 for both individuals.

Ultimately, the fairest allocation will depend on your specific preferences and priorities. However, these two options provide a starting point for considering a fair allocation of the goods.",1,individuals,2
8,"Thank you for sharing the information regarding the allocation of goods. I understand the situation, and I will do my best to determine a fair allocation based on the values provided.

After careful consideration, I recommend allocating Good A to Person 1, Good B to Person 2, and not allocating Good C to either person, as it appears to be of relatively low value compared to the other two goods.

This allocation ensures that both individuals receive at least one of the goods they value most highly, while avoiding the inefficiency of allocating Good C to both individuals, given its relatively low value.

Please note that fairness is a subjective concept, and there may be other allocations that could also be considered fair. However, based on the information provided, this allocation seems to be a reasonable and fair solution.

Is there anything else you would like to discuss or any further questions you have?",1,2,None
9,"Thank you for presenting the problem. I understand that you want me to determine a fair allocation of the three goods among Person 1 and Person 2. Since the goods are indivisible, I will have to make a decision based on the values you have provided.

After careful consideration, I propose the following allocation:

* Good A: I will allocate Good A to Person 1, as their value for it is higher than Person 2's value. Specifically, Person 1 values Good A at 49, while Person 2 values it at 47.
* Good B: I will allocate Good B to Person 2, as their value for it is higher than Person 1's value. Specifically, Person 2 values Good B at 48, while Person 1 values it at 46.
* Good C: Since both Person 1 and Person 2 value Good C at 5, I will not allocate it to either of them. Instead, I will discard Good C, as it is not possible to allocate it in a way that is considered fair by both parties.

This allocation ensures that each person receives a good that they value more highly than the other person, while also avoiding the problem of double allocation, which would be unfair.

Please let me know if you have any questions or concerns about this allocation.",1,2,None
10,"Thank you for providing the information. In this situation, I would consider a fair allocation to be one that maximizes the total value of the goods allocated to the individuals, while also ensuring that no individual receives more than one good.

Based on the values provided, it appears that both individuals value Good A and Good C relatively highly. To maximize the total value of the goods allocated, I would suggest allocating Good A to Person 1 and Good C to Person 2. This allocation would result in a total value of 49 + 5 = 54 for Person 1 and 47 + 5 = 52 for Person 2.

Alternatively, if you would like to prioritize giving each individual at least one good, I would suggest allocating Good B to both individuals, as it has the lowest value among the three goods. This allocation would result in a total value of 46 + 46 = 92 for both individuals.

Please note that there is no universally accepted method for determining the fairest allocation of indivisible goods, and different individuals may have different preferences and values. The above allocations are simply one possible approach to addressing the problem.",1,individuals,2
11,"Thank you for providing the information. In this situation, I would consider a fair allocation to be one that maximizes the total value of the goods allocated to the individuals, while also ensuring that no individual receives more than one good.

Based on the values provided, it seems that both individuals have similar preferences for the goods. Good A seems to be the most valuable to both individuals, with Person 1 valuing it at 49 and Person 2 valuing it at 47. Good B is also relatively valuable to both individuals, with Person 1 valuing it at 46 and Person 2 valuing it at 48. Good C is the least valuable to both individuals, with Person 1 valuing it at 5 and Person 2 valuing it at 5.

One possible allocation that could be considered fair is to give Good A to Person 1 and Good B to Person 2, since both individuals value these goods similarly. Good C could be thrown away, as neither individual values it highly.

Alternatively, if we prioritize giving each individual at least one good, we could allocate Good A to Person 1 and Good C to Person 2, since Person 2 values Good C more highly than Good B. Good B could be thrown away, as neither individual values it highly.

Ultimately, the fairest allocation will depend on the specific preferences and needs of the individuals involved, as well as any additional constraints or considerations that may be relevant. It is important to carefully consider the needs and preferences of all individuals when making decisions that affect them.",1,2,None
12,"I understand the problem you've presented. Given the indivisibility of the goods and the fact that no good can be allocated to more than one person, one approach to determining a fair allocation would be to use a technique called ""prohibitive price auction.""

Here's how it would work:

1. I will set a price for each good, based on the values that Person 1 and Person 2 have provided. The price for Good A would be $49 (Person 1's value), the price for Good B would be $46 (Person 1's value minus $3, which is the difference between Person 1 and Person 2's values), and the price for Good C would be $5 (the lowest value provided by either Person 1 or Person 2).
2. Both Person 1 and Person 2 will have the opportunity to bid on the goods. If either of them is willing to pay the set price for a particular good, they will be awarded that good. If neither of them is willing to pay the set price, the good will not be allocated to either of them.
3. The allocation will be determined based on the highest bid received for each good. The person who bids the highest price for a good will be awarded that good, and the other person will not receive that good.

By using this technique, we can ensure that the allocation is fair, as it is based on the values that each person has provided for the goods, and it takes into account the fact that no good can be allocated to more than one person.

What do you think? Would you like to proceed with this approach, or do you have any other ideas for how the allocation should be determined?",1,2,1
13,"Thank you for providing the information. In this situation, I would consider a fair allocation to be one that maximizes the total value of the goods allocated to the individuals, while also ensuring that no individual receives more than one good.

Based on the values provided, it appears that both individuals value Good A and Good C relatively highly. To maximize the total value of the goods allocated, I would suggest allocating Good A to Person 1 and Good C to Person 2. This allocation would result in a total value of 49 + 5 = 54 for Person 1 and 47 + 5 = 52 for Person 2.

Alternatively, if you would like to prioritize giving each individual at least one good, I would suggest allocating Good B to both individuals, as it has the lowest value and can be shared between them. This allocation would result in a total value of 46 + 46 = 92 for both individuals.

Ultimately, the fairest allocation will depend on your specific preferences and priorities. However, these two options provide a starting point for considering a fair allocation of the goods.",1,None,2
14,"Thank you for providing the information. In this situation, I would consider a fair allocation to be one that maximizes the total value of the goods allocated to the individuals, while also ensuring that no individual receives more than one good.

Based on the values provided, it appears that both individuals value Good A and Good C relatively highly. To maximize the total value of the goods allocated, I would suggest allocating Good A to Person 1 and Good C to Person 2. This allocation would result in a total value of 49 + 5 = 54 for Person 1 and 47 + 5 = 52 for Person 2.

Alternatively, if you would like to prioritize giving each individual at least one good, I would suggest allocating Good B to both individuals, as it has the lowest value among the three goods. This allocation would result in a total value of 46 + 46 = 92 for both individuals.

Please note that there is no universally accepted method for determining the fairest allocation of indivisible goods, and different individuals may have different preferences and values. The above allocations are simply one possible approach to addressing the problem.",1,Both,2
15,"I understand the problem. In this situation, I would consider a fair allocation to be one that maximizes the total value of the goods allocated to the individuals, while also ensuring that no individual receives more than one good.

Based on the values provided, here is one possible allocation:

* Good A: Person 1 receives Good A, as their value for it is higher than Person 2's value.
* Good B: Person 2 receives Good B, as their value for it is higher than Person 1's value.
* Good C: Neither person receives Good C, as it is not possible to allocate it to both individuals without violating the rule that no good can be allocated to more than one person.

This allocation results in a total value of 49 + 48 + 0 = 97, which is the maximum possible total value under these constraints.

Alternatively, another possible allocation could be:

* Good A: Person 2 receives Good A, as their value for it is higher than Person 1's value.
* Good B: Person 1 receives Good B, as their value for it is higher than Person 2's value.
* Good C: Neither person receives Good C, as it is not possible to allocate it to both individuals without violating the rule that no good can be allocated to more than one person.

This allocation also results in a total value of 49 + 46 + 0 = 95, which is still a maximum possible total value under these constraints.

It's important to note that there may be other possible allocations that could also be considered fair, depending on the specific context and the preferences of the individuals involved.",1,2,None
16,"Thank you for providing the information. In this situation, I would consider a fair allocation to be one that maximizes the total value of the goods allocated to the individuals, while also ensuring that no individual receives more than one good.

Based on the values provided, it appears that both individuals value Good A and Good C relatively highly. To maximize the total value of the goods allocated, I would suggest allocating Good A to Person 1 and Good C to Person 2. This allocation would result in a total value of 49 + 5 = 54 for Person 1 and 47 + 5 = 52 for Person 2.

Alternatively, if you would like to prioritize giving each individual at least one good, I would suggest allocating Good B to both individuals, as it has the lowest value and can be shared between them. This allocation would result in a total value of 46 + 46 = 92 for both individuals.

Ultimately, the fairest allocation will depend on your specific preferences and priorities. However, these two options provide a starting point for considering a fair allocation of the goods.",1,None,2
17,"Thank you for providing the information. In this situation, I would consider a fair allocation to be one that maximizes the total value of the goods allocated to the individuals, while also ensuring that no individual receives more than one good.

Based on the values provided, it appears that both individuals value Good A and Good C relatively highly. To maximize the total value of the goods allocated, I would suggest allocating Good A to Person 1 and Good C to Person 2. This allocation would result in a total value of 49 + 5 = 54 for Person 1 and 47 + 5 = 52 for Person 2.

Alternatively, if you would like to prioritize giving each individual at least one good, I would suggest allocating Good B to both individuals, as it has the lowest value among the three goods. This allocation would result in a total value of 46 + 46 = 92 for both individuals.

Please note that there is no universally accepted method for determining the fairest allocation of indivisible goods, and different individuals may have different preferences and values. The above allocations are simply one possible approach to addressing the problem.",1,individuals,2
18,"Thank you for providing the information. In this situation, I would consider a fair allocation to be one that maximizes the total value of the goods allocated to the individuals, while also ensuring that no individual receives more than one good.

Based on the values provided, it appears that both individuals value Good A and Good C relatively highly. To maximize the total value of the goods allocated, I would suggest allocating Good A to Person 1 and Good C to Person 2. This allocation would result in a total value of 49 + 5 = 54 for Person 1 and 47 + 5 = 52 for Person 2.

Alternatively, if you would like to prioritize giving each individual at least one good, I would suggest allocating Good B to both individuals, as it has the lowest value and can be shared between them. This allocation would result in a total value of 46 + 46 = 92 for both individuals.

Ultimately, the fairest allocation will depend on your specific preferences and priorities. However, these two options provide a starting point for considering a fair allocation of the goods.",1,Both,2
19,"Thank you for providing the information. In this situation, I would consider a fair allocation to be one that maximizes the total value of the goods allocated to the individuals, while also ensuring that no individual receives more than one good.

Based on the values provided, it appears that both individuals value Good A and Good C relatively highly. To maximize the total value of the goods allocated, I would suggest allocating Good A to Person 1 and Good C to Person 2. This allocation would result in a total value of 49 + 5 = 54 for Person 1 and 47 + 5 = 52 for Person 2.

Alternatively, if you would like to prioritize giving each individual at least one good, I would suggest allocating Good B to both individuals, as it has the lowest value and can be shared between them. This allocation would result in a total value of 46 + 46 = 92 for both individuals.

Ultimately, the fairest allocation will depend on your specific preferences and priorities. However, these two options provide a starting point for considering a fair allocation of the goods.",1,None,2
20,"Thank you for providing the information. In this situation, I would consider a fair allocation to be one that maximizes the total value of the goods allocated to the individuals, while also ensuring that no individual receives more than one good.

Based on the values provided, it appears that both individuals value Good A and Good C relatively highly. To maximize the total value of the goods allocated, I would suggest allocating Good A to Person 1 and Good C to Person 2. This allocation would result in a total value of 49 + 5 = 54 for Person 1 and 47 + 5 = 52 for Person 2.

Alternatively, if you would like to prioritize giving each individual at least one good, I would suggest allocating Good B to both individuals, as it has the lowest value and can be shared between them. This allocation would result in a total value of 46 + 46 = 92 for both individuals.

Ultimately, the fairest allocation will depend on your specific preferences and priorities. However, these two options provide a starting point for considering a fair allocation of the goods.",1,None,2
21,"Thank you for providing the information. In this situation, I would consider a fair allocation to be one that maximizes the total value of the goods allocated to the individuals, while also ensuring that no individual receives more than one good.

Based on the values provided, it appears that both individuals value Good A and Good C relatively highly. To maximize the total value of the goods allocated, I would suggest allocating Good A to Person 1 and Good C to Person 2. This allocation would result in a total value of 49 + 5 = 54 for Person 1 and 47 + 5 = 52 for Person 2.

Alternatively, if you would like to prioritize giving each individual at least one good, I would suggest allocating Good B to both individuals, as it has the lowest value and can be shared between them. This allocation would result in a total value of 46 + 46 = 92 for both individuals.

Ultimately, the fairest allocation will depend on your specific preferences and priorities. However, these two options provide a starting point for considering a fair allocation of the goods.",1,Both,2
22,"Thank you for providing the information. In this situation, I would consider a fair allocation to be one that maximizes the total value of the goods allocated to the individuals, while also ensuring that no individual receives more than one good.

Based on the values provided, it appears that both individuals value Good A and Good C relatively highly. To maximize the total value of the goods allocated, I would suggest allocating Good A to Person 1 and Good C to Person 2. This allocation would result in a total value of 49 + 5 = 54 for Person 1 and 47 + 5 = 52 for Person 2.

Alternatively, if you would like to prioritize giving each individual at least one good, I would suggest allocating Good B to both individuals, as it has the lowest value and can be shared between them. This allocation would result in a total value of 46 + 46 = 92 for both individuals.

Ultimately, the fairest allocation will depend on your specific preferences and priorities. However, these two options provide a starting point for considering a fair allocation of the goods.",1,Both,2
23,"Thank you for providing the information. I understand that the task is to determine the fairest allocation of Good A, Good B, and Good C among Person 1 and Person 2. Since the goods are indivisible, I will have to make a decision based on the values provided.

After reviewing the values, I believe the fairest allocation would be to give Good A to Person 1, Good B to Person 2, and not allocate Good C to either of them. This allocation ensures that both individuals receive at least one good that they value highly, while also not giving either person more than one good.

Here's the allocation breakdown:

* Good A: Person 1 (value: 49)
* Good B: Person 2 (value: 48)
* Good C: Not allocated (value: 5)

I hope this allocation is considered fair by both parties. If there are any objections or alternative proposals, please feel free to share them, and I will do my best to accommodate the needs of all parties involved.",1,2,None
24,"I understand the problem. In this situation, I would consider a fair allocation to be one that maximizes the total value of the goods allocated to the individuals, while also ensuring that no individual receives more than one good.

Based on the values provided, here is one possible allocation:

* Good A: Person 1 receives Good A, as their value for it is higher than Person 2's value.
* Good B: Person 2 receives Good B, as their value for it is higher than Person 1's value.
* Good C: Neither person receives Good C, as it is not possible to allocate it to both individuals without violating the rule that no good can be allocated to more than one person.

This allocation results in a total value of 49 + 48 + 0 = 97, which is the maximum possible total value under these constraints.

Alternatively, another possible allocation could be:

* Good A: Person 2 receives Good A, as their value for it is higher than Person 1's value.
* Good B: Person 1 receives Good B, as their value for it is higher than Person 2's value.
* Good C: Neither person receives Good C, as it is not possible to allocate it to both individuals without violating the rule that no good can be allocated to more than one person.

This allocation also results in a total value of 49 + 46 + 0 = 95, which is still a maximum possible total value under these constraints.

It's important to note that there may be other possible allocations that could also be considered fair, depending on the specific context and the preferences of the individuals involved.",1,2,None
25,"Thank you for providing the information. In this situation, I would consider a fair allocation to be one that maximizes the total value of the goods allocated to the individuals, while also ensuring that no individual receives more than one good.

Based on the values provided, it appears that both individuals value Good A and Good C relatively highly. To maximize the total value of the goods allocated, I would suggest allocating Good A to Person 1 and Good C to Person 2. This allocation would result in a total value of 49 + 5 = 54 for Person 1 and 47 + 5 = 52 for Person 2.

Alternatively, if you would like to prioritize giving each individual at least one good, I would suggest allocating Good B to both individuals, as it has the lowest value and can be shared between them. This allocation would result in a total value of 46 + 46 = 92 for both individuals.

Please note that there is no ""correct"" or ""incorrect"" answer to this problem, as fairness is a subjective concept and can be interpreted in different ways. The allocation I have suggested is one possible approach to a fair allocation, but you may have other considerations or priorities that lead you to make a different decision.",1,Both,2
26,"Thank you for providing the information. In this situation, I would consider a fair allocation to be one that maximizes the total value of the goods allocated to the individuals, while also ensuring that no individual receives more than one good.

Based on the values provided, it appears that both individuals value Good A and Good C relatively highly. To maximize the total value of the goods allocated, I would suggest allocating Good A to Person 1 and Good C to Person 2. This allocation would result in a total value of 49 + 5 = 54 for Person 1 and 47 + 5 = 52 for Person 2.

Alternatively, if you would like to prioritize giving each individual at least one good, I would suggest allocating Good B to both individuals, as it has the lowest value and can be shared between them. This allocation would result in a total value of 46 + 46 = 92 for both individuals.

Ultimately, the fairest allocation will depend on your specific preferences and priorities. However, these two options provide a starting point for considering a fair allocation of the goods.",1,individuals,2
27,"Thank you for bringing this problem to my attention. I understand that you would like me to determine a fair allocation of the three goods, Good A, Good B, and Good C, among Person 1 and Person 2, given their individual values for each good.

After careful consideration, I propose the following allocation:

* Good A: I allocate Good A to Person 1, as their value for this good is higher than Person 2's value. Specifically, Person 1 values Good A at 49, while Person 2 values it at 47. Therefore, it seems fairest to give this good to Person 1, as they place a higher value on it.
* Good B: I allocate Good B to Person 2, as their value for this good is higher than Person 1's value. Specifically, Person 2 values Good B at 48, while Person 1 values it at 46. Therefore, it seems fairest to give this good to Person 2, as they place a higher value on it.
* Good C: Since neither Person 1 nor Person 2 values Good C particularly highly, I propose that we do not allocate Good C to either of them. Instead, we can choose to throw it away, as it is not possible to allocate it in a way that would be considered fair.

This allocation ensures that each person receives a good that they value highly, while avoiding the problem of double allocation, as no good is allocated to more than one person. I hope this solution is fair and satisfactory to both of you.",1,2,None
28,"Hi there! I understand that you and Person 2 would like me to determine a fair allocation of Goods A, B, and C among you. Since the goods are indivisible, I can either give the good as a whole to one person or decide not to allocate it at all.

After considering both of your value assignments, I have decided to allocate Good A to Person 1, Good B to Person 2, and Good C to neither of you. This allocation is based on the principle of maximizing the total value of the goods allocated to each person, while ensuring that no good is allocated to more than one person.

Here's the reasoning behind my decision:

* Good A: Both of you value Good A highly, with Person 1 valuing it at 49 and Person 2 valuing it at 47. However, since Good A is only available in one copy, I have decided to allocate it to Person 1, who values it slightly higher.
* Good B: Person 2 values Good B slightly higher than Person 1, at 48 compared to 46. Therefore, I have allocated Good B to Person 2.
* Good C: Neither of you values Good C particularly highly, with Person 1 valuing it at 5 and Person 2 valuing it at 4. Since Good C is not highly valued by either of you, I have decided not to allocate it to either of you, as it would not be fair to give it to one person when the other person does not value it as highly.

I hope this allocation is fair and meets your needs. Let me know if you have any further questions or concerns!",1,2,None
29,"Thank you for providing the information. In this situation, I would consider a fair allocation to be one that maximizes the total value of the goods allocated to the individuals, while also ensuring that no individual receives more than one good.

Based on the values provided, it appears that both individuals value Good A and Good C relatively highly. To maximize the total value of the goods allocated, I would suggest allocating Good A to Person 1 and Good C to Person 2. This allocation would result in a total value of 49 + 5 = 54 for Person 1 and 47 + 5 = 52 for Person 2.

Alternatively, if you would like to prioritize giving each individual at least one good, I would suggest allocating Good B to both individuals, as it has the lowest value among the three goods. This allocation would result in a total value of 46 + 46 = 92 for both individuals.

Please note that there is no universally accepted method for determining the fairest allocation of indivisible goods, and different individuals may have different preferences and values. The above allocations are simply one possible approach to addressing the problem.",1,individuals,2
30,"Thank you for bringing this problem to me. I understand that the goods to be allocated are indivisible and that the goal is to determine a fair allocation. Based on the information provided, I will use the ""proportional allocation"" method to determine the fairest allocation.

Proportional allocation involves assigning each good to the person who values it most highly, while ensuring that no good is allocated to more than one person. In this case, we have three goods and two people, so we can use a simple algorithm to determine the fairest allocation.

First, we will rank the goods in order of their value to each person. Based on the values provided, the ranking is:

Good A: Person 1 (49), Person 2 (47)
Good B: Person 1 (46), Person 2 (48)
Good C: Person 1 (5), Person 2 (5)

Next, we will assign each good to the person who values it most highly. In this case, the assignments are:

Good A: Person 1
Good B: Person 2
Good C: Neither person (good is not allocated)

This allocation ensures that each person receives at least one good, and that the goods are allocated in proportion to the value each person places on them.

I hope this allocation is considered fair by both parties. If either party has any objections or would like to modify the allocation, please let me know.",1,2,None
31,"Thank you for presenting me with this problem. I understand that you and Person 2 have different preferences for the goods to be allocated, and that the goods are indivisible. After careful consideration, I propose the following allocation:

* Good A: I allocate Good A to Person 1, as their value for it is higher than Person 2's value.
* Good B: I allocate Good B to Person 2, as their value for it is higher than Person 1's value.
* Good C: As Good C has a value of 5 for both Person 1 and Person 2, I decide not to allocate it at all, as it would not be fair to give it to one person over the other.

This allocation ensures that each person receives a good that they value highly, while avoiding the problem of one person receiving two goods that the other person values more highly.

Please let me know if you have any questions or concerns about this allocation.",1,2,None
32,"Thank you for providing the information. In this situation, I would consider a fair allocation to be one that maximizes the total value of the goods allocated to the individuals, while also ensuring that no individual receives more than one good.

Based on the values you provided, here is one possible allocation that satisfies these criteria:

* Good A: Person 1 receives Good A, as their value for it is higher than Person 2's value.
* Good B: Person 2 receives Good B, as their value for it is higher than Person 1's value.
* Good C: Neither Person 1 nor Person 2 receives Good C, as it is not possible to allocate it to both individuals without violating the rule that no good can be allocated to more than one person.

This allocation results in a total value of 49 + 48 + 5 = 92, which is the maximum total value that can be achieved given the available goods and the preferences of the individuals.

I hope this allocation is considered fair by both Person 1 and Person 2. If either of them have any objections or preferences, please let me know and I will do my best to accommodate them.",1,2,None
33,"I understand the problem you have presented me with. In this case, I would suggest we use the ""Proportional Allocation"" method to determine the fairest allocation of the goods. This method involves assigning each good to the person who values it most highly. Since no good can be allocated to more than one person, we will have to make some tough decisions about which goods to allocate to which individuals.

Based on the values you have provided, I would suggest allocating Good A to Person 1, as they value it highest at 49. Good B would be allocated to Person 2, as they value it highest at 48. Finally, Good C would not be allocated to either person, as neither of them values it highly enough to justify allocation.

This allocation ensures that each person receives the good they value most highly, while also maximizing the overall value of the goods allocated. Of course, this allocation may not be perfect from either person's perspective, but it is the fairest allocation possible given the constraints of the problem.",1,2,None
34,"Thank you for providing the information. In this situation, I would consider a fair allocation to be one that maximizes the total value of the goods allocated to the individuals, while ensuring that each good is allocated to only one person.

After analyzing the values provided, I would suggest the following allocation:

* Good A: Person 1 (49)
* Good B: Person 2 (48)
* Good C: Neither (5)

This allocation maximizes the total value of the goods allocated to the individuals, with a total value of 92 (49 + 48). Additionally, each good is allocated to only one person, as no good can be allocated to more than one person.

Please note that this is just one possible fair allocation, and there may be other fair allocations depending on the preferences and priorities of the individuals involved.",1,2,None
35,"Thank you for providing the information. In this situation, I would consider a fair allocation to be one that maximizes the total value of the goods allocated to the individuals, while also ensuring that no individual receives more than one good.

Based on the values provided, it appears that both individuals value Good A and Good C relatively highly. To maximize the total value of the goods allocated, I would suggest allocating Good A to Person 1 and Good C to Person 2. This allocation would result in a total value of 49 + 5 = 54 for Person 1 and 47 + 5 = 52 for Person 2.

Alternatively, if you would like to prioritize giving each individual at least one good, I would suggest allocating Good B to both individuals, as it has the lowest value among the three goods. This allocation would result in a total value of 46 + 46 = 92 for both individuals.

Please note that there is no universally accepted method for determining the fairest allocation of indivisible goods, and different individuals may have different preferences and values. The above allocations are simply one possible approach to addressing the problem.",1,individuals,2
36,"Thank you for providing the information. In this situation, I would consider a fair allocation to be one that maximizes the total value of the goods allocated to the individuals, while also ensuring that no individual receives more than one good.

Based on the values provided, it appears that both individuals value Good A and Good C relatively highly. To maximize the total value of the goods allocated, I would suggest allocating Good A to Person 1 and Good C to Person 2. This allocation would result in a total value of 49 + 5 = 54 for Person 1 and 47 + 5 = 52 for Person 2.

Alternatively, if you would like to prioritize giving each individual at least one good, I would suggest allocating Good B to both individuals, as it has the lowest value and can be shared between them. This allocation would result in a total value of 46 + 46 = 92 for both individuals.

Ultimately, the fairest allocation will depend on your specific preferences and priorities. However, these two options provide a starting point for considering a fair allocation of the goods.",1,None,2
37,"Thank you for providing the information. In this situation, I would consider a fair allocation to be one that maximizes the total value of the goods allocated to the individuals, while also ensuring that no individual receives more than one good.

Based on the values provided, it appears that both individuals value Good A and Good C relatively highly. To maximize the total value of the goods allocated, I would suggest allocating Good A to Person 1 and Good C to Person 2. This allocation would result in a total value of 49 + 5 = 54 for Person 1 and 47 + 5 = 52 for Person 2.

Alternatively, if you would like to prioritize giving each individual at least one good, I would suggest allocating Good B to both individuals, as it has the lowest value among the three goods. This allocation would result in a total value of 46 + 46 = 92 for both individuals.

Please note that there is no universally accepted method for determining the fairest allocation of indivisible goods, and different individuals may have different preferences and values. The above allocations are simply one possible approach to addressing the problem.",1,individuals,2
38,"Thank you for approaching me with your allocation problem. I understand that you have three goods to allocate, Good A, Good B, and Good C, and that the goods are indivisible, meaning they cannot be shared between individuals. Additionally, no good can be allocated to more than one person.

To determine a fair allocation, I will use the concept of ""utility,"" which represents the satisfaction or value that an individual derives from consuming a good. Based on your preferences, I have calculated the utility for each good for both Person 1 and Person 2.

Here are the utilities for each good for both individuals:

Person 1:

* Good A: 49
* Good B: 46
* Good C: 5

Person 2:

* Good A: 47
* Good B: 48
* Good C: 5

Now, let's consider the fairest allocation of the three goods. One approach to fair allocation is to use the ""equal-value"" principle, which states that individuals should receive goods that have the same value to them. Based on the utilities I have calculated, the equal-value principle would suggest the following allocation:

* Good A: Person 1
* Good B: Person 2
* Good C: Neither (good is not allocated)

Alternatively, we could use the ""marginal-value"" principle, which states that individuals should receive goods that have the highest value to them, while still satisfying the constraint that no good can be shared between individuals. Based on the utilities I have calculated, the marginal-value principle would suggest the following allocation:

* Good A: Person 2
* Good B: Person 1
* Good C: Neither (good is not allocated)

Both of these allocations satisfy the constraints of the problem and are fair based on the utilities of the individuals. However, it's important to note that the concept of fairness can be subjective, and different individuals may have different preferences and values. Therefore, the fairest allocation may depend on the specific context and the preferences of the individuals involved.

I hope this helps you with your allocation problem. If you have any further questions or concerns, please don't hesitate to ask.",1,2,None
39,"Thank you for providing the information. In this situation, I would consider a fair allocation to be one that maximizes the total value of the goods allocated to the individuals, while also ensuring that no individual receives more than one good.

Based on the values provided, it appears that both individuals value Good A and Good C relatively highly. To maximize the total value of the goods allocated, I would suggest allocating Good A to Person 1 and Good C to Person 2. This allocation would result in a total value of 49 + 5 = 54 for Person 1 and 47 + 5 = 52 for Person 2.

Alternatively, if you would like to prioritize giving each individual at least one good, I would suggest allocating Good B to both individuals, as it has the lowest value and can be shared between them. This allocation would result in a total value of 46 + 46 = 92 for both individuals.

Ultimately, the fairest allocation will depend on your specific preferences and priorities. However, these two options provide a starting point for considering a fair allocation of the goods.",1,individuals,2
40,"Thank you for providing the information. In this situation, I would consider a fair allocation to be one that maximizes the total value of the goods allocated to the individuals, while also ensuring that no individual receives more than one good.

Based on the values provided, it appears that both individuals value Good A and Good C relatively highly. To maximize the total value of the goods allocated, I would suggest allocating Good A to Person 1 and Good C to Person 2. This allocation would result in a total value of 49 + 5 = 54 for Person 1 and 47 + 5 = 52 for Person 2.

Alternatively, if you would like to prioritize the allocation of Good B, I would suggest allocating it to Person 2, as their value for Good B is slightly higher than Person 1's value. This allocation would result in a total value of 46 + 48 = 94 for Person 2 and 49 + 5 = 54 for Person 1.

It's important to note that there is no one ""right"" way to allocate the goods in this scenario, as the concept of fairness can be subjective and dependent on individual perspectives. However, by considering the values provided and the requirements of the allocation (i.e. no goods can be allocated to more than one person), I have suggested two possible allocations that prioritize maximizing the total value of the goods allocated to the individuals. Ultimately, the decision of which allocation is considered fairest will depend on the preferences and priorities of the individuals involved.",1,2,2
41,"Thank you for providing the information. In this situation, I would consider a fair allocation to be one that maximizes the total value of the goods allocated to the individuals, while also ensuring that no individual receives more than one good.

Based on the values provided, it appears that both individuals value Good A and Good C relatively highly. To maximize the total value of the goods allocated, I would suggest allocating Good A to Person 1 and Good C to Person 2. This allocation would result in a total value of 49 + 5 = 54 for Person 1 and 47 + 5 = 52 for Person 2.

Alternatively, if you would like to prioritize giving each individual at least one good, I would suggest allocating Good B to both individuals, as it has the lowest value among the three goods. This allocation would result in a total value of 46 + 46 = 92 for both individuals.

Please note that there is no universally accepted method for determining the fairest allocation of indivisible goods, and different individuals may have different preferences and values. The above allocations are simply one possible approach to addressing the problem.",1,None,2
42,"Based on the information provided, I understand that you are looking for a fair allocation of three goods, Good A, Good B, and Good C, among two individuals, Person 1 and Person 2. Since the goods are indivisible, I will have to allocate each good as a whole to one person or not allocate it at all.

After analyzing the value that each person has for each good, I have come up with three possible allocations that I consider to be fair:

Allocation 1:

* Good A: Person 1
* Good B: Person 2
* Good C: Neither (not allocated)

Allocation 2:

* Good A: Person 2
* Good B: Person 1
* Good C: Neither (not allocated)

Allocation 3:

* Good A: Neither (not allocated)
* Good B: Person 1
* Good C: Person 2

In each of these allocations, each person receives at least one good, and no person receives more than one good. Additionally, the total value of the goods received by each person is as close as possible to their total value for all three goods.

I would like to hear your thoughts on these allocations and if you have any other preferences or constraints that I should consider before making a final decision.",2,1,None
43,"Thank you for providing the information. In this situation, I would consider a fair allocation to be one that maximizes the total value of the goods allocated to the individuals, while also ensuring that no individual receives more than one good.

Based on the values provided, it appears that both individuals value Good A and Good C relatively highly. To maximize the total value of the goods allocated, I would suggest allocating Good A to Person 1 and Good C to Person 2. This allocation would result in a total value of 49 + 5 = 54 for Person 1 and 47 + 5 = 52 for Person 2.

Alternatively, if you would like to prioritize giving each individual at least one good, I would suggest allocating Good B to both individuals, as it has the lowest value and can be shared between them. This allocation would result in a total value of 46 + 46 = 92 for both individuals.

Ultimately, the fairest allocation will depend on your specific preferences and priorities. However, these two options provide a starting point for considering a fair allocation of the goods.",1,Both,2
44,"Thank you for providing the information. In this situation, I would consider a fair allocation to be one that maximizes the total value of the goods allocated to the individuals, while also ensuring that no individual receives more than one good.

Based on the values provided, it appears that both individuals value Good A and Good C relatively highly. To maximize the total value of the goods allocated, I would suggest allocating Good A to Person 1 and Good C to Person 2. This allocation would result in a total value of 49 + 5 = 54 for Person 1 and 47 + 5 = 52 for Person 2.

Alternatively, if you would like to prioritize giving each individual at least one good, I would suggest allocating Good B to both individuals, as it has the lowest value among the three goods. This allocation would result in a total value of 46 + 46 = 92 for both individuals.

Please note that there is no universally accepted method for determining the fairest allocation of indivisible goods, and different individuals may have different preferences and values. The above allocations are simply one possible approach to addressing the problem.",1,None,2
45,"Thank you for providing the information. In this situation, I would consider a fair allocation to be one that maximizes the total value of the goods allocated to the individuals, while also ensuring that no individual receives more than one good.

Based on the values provided, it appears that both individuals value Good A and Good C relatively highly. To maximize the total value of the goods allocated, I would suggest allocating Good A to Person 1 and Good C to Person 2. This allocation would result in a total value of 49 + 5 = 54 for Person 1 and 47 + 5 = 52 for Person 2.

Alternatively, if you would like to prioritize giving each individual at least one good, I would suggest allocating Good B to both individuals. This would result in a total value of 46 + 46 = 92 for both individuals.

Please let me know if there are any other considerations or constraints that should be taken into account when determining the fairest allocation.",1,None,2
46,"Thank you for providing the information. In this situation, I would consider a fair allocation to be one that maximizes the total value of the goods allocated to the individuals, while also ensuring that no individual receives more than one good.

Based on the values provided, it appears that both individuals value Good A and Good C relatively highly. To maximize the total value of the goods allocated, I would suggest allocating Good A to Person 1 and Good C to Person 2. This allocation would result in a total value of 49 + 5 = 54 for Person 1 and 47 + 5 = 52 for Person 2.

Alternatively, if you would like to prioritize giving each individual at least one good, I would suggest allocating Good B to both individuals, as it has the lowest value among the three goods. This allocation would result in a total value of 46 + 46 = 92 for both individuals.

Please note that there is no universally accepted method for determining the fairest allocation of indivisible goods, and different individuals may have different preferences and values. The above allocations are simply one possible approach to addressing the problem.",1,individuals,2
47,"Thank you for providing the information. In this situation, I would consider a fair allocation to be one that maximizes the total value of the goods allocated to the individuals, while also ensuring that no individual receives more than one good.

Based on the values provided, it appears that both individuals value Good A and Good C relatively highly. To maximize the total value of the goods allocated, I would suggest allocating Good A to Person 1 and Good C to Person 2. This allocation would result in a total value of 49 + 5 = 54 for Person 1 and 47 + 5 = 52 for Person 2.

Alternatively, if you would like to prioritize giving each individual at least one good, I would suggest allocating Good B to both individuals, as it has the lowest value among the three goods. This allocation would result in a total value of 46 + 46 = 92 for both individuals.

Please note that there is no universally accepted method for determining the fairest allocation of indivisible goods, and different individuals may have different preferences and values. The above allocations are simply one possible approach to addressing the problem.",1,individuals,2
48,"Thank you for providing the information. In this situation, I would consider a fair allocation to be one that maximizes the total value of the goods allocated to the individuals, while also ensuring that no individual receives more than one good.

Based on the values provided, it appears that both individuals value Good A and Good C relatively highly. To maximize the total value of the goods allocated, I would suggest allocating Good A to Person 1 and Good C to Person 2. This allocation would result in a total value of 49 + 5 = 54 for Person 1 and 47 + 5 = 52 for Person 2.

Alternatively, if you would like to prioritize giving each individual at least one good, I would suggest allocating Good B to both individuals, as it has the lowest value and can be shared between them. This allocation would result in a total value of 46 + 46 = 92 for both individuals.

Ultimately, the fairest allocation will depend on your specific preferences and priorities. However, these two options provide a starting point for considering a fair allocation of the goods.",1,None,2
49,"Hi there! I understand that you and Person 2 would like me to determine a fair allocation of Goods A, B, and C among you. Since the goods are indivisible, I can either give the good as a whole to one person or decide not to allocate it at all.

After considering both of your value assignments, I have decided to allocate Good A to Person 1, Good B to Person 2, and Good C to neither of you. This allocation is based on the principle of maximizing the total value of the goods allocated to each person, while ensuring that no good is allocated to more than one person.

Here's the reasoning behind my decision:

* Good A: Both of you value Good A highly, with Person 1 valuing it at 49 and Person 2 valuing it at 47. However, since Good A is only available in one copy, I have decided to allocate it to Person 1, who values it slightly higher.
* Good B: Person 2 values Good B slightly higher than Person 1, at 48 compared to 46. Therefore, I have allocated Good B to Person 2.
* Good C: Neither of you values Good C particularly highly, with Person 1 valuing it at 5 and Person 2 valuing it at 4. Since Good C is not highly valued by either of you, I have decided not to allocate it to either of you, as it would not be fair to give it to one person when the other person does not value it as highly.

I hope this allocation is fair and meets your needs. Let me know if you have any further questions or concerns!",1,2,None
50,"Thank you for bringing this problem to me. I understand that you, Person 1 and Person 2, would like me to determine a fair allocation of Goods A, B, and C. Since the goods are indivisible, I will have to make a decision based on the values you have provided.

After reviewing the values, I have determined that the fairest allocation would be to allocate Good A to Person 1, Good B to Person 2, and not allocate Good C as it is not possible to allocate it to both individuals. This allocation ensures that both individuals receive goods that they value highly, while also not wasting any of the goods.

Here is the allocation breakdown:

* Good A: Person 1 (value of 49)
* Good B: Person 2 (value of 48)
* Good C: None (value of 5, and cannot be allocated to both individuals)

I hope this allocation is fair and meets your needs. Please let me know if you have any further questions or concerns.",1,2,None
51,"Hello! I understand the problem you've presented. In this situation, I would suggest using the ""proportional allocation"" method to determine the fairest allocation of the three goods. This method involves dividing the total value of the goods among the individuals based on their relative preferences for each good.

To do this, we first need to calculate the total value of each good. Let's assume the total value of Good A is 100, Good B is 100, and Good C is 100.

Next, we'll calculate the proportional share of each good for each individual based on their preferences. We'll use the following formula:

Proportional share = (Person's value for good / Total value of good) x Total value of all goods

Using this formula, we can calculate the proportional shares for each individual for each good as follows:

For Good A:

Person 1: (49 / 100) x 100 = 49%
Person 2: (47 / 100) x 100 = 47%

For Good B:

Person 1: (46 / 100) x 100 = 46%
Person 2: (48 / 100) x 100 = 48%

For Good C:

Person 1: (5 / 100) x 100 = 5%
Person 2: (5 / 100) x 100 = 5%

Now that we have the proportional shares for each individual for each good, we can determine the allocation of each good. Since we cannot allocate a good to more than one person, we'll need to allocate each good separately.

For Good A, we'll allocate it to Person 1, as their proportional share is higher.

For Good B, we'll allocate it to Person 2, as their proportional share is higher.

For Good C, we'll allocate it to neither Person 1 nor Person 2, as neither of them has a strong preference for this good.

Therefore, the allocation of the three goods among the two individuals would be:

Person 1: Good A
Person 2: Good B

This allocation is based on the principle of proportionality, which aims to distribute the goods in a way that reflects the preferences of each individual. Of course, there are many other methods for allocating indivisible goods, and the fairness of this allocation will depend on the specific context and the preferences of the individuals involved.",1,2,None
52,"Thank you for providing the information. In this situation, I would consider a fair allocation to be one that maximizes the total value of the goods allocated to the individuals, while also ensuring that no individual receives more than one good.

Based on the values provided, it appears that both individuals value Good A and Good C relatively highly. To maximize the total value of the goods allocated, I would suggest allocating Good A to Person 1 and Good C to Person 2. This allocation would result in a total value of 49 + 5 = 54 for Person 1 and 47 + 5 = 52 for Person 2.

Alternatively, if you would like to prioritize giving each individual at least one good, I would suggest allocating Good B to both individuals, as it has the lowest value among the three goods. This allocation would result in a total value of 46 + 46 = 92 for both individuals.

Please note that there is no universally accepted method for determining the fairest allocation of indivisible goods, and different individuals may have different preferences and values. The above allocations are simply one possible approach to addressing the problem.",1,individuals,2
53,"Thank you for providing the information. In this situation, I would consider a fair allocation to be one that maximizes the total value of the goods allocated to the individuals, while also ensuring that no individual receives more than one good.

Based on the values provided, it appears that both individuals value Good A and Good C relatively highly. To maximize the total value of the goods allocated, I would suggest allocating Good A to Person 1 and Good C to Person 2. This allocation would result in a total value of 49 + 5 = 54 for Person 1 and 47 + 5 = 52 for Person 2.

Alternatively, if you would like to prioritize giving each individual at least one good, I would suggest allocating Good B to both individuals, as it has the lowest value and can be shared between them. This allocation would result in a total value of 46 + 46 = 92 for both individuals.

Ultimately, the fairest allocation will depend on your specific preferences and priorities. However, these two options provide a starting point for considering a fair allocation of the goods.",1,None,2
54,"Thank you for providing the information. In this situation, I would consider a fair allocation to be one that maximizes the total value of the goods allocated to the individuals, while also ensuring that no individual receives more than one good.

Based on the values provided, it appears that both individuals value Good A and Good C relatively highly. To maximize the total value of the goods allocated, I would suggest allocating Good A to Person 1 and Good C to Person 2. This allocation would result in a total value of 49 + 5 = 54 for Person 1 and 47 + 5 = 52 for Person 2.

However, since the goods are indivisible, I would need to round up the values to the nearest whole number to determine the final allocation. In this case, I would suggest rounding up the values to 50, 50, and 6, respectively, resulting in the following allocation:

Person 1: Good A (50) and Good C (6)
Person 2: Good B (50) and Good C (6)

This allocation results in a total value of 50 + 50 + 6 = 106 for both individuals, which is the maximum total value possible given the available goods and the individuals' preferences.",1,2,1
55,"Understood! I will use the Vilfredo Pareto principle, also known as the Pareto distribution, to determine the fairest allocation of the goods. This principle states that a small proportion of inputs can have a disproportionately large effect on the output. In this case, I will prioritize the goods based on their relative scarcity and assign them to the individuals who value them the most.

Based on the values provided, Good A is the most scarce, followed by Good B and then Good C. Person 1 values Good A the most, so I will assign them Good A. Person 2 values Good B the most, so I will assign them Good B. Good C is the least valuable, so I will not allocate it to either person.

The allocation is as follows:

Person 1: Good A
Person 2: Good B

This allocation is fair because it prioritizes the goods based on their relative scarcity and assigns them to the individuals who value them the most.",1,2,None
56,"Thank you for providing the information. In this situation, I would consider a fair allocation to be one that maximizes the total value of the goods allocated to the individuals, while also ensuring that no individual receives more than one good.

Based on the values provided, it appears that both individuals value Good A and Good C relatively highly. To maximize the total value of the goods allocated, I would suggest allocating Good A to Person 1 and Good C to Person 2. This allocation would result in a total value of 49 + 5 = 54 for Person 1 and 47 + 5 = 52 for Person 2.

Alternatively, if you would like to prioritize giving each individual at least one good, I would suggest allocating Good B to both individuals, as it has the lowest value and can be shared between them. This allocation would result in a total value of 46 + 46 = 92 for both individuals.

Ultimately, the fairest allocation will depend on your specific preferences and priorities. However, these two options provide a starting point for considering a fair allocation of the goods.",1,None,2
57,"Thank you for the problem description. I understand that you would like me to determine the fairest allocation of the three goods, Good A, Good B, and Good C, among Person 1 and Person 2, given their individual valuations for each good.

As you have mentioned, the goods are indivisible, meaning that each good must be given as a whole to one person or be thrown away. Additionally, no good can be allocated to more than one person.

Let's start by examining the valuations provided by Person 1:

* Good A: 49
* Good B: 46
* Good C: 5

And now, let's look at Person 2's valuations:

* Good A: 47
* Good B: 48
* Good C: 5

Based on these valuations, it appears that both Person 1 and Person 2 value Good A the highest, with valuations of 49 and 47, respectively. Good B is the next most highly valued good, with valuations of 46 and 48, respectively. Good C is the least highly valued good, with valuations of 5 for both individuals.

To determine the fairest allocation, we can consider several fairness criteria, such as equal allocation, marginal contribution, or maximin. However, since the goods are indivisible, we cannot use these criteria directly. Instead, we can use a modified version of the leximin criterion, which considers the minimum value that each individual receives for each good.

Let's calculate the minimum value for each individual for each good:

For Good A:

* Person 1: 49 (their own valuation)
* Person 2: 47 (their own valuation)

For Good B:

* Person 1: 46 (their own valuation)
* Person 2: 48 (their own valuation)

For Good C:

* Person 1: 5 (their own valuation)
* Person 2: 5 (their own valuation)

Now, let's compare the minimum values for each good to determine the fairest allocation. The fairest allocation is the one that maximizes the minimum value for each individual.

Based on the calculations above, the fairest allocation is:

* Good A: Person 1
* Good B: Person 2
* Good C: Neither (good is not allocated)

This allocation maximizes the minimum value for each individual, as Person 1 receives Good A, which has the highest value for them (49), and Person 2 receives Good B, which has the highest value for them (48). Additionally, Good C is not allocated, as neither individual values it highly (5 for both).

Therefore, the fairest allocation of the three goods among Person 1 and Person 2 is:

* Good A: Person 1
* Good B: Person 2
* Good C: Neither (good is not allocated)",1,2,None
58,"Thank you for providing the information. In this situation, I would consider a fair allocation to be one that maximizes the total value of the goods allocated to the individuals, while also ensuring that no individual receives more than one good.

Based on the values provided, it appears that both individuals value Good A and Good C relatively highly. To maximize the total value of the goods allocated, I would suggest allocating Good A to Person 1 and Good C to Person 2. This allocation would result in a total value of 49 + 5 = 54 for Person 1 and 47 + 5 = 52 for Person 2.

Alternatively, if you would like to discuss other allocation options or consider other criteria for fairness, such as equal allocation or maximization of the sum of the values of the goods allocated, we can explore those options as well.",1,None,2
59,"Thank you for providing the information. In this situation, I would consider a fair allocation to be one that maximizes the total value of the goods allocated to the individuals, while also ensuring that no individual receives more than one good.

Based on the values you've provided, here are the possible allocations:

1. Good A: Person 1 receives Good A, valued at 49. Person 2 receives nothing.
2. Good B: Person 2 receives Good B, valued at 48. Person 1 receives nothing.
3. Good C: Both Person 1 and Person 2 receive Good C, valued at 5 each.

In all three cases, the total value of the goods allocated is 49 + 48 + 5 = 92, which maximizes the total value. However, since the goods are indivisible, we must choose one of these allocations that also satisfies the constraint of no good being given to more than one person.

Therefore, I recommend allocation 3: Both Person 1 and Person 2 receive Good C, valued at 5 each. This allocation maximizes the total value while ensuring that no individual receives more than one good.

Please note that this is just one possible fair allocation, and there may be other fair allocations depending on the preferences and values of the individuals involved.",1,2,2
60,"Thank you for providing the information. In this situation, I would consider a fair allocation to be one that maximizes the total value of the goods allocated to the individuals, while also ensuring that no individual receives more than one good.

Based on the values provided, it appears that both individuals value Good A and Good C relatively highly. To maximize the total value of the goods allocated, I would suggest allocating Good A to Person 1 and Good C to Person 2. This allocation would result in a total value of 49 + 5 = 54 for Person 1 and 47 + 5 = 52 for Person 2.

Alternatively, if you would like to prioritize giving each individual at least one good, I would suggest allocating Good B to both individuals, as it has the lowest value among the three goods. This allocation would result in a total value of 46 + 46 = 92 for both individuals.

Please note that there is no universally accepted method for determining the fairest allocation of indivisible goods, and different individuals may have different preferences and values. The above allocations are simply one possible approach to addressing the problem.",1,Both,2
61,"Thank you for providing the information. In this situation, I would consider a fair allocation to be one that maximizes the total value of the goods allocated to the individuals, while also ensuring that no individual receives more than one good.

Based on the values provided, it appears that both individuals value Good A and Good C relatively highly. To maximize the total value of the goods allocated, I would suggest allocating Good A to Person 1 and Good C to Person 2. This allocation would result in a total value of 49 + 5 = 54 for Person 1 and 47 + 5 = 52 for Person 2.

Alternatively, if you would like to prioritize giving each individual at least one good, I would suggest allocating Good B to both individuals, as it has the lowest value among the three goods. This allocation would result in a total value of 46 + 46 = 92 for both individuals.

Please note that there is no universally accepted method for determining the fairest allocation of indivisible goods, and different individuals may have different preferences and values. The above allocations are simply one possible approach to addressing the problem.",1,Both,2
62,"Thank you for bringing this problem to me. I understand that you, Person 1 and Person 2, would like me to determine a fair allocation of Goods A, B, and C. Since the goods are indivisible, I will have to make a decision based on the values you have provided.

After reviewing the values, I have determined that the fairest allocation would be to allocate Good A to Person 1, Good B to Person 2, and not allocate Good C to either of you. This allocation is fair because it maximizes the total value of the goods allocated to each person.

Here's the breakdown of the allocation:

* Good A: Person 1 (value: 49)
* Good B: Person 2 (value: 48)
* Good C: Not allocated (value: 5)

I hope this allocation is acceptable to both of you. Please let me know if you have any questions or concerns.",1,2,None
63,"I understand the problem. In this situation, I would consider a fair allocation to be one that maximizes the total value of the goods allocated to the individuals, while also ensuring that no individual receives more than one good.

Based on the values provided, here is one possible allocation:

* Good A: Person 1 receives Good A, as their value for it is higher than Person 2's value.
* Good B: Person 2 receives Good B, as their value for it is higher than Person 1's value.
* Good C: Neither person receives Good C, as it is not possible to allocate it to both individuals without violating the rule that no good can be allocated to more than one person.

This allocation results in a total value of 49 + 48 + 0 = 97, which is the maximum possible total value under these constraints.

Alternatively, another possible allocation could be:

* Good A: Person 2 receives Good A, as their value for it is higher than Person 1's value.
* Good B: Person 1 receives Good B, as their value for it is higher than Person 2's value.
* Good C: Neither person receives Good C, as it is not possible to allocate it to both individuals without violating the rule that no good can be allocated to more than one person.

This allocation also results in a total value of 49 + 46 + 0 = 95, which is still a maximum possible total value under these constraints.

It's important to note that there may be other possible allocations that could also be considered fair, depending on the specific context and the preferences of the individuals involved.",1,2,None
64,"I understand the problem. In this situation, I would consider a fair allocation to be one that maximizes the total value of the goods allocated to the individuals, while also ensuring that no individual receives more than one good.

Based on the values provided, here is one possible allocation:

* Good A: Person 1 receives Good A, as their value for it is higher than Person 2's value.
* Good B: Person 2 receives Good B, as their value for it is higher than Person 1's value.
* Good C: Neither person receives Good C, as it is not possible to allocate it to both individuals without violating the rule that no good can be allocated to more than one person.

This allocation results in a total value of 49 + 48 + 0 = 97, which is the maximum possible total value under these constraints.

Alternatively, another possible allocation could be:

* Good A: Person 2 receives Good A, as their value for it is higher than Person 1's value.
* Good B: Person 1 receives Good B, as their value for it is higher than Person 2's value.
* Good C: Neither person receives Good C, as it is not possible to allocate it to both individuals without violating the rule that no good can be allocated to more than one person.

This allocation also results in a total value of 49 + 46 + 0 = 95, which is still a maximum possible total value under these constraints.

It's important to note that there may be other possible allocations that could also be considered fair, depending on the specific context and the preferences of the individuals involved.",1,2,None
65,"Thank you for describing the problem. I understand that you would like me to determine a fair allocation of the three goods, Good A, Good B, and Good C, among Person 1 and Person 2. As you mentioned, the goods are indivisible, and no good can be allocated to more than one person.

To start, I would like to know if there are any specific constraints or preferences that you would like me to consider while determining the allocation. For example, do you have any prioritization of goods or any specific requirements for the allocation?

Please feel free to provide any additional information that you think would be helpful in determining the fairest allocation.",1,2,None
66,"Thank you for bringing this problem to me. I understand that you, Person 1 and Person 2, would like me to determine a fair allocation of Goods A, B, and C. Since the goods are indivisible, I will have to make a decision based on the values you have provided.

After careful consideration, I have decided to allocate Good A to Person 1, as their value for it is higher than Person 2's value. Specifically, Person 1 values Good A at 49, while Person 2 values it at 47.

For Good B, I have decided to allocate it to Person 2, as their value for it is higher than Person 1's value. Person 2 values Good B at 48, while Person 1 values it at 46.

Finally, since both Person 1 and Person 2 value Good C equally, at 5, I will allocate it to neither of them. Instead, I will discard Good C, as it is not possible to allocate it to both individuals.

I hope this allocation is considered fair by both of you. Please let me know if you have any objections or if there is anything else I can help with.",1,2,None
67,"Thank you for providing the information. I understand that the goods to be allocated are indivisible, and no good can be allocated to more than one person. Based on the values you have provided, I will use the following criteria to determine the fairest allocation:

1. Maximum Mutual Benefit: This criterion aims to maximize the total value of the goods allocated to both individuals while ensuring that no good is wasted.
2. Least Misery: This criterion aims to minimize the total dissatisfaction of both individuals. In this case, dissatisfaction is measured by the difference between the value of the good and the allocation received.

Using these criteria, I have determined the following allocation to be the fairest:

* Good A: Person 1 receives 49, and Person 2 receives 47.
* Good B: Person 1 receives 46, and Person 2 receives 48.
* Good C: Person 1 does not receive any, and Person 2 receives 5.

This allocation maximizes the total value of the goods allocated to both individuals while minimizing the total dissatisfaction. Both individuals receive the majority of their most highly valued goods, with minimal waste.

Please note that this is just one possible fair allocation, and there may be other fair allocations depending on the preferences and values of the individuals involved.",1,2,2
68,"Thank you for providing the information. In this situation, I would consider a fair allocation to be one that maximizes the total value of the goods allocated to the individuals, while also ensuring that no individual receives more than one good.

Based on the values provided, it appears that both individuals value Good A and Good C relatively highly. To maximize the total value of the goods allocated, I would suggest allocating Good A to Person 1 and Good C to Person 2. This allocation would result in a total value of 49 + 5 = 54 for Person 1 and 47 + 5 = 52 for Person 2.

Alternatively, if you would like to prioritize giving each individual at least one good, I would suggest allocating Good B to both individuals, as it has the lowest value and can be shared between them. This allocation would result in a total value of 46 + 46 = 92 for both individuals.

In either case, the allocation is fair because it maximizes the total value of the goods allocated to the individuals and ensures that no individual receives more than one good.",1,Both,2
69,"Allocating goods among individuals can be a challenging task, especially when the goods are indivisible. In this case, I will use the ""proportional allocation"" method to determine the fairest allocation. This method involves allocating the goods in proportion to the individuals' values for each good.

Based on the values provided, here is the allocation:

* Good A: Person 1 values it at 49, Person 2 values it at 47. I will allocate it 49/47 = 1.02 Good A to Person 1 and 47/49 = 0.95 Good A to Person 2.
* Good B: Person 1 values it at 46, Person 2 values it at 48. I will allocate it 46/48 = 0.94 Good B to Person 1 and 48/46 = 1.05 Good B to Person 2.
* Good C: Person 1 values it at 5, Person 2 values it at 5. I will allocate it equally, 5/5 = 1 Good C to each person.

The allocation is:

* Good A: 1.02 Good A to Person 1, 0.95 Good A to Person 2
* Good B: 0.94 Good B to Person 1, 1.05 Good B to Person 2
* Good C: 1 Good C to both Person 1 and Person 2

This allocation ensures that each person receives a proportionate share of the goods based on their values, without any good being allocated to more than one person.",1,2,2
70,"Thank you for bringing this problem to me. I understand that you, Person 1 and Person 2, would like me to determine a fair allocation of Goods A, B, and C. Since the goods are indivisible, I will have to make a decision based on the values you have provided.

After careful consideration, I have decided to allocate Good A to Person 1, as their value for it is higher than Person 2's value. Specifically, Person 1 values Good A at 49, while Person 2 values it at 47.

For Good B, I have decided to allocate it to Person 2, as their value for it is higher than Person 1's value. Person 2 values Good B at 48, while Person 1 values it at 46.

Finally, since both Person 1 and Person 2 value Good C equally, at 5, I will allocate it to neither of them. Instead, I will discard Good C, as it is not possible to allocate it to both individuals.

I hope this allocation is considered fair by both of you. Please let me know if you have any objections or if there is anything else I can help with.",1,2,None
71,"Thank you for providing the information. In this situation, I would consider a fair allocation to be one that maximizes the total value of the goods allocated to the individuals, while also ensuring that no individual receives more than one good.

Based on the values provided, it appears that both individuals value Good A and Good C relatively highly. To maximize the total value of the goods allocated, I would suggest allocating Good A to Person 1 and Good C to Person 2. This allocation would result in a total value of 49 + 5 = 54 for Person 1 and 47 + 5 = 52 for Person 2.

Alternatively, if you would like to prioritize giving each individual at least one good, I would suggest allocating Good B to both individuals, as it has the lowest value and can be shared between them. This allocation would result in a total value of 46 + 46 = 92 for both individuals.

Ultimately, the fairest allocation will depend on your specific preferences and priorities. However, these two options provide a starting point for considering a fair allocation.",1,individuals,2
72,"Thank you for providing the information. In this case, I would suggest an allocation that prioritizes the value each individual places on each good.

Since Good A is the most valued by both individuals, I propose allocating Good A to Person 1, who values it at $49, and Good B to Person 2, who values it at $47. This allocation ensures that each individual receives the good they value the most.

As for Good C, neither individual values it as highly, with Person 1 valuing it at $5 and Person 2 valuing it at $48. Considering that neither individual places a high value on this good, I suggest not allocating it to either of them. This way, neither individual misses out on a good they highly value, and both receive the goods they prioritize.

Allocation:

* Good A: Person 1
* Good B: Person 2
* Good C: Not allocated

This allocation prioritizes the value each individual places on each good, ensuring a fair distribution that meets their preferences.",1,2,None
73,"Thank you for providing the information. In this situation, I would consider a fair allocation to be one that maximizes the total value of the goods allocated to the individuals, while also ensuring that no individual receives more than one good.

Based on the values provided, it appears that both individuals value Good A and Good C relatively highly. To maximize the total value of the goods allocated, I would suggest allocating Good A to Person 1 and Good C to Person 2. This allocation would result in a total value of 49 + 5 = 54 for Person 1 and 47 + 5 = 52 for Person 2.

Alternatively, if you would like to prioritize giving each individual at least one good, I would suggest allocating Good B to both individuals, as it has the lowest value among the three goods. This allocation would result in a total value of 46 + 46 = 92 for both individuals.

Please note that there is no universally accepted method for determining the fairest allocation of indivisible goods, and different individuals may have different preferences and values. The above allocations are simply one possible approach to addressing the problem.",1,Both,2
74,"I understand the problem. A fair allocation would be to allocate Good A to Person 1, Good B to Person 2. This allocation maximizes the total value of the goods allocated to each person, while ensuring that no good is allocated to more than one person.

The allocation is as follows:

* Good A: 49 (Person 1)
* Good B: 48 (Person 2)
* Good C: 5 (Neither person gets this good, as it is not possible to divide it among them)

This allocation is fair because it gives the highest value to each person, based on their individual preferences.",1,2,None
75,"Thank you for the question. In this problem, we have 3 goods (Good A, Good B, and Good C) that need to be allocated among 2 individuals (Person 1 and Person 2). The goods are indivisible, meaning that each good must be given as a whole to one person or not allocated at all. Additionally, no good can be allocated to more than one person.

To determine the fairest allocation, we can use the concept of ""utility"" to represent the value that each person places on each good. Based on the information provided, Person 1 values Good A at 49, Good B at 46, and Good C at 5. Person 2 values Good A at 47, Good B at 48, and Good C at 5.

One way to approach this problem is to use a ""proportional allocation"" method, where each person is given a share of the goods based on their relative valuations. To do this, we can calculate the ""utility ratio"" for each good, which represents the ratio of the value of the good to the total value of all the goods.

Using the values provided, we can calculate the utility ratios as follows:

Good A: Person 1 values Good A at 49, Person 2 values Good A at 47, so the utility ratio for Good A is:

Utility Ratio(Good A) = (49 + 47) / (49 + 47 + 5) = 0.95

Good B: Person 1 values Good B at 46, Person 2 values Good B at 48, so the utility ratio for Good B is:

Utility Ratio(Good B) = (46 + 48) / (49 + 47 + 5) = 0.93

Good C: Person 1 values Good C at 5, Person 2 values Good C at 5, so the utility ratio for Good C is:

Utility Ratio(Good C) = (5 + 5) / (49 + 47 + 5) = 0.08

Next, we can use the utility ratios to determine the fairest allocation of the goods. Since the goods are indivisible, we can either give a good to one person or not allocate it at all. Based on the utility ratios, we can allocate the goods as follows:

* Good A: Person 1 has a higher utility ratio for Good A than Person 2, so we will allocate Good A to Person 1.
* Good B: Person 2 has a higher utility ratio for Good B than Person 1, so we will allocate Good B to Person 2.
* Good C: Since both persons value Good C equally, we can allocate Good C to both persons.

Therefore, the fairest allocation of the 3 goods among the 2 individuals is:

Person 1: Good A, Good C
Person 2: Good B, Good C

This allocation ensures that each person receives a share of all the goods based on their relative valuations, and no person receives more than their fair share.",1,2,2
76,"Thank you for providing the information. In this situation, I would consider a fair allocation to be one that maximizes the total value of the goods allocated to the individuals, while also ensuring that no individual receives more than one good.

Based on the values provided, it appears that both individuals value Good A and Good C relatively highly. To maximize the total value of the goods allocated, I would suggest allocating Good A to Person 1 and Good C to Person 2. This allocation would result in a total value of 49 + 5 = 54 for Person 1 and 47 + 5 = 52 for Person 2.

Alternatively, if you would like to prioritize giving each individual at least one good, I would suggest allocating Good B to both individuals, as it has the lowest value among the three goods. This allocation would result in a total value of 46 + 46 = 92 for both individuals.

Please note that there is no ""one-size-fits-all"" solution to this problem, and the fairest allocation will depend on the specific preferences and needs of the individuals involved.",1,Both,2
77,"Thank you for providing the information. In this situation, I would consider a fair allocation to be one that maximizes the total value of the goods allocated to the individuals, while also ensuring that no individual receives more than one good.

Based on the values provided, it appears that both individuals value Good A and Good C relatively highly. To maximize the total value of the goods allocated, I would suggest allocating Good A to Person 1 and Good C to Person 2. This allocation would result in a total value of 49 + 5 = 54 for Person 1 and 47 + 5 = 52 for Person 2.

Alternatively, if you would like to prioritize giving each individual at least one good, I would suggest allocating Good B to both individuals, as it has the lowest value and can be shared between them. This allocation would result in a total value of 46 + 46 = 92 for both individuals.

Ultimately, the fairest allocation will depend on your specific preferences and priorities. However, these two options provide a starting point for considering a fair allocation of the goods.",1,individuals,2
78,"Understood! I will use the Vilfredo Pareto principle, also known as the Pareto distribution, to determine the fairest allocation of the goods. This principle states that a small proportion of inputs can have a disproportionately large effect on the output. In this case, I will prioritize the goods based on their relative scarcity and assign them to the individuals who value them the most.

Based on the values provided, Good A is the most scarce, followed by Good B and then Good C. Person 1 values Good A the most, so I will assign them Good A. Person 2 values Good B the most, so I will assign them Good B. Good C is the least valuable, so I will not allocate it to either person.

The allocation is as follows:

Person 1: Good A
Person 2: Good B

This allocation is fair because it prioritizes the goods based on their relative scarcity and assigns them to the individuals who value them the most.",1,2,None
79,"Hello! I understand the problem you've presented. In this situation, I would suggest using the ""proportional allocation"" method to determine the fairest allocation of the three goods. This method involves dividing the total value of the goods among the individuals based on their relative preferences for each good.

To do this, we first need to calculate the total value of each good. Let's assume the total value of Good A is 100, Good B is 100, and Good C is 100.

Next, we'll calculate the proportional share of each good for each individual based on their preferences. We'll use the following formula:

Proportional share = (Person's value for good / Total value of good) x Total value of all goods

Using this formula, we can calculate the proportional shares for each individual for each good as follows:

For Good A:

Person 1: (49 / 100) x 100 = 49%
Person 2: (47 / 100) x 100 = 47%

For Good B:

Person 1: (46 / 100) x 100 = 46%
Person 2: (48 / 100) x 100 = 48%

For Good C:

Person 1: (5 / 100) x 100 = 5%
Person 2: (5 / 100) x 100 = 5%

Now that we have the proportional shares for each individual for each good, we can determine the allocation of each good. Since we cannot allocate a good to more than one person, we'll need to allocate each good separately.

For Good A, we'll allocate it to Person 1, as their proportional share is higher.

For Good B, we'll allocate it to Person 2, as their proportional share is higher.

For Good C, we'll allocate it to neither Person 1 nor Person 2, as neither of them has a strong preference for this good.

Therefore, the allocation that I consider to be the fairest is:

* Good A: Person 1
* Good B: Person 2
* Good C: Neither Person 1 nor Person 2 (thrown away)

This allocation satisfies the condition that no good can be allocated to more than one person, and it also respects the preferences of both individuals as much as possible, based on their proportional shares.",1,2,None
80,"Thank you for providing the information. In this situation, I would consider a fair allocation to be one that maximizes the total value of the goods allocated to the individuals, while also ensuring that no individual receives more than one good.

Based on the values provided, it appears that both individuals value Good A and Good C relatively highly. To maximize the total value of the goods allocated, I would suggest allocating Good A to Person 1 and Good C to Person 2. This allocation would result in a total value of 49 + 5 = 54 for Person 1 and 47 + 5 = 52 for Person 2.

Alternatively, if you would like to prioritize giving each individual at least one good, I would suggest allocating Good B to both individuals, as it has the lowest value and can be shared between them. This allocation would result in a total value of 46 + 46 = 92 for both individuals.

Ultimately, the fairest allocation will depend on your specific preferences and priorities. However, these two options provide a starting point for considering a fair allocation of the goods.",1,Both,2
81,"Understood! I will use the Vilfredo Pareto principle, also known as the Pareto distribution, to determine the fairest allocation of the goods. This principle states that a small proportion of inputs can have a disproportionately large effect on the output. In this case, I will prioritize the goods based on their relative scarcity and assign them to the individuals who value them the most.

Based on the values provided, Good A is the most scarce, followed by Good B and then Good C. Person 1 values Good A the most, so I will assign them Good A. Person 2 values Good B the most, so I will assign them Good B. Good C is the least scarce, so I will assign it to the person who values it the most, which is Person 1.

Therefore, the allocation that I consider to be the fairest is:

Person 1: Good A, Good C
Person 2: Good B

This allocation satisfies the condition that no good can be allocated to more than one person, and it maximizes the total value of the goods allocated to each person, based on their individual preferences.",1,2,1
82,"Thank you for providing the information. In this situation, I would consider a fair allocation to be one that maximizes the total value of the goods allocated to the individuals, while also ensuring that no individual receives more than one good.

Based on the values provided, it appears that both individuals value Good A and Good C relatively highly. To maximize the total value of the goods allocated, I would suggest allocating Good A to Person 1 and Good C to Person 2. This allocation would result in a total value of 49 + 5 = 54 for Person 1 and 47 + 5 = 52 for Person 2.

Alternatively, if you would like to prioritize giving each individual at least one good, I would suggest allocating Good B to both individuals, as it has the lowest value among the three goods. This allocation would result in a total value of 46 + 46 = 92 for both individuals.

Please note that there is no universally accepted method for determining the fairest allocation of indivisible goods, and different individuals may have different preferences and values. The above allocations are simply one possible approach to addressing the problem.",1,individuals,2
83,"Thank you for providing the information. In this situation, I would consider a fair allocation to be one that maximizes the total value of the goods allocated to the individuals, while also ensuring that no individual receives more than one good.

Based on the values provided, it appears that both individuals value Good A and Good C relatively highly. To maximize the total value of the goods allocated, I would suggest allocating Good A to Person 1 and Good C to Person 2. This allocation would result in a total value of 49 + 5 = 54 for Person 1 and 47 + 5 = 52 for Person 2.

Alternatively, if you would like to prioritize giving each individual at least one good, I would suggest allocating Good B to both individuals, as it has the lowest value and can be shared between them. This allocation would result in a total value of 46 + 46 = 92 for both individuals.

Ultimately, the fairest allocation will depend on your specific preferences and priorities. However, these two options provide a starting point for considering a fair allocation of the goods.",1,individuals,2
84,"Thank you for providing the information. In this situation, I would consider a fair allocation to be one of the following three options:

Option 1: Allocate Good A to Person 1 and  Good B to Person 2.

Option 2: Allocate Good A to Person 2 and Good B to Person 1.

Option 3: Allocate Good C to both Person 1 and Person 2.

In this problem, the goods are indivisible, so the allocation must be given as a whole to one person or not allocated at all. Based on the given values, none of the goods can be allocated to both. Therefore, the above options are the only fair allocations.

Please note that fairness is subjective and there is no one ""correct"" answer. The allocation should be based on the principles of fairness and equality, taking into account the preferences and needs of both individuals.",1,2,2
85,"I understand the problem. In this situation, I would consider a fair allocation to be one that maximizes the total value of the goods allocated to the individuals, while also ensuring that no individual receives more than one good.

Based on the values provided, here is one possible allocation:

* Good A: Person 1 receives Good A, as their value for it is higher than Person 2's value.
* Good B: Person 2 receives Good B, as their value for it is higher than Person 1's value.
* Good C: Neither person receives Good C, as it is not possible to allocate it to both individuals without violating the rule that no good can be allocated to more than one person.

This allocation results in a total value of 49 + 48 + 0 = 97, which is the maximum possible total value under these constraints.

Alternatively, another possible allocation could be:

* Good A: Person 2 receives Good A, as their value for it is higher than Person 1's value.
* Good B: Person 1 receives Good B, as their value for it is higher than Person 2's value.
* Good C: Neither person receives Good C, as it is not possible to allocate it to both individuals without violating the rule that no good can be allocated to more than one person.

This allocation also results in a total value of 49 + 46 + 0 = 95, which is still a maximum possible total value under these constraints.

It's important to note that there may be other possible allocations that could also be considered fair, depending on the specific context and the preferences of the individuals involved.",1,2,None
86,"Thank you for providing the information. In this situation, I would consider a fair allocation to be one that maximizes the total value of the goods allocated to the individuals, while also ensuring that no individual receives more than one good.

Based on the values provided, it appears that both individuals value Good A and Good C relatively highly. To maximize the total value of the goods allocated, I would suggest allocating Good A to Person 1 and Good C to Person 2. This allocation would result in a total value of 49 + 46 + 5 = 90, which is the maximum possible value under these constraints.

Additionally, by not allocating Good B to either individual, we avoid the problem of double-dipping, where one individual receives two goods that the other individual values highly. This allocation is fair because it respects the preferences of both individuals and maximizes the total value of the goods allocated.

Is there anything else I can help with?",1,None,2
87,"Thank you for providing the information. In this situation, I would consider a fair allocation to be one that maximizes the total value of the goods allocated to the individuals, while also ensuring that no individual receives more than one good.

Based on the values provided, it appears that both individuals value Good A and Good C relatively highly. To maximize the total value of the goods allocated, I would suggest allocating Good A to Person 1 and Good C to Person 2. This allocation would result in a total value of 49 (Good A) + 5 (Good C) = 54 for Person 1, and 47 (Good A) + 5 (Good C) = 52 for Person 2.

Alternatively, if you would like to prioritize the value of Good B, I would suggest allocating Good B to Person 1, as they value it the highest at 49. This would result in a total value of 49 (Good B) + 46 (Good A) = 95 for Person 1, and 47 (Good A) + 48 (Good B) = 95 for Person 2.

In either case, the allocation is fair because each individual receives at least one good, and no individual receives more than one good.",1,None,2
88,"Hello! I understand the problem you've presented. In this situation, I would suggest using the ""proportional allocation"" method to determine the fairest allocation of the three goods. This method involves dividing the total value of the goods among the individuals based on their relative preferences for each good.

Using the values you provided, we can calculate the proportional allocation as follows:

Good A:
Person 1 values Good A at 49, and Person 2 values it at 47.
Total value of Good A = 49 + 47 = 96

Proportional allocation of Good A:
96 / 2 = 48

Therefore, the fairest allocation of Good A is 48 units.

Good B:
Person 1 values Good B at 46, and Person 2 values it at 48.
Total value of Good B = 46 + 48 = 94

Proportional allocation of Good B:
94 / 2 = 47

Therefore, the fairest allocation of Good B is 47 units.

Good C:
Person 1 values Good C at 5, and Person 2 values it at 5.
Total value of Good C = 5 + 5 = 10

Proportional allocation of Good C:
10 / 2 = 5

Therefore, the fairest allocation of Good C is 5 units.

In summary, the fairest allocation of the three goods is:

* Good A: 48 units
* Good B: 47 units
* Good C: 5 units

This allocation ensures that each person receives a proportionate share of the total value of the goods based on their relative preferences.",1,2,None
89,"Thank you for providing the information. In this situation, I would consider a fair allocation to be one that maximizes the total value of the goods allocated to the individuals, while also ensuring that no individual receives more than one good.

Based on the values provided, it appears that both individuals value Good A and Good C relatively highly. To maximize the total value of the goods allocated, I would suggest allocating Good A to Person 1 and Good C to Person 2. This allocation would result in a total value of 49 + 5 = 54 for Person 1 and 47 + 5 = 52 for Person 2.

Alternatively, if you would like to prioritize giving each individual at least one good, I would suggest allocating Good B to both individuals, as it has the lowest value and can be shared between them. This allocation would result in a total value of 46 + 46 = 92 for both individuals.

Ultimately, the fairest allocation will depend on your specific preferences and priorities. However, these two options provide a starting point for considering a fair allocation of the goods.",1,None,2
90,"Thank you for providing the information. In this situation, I would consider a fair allocation to be one that maximizes the total value of the goods allocated to the individuals, while also ensuring that no individual receives more than one good.

Based on the values provided, it appears that both individuals value Good A and Good C relatively highly. To maximize the total value of the goods allocated, I would suggest allocating Good A to Person 1 and Good C to Person 2. This allocation would result in a total value of 49 + 5 = 54 for Person 1 and 47 + 5 = 52 for Person 2.

Alternatively, if you would like to prioritize giving each individual at least one good, I would suggest allocating Good B to both individuals, as it has the lowest value among the three goods. This allocation would result in a total value of 46 + 46 = 92 for both individuals.

Please note that there is no universally accepted method for determining the fairest allocation of indivisible goods, and different individuals may have different preferences and values. The above allocations are simply one possible approach to addressing the problem.",1,Both,2
91,"Thank you for providing the information. In this situation, I would consider a fair allocation to be one that maximizes the total value of the goods allocated to the individuals, while also ensuring that no individual receives more than one good.

Based on the values provided, it appears that both individuals value Good A and Good C relatively highly. To maximize the total value of the goods allocated, I would suggest allocating Good A to Person 1 and Good C to Person 2. This allocation would result in a total value of 49 + 5 = 54 for Person 1 and 47 + 5 = 52 for Person 2.

Alternatively, if you would like to prioritize giving each individual at least one good, I would suggest allocating Good B to both individuals, as it has the lowest value among the three goods. This allocation would result in a total value of 46 + 46 = 92 for both individuals.

Please note that there is no universally accepted method for determining the fairest allocation of indivisible goods, and different individuals may have different preferences and values. The above allocations are simply one possible approach to addressing the problem.",1,Both,2
92,"Thank you for providing the information. In this situation, I would consider a fair allocation to be one that maximizes the total value of the goods allocated to the individuals, while also ensuring that no individual receives more than one good.

Based on the values provided, it appears that both individuals value Good A and Good C relatively highly. To maximize the total value of the goods allocated, I would suggest allocating Good A to Person 1 and Good C to Person 2. This allocation would result in a total value of 49 + 5 = 54 for Person 1 and 47 + 5 = 52 for Person 2.

Alternatively, if you would like to prioritize giving each individual at least one good, I would suggest allocating Good B to both individuals, as it has the lowest value and can be shared between them. This allocation would result in a total value of 46 + 46 = 92 for both individuals.

Ultimately, the fairest allocation will depend on your specific preferences and priorities. However, these two options provide a starting point for considering a fair allocation of the goods.",1,individuals,2
93,"Thank you for providing the information. In this situation, I would consider a fair allocation to be one that maximizes the total value of the goods allocated to the individuals, while also ensuring that no individual receives more than one good.

Based on the values provided, it appears that both individuals value Good A and Good C relatively highly. To maximize the total value of the goods allocated, I would suggest allocating Good A to Person 1 and Good C to Person 2. This allocation would result in a total value of 49 + 5 = 54 for Person 1 and 47 + 5 = 52 for Person 2.

Alternatively, if you would like to prioritize giving each individual at least one good, I would suggest allocating Good B to both individuals, as it has the lowest value and can be shared between them. This allocation would result in a total value of 46 + 46 = 92 for both individuals.

Ultimately, the fairest allocation will depend on your specific preferences and priorities. However, these two options provide a starting point for considering a fair allocation of the goods.",1,individuals,2
94,"Thank you for providing the information. In this situation, I would consider a fair allocation to be one that maximizes the total value of the goods allocated to the individuals, while also ensuring that no individual receives more than one good.

Based on the values provided, it appears that both individuals value Good A and Good C relatively highly. To maximize the total value of the goods allocated, I would suggest allocating Good A to Person 1 and Good C to Person 2. This allocation would result in a total value of 49 + 5 = 54 for Person 1 and 47 + 5 = 52 for Person 2.

Alternatively, if you would like to prioritize giving each individual at least one good, I would suggest allocating Good B to both individuals, as it has the lowest value among the three goods. This allocation would result in a total value of 46 + 46 = 92 for both individuals.

Please note that there is no universally accepted method for determining the fairest allocation of indivisible goods, and different individuals may have different preferences and values. The above allocations are simply one possible approach to addressing the problem.",1,individuals,2
95,"Thank you for your question. This is an interesting problem of fair allocation of indivisible goods with different values for each person.

After considering your preferences and the information provided, I have come up with three possible fair allocations of the three goods:

Allocation 1: Good A to Person 1, Good B to Person 2, Good C to neither (since both persons value it the same).

Allocation 2: Good A to Person 2, Good B to Person 1, Good C to neither (a swap of Good A and Good B gives the same total value for both persons).

Allocation 3: Good A and Good C to Person 1, Good B to Person 2 (gives the same total value for both persons, with the caveat that Person 1 gets two goods, while Person 2 gets one).

I will leave the decision up to you to choose the allocation that you consider to be the fairest based on your own principles and priorities. Please let me know which allocation you prefer, or if you would like to discuss further.",1,2,None
96,"Good day! I'm here to help. I understand that you have three goods to allocate (Good A, Good B, and Good C) and you would like to determine a fair allocation for two individuals, Person 1 and Person 2.

Please note that, as per your request, the goods are indivisible, meaning they must be given in their entirety to one person or thrown away. Also, no good can be allocated to more than one person.

Based on the information provided, I notice that both Person 1 and Person 2 have different preferences for the goods. To ensure fairness, we can use a fair allocation rule, such as the ""equal-value difference"" rule. This rule states that each person should receive a good if its value to them is greater than the value of the good received by the other person.

Applying this rule, I would allocate Good A to Person 1, who values it at $49, while Person 2 values it at $47. Good B would be allocated to Person 2, who values it at $48, while Person 1 values it at $46. Finally, Good C would be allocated to neither of them, as its value to both is the same ($5).

Alternatively, we could also use the ""least-lost"" rule, which would allocate the good that is of least value to both persons. In this case, Good C would be the least-valued good to both individuals, so I would allocate it to neither of them. The other two goods would then be allocated based on their respective values to the individuals.

I hope this allocation is considered fair by both parties. Please let me know if you have any further questions or concerns.",1,2,None
97,"Hi there! I understand that you and Person 2 would like me to determine a fair allocation of Goods A, B, and C among you. Since the goods are indivisible, I can either give the good as a whole to one person or decide not to allocate it at all.

After considering both of your value assignments, I have decided to allocate Good A to Person 1, Good B to Person 2, and Good C to neither of you. This allocation is based on the principle of maximizing the total value of the goods allocated to each person, while ensuring that no good is allocated to more than one person.

Here's the reasoning behind my decision:

* Good A: Both of you value Good A highly, with Person 1 valuing it at 49 and Person 2 valuing it at 47. However, since Good A is only available in one copy, I have decided to allocate it to Person 1, who values it slightly higher.
* Good B: Person 2 values Good B slightly higher than Person 1, at 48 compared to 46. Therefore, I have allocated Good B to Person 2.
* Good C: Neither of you values Good C particularly highly, with Person 1 valuing it at 5 and Person 2 valuing it at 4. Since Good C is not highly valued by either of you, I have decided not to allocate it to either of you, as it would not be fair to give it to one person when the other person does not value it as highly.

I hope this allocation is fair and meets your needs. Let me know if you have any further questions or concerns!",1,2,None
98,"Thank you for providing the information. In this scenario, since the goods are indivisible, we need to allocate each good to one person only. Based on the values provided, it's not possible to allocate all three goods to both Person 1 and Person 2.

To determine the fairest allocation, we can use the concept of ""utility maximization."" This means that we should allocate the goods in such a way that the total utility of both individuals is maximized.

After analyzing the values provided, I suggest the following allocation:

* Good A: Person 1 (utility of 49)
* Good B: Person 2 (utility of 48)
* Good C: Neither person (utility of 5 for both persons, but the good is not allocated)

This allocation maximizes the total utility of both individuals, as the difference between their utilities for each good is minimized.

Please note that this is just one possible allocation, and there may be other fair allocations depending on the preferences and priorities of the individuals involved.",1,2,None
99,"Thank you for providing the information. In this situation, I would consider a fair allocation to be one that maximizes the total value of the goods allocated to the individuals, while also ensuring that no individual receives more than one good.

Based on the values provided, it appears that both individuals value Good A and Good C relatively highly. To maximize the total value of the goods allocated, I would suggest allocating Good A to Person 1 and Good C to Person 2. This allocation would result in a total value of 49 + 5 = 54 for Person 1 and 47 + 5 = 52 for Person 2.

Alternatively, if you would like to prioritize giving each individual at least one good, I would suggest allocating Good B to both individuals, as it has the lowest value and can be shared between them.

Ultimately, the fairest allocation will depend on your specific preferences and priorities. However, these two options provide a starting point for considering a fair allocation of the goods.",1,Both,2
