,Text,Tokens,Good A,Good B,Person 1 money,Person 2 money
0,"Based on the information given, here is a fair allocation of the goods and money:

* Person 1 receives Good A and 10 units of money.
* Person 2 receives Good B and 40 units of money.

This allocation is considered fair because it gives both Person 1 and Person 2 an equal total value of 80. Person 1 values Good A more than Good B, so they receive Good A and some money to make up for the difference in value. Person 2 values Good B more than Good A, so they receive Good B and some money to make up for the difference in value.

It is important to note that this is just one possible fair allocation. There are other allocations that could also be considered fair, depending on the specific preferences of Person 1 and Person 2.",0,1,2,10,40
1,"**Fair Allocation of Goods and Money**

**Principle of Fairness:**

To determine a fair allocation, we will use the **Nash Bargaining Solution (NBS)**. This solution aims to find an allocation that maximizes the product of the individual agents' utilities.

**Calculation:**

**Person 1:**

* Utility for Good A: 70
* Utility for Good B: 30
* Minimum acceptable utility (without any goods): 0

**Person 2:**

* Utility for Good A: 60
* Utility for Good B: 40
* Minimum acceptable utility (without any goods): 0

**Steps:**

1. **Calculate the disagreement point:** The disagreement point is the utility both agents would receive if no agreement is reached (i.e., both agents receive 0 utility). In this case, the disagreement point is (0, 0).

2. **Plot the feasible set:** The feasible set represents all possible allocations of the goods and money that satisfy the following constraints:

* Each person receives at least one good or some money.
* The total amount of money allocated does not exceed 50 units.

The feasible set is shown in the graph below:

[Feasible Set Graph]

3. **Identify the Pareto efficient allocations:** Pareto efficient allocations are allocations where it is impossible to increase the utility of one agent without decreasing the utility of another agent. In this case, the Pareto efficient allocations are along the line segment connecting the points (10, 40) and (40, 10).

4. **Calculate the Nash Bargaining Solution:** The Nash Bargaining Solution is the Pareto efficient allocation that maximizes the product of the individual agents' utilities. This point is denoted by (x*, y*).

**Solution:**

Using the NBS, we find that the fair allocation is:

* **Person 1:** Good B and 25 units of money
* **Person 2:** Good A and 25 units of money

**Justification:**

This allocation maximizes the product of the individual agents' utilities:

* Person 1's utility: 30 (Good B) + 25 (money) = 55
* Person 2's utility: 60 (Good A) + 25 (money) = 85
* Product of utilities: 4675

**Conclusion:**

The fair allocation, using the Nash Bargaining Solution, results in Person 1 receiving Good B and 25 units of money, while Person 2 receives Good A and 25 units of money. This allocation maximizes the product of the individual agents' utilities and satisfies all constraints.",0,2,1,25,25
2,"**Fair Allocation:**

**Good A:**

* Person 1: 70 units of value
* Person 2: 60 units of value

**Good B:**

* Person 1: 30 units of value
* Person 2: 40 units of value

**Money:**

* Person 1: 20 units
* Person 2: 30 units

**Rationale:**

This allocation ensures that both individuals receive a fair portion of the goods, based on their values. Person 1 values Good A more than Person 2, hence they receive it. Conversely, Person 2 values Good B more than Person 1, hence they receive that good.

The allocation of money is based on the principle of equity. Both individuals receive an equal amount of money, equivalent to the value of the goods they receive. This prevents one person from being unfairly advantaged or disadvantaged.

**Overall, this allocation is fair because it:**

* Respects the individuals' preferences by giving them the goods they value most.
* Distributes the divisible resource (money) equitably.
* Prevents any individual from feeling that they have been treated unfairly.",0,1,2,20,30
3,"**Fair Allocation**

Based on the provided information, I recommend the following allocation as the fairest:

**Person 1:**

* Good A (value: 70)
* 20 units of money (value: 20)

**Person 2:**

* Good B (value: 40)
* 30 units of money (value: 30)

**Explanation:**

This allocation aims to maximize the total value obtained by both individuals while ensuring fairness.

* **Total Value Obtained:**

```
Person 1: Value of Good A (70) + Value of Money (20) = 90
Person 2: Value of Good B (40) + Value of Money (30) = 70
Total Value = 160
```

* **Fairness:**

Both individuals receive a bundle of a good and money that they value equally. Person 1 prefers Good A over Good B, so they receive Good A and a smaller amount of money. Person 2 prefers Good B, so they receive Good B and a larger amount of money. The value of both bundles is the same (90 for Person 1, 70 for Person 2).

**Justification:**

* Giving Good A to Person 1 and Good B to Person 2 ensures that both individuals receive the goods they value most.
* The money is allocated to balance the values of the bundles. Person 1 gets less money but a higher-valued good, while Person 2 gets more money but a lower-valued good.
* This allocation ensures that both individuals end up with equal values, which is a common principle of fairness.

It's important to note that this is just one possible fair allocation. There may be other allocations that achieve a different balance of fairness or efficiency.",0,1,2,20,30
4,"**Allocation 1**

* Person 1: Good B + 10 units of money
* Person 2: Good A + 40 units of money

**Explanation:**

This allocation recognizes that Person 2 values Good A slightly more than Person 1, so he receives that good. Person 1 receives Good B, which they value more than Person 2. The money is distributed to compensate for the difference in value. Person 1 gets 10 units to make up for not receiving Good A, while Person 2 gets 40 units to make up for not receiving Good B.

**Allocation 2**

* Person 1: Good A + 20 units of money
* Person 2: Good B + 30 units of money

**Explanation:**

This allocation gives equal weight to both individuals' preferences. Each person receives the good they value most, and they both receive 30 units of money to compensate for not receiving their second choice.

**Allocation 3**

* Person 1: Good A + 30 units of money
* Person 2: Good B

**Explanation:**

This allocation prioritizes Person 1's preference for Good A. Person 1 receives their most valued good, along with 30 units of money. Person 2 receives Good B, which they value less, with no additional compensation.

**Choice of Allocation**

The choice of allocation depends on the fairness criteria that are deemed most important. Allocation 1 prioritizes equal distribution of value while acknowledging differences in preferences. Allocation 2 gives equal weight to both individuals' preferences. Allocation 3 sacrifices fairness to a certain extent in order to prioritize Person 1's preference for Good A.

In this case, I would recommend **Allocation 1**, as it strikes a reasonable balance between fairness and accommodating individual preferences. It ensures that both individuals receive goods and compensation that correspond to their respective values, and it does not unduly favor one person over the other.",0,1,2,10,40
5,"**Nash Bargaining Solution**

The Nash Bargaining Solution (NBS) is a cooperative game theory solution that seeks to maximize the product of the individual agents' utilities. This is often considered a fair outcome as it considers the interests of both parties involved.

**Agent Utilities**

* **Person 1:** U1 = (70 * A) + (30 * B) + (M1)
* **Person 2:** U2 = (60 * A) + (40 * B) + (M2)

**Optimization**

To find the NBS allocation, we solve for the values of A, B, M1, and M2 that maximize the following product:

```
(U1) * (U2) = [(70 * A) + (30 * B) + (M1)] * [(60 * A) + (40 * B) + (M2)]
```

**Derivation**

Using calculus, we take the partial derivatives of the product with respect to A, B, M1, and M2 and set them equal to zero. This gives us four equations:

* ∂(U1 * U2)/∂A = 140A + 30B + 70M1 = 0
* ∂(U1 * U2)/∂B = 30A + 70B + 40M2 = 0
* ∂(U1 * U2)/∂M1 = 70A + 30B + M1 = 0
* ∂(U1 * U2)/∂M2 = 60A + 40B + M2 = 0

**Solution**

Solving these equations gives us the following NBS allocation:

* **Good A:** 10 units to Person 1, 0 units to Person 2
* **Good B:** 0 units to Person 1, 10 units to Person 2
* **Money:** 20 units to Person 1, 30 units to Person 2

**Interpretation**

This allocation gives both Person 1 and Person 2 utilities of 1000 units. It is considered a fair outcome because it maximizes the product of their individual utilities and takes into account their preferences for the goods and money.",0,1,2,20,30
6,"**Option 1: Equal Allocation of Goods and Money**

* Person 1 receives: Good A, 25 units of money
* Person 2 receives: Good B, 25 units of money

**Rationale:** This allocation ensures that both individuals receive the same total value. Person 1 gets a total value of 70 (Good A) + 25 = 95, while Person 2 gets a total value of 60 (Good B) + 25 = 85. The difference in their total values is minimized to 10, which is the smallest possible difference with the given constraints.

**Option 2: Maximum Surplus Allocation**

* Person 1 receives: Good A, 50 units of money
* Person 2 receives: Nothing

**Rationale:** This allocation maximizes the total surplus generated from the allocation. Person 1's surplus is 70 (Good A) + 50 (Money) - 95 = 25, while Person 2's surplus is 0. The total surplus is 25, which is higher than any other allocation with equal or lower total values for both individuals.

**Option 3: Egalitarian Allocation**

* Person 1 receives: Good A, 20 units of money
* Person 2 receives: Good B, 30 units of money

**Rationale:** This allocation promotes equality by ensuring that both individuals receive the same total value. Person 1 gets a total value of 70 (Good A) + 20 = 90, while Person 2 gets a total value of 60 (Good B) + 30 = 90. The difference in their total values is 0, which is the lowest possible difference.

**Option 4: Efficiency-Focused Allocation**

* Person 1 receives: Good A, 10 units of money
* Person 2 receives: Good B, 40 units of money

**Rationale:** This allocation maximizes the total efficiency of the allocation. It gives Good A to Person 1, who values it more (70) than Person 2 (60). It also gives Good B to Person 2, who values it more (40) than Person 1 (30). This allocation maximizes the total value obtained from the goods by both individuals.

**Justification of Chosen Allocation:**

Based on the given constraints and values, Option 3 (Egalitarian Allocation) is considered the fairest allocation. It ensures that both individuals receive equal total value, promoting fairness and equity. Additionally, the difference in their total values is minimized, which is a desirable outcome when considering fairness.",0,1,2,20,30
7,"**Fair Allocation:**

**Good A:**
* Person 1 receives Good A and 20 units of money (value: 90)

**Good B:**
* Person 2 receives Good B and 30 units of money (value: 70)

**Rationale:**

This allocation is considered fair because it satisfies the following criteria:

**Equal Value:**
* Each person receives an allocation that is equivalent in value to the other person's allocation.
    * Person 1: Good A (value 70) + 20 units of money (value 20) = 90
    * Person 2: Good B (value 40) + 30 units of money (value 30) = 70

**Efficiency:**
* All goods and money are allocated, leaving no surplus or waste.

**Equity:**
* The allocation takes into account both individuals' valuations for the goods.
    * Person 1 highly values Good A and receives it, along with a monetary compensation that allows them to acquire an additional item (Good B if desired).
    * Person 2 highly values Good B and receives it, along with a monetary compensation that allows them to acquire an additional item (Good A if desired).

**Explanation:**

This allocation ensures that both individuals receive an equal value in their allocations. By giving Good A to Person 1 and compensating them with money, we ensure that they can either acquire Good B or any other item they value up to a total of 90 units. Similarly, by giving Good B to Person 2 and compensating them with money, we ensure that they can either acquire Good A or any other item they value up to a total of 70 units.

This allocation also maximizes the total value obtained by both individuals since all resources are fully utilized and no goods or money are wasted.",0,1,2,20,30
8,"**Option 1: Allocate Good A to Person 1 and Good B to Person 2 with no monetary compensation**

* Person 1 receives Good A, valued at 70, and nothing else.
* Person 2 receives Good B, valued at 40, and nothing else.

**Reasoning:**

* This allocation achieves the highest total value for the goods, with a combined value of 70 + 40 = 110.
* Both individuals receive a good that they value more than the other good.

**Option 2: Allocate Good A to Person 1 and Good B to Person 2 with 10 monetary units to Person 2**

* Person 1 receives Good A, valued at 70, and nothing else.
* Person 2 receives Good B, valued at 40, and 10 monetary units.

**Reasoning:**

* This allocation also achieves a total value of 110, but it also compensates Person 2 for the lower value of Good B.
* Person 2 values Good B at 40, while 10 monetary units are worth 40 as well. By providing Person 2 with 10 monetary units, their total value received is now 40 + 40 = 80.

**Option 3: Allocate Good A and Good B to Person 1 with 30 monetary units to Person 2**

* Person 1 receives both Good A and Good B, valued at 70 + 40 = 110, and nothing else.
* Person 2 receives 30 monetary units.

**Reasoning:**

* This allocation ensures that Person 1 receives the highest total value of goods.
* Person 2 receives 30 monetary units, which is worth the same as the combined value of Goods A and B (70 + 40 = 110).
* However, this allocation may not be considered fair as Person 2 does not receive any goods in kind.

**Conclusion:**

The choice of which allocation is considered the fairest depends on the specific preferences and values of the individuals involved. Option 1 prioritizes maximizing total value, while Options 2 and 3 introduce monetary compensation to address perceived differences in value. Ultimately, the best allocation is the one that is agreed upon as fair by both individuals.",0,1,2,0,0
9,"**Fair Allocation of Goods and Money**

**Step 1: Determine the total value of all goods**

Total value = 70 (Person 1's value for Good A) + 30 (Person 1's value for Good B) + 60 (Person 2's value for Good A) + 40 (Person 2's value for Good B)
Total value = 200

**Step 2: Convert money to equivalent value in goods**

Value of 50 units of money = 50 units of goods

**Step 3: Combine total value of goods and money**

Total combined value = 200 (total value of goods) + 50 (value of money)
Total combined value = 250

**Step 4: Determine the fair allocation of goods and money**

Since the total combined value is 250, each person should receive goods and money worth a total of 125 units.

**Allocation:**

* **Person 1:**
    * Good A (value = 70)
    * Money (value = 55)
* **Person 2:**
    * Good B (value = 40)
    * Money (value = 85)

**Justification:**

This allocation is fair because:

* Each person receives goods and money with a total value of 125 units.
* Person 1 values Good A more than Person 2, so they receive Good A.
* Person 2 values Good B more than Person 1, so they receive Good B.
* The remaining money is allocated to each person in proportion to their total value for the goods. This ensures that both persons receive a fair share of the money.

**Note:**

This is just one possible fair allocation. Other fair allocations may exist, depending on the specific preferences and circumstances of the individuals involved.",0,1,2,55,85
10,"**Fair Allocation Considering Only Goods:**

* **Person 1:** Good A (valued at 70)
* **Person 2:** Good B (valued at 40)

**Allocation Including Money:**

* **Person 1:** Good A (valued at 70) + 20 units of money (worth 20)
* **Person 2:** Good B (valued at 40) + 30 units of money (worth 30)

**Justification:**

* **Goods allocation:** Person 1 values Good A more than Good B, and Person 2 values Good B more than Good A. Therefore, it is fair to allocate Good A to Person 1 and Good B to Person 2.
* **Money allocation:** To ensure that both individuals are treated fairly, the remaining money should be distributed proportionally to their valuations for the goods they received. Person 1 received a good valued at 70 and Person 2 received a good valued at 40. Therefore, Person 1 should receive 70/110 (63.6%) of the remaining money (20 units) and Person 2 should receive 40/110 (36.4%) of the remaining money (30 units).

**Rationale for Fairness:**

* **Equity:** Both individuals receive goods or goods and money that they value equally overall.
* **Efficiency:** The goods are allocated to those who value them most, maximizing the total utility derived.
* **Simplicity:** The allocation is straightforward and easy to communicate.",0,1,2,20,30
11,"**Fair Allocation:**

**Good A:**
* Person 1 gets Good A.
* Person 2 gets 20 units of money.

**Good B:**
* Person 2 gets Good B.
* Person 1 gets 30 units of money.

**Rationale:**

This allocation is considered fair because it maximizes the total value received by both individuals.

* Person 1's total value: 70 (Good A) + 30 (money) = 100
* Person 2's total value: 40 (Good B) + 20 (money) = 60

**Explanation:**

* Person 1 values Good A more than Good B, so it is fair to give them Good A.
* Person 2 values Good B more than Good A, so it is fair to give them Good B.
* The remaining amount of money is divided equally between them to ensure that both individuals receive a fair share of the divisible resource.
* This allocation results in a total value of 160, which is the highest possible value that can be achieved given the available goods and money.

**Additional Considerations:**

* **Equity:** This allocation ensures that both individuals receive a similar total value.
* **Efficiency:** This allocation allocates the goods to the individuals who value them the most, which maximizes the overall utility.
* **Simplicity:** The allocation is straightforward and easy to implement.

It is important to note that there may be other allocations that are considered fair in different circumstances, depending on the specific values and preferences of the individuals involved.",0,1,2,30,20
12,"**Allocation 1:**

* Person 1 receives Good A and 20 units of money.
* Person 2 receives Good B and 30 units of money.

**Explanation:**

This allocation gives Person 1 a total value of 70 + 20 = 90, and Person 2 a total value of 60 + 30 = 90. Both individuals receive the same total value, and the money allocation compensates for the difference in value of the goods.

**Allocation 2:**

* Person 1 receives Good A and 10 units of money.
* Person 2 receives Good B and 40 units of money.

**Explanation:**

This allocation considers the fact that Person 2 values Good B more than Good A. By giving Person 2 more money, we can make up for the difference in value and achieve a more equitable distribution.

**Allocation 3:**

* Person 1 receives Good A and 30 units of money.
* Person 2 receives Good B and 20 units of money.

**Explanation:**

This allocation strikes a balance between the two previous allocations. Person 1 receives more money than in Allocation 1, while Person 2 receives less money than in Allocation 2. This ensures that both individuals are satisfied with the outcome.

**Allocation 4:**

* Person 1 receives Good A and 40 units of money.
* Person 2 receives Good B and 10 units of money.

**Explanation:**

This allocation gives Person 1 a slightly higher total value than Person 2 (90 vs. 70). This could be considered fair if Person 1 has a stronger need or desire for Good A.

**Ultimately, the fairest allocation depends on the specific circumstances and preferences of the individuals involved. The above allocations provide different options that attempt to achieve fairness in different ways.**",0,1,2,20,30
13,"**Nash Bargaining Solution:**

The Nash Bargaining Solution seeks to find the allocation that maximizes the product of the individual gains.

Person 1's gain from receiving Good A is 70, while their gain from receiving Good B is 30. Thus, their overall gain is given by:

Gain_Person1 = (70 * x) + (30 * y) 
where x is the units of Good A and y is the units of Good B allocated to Person 1.

Similarly, Person 2's gain is given by:

Gain_Person2 = (60 * x) + (40 * y)

The Nash Bargaining Solution maximizes the product of these gains:

(Gain_Person1 * Gain_Person2) = ([(70*x)+(30*y)][(60*x)+(40*y)])

Solving this equation, we find that the optimal allocation is to give Good A to Person 1 and Good B to Person 2, along with 30 units of money to Person 1.

**Allocation:**

* Person 1: Good A, 30 units of money
* Person 2: Good B, 20 units of money

**Fairness Justification:**

This allocation meets several criteria for fairness:

* **Individual rational:** It gives each person a positive allocation that they prefer to not receiving the goods.
* **Pareto efficient:** No other allocation could improve the outcome for one person without worsening it for the other.
* **Maximizes joint gain:** The allocation maximizes the product of the individual gains, indicating a compromise that satisfies both parties.

**Additional Considerations:**

While the Nash Bargaining Solution is a widely accepted fairness criterion, other factors could also be considered in this specific context:

* **Equity:** The allocation could be adjusted to ensure that both individuals receive an equal share of the total value of the goods (100 units in this case).
* **Envy-freeness:** The allocation could be modified to avoid any situation where one person strictly prefers the allocation of the other person.",0,1,2,30,20
14,"**Proposed Allocation:**

**Person 1:**
* Good A
* 15 units of money

**Person 2:**
* Good B
* 35 units of money

**Rationale:**

This allocation follows the principle of **Proportional Value** and takes into account both the value that each individual places on the goods and the available monetary resources.

* **Proportional Value:**
    * Person 1 values Good A at 70 and Good B at 30. Thus, their total value is 100.
    * Person 2 values Good A at 60 and Good B at 40. Thus, their total value is 100.
    * By giving Good A to Person 1 and Good B to Person 2, we allocate goods that each individual values more highly.
* **Money Allocation:**
    * Person 1 receives 15 units of money, which is in proportion to their total value of 100 and the total available money of 50.
    * Person 2 receives 35 units of money, which is also in proportion to their total value of 100.
* **Overall Fairness:**
    * This allocation respects the preferences of both individuals by giving them goods they value more highly.
    * It also distributes the monetary resources fairly based on their proportional value.
    * The total value received by both individuals is 115 (Good A + 15 units of money for Person 1) and 115 (Good B + 35 units of money for Person 2), indicating an equal distribution of benefits.",0,1,2,15,35
15,"**Fair Allocation:**

**Good A:** Person 1

**Good B:** Person 2

**Money:**

* Person 1: 10 units
* Person 2: 40 units

**Rationale:**

This allocation aims to maximize the total value of goods received by both individuals while considering their respective valuations.

* **Good A:** Person 1 values Good A more highly than Person 2 (70 vs. 60). Allocating Good A to Person 1 ensures that it is assigned to the individual who places the highest value on it.
* **Good B:** Person 2 values Good B more highly than Person 1 (40 vs. 30). Similarly, allocating Good B to Person 2 maximizes the value derived from this good.
* **Money:** To balance the allocation between the two individuals, Person 1 receives 10 units of money to compensate for not receiving Good B, while Person 2 receives 40 units to compensate for not receiving Good A. This financial compensation is equivalent to the value they would have received from the corresponding good.

**Total Value:**

* Person 1: 70 (Good A) + 10 (Money) = 80 units
* Person 2: 40 (Good B) + 40 (Money) = 80 units

**Fairness:**

This allocation ensures that both individuals receive an equal total value of goods and money. Additionally, it considers their individual preferences by allocating goods to the individuals who value them more highly.

**Note:**

It's important to note that fairness is a subjective concept, and there are various interpretations and approaches to determining a fair allocation. This solution represents one potential approach that aims to achieve fairness by maximizing total value and balancing the distribution between the individuals.",0,1,2,10,40
16,"**Fair Allocation**

* **Good A to Person 1**
* **Good B to Person 2**
* **30 units of money to Person 1**
* **20 units of money to Person 2**

**Rationale**

This allocation is fair because it satisfies the following criteria:

* **Pareto Efficiency:** It is impossible to make one person better off without making someone else worse off.
* **Envy-Freeness:** Neither person would prefer the other person's allocation.
* **Equity:** The allocation takes into account the different values that the individuals place on the goods.

**Pareto Efficiency**

The allocation is Pareto efficient because it is impossible to give more of a good to one person without taking away from the other. For example, if we gave Good A to Person 2, then Person 1 would have to give up Good B, which they value at 30. This would make Person 1 worse off.

**Envy-Freeness**

The allocation is envy-free because neither person would prefer the other person's allocation. For example, Person 1 would not prefer Person 2's allocation because they value Good A more than Good B, and they have more money under our allocation.

**Equity**

The allocation takes into account the different values that the individuals place on the goods. Person 1 values Good A more than Good B, while Person 2 values Good B more than Good A. By giving Good A to Person 1 and Good B to Person 2, we are respecting these preferences.

We could also allocate the money in a way that reflects the values of the goods. For example, we could give 40 units of money to Person 1 and 10 units of money to Person 2. This would be fair because it gives each person an amount of money that is equal to the value of the good they received.

Ultimately, the fairest allocation is the one that the individuals involved agree upon. The allocation that we have proposed is just one possible solution that satisfies the criteria of Pareto efficiency, envy-freeness, and equity.",0,1,2,30,20
17,"**Utilitarian Allocation**

The utilitarian allocation aims to maximize the total utility, or sum of the values, of all individuals. In this case, the utilitarian allocation would be:

* Person 1 receives Good A (utility of 70) and 20 units of money (utility of 20).
* Person 2 receives Good B (utility of 40) and 30 units of money (utility of 30).

**Total utility:** 70 + 40 + 20 + 30 = 160

**Equitable Allocation**

The equitable allocation aims to distribute the goods equally between both individuals. In this case, the equitable allocation would be:

* Person 1 receives Good A (utility of 70) and 25 units of money (utility of 25).
* Person 2 receives Good B (utility of 40) and 25 units of money (utility of 25).

**Total utility:** 70 + 40 + 25 + 25 = 160

Both the utilitarian and equitable allocations result in the same total utility. However, they differ in the distribution of benefits. The utilitarian allocation gives more money to Person 1, while the equitable allocation distributes the money equally.

**Consideration of Fairness**

When determining which allocation is fairer, it is important to consider the following factors:

* **Individual preferences:** Both individuals have different values for the goods. The utilitarian allocation favors Person 1 more than Person 2, while the equitable allocation treats both individuals equally.
* **Scarcity:** The goods are indivisible, which means that not everyone can receive both goods they value.
* **Availability of money:** The money allocation can compensate for the inability to allocate Goods A and B equally. However, it is important to consider whether the monetary compensation is equal in value to the goods for both individuals.

Based on these factors, the **equitable allocation** appears to be the fairer choice in this case. It ensures that both individuals receive an equal share of the total value, taking into account their individual preferences and the scarcity of the goods.",0,1,2,25,25
18,"**Fair Allocation:**

**Good A:**
* Person 1: Receives Good A worth 70 units.

**Good B:**
* Person 2: Receives Good B worth 40 units.

**Money:**
* Person 1: Receives 10 units of money.
* Person 2: Receives 40 units of money.

**Rationale:**

This allocation ensures:

* **Efficiency:** The total value of the allocated goods is maximized (70 + 40 = 110 units).
* **Individual Fairness:** Person 1 receives goods worth 80 units (Good A + money), which is slightly more than Person 2's 70 units (Good B + money). This is justified by the fact that Person 1 values Good A more than Person 2.
* **Envy-Freeness:** Neither person would prefer the other person's allocation. Person 1 prefers Good A over Good B, and Person 2 prefers Good B over Good A. By allocating the goods accordingly, we prevent either person from envying the other.

**Other Considerations:**

* **Proportional Fairness:** This allocation does not strictly follow proportional fairness, as Person 1 receives a slightly larger share of the total value. However, it balances efficiency and individual fairness.
* **Equitable Fairness:** It could be argued that Person 1 deserves a larger share of the money due to their higher value for Good A. However, considering the limited amount of money available, this allocation provides Person 2 with a reasonable amount to compensate them for not receiving Good A.",0,1,2,10,40
19,"**Fair Allocation Considering Both Goods and Money**

To ensure fairness, we aim to allocate goods and money in a way that maximizes the total utility of both individuals.

**Step 1: Determine the Marginal Value of Goods and Money**

The marginal value of a good for an individual is the amount of money they are willing to pay for one additional unit of that good.

* Person 1: Marginal value of Good A = 70, Marginal value of Good B = 30
* Person 2: Marginal value of Good A = 60, Marginal value of Good B = 40

**Step 2: Allocate Goods**

Allocate goods based on the highest marginal values.

* Person 1 receives Good A (value of 70)
* Person 2 receives Good B (value of 40)

**Step 3: Allocate Money**

Allocate money to make up for the difference in marginal values.

* Person 1 receives 10 units of money (70 marginal value - 40 received from Good A)
* Person 2 receives 40 units of money (60 marginal value - 40 received from Good B)

**Final Allocation:**

* **Person 1:** Good A (value of 70), 10 units of money (value of 10)
* **Person 2:** Good B (value of 40), 40 units of money (value of 40)

This allocation results in the following total utilities:

* Person 1: Utility = 70 (Good A) + 10 (Money) = 80
* Person 2: Utility = 40 (Good B) + 40 (Money) = 80

Both individuals receive the same total utility (80), ensuring fairness in the allocation.",0,1,2,10,40
20,"**Step 1: Calculate the total value of the goods**

Total value = Value of Good A + Value of Good B
Total value = 70 + 30 = 100

**Step 2: Calculate the proportion of the total value that each person values each good**

Person 1:
Proportion of total value for Good A = 70 / 100 = 0.7
Proportion of total value for Good B = 30 / 100 = 0.3

Person 2:
Proportion of total value for Good A = 60 / 100 = 0.6
Proportion of total value for Good B = 40 / 100 = 0.4

**Step 3: Allocate the goods based on these proportions**

Person 1:
Allocation of Good A = 0.7 * 100 = 70 units
Allocation of Good B = 0.3 * 100 = 30 units

Person 2:
Allocation of Good A = 0.6 * 100 = 60 units
Allocation of Good B = 0.4 * 100 = 40 units

**Step 4: Allocate the money**

Since the value of the money is equal to the value of the goods for each individual, we can allocate the money in the same proportions as the goods.

Person 1:
Allocation of money = 0.7 * 50 = 35 units
Person 2:
Allocation of money = 0.6 * 50 = 30 units

**Final Allocation:**

* Person 1: Good A (70 units), Good B (30 units), Money (35 units)
* Person 2: Good A (60 units), Good B (40 units), Money (30 units)

**Justification:**

This allocation ensures that both individuals receive a fair share of the total value of the goods and money, based on their valuations. It also satisfies the indivisibility constraint and ensures that the total amount of money allocated does not exceed 50 units.",0,1,2,35,30
21,"**Pareto Optimal Allocation:**

The Pareto optimal allocation is an allocation where it is impossible to make one person better off without making someone else worse off.

In this case, the Pareto optimal allocation is to give Good A to Person 1 and Good B to Person 2. This gives Person 1 a total value of 70 (from Good A) and Person 2 a total value of 40 (from Good B). Giving the other goods to the other person would decrease the total value for one of them, making this allocation Pareto optimal.

Since the total value of the goods is 110 (70 + 40), and the total money available is 50, it is impossible to allocate the money in a way that makes both people better off.

Therefore, the fairest allocation is to give Good A to Person 1, Good B to Person 2, and no money to either person.",0,1,2,0,0
22,"**Fair Allocation:**

**Good A:**

* Person 1: 70
* Person 2: 0

**Good B:**

* Person 1: 0
* Person 2: 40

**Money:**

* Person 1: 50
* Person 2: 0

**Rationale:**

This allocation is considered fair because it satisfies the following criteria:

**Envy-Freeness:** Neither person envies the other person's allocation.

* Person 1 values Good A more than Good B, and they receive the good they value more.
* Person 2 values Good B more than Good A, and they receive the good they value more.

**Pareto Optimality:** It is impossible to make one person better off without making the other person worse off.

* If either person were given more of either good or money, the other person would have to receive less.

**Bounds on Value:** Both persons receive the total value they desire, either through goods or money.

* Person 1 values the goods they receive at 70 and receives 50 in money, for a total value of 120.
* Person 2 values the goods they receive at 40 and receives 0 in money, for a total value of 40.

**Additional Considerations:**

* This allocation considers only the stated values of the goods. It does not take into account any other factors, such as need or equity.
* The availability of money allows for a more equitable distribution of value. Without money, it would be difficult to compensate for the difference in values for Good A and Good B.",0,1,2,50,0
23,"**Fair Allocation**

Based on the information provided, the following allocation is determined to be fair:

* **Person 1:**
    * Good A
    * 10 units of money
* **Person 2:**
    * Good B
    * 40 units of money

**Explanation:**

This allocation satisfies the following fairness criteria:

* **Equity:** Both individuals receive an equal total value of goods and money. Person 1 receives Good A (value 70) and 10 units of money, totaling 80 units of value. Person 2 receives Good B (value 40) and 40 units of money, also totaling 80 units of value.
* **Envy-Freeness:** Neither individual prefers the allocation of the other. Person 1 values Good A more than Good B, so they would not prefer to receive Good B instead. Conversely, Person 2 values Good B more than Good A, so they would not prefer to receive Good A instead.

**Reasoning:**

To achieve equity, it is clear that Person 1 should receive Good A and Person 2 should receive Good B.

To determine the fair allocation of money, we can use the formula:

```
Money for Person 1 = (Value of Good for Person 2 / Value of Good for Person 1) * (Available Money)
```

```
Money for Person 1 = (60 / 70) * 50 = 42.86
```

```
Money for Person 2 = 50 - 42.86 = 7.14
```

However, this allocation would give Person 1 significantly more value than Person 2 (82.86 vs. 70). To address this, we can slightly reduce the money allocated to Person 1 and increase the money allocated to Person 2.

By allocating 10 units of money to Person 1 and 40 units of money to Person 2, we achieve both equity and envy-freeness.",0,1,2,10,40
24,"**Utilitarian Approach:**

* **Step 1:** Calculate the total value of all goods for each person:
    * Person 1: 70 (Good A) + 30 (Good B) = 100
    * Person 2: 60 (Good A) + 40 (Good B) = 100
* **Step 2:** Allocate the goods to maximize the total value for both individuals:
    * Allocate Good A to Person 1 (70 value) and Good B to Person 2 (40 value).
    * This results in a total value of 110.

**Equity Approach:**

* **Step 1:** Calculate the difference between each person's value for each good:
    * Person 1: 70 (Good A) - 60 (Good A) = 10
    * Person 2: 60 (Good A) - 70 (Good A) = -10
    * Person 1: 30 (Good B) - 40 (Good B) = -10
    * Person 2: 40 (Good B) - 30 (Good B) = 10
* **Step 2:** Allocate the goods to minimize the difference in value:
    * Allocate Good A to Person 1 (higher value) and Good B to Person 2 (higher value).
    * This results in a difference of 0 for both goods.

**Hybrid Approach:**

* **Step 1:** Allocate Good A to Person 1 (highest value for Good A).
* **Step 2:** Allocate Good B to Person 2 (highest value for Good B).
* **Step 3:** Allocate the money to compensate for the difference in values:
    * Person 1 receives 10 units of money (to compensate for the higher value of Good B for Person 2).
    * Person 2 receives 40 units of money (to compensate for the higher value of Good A for Person 1).

**Fairness Considerations:**

* **Utilitarian:** Maximizes the total value for both individuals.
* **Equity:** Ensures equal distribution of value (considering differences in preferences).
* **Hybrid:** Combines both approaches to balance fairness and efficiency.

**Conclusion:**

Based on these fairness considerations, I would recommend the **hybrid approach** as it provides a fair allocation that balances the utilitarian goal of maximizing value with the equity goal of equal distribution. This allocation assigns Good A to Person 1, Good B to Person 2, and compensates for the value differences with monetary payments.",0,1,2,10,40
25,"**Step 1: Calculate the Total Value of the Goods**

Total value = Value of Good A + Value of Good B
Total value = 70 + 30 + 60 + 40 = 200

**Step 2: Determine the Marginal Value of Money (MVM) for Each Person**

MVM = Change in value / Change in money
For Person 1: MVM_Person1 = (Value of Good A with 1 unit of money - Value of Good A without money) / 1 unit of money
MVM_Person1 = (70 - 70) / 1 = 0
For Person 2: MVM_Person2 = (60 - 60) / 1 = 0

**Step 3: Allocate Money Based on Marginal Value of Money**

Since both individuals have an MVM of 0, allocating money will not increase the total value. Therefore, we allocate the entire amount of 50 units to increase the total value as much as possible.

**Step 4: Allocate Goods Based on Total Value**

The total value is 250 units (200 units of goods + 50 units of money). We need to ensure that the allocation is fair, meaning that both individuals receive goods with total value closest to half of the total value (125 units).

**Fair Allocation:**

* Person 1 receives Good A (worth 70 units) and 55 units of money (worth 55 units)
Total value for Person 1: 70 + 55 = 125 units

* Person 2 receives Good B (worth 40 units) and 45 units of money (worth 45 units)
Total value for Person 2: 40 + 45 = 125 units

**Justification:**

This allocation considers both the individuals' values for the goods and their marginal value of money. It ensures that both individuals receive an equal share of the total value available, while also ensuring that the goods are allocated in a way that maximizes the overall value.",0,1,2,55,45
26,"**Allocation:**

* **Person 1:**
    * Good A
    * 10 units of money
* **Person 2:**
    * Good B
    * 40 units of money

**Rationale:**

This allocation is fair because it maximizes the total value received by both individuals:

**Person 1:**
* Value of Good A: 70
* Value of money: 10 * 1 = 10

**Total value:** 80

**Person 2:**
* Value of Good B: 40
* Value of money: 40 * 1 = 40

**Total value:** 80

**Total value for both individuals:** 160

**Alternative Allocations:**

* **Allocation 1:**
    * Person 1: Good A, Good B
    * Person 2: None
* **Allocation 2:**
    * Person 1: None
    * Person 2: Good A, Good B

These alternative allocations result in a lower total value for both individuals:

**Allocation 1:**
* Person 1: 100
* Person 2: 0

**Total value:** 100

**Allocation 2:**
* Person 1: 0
* Person 2: 100

**Total value:** 100

**Additional Considerations:**

* It is possible to fine-tune the allocation by splitting the money into smaller increments. However, this would not significantly alter the overall fairness of the allocation.
* The allocation is based on the stated values of the individuals. If these values are inaccurate, the allocation may not be truly fair.
* The allocation does not take into account any other factors that may be relevant to fairness, such as equity or social welfare.",0,1,2,10,40
27,"**Fair Allocation Strategy:**

**1. Calculate the Total Value of Goods:**

Total Value = Person 1's Value + Person 2's Value
= 70 + 30 + 60 + 40
= 200

**2. Determine the Fair Share of Each Person:**

Fair Share = (Total Value / Number of Individuals) / 2
= (200 / 2) / 2
= 50

**3. Allocate Goods and Money:**

**Person 1:**

* Good A (Value: 70)
* Money: 30 (out of 50 available)

**Person 2:**

* Good B (Value: 40)
* Money: 20 (out of 50 available)

**Justification:**

This allocation ensures that both individuals receive goods and money that are equivalent in value to their fair share.

* Person 1 receives Good A, which is worth more to them than Good B, and money to make up for the difference in value.
* Person 2 receives Good B, which is worth more to them than Good A, and less money to balance out the value.

This solution adheres to the following principles of fairness:

* **Equity:** Both individuals receive the same total value in goods and money.
* **Pareto Efficiency:** It is not possible to reallocate the goods and money to make one person better off without making the other worse off.
* **Individual Sovereignty:** Each person's values for the goods are respected, and they receive the goods they prefer.

**Other Considerations:**

* This allocation assumes that the goods and money are of equal value to each person. If this is not the case, the allocation may need to be adjusted to reflect their preferences.
* Other fairness criteria, such as envy-freeness (neither person should prefer the other person's allocation) or equality of sacrifice, could also be considered.",0,1,2,30,20
28,"**Step 1: Determine the efficient frontier**

The efficient frontier is the set of all Pareto-efficient allocations, i.e. allocations where it is impossible to make one person better off without making someone else worse off. In this case, the efficient frontier is a line segment connecting the following two points:

* (A=70, B=0, Money=0)
* (A=0, B=40, Money=50)

**Step 2: Find the allocation that maximizes the sum of the valuations**

One common criterion for fairness is to maximize the sum of the valuations of the goods allocated to each person. In this case, the allocation that maximizes the sum of the valuations is:

* Person 1: Good A (value = 70)
* Person 2: Good B (value = 40)
* Money: Divide the remaining 50 units of money equally between the two people (25 units each)

This allocation has a total value of 135, which is the maximum possible given the available resources.

**Step 3: Consider other fairness criteria**

Other fairness criteria that could be considered include:

* **Nash bargaining solution:** This solution maximizes the product of the valuations of the goods allocated to each person.
* **Kalai-Smorodinsky solution:** This solution maximizes the minimum of the valuations of the goods allocated to each person.
* **Equitable solution:** This solution gives each person an equal share of the total value of the goods.

**Conclusion**

The allocation that I consider to be the fairest is the one that maximizes the sum of the valuations, as this ensures that both people receive a fair share of the available resources. However, other fairness criteria could also be considered, depending on the specific circumstances of the problem.",0,1,2,25,25
29,"**Step 1: Calculate the total value of the goods for each person.**

Person 1: Value of Good A + Value of Good B = 70 + 30 = 100 units of value
Person 2: Value of Good A + Value of Good B = 60 + 40 = 100 units of value

**Step 2: Calculate the proportion of the total value that each person values each good.**

Person 1: Proportion of Good A = 70/100 = 0.7
Person 1: Proportion of Good B = 30/100 = 0.3
Person 2: Proportion of Good A = 60/100 = 0.6
Person 2: Proportion of Good B = 40/100 = 0.4

**Step 3: Allocate the goods based on the proportions.**

Since the goods are indivisible, we can't allocate them perfectly based on the proportions. Therefore, we can use the 50 units of money to compensate for the difference.

*Person 1:* Allocated Good A + Money equivalent to 30 units of value
*Person 2:* Allocated Good B + Money equivalent to 20 units of value

**Final Allocation:**

* Person 1: Good A + 30 units of money
* Person 2: Good B + 20 units of money

**Reasoning:**

This allocation is fair because it gives each person a total value of 100 units, which is their total valuation for the goods. Person 1 receives Good A, which they value more than Good B, and Person 2 receives Good B, which they value more than Good A. The allocation of money compensates for the difference in the values of the goods.",0,1,2,30,20
30,"**Fair Allocation considering both goods and money:**

**Step 1: Determine the total value of goods and money for each person.**

* Person 1: 70 (Good A) + 30 (Good B) + 50 (Money) = 150
* Person 2: 60 (Good A) + 40 (Good B) + 50 (Money) = 150

**Step 2: Allocate goods to maximize total value for each person.**

* Allocate Good A to Person 1 (70 value)
* Allocate Good B to Person 2 (40 value)

**Step 3: Allocate remaining money to equalize total values.**

* Person 1 has a total value of 70 + 40 + 0 = 110
* Person 2 has a total value of 60 + 0 + 40 = 100

* To equalize values, allocate 10 units of money to Person 2.

**Final Allocation:**

* Person 1 receives Good A and 40 units of money
* Person 2 receives Good B and 10 units of money

**Rationale:**

This allocation ensures that both individuals have an equal total value of 120. It gives each person the good they value more and compensates the other person with an equivalent amount of money to level the values. This approach aims to maximize fairness and avoid any perception of favoritism or inequity.",0,1,2,40,10
31,"**Fair Allocation:**

To determine a fair allocation, we can consider the following principles:

* **Equity:** Ensure that both individuals receive a comparable share of value.
* **Efficiency:** Allocate the goods and money in a way that maximizes the total value received by both individuals.

**Step 1: Calculate Equivalent Value:**

Convert the monetary value into equivalent units of goods:

* 50 units of money = 50 units of Good A or Good B

**Step 2: Allocate Goods:**

Based on the individuals' valuations, the following allocation provides the highest total value:

* Person 1 receives Good A (value: 70)
* Person 2 receives Good B (value: 40)

**Step 3: Allocate Money:**

To ensure equity, we can distribute the remaining equivalent value in proportion to the individuals' valuations for the allocated good:

* Person 1 receives (70 / 110) * 50 = 31.82 units of money
* Person 2 receives (40 / 110) * 50 = 18.18 units of money

**Final Allocation:**

* Person 1: Good A, 31.82 units of money
* Person 2: Good B, 18.18 units of money

**Explanation:**

This allocation considers both equity and efficiency. Both individuals receive a comparable share of value (total value for Person 1 = 101.82, total value for Person 2 = 58.18) while maximizing the total value received by both individuals (total value = 159.98).",0,1,2,31.82,18.18
32,"Consider the following allocation:

- Person 1 receives Good A (worth 70) and 20 units of money.
- Person 2 receives Good B (worth 40) and 30 units of money.

Using the equivalency between money and goods, this allocation gives the following value to each person:

- Person 1: Good A (70) + Money (20) = 90
- Person 2: Good B (40) + Money (30) = 70

This allocation is fair because it gives both individuals an equal total value of 90, which in this case, is the maximum possible value that can be achieved with the available resources. It is also efficient because it allocates all of the available goods and money without any waste.

It is important to note that this is just one possible fair allocation. There are other allocations that could also be considered fair, depending on the specific criteria used to determine fairness. For example, one could argue that an allocation that gives both individuals an equal number of goods is fairer than one that gives one person more goods but less money. Ultimately, the decision of what is considered a fair allocation is a subjective one.

Here are some other possible fair allocations:

- Person 1 receives Good A (worth 70) and 10 units of money.
- Person 2 receives Good B (worth 40) and 40 units of money.

- Person 1 receives Good B (worth 40) and 35 units of money.
- Person 2 receives Good A (worth 70) and 15 units of money.",0,1,2,20,30
33,"**Fair Allocation:**

**Step 1: Normalize Values**

To compare the values of the goods for both individuals, we normalize their values such that the total value of both goods for each person is 100%.

* Person 1: Good A = 70/100, Good B = 30/100
* Person 2: Good A = 60/100, Good B = 40/100

**Step 2: Calculate Fair Share of Goods**

We calculate the fair share of each good for both individuals based on their normalized values.

* Person 1's Fair Share of Good A: 2/5 * 2 = 0.8 Goods
* Person 1's Fair Share of Good B: 3/5 * 2 = 1.2 Goods
* Person 2's Fair Share of Good A: 3/5 * 2 = 1.2 Goods
* Person 2's Fair Share of Good B: 2/5 * 2 = 0.8 Goods

**Step 3: Adjust for Integer Values**

Since goods are indivisible, we need to adjust the fair shares to ensure that we allocate integer units of goods.

* Person 1: 1 Good A, 1 Good B
* Person 2: 1 Good A, 1 Good B

**Step 4: Allocate Money**

We have 50 units of money available. We will allocate the money difference between the actual value of the goods received by each person and their fair share of value.

* Person 1's Actual Value: 70 + 30 = 100
* Person 1's Fair Share Value: 0.8 * 70 + 1.2 * 30 = 84
* Person 1's Money Allocation: 100 - 84 = 16 units

* Person 2's Actual Value: 60 + 40 = 100
* Person 2's Fair Share Value: 1.2 * 70 + 0.8 * 30 = 96
* Person 2's Money Allocation: 100 - 96 = 4 units

**Final Allocation:**

* **Person 1:**
    * 1 Good A
    * 1 Good B
    * 16 units of Money
* **Person 2:**
    * 1 Good A
    * 1 Good B
    * 4 units of Money",0,1,1,16,4
34,"**Step 1: Calculate the Total Value of the Goods**

* Good A: 70 + 60 = 130
* Good B: 30 + 40 = 70
* Total Value: 130 + 70 = 200

**Step 2: Determine the Fair Share of Each Person**

* Person 1: 200 * 0.5 = 100
* Person 2: 200 * 0.5 = 100

**Step 3: Allocate the Goods**

Since both goods are indivisible, it is not possible to allocate them fairly based solely on the value each person places on them.

**Step 4: Allocate the Money**

* Person 1: (100 - 70) = 30
* Person 2: (100 - 60) = 40

**Proposed Allocation:**

* **Person 1:**
    * Good A
    * 30 units of money
* **Person 2:**
    * Good B
    * 40 units of money

**Explanation:**

This allocation ensures that both individuals receive a fair share of the value of the goods, as they each receive a value of 100 units. Additionally, the allocation of money compensates for the fact that one person receives a good that is more valuable to them than the other.

**Note:**

This is just one possible allocation that could be considered fair. Other allocations that could be considered fair include:

* Giving both persons a half of both goods (i.e. 65 units of value for each good) and 12.5 units of money each.
* Giving Person 1 both goods and 20 units of money, and Person 2 30 units of money.
* Throwing away both goods and distributing the 50 units of money equally between the two persons.",0,1,2,30,40
35,"To determine a fair allocation of the goods and money, we can consider the following steps:

**1. Calculate the total value of each good for both individuals:**

* Person 1: Good A = 70, Good B = 30, Total = 100
* Person 2: Good A = 60, Good B = 40, Total = 100

**2. Determine the ratio of value for each individual for each good:**

* Person 1: Good A:B = 7:3
* Person 2: Good A:B = 6:4

**3. Allocate the goods based on the value ratios:**

* **Good A:** Since the value ratios for both individuals are similar, a fair allocation would be to split Good A equally between them. Each person receives **25 units** of Good A.
* **Good B:** Person 2 places a relatively higher value on Good B compared to Person 1. Therefore, it seems reasonable to allocate Good B to Person 2. Person 2 receives **40 units** of Good B.

**4. Allocate the money:**

* Person 1 has a total value of 100 for the goods they received.
* Person 2 has a total value of 100 for the goods they received.

Therefore, we can allocate the remaining **50 units** of money equally between them. Each person receives **25 units** of money.

**Final Allocation:**

* Person 1: Good A (25 units), Money (25 units)
* Person 2: Good B (40 units), Money (25 units)

This allocation considers both the value of the goods for each individual and the total value of the goods received. It also ensures that the money is distributed equally, further promoting fairness.",0,1,2,25,25
36,"**Fair Allocation**

**Goal:** To distribute Good A, Good B, and money fairly between Person 1 and Person 2.

**Values:**

* Person 1: Good A = 70, Good B = 30
* Person 2: Good A = 60, Good B = 40

**Available Resources:**

* 2 Goods (Good A and Good B)
* 50 Units of Money

**Allocation:**

Based on the values and resources available, I propose the following allocation:

**Person 1:**

* Good A (Value: 70)
* 20 Units of Money (Value: 20)

**Person 2:**

* Good B (Value: 40)
* 30 Units of Money (Value: 30)

**Explanation:**

This allocation ensures that both individuals receive goods with the highest value for them. Person 1 receives Good A, which they value at 70, while Person 2 receives Good B, which they value at 40.

To maintain fairness, the remaining money is distributed proportionally based on the values of the goods received. Since Person 1 received a good valued at 70, they receive 20 units of money (70/100 * 50). Similarly, Person 2 received a good valued at 40, so they receive 30 units of money (40/100 * 50).

This allocation maximizes the total value for both individuals while ensuring that they receive a fair share of the resources available.",0,1,2,20,30
37,"**Fair Allocation:**

**Person 1:**

* Good A (Value: 70)
* 20 units of money (Value: 20)

**Person 2:**

* Good B (Value: 40)
* 30 units of money (Value: 30)

**Rationale:**

This allocation is considered fair because it gives both individuals goods that they value the most. Person 1 receives Good A, which they value at 70, while Person 2 receives Good B, which they value at 40.

Furthermore, the allocation balances the monetary compensation to ensure fairness in terms of overall value. Person 1 receives 20 units of money, which is almost equal to the difference in value between Good A and Good B for Person 2 (40 - 60 = 20). This ensures that Person 1 receives an overall value of 90 (70 + 20), while Person 2 receives an overall value of 70 (40 + 30).

This allocation also satisfies the condition of indivisibility, as it allocates each good to only one person. It is also feasible within the available resources of 2 goods and 50 units of money.",0,1,2,20,30
38,"**Fair Allocation:**

* **Person 1:** Good A (value: 70)
* **Person 2:** Good B (value: 40)
* **Money:**
    * Person 1: 10 units
    * Person 2: 40 units

**Rationale:**

This allocation aims to maximize the total value of goods and money for both individuals while also considering fairness.

* **Allocation of Goods:** Person 1 values Good A more highly than Person 2, and Person 2 values Good B more highly than Person 1. Therefore, allocating Good A to Person 1 and Good B to Person 2 ensures that each person receives the good for which they have the higher value.
* **Allocation of Money:** The remaining 50 units of money are divided in a way that allows Person 2 to receive an amount of money equivalent to the value they would have received from Good A. This ensures that each person receives a total value of 100, which is the combined value of the goods and money they receive.

**Assessment of Fairness:**

This allocation can be considered fair because:

* **It maximizes the total value for both individuals:** The combined value for Person 1 and Person 2 is 100 (70 from Good A, 30 from money for Person 1; 60 from Good B, 40 from money for Person 2).
* **It ensures that each person receives a total value equal to the combined value of the goods they would have preferred:** Person 1 receives a total value of 80 (70 from Good A, 10 from money), while Person 2 receives a total value of 100 (60 from Good B, 40 from money).
* **It considers the needs of both individuals:** Person 1 values Good A more highly, while Person 2 values Good B more highly. The allocation takes this into account and ensures that each person receives the good they prefer most.",0,1,2,10,40
39,"**Fair Allocation:**

**Good A:**

* Person 1 receives Good A (value: 70)

**Good B:**

* Person 2 receives Good B (value: 40)

**Money:**

* Person 1 receives 40 units of money (equivalent to a good of value 40)
* Person 2 receives 10 units of money (equivalent to a good of value 10)

**Justification:**

This allocation is fair because it maximizes the total welfare of both individuals, considering both goods and money.

* **Person 1:** Receives a total value of 110 (Good A: 70 + Money: 40)
* **Person 2:** Receives a total value of 110 (Good B: 40 + Money: 10)

**Explanation:**

* Giving Good A to Person 1 maximizes their welfare since they value it more than Person 2.
* Giving Good B to Person 2 maximizes their welfare since they value it more than Person 1.
* Allocating the available money in proportion to the value of goods received ensures that both individuals have equal resources.

**Other Considerations:**

* **Envy-freeness:** Neither individual should prefer the allocation of the other individual. In this allocation, both individuals receive a total value of 110, so neither individual envies the other's allocation.
* **Pareto Efficiency:** It is not possible to reallocate resources to make one individual better off without making another individual worse off. This allocation is Pareto efficient because any other allocation would either reduce the welfare of one individual or violate the budget constraint of 50 units of money.",0,1,2,40,10
40,"**Fair Allocation:**

**Good A:**

* Person 1: 1 unit (value 70)
* Person 2: 0 units

**Good B:**

* Person 1: 0 units
* Person 2: 1 unit (value 40)

**Money:**

* Person 1: 10 units
* Person 2: 40 units

**Rationale:**

This allocation satisfies the following fairness criteria:

**Maximizing Total Value:**

* The total value obtained by both individuals is maximized, with Person 1 getting value 80 and Person 2 getting value 100.

**Equity:**

* Both individuals receive at least one good, ensuring that neither is left out.
* Person 2 receives a slightly higher monetary allocation to compensate for receiving Good B, which is less valuable for them.

**Proportionality:**

* The allocation of goods is proportional to the individuals' values for them. Person 1 values Good A more than Person 2, so they receive it. Person 2 values Good B more than Person 1, so they receive it.

**Additional Considerations:**

* This allocation does not result in any waste, as both goods are allocated and the money is distributed.
* It is a simple and straightforward solution that can be easily implemented.
* It is not necessarily the only fair allocation possible, but it is a reasonable and justifiable outcome.",0,1,2,10,40
41,"**Proposed Allocation:**

**Goods:**

* Allocate Good A to Person 1
* Allocate Good B to Person 2

**Money:**

* Allocate 30 units of money to Person 1
* Allocate 20 units of money to Person 2

**Rationale:**

This allocation is based on the principle of **Nash Bargaining Solution**, which aims to find a mutually acceptable agreement that maximizes the product of the individuals' payoffs.

**Person 1's Payoff:**

* Value of Good A (70) + Value of money received (30) = 100

**Person 2's Payoff:**

* Value of Good B (40) + Value of money received (20) = 60

**Product of Payoffs:**

* 100 x 60 = 6000

**Advantages of this Allocation:**

* **Pareto Efficient:** No other allocation can make both individuals better off simultaneously.
* **Incentive Compatible:** Neither individual can unilaterally improve their payoff by changing their preferences or proposing an alternative allocation.
* **Mutually Acceptable:** It maximizes the product of the individuals' payoffs, which suggests a fair compromise.

**Additional Considerations:**

* The allocation considers the individuals' stated values for the goods. If these values were different, the allocation might change.
* The allocation assumes that the individuals are rational and self-interested. If they have different goals or preferences, the allocation might need to be adjusted.
* The presence of the divisible resource (money) allows for a more nuanced allocation, ensuring that both individuals receive a fair share of the available resources.",0,1,2,30,20
42,"One way to determine a fair allocation is to use the Nash Bargaining Solution. The Nash Bargaining Solution is a solution concept that aims to find an agreement that is fair to both parties by maximizing the product of their individual gains. In this case, the Nash Bargaining Solution would allocate Good A to Person 1 and Good B to Person 2, and 50 units of money to Person 1.

**Person 1's payoff:**

* Good A: 70
* Money: 50
* **Total payoff:** 120

**Person 2's payoff:**

* Good B: 40
* **Total payoff:** 40

The product of the individual payoffs is 120 * 40 = 4800. This is the highest possible product that can be achieved, given the values of the goods and the money available. Therefore, the Nash Bargaining Solution is considered to be a fair allocation.",0,1,2,50,0
43,"**Fair Allocation:**

To determine a fair allocation, we need to consider the following factors:

**1. Efficiency:** Allocating goods to the individuals who value them most, maximizing the total value.
**2. Equity:** Ensuring that both individuals receive a fair share of the goods and money.

**Efficient Allocation:**

Person 1 values Good A more than Person 2 (70 vs. 60). Similarly, Person 2 values Good B more than Person 1 (40 vs. 30). Therefore, the efficient allocation is:

* Give Good A to Person 1
* Give Good B to Person 2

**Equitable Allocation:**

To ensure equity, let's calculate the total value of the goods received by each individual:

* Person 1: Good A (70) = 70
* Person 2: Good B (40) = 40

Person 1's value is significantly higher than Person 2's. To achieve equity, we can allocate some of the money to Person 2.

**Considering the Money:**

The total money available is 50 units. Since 1 unit of money is equivalent to 1 unit of value, we can equate 10 units of money to 10 units of value.

To balance the values, we can allocate 10 units of money to Person 2:

* Person 1: Good A (70)
* Person 2: Good B (40) + Money (10) = 50

This allocation gives both individuals a total value of 70 units, ensuring equity.

**Final Allocation:**

* **Person 1:** Good A (70)
* **Person 2:** Good B (40) + Money (10)

**Rationale:**

This allocation maximizes the total value by assigning goods to individuals who value them most. It also ensures equity by providing both individuals with the same total value in the form of goods and money.",0,1,2,0,10
44,"**Proposed Allocation:**

* **Good A:** Person 1
* **Good B:** Person 2
* **Money:**
    * Person 1: 20 units
    * Person 2: 30 units

**Rationale:**

This allocation aims to maximize the **total utility** of both individuals while considering their preferences and the available resources.

* **Utility:**
    * Person 1: 70 (Good A) + 20 (Money) = 90
    * Person 2: 40 (Good B) + 30 (Money) = 70

* **Fairness:**
    * Both individuals receive at least one good that they highly value.
    * The monetary allocation compensates for the difference in value between Good A and Good B.
    * The total value of the allocation is 160 units, which is divided relatively equally between the two individuals (90 units for Person 1 and 70 units for Person 2).

**Alternative Allocations:**

* **Equal Division:** Allocate both goods and the money equally between the two individuals.
    * Pros: Simple and ensures exact equality; Cons: May not maximize total utility.
* **Highest Value Allocation:** Allocate each good to the person who values it most.
    * Pros: Maximizes total utility; Cons: May not be considered fair to the person who receives less.
* **Proportional Allocation:** Allocate the goods and money in proportion to the individuals' valuations.
    * Pros: More nuanced than equal division; Cons: May result in fractions of goods or money, which may not be practical.",0,1,2,20,30
45,"**Allocation Method: Adjusted Winner Procedure**

**Step 1: Calculate Adjusted Values for Goods**

* Person 1: Good A = 70, Good B = 30 + (50/2) = 60
* Person 2: Good A = 60, Good B = 40 + (50/2) = 70

**Step 2: Determine the Winner for Each Good**

* Good A: Person 1 (Adjusted Value = 70 > 60)
* Good B: Person 2 (Adjusted Value = 70 > 60)

**Step 3: Check for Envy**

* Person 1: Does not envy Person 2 because they received Good A, which they value more than Good B.
* Person 2: Does not envy Person 1 because they received Good B, which they value more than Good A.

**Step 4: Allocate the Money**

* Person 1 receives the remaining money, which is 50 - (50/2) = 25 units.

**Final Allocation:**

* Person 1: Good A, 25 units of money
* Person 2: Good B, 25 units of money

This allocation is considered fair because it:

* **Respects individual values:** Each person receives the good they value more.
* **Prevents envy:** Neither person would prefer the other person's allocation.
* **Uses the available resources efficiently:** The money is allocated to the person who values it more.",0,1,2,25,25
46,"**Allocation:**

* Person 1 receives Good A.
* Person 2 receives Good B and 20 units of money.

**Explanation:**

This allocation ensures that both individuals receive a fair share of the goods and money available.

* **Person 1** receives Good A, which is their most valued good. They also receive no money.
* **Person 2** receives Good B, which is slightly less valuable to them than Good A. However, they receive 20 units of money, which compensates for the difference in value.

**Justification of Fairness:**

This allocation satisfies the following criteria of fairness:

* **Equity:** Both individuals receive a roughly equal value of goods and money. Person 1 receives a total value of 70 (Good A) + 0 (money) = 70, while Person 2 receives a total value of 60 (Good B) + 20 (money) = 80.
* **Efficiency:** The allocation maximizes the total value of the goods and money distributed. The total value is 70 (Good A) + 30 (Good B) + 20 (money) = 120.
* **Envy-Freeness:** Neither individual envies the allocation of the other individual. Person 1 prefers Good A over Good B, and they also receive more money than Person 2. Person 2 prefers Good B over Good A, and they receive more money than Person 1.

Therefore, this allocation can be considered fair as it balances equity, efficiency, and envy-freeness.",0,1,2,0,20
47,"**Proposed Allocation:**

**Person 1:**
* Good A
* 10 units of money

**Person 2:**
* Good B
* 40 units of money

**Rationale:**

This allocation aims to achieve fairness by considering both the value of the goods for each person and the available monetary resources.

* **Value of Goods:** Person 1 values Good A more than Person 2, and Person 2 values Good B more than Person 1. Therefore, giving Good A to Person 1 and Good B to Person 2 ensures that both individuals receive the good they value the most.

* **Monetary Resources:** The 50 units of money are divided in a way that balances the value of the goods allocated to each person. Giving 10 units of money to Person 1 and 40 units of money to Person 2 roughly equates to the value of the goods they received.

**Detailed Calculations:**

* **Person 1's Total Allocation Value:** 70 (Good A) + 10 (money) = 80
* **Person 2's Total Allocation Value:** 40 (Good B) + 40 (money) = 80

This allocation results in both individuals receiving an approximately equal total value from their allocations.

**Additional Considerations:**

* This allocation assumes that the goods are equally divisible. In reality, goods may not be perfectly divisible.
* The allocation does not consider any other factors that may influence fairness, such as need or equity.
* The fairness of this allocation is subjective and may depend on the individual perspectives of the parties involved.",0,1,2,10,40
48,"**Proposed Fair Allocation:**

**Good A:**

* Person 1 receives Good A.

**Good B:**

* Person 2 receives Good B.

**Money:**

* Person 1 receives 10 units of money.
* Person 2 receives 40 units of money.

**Rationale:**

This allocation is considered fair because it satisfies the following criteria:

* **Individual Rationality:** Both individuals receive a net positive value from the allocation.
* **Pareto Efficiency:** It is impossible to reallocate the goods and money without making at least one individual worse off.
* **Equity:** The allocation takes into account the different values that each individual places on the goods. Person 1 values Good A more highly than Person 2, while Person 2 values Good B more highly than Person 1. By allocating the goods accordingly, both individuals are given their most preferred option.
* **Envy-Freeness:** Neither individual would prefer to trade their allocation with the other individual.

**Explanation:**

* By giving Good A to Person 1 and Good B to Person 2, we ensure that each individual receives their most valuable good.
* The money is then allocated to compensate for the difference in value between the goods. Person 1 receives a smaller amount of money because they received the more valuable Good A. Conversely, Person 2 receives a larger amount of money to offset the fact that they received the less valuable Good B.
* This allocation results in Person 1 receiving a total value of 80 (Good A + Money), while Person 2 receives a total value of 100 (Good B + Money). This difference reflects the fact that Person 2 values the goods slightly more than Person 1. However, both individuals still receive a fair share of the total value available.",0,1,2,10,40
49,"**Fair Allocation:**

**Allocation of Goods:**

* **Person 1:** Good A
* **Person 2:** Good B

**Allocation of Money:**

* **Person 1:** 20 units
* **Person 2:** 30 units

**Rationale:**

This allocation is considered fair based on the following principles:

* **Equal Division of Value:** By giving each person one of the goods, we ensure that both individuals receive an equal total value of goods (70 + 30 = 100 for Person 1, 60 + 40 = 100 for Person 2).
* **Prioritization of Higher Values:** Person 1 values Good A more than Good B, while Person 2 values Good B more than Good A. By allocating goods based on these preferences, we maximize the overall satisfaction of both individuals.
* **Fair Division of Money:** Since the value of money is equivalent to the value of goods for each person, allocating 20 units to Person 1 and 30 units to Person 2 ensures that they receive a fair share of the available money.

**Additional Considerations:**

* **Envy Avoidance:** This allocation prevents either person from envying the other person's allocation. By receiving the good they value more and a fair share of the money, both individuals are satisfied with their outcomes.
* **Efficiency:** This allocation maximizes the total value received by both individuals (100 for Person 1 and 100 for Person 2).
* **Consideration of Individual Circumstances:** While the provided information does not include any details about the individuals' circumstances, it's worth noting that fairness can also be influenced by factors such as need, equity, and other relevant considerations.",0,1,2,20,30
50,"**Fair Allocation with Money:**

**Step 1: Calculate the total value of the goods for each person.**

* Person 1: 70 (Good A) + 30 (Good B) = 100
* Person 2: 60 (Good A) + 40 (Good B) = 100

**Step 2: Determine the threshold value for each good.**

* Threshold value for Good A: 100 / 2 = 50
* Threshold value for Good B: 100 / 2 = 50

**Step 3: Allocate the goods based on the threshold values and available money.**

* **Person 1:**
    * Value of Good A: 70 > 50
    * Value of Good B: 30 < 50
    * Allocate Good A to Person 1.
    * Allocate 20 units of money to Person 1 to reach the threshold value for Good B (50-30).
* **Person 2:**
    * Value of Good A: 60 < 50
    * Value of Good B: 40 > 50
    * Allocate Good B to Person 2.
    * Allocate 10 units of money to Person 2 to reach the threshold value for Good A (50-60).

**Result:**

* **Person 1:** Good A + 20 units of money
* **Person 2:** Good B + 10 units of money

**Rationale:**

This allocation ensures that both individuals receive a fair share of the goods based on their valuations. Person 1 receives Good A, which they value more highly, and additional money to compensate for the difference in their value for Good B. Person 2 receives Good B, which they value more highly, and additional money to compensate for the difference in their value for Good A. The remaining 20 units of money are not allocated as they are not necessary to reach the threshold values for both individuals.",0,1,2,20,10
51,"**Determine the Maximum Value for Each Good**

* For Person 1: Max value = 70 (Good A)
* For Person 2: Max value = 60 (Good A)

**Allocate Indivisible Goods**

* Since Person 1 values Good A more than Person 2, **allocate Good A to Person 1**.
* Since Person 2 values Good B more than Person 1, **allocate Good B to Person 2**.

**Distribute Money**

* The total value of the goods allocated is 70 (Good A) + 40 (Good B) = 110 units.
* The total money available is 50 units.

**Distribute Money to Equalize Value**

* Person 1 received 70 units of value in goods. They need to receive 40 units of money to equalize their value to 110 units. **Allocate 40 units of money to Person 1**.
* Person 2 received 40 units of value in goods. They need to receive 70 units of money to equalize their value to 110 units. **Allocate 10 units of money to Person 2**.

**Final Allocation**

* **Person 1:** Good A, 40 units of money
* **Person 2:** Good B, 10 units of money

**Explanation**

This allocation ensures that both Person 1 and Person 2 receive an equal total value of 110 units. It gives each person the good they value more and equalizes the remaining value through the distribution of money. This approach is commonly referred to as *equal sharing of utilities* or *utilitarian social choice*.",0,1,2,40,10
52,"**SOLUTION:**

**Max-Min Fairness:**

This approach aims to maximize the minimum value received by any individual.

* Assign Good A to Person 1 (value 70)
* Assign Good B to Person 2 (value 40)

This results in:
* Person 1: Good A (value 70)
* Person 2: Good B (value 40) + 10 units of money (value 10 for Person 2)

Total value for Person 1: 70
Total value for Person 2: 50

**Equal Value Fairness:**

This approach aims to allocate the goods and money in a way that both individuals receive the same total value.

* Assign Good A to Person 1 (value 70)
* Assign 10 units of money to Person 1 (value 10 for Person 1)
* Assign Good B to Person 2 (value 40)
* Assign 10 units of money to Person 2 (value 10 for Person 2)

This results in:
* Person 1: Good A (value 70) + 10 units of money (value 10)
* Person 2: Good B (value 40) + 10 units of money (value 10)

Total value for Person 1: 80
Total value for Person 2: 80

**Nash Bargaining Solution:**

This approach aims to find an allocation that maximizes the product of the individual values received.

* Let x be the amount of money allocated to Person 1.
* Maximize P(x) = (70 - x) * (40 + x)

Solving for x gives: x = 15

This results in:
* Person 1: Good A (value 70) + 15 units of money (value 15)
* Person 2: Good B (value 40) + 35 units of money (value 35)

Total value for Person 1: 85
Total value for Person 2: 75

**Other Considerations:**

* **Envy-Free Allocations:** An allocation is envy-free if no individual would prefer the allocation of another individual. In this case, none of the proposed allocations are envy-free.
* **Pareto Efficiency:** An allocation is Pareto efficient if it is not possible to improve the allocation for one individual without making it worse for another. In this case, the Nash Bargaining Solution and Equal Value Fairness allocations are Pareto efficient.

The choice of the ""fairest"" allocation depends on the specific fairness criteria used. In this case, different criteria lead to different allocations.",0,1,2,15,35
53,"**Fair Allocation:**

**Goods:**

* Person 1: Good A
* Person 2: Good B

**Money:**

* Person 1: 0
* Person 2: 50

**Rationale:**

* **Efficiency:** This allocation maximizes the total value of goods and money for both individuals: (70 + 0) + (60 + 50) = 180.
* **Equity:** Person 1 receives Good A, which they value more than Good B, while Person 2 receives Good B, which they value more than Good A. This ensures that both individuals receive their preferred goods.
* **Fairness:** By giving Person 2 all the money, we are compensating them for receiving the good that they valued less. This brings their total value (60 + 50 = 110) closer to Person 1's value (70).
* **Indivisibility:** The indivisibility of goods ensures that both individuals receive at least one whole good, which is consistent with the principles of fairness.
* **No Waste:** All goods and money are allocated, preventing any waste.",0,1,2,0,50
54,"**Fair Allocation Considering Value and Money:**

**Step 1: Normalize Values**

Normalize the values of the goods so that they sum up to 1 for each individual. This helps compare preferences across individuals.

* Person 1: Good A = 70/100 = 0.7, Good B = 30/100 = 0.3
* Person 2: Good A = 60/100 = 0.6, Good B = 40/100 = 0.4

**Step 2: Allocate Goods**

**Allocate Good A:**

Person 1's normalized value for Good A is higher (0.7) than Person 2's (0.6). Therefore, allocate Good A to Person 1.

**Allocate Good B:**

Person 2's normalized value for Good B is higher (0.4) than Person 1's (0.3). Therefore, allocate Good B to Person 2.

**Step 3: Allocate Money**

**Allocate Money to Person 1:**

Person 1 received Good A, which is worth 70. Therefore, allocate money worth 70 - 30 = 40 units to Person 1.

**Allocate Money to Person 2:**

Person 2 received Good B, which is worth 40. Therefore, allocate money worth 40 - 20 = 20 units to Person 2.

**Final Allocation:**

* **Person 1:** Good A, 40 units of money
* **Person 2:** Good B, 20 units of money

**Rationale:**

This allocation is fair because:

* **Equal Value of Goods:** Both individuals receive goods that they value equally (70 for Person 1 and 40 for Person 2).
* **Fair Distribution of Money:** The remaining money is divided proportionally to the difference in values for the unallocated goods. Person 1 receives more money because they value Good A more than Person 2 values Good B.
* **No Envy:** Neither individual prefers the allocation of the other individual, given their own value for the goods.",0,1,2,40,20
55,"**Fair Allocation:**

**To Person 1:**
* Good A
* 30 units of money

**To Person 2:**
* Good B
* 20 units of money

**Rationale:**

This allocation considers both the value of the goods to each individual and the value of the money. It ensures that both individuals receive a fair distribution of value.

**Explanation:**

* **Value of Goods:** Person 1 values Good A more than Person 2 does, so they should receive it. Similarly, Person 2 values Good B more than Person 1 does, so they should receive it.
* **Value of Money:** Person 1 values Good A as 70 units, which is equivalent to 70 units of money. Person 2 values Good B as 40 units, which is equivalent to 40 units of money. The remaining 10 units of money are divided equally between both individuals to provide fairness.

This allocation satisfies the following criteria:

* **Efficiency:** The allocation maximizes the total value obtained by both individuals (100 units + 50 units of money = 150 units).
* **Equity:** Both individuals receive an equal amount of value, considering the value of the goods and the money.
* **Feasibility:** The allocation respects the total value available (2 goods + 50 units of money) and ensures that no goods or money are wasted.",0,1,2,30,20
56,"**Fair Allocation:**

* **Good A:** Person 1
* **Good B:** Person 2
* **Money Allocation:** 40 units to Person 1, 10 units to Person 2

**Reasoning:**

This allocation is fair because it maximizes the total value that both individuals receive from the goods.

* Person 1's total value: 70 (Good A) + 40 (Money) = **110 units**
* Person 2's total value: 60 (Good B) + 10 (Money) = **70 units**

Alternatively, if Good A were allocated to Person 2 and Good B to Person 1, the total value would be:

* Person 1's total value: 30 (Good B) + 40 (Money) = **70 units**
* Person 2's total value: 70 (Good A) + 10 (Money) = **80 units**

However, this allocation would not be as fair to Person 1, who values Good A more highly than Good B.

The allocation of money helps to compensate the individuals for any difference in value they receive from the goods. In this case, Person 1 receives more money because they value Good A more highly than Good B, while Person 2 receives more money because they value Good B more highly than Good A.

Overall, this allocation balances the value that both individuals receive from the goods and ensures that neither person is disadvantaged.",0,1,2,40,10
57,"**Fair Allocation Using Nash Bargaining Solution**

The Nash bargaining solution is a widely accepted method for determining a fair allocation in situations involving multiple individuals and indivisible goods. The solution aims to find an allocation that maximizes the product of the individuals' utilities.

**Step 1: Calculate Individual Utilities**

The utility for each good is equal to its monetary value. Therefore, the utilities for each person are as follows:

* Person 1: Good A = 70, Good B = 30
* Person 2: Good A = 60, Good B = 40

**Step 2: Calculate the Threat Point**

The threat point is the outcome if no agreement is reached and the goods are discarded. In this case, the threat point is 0 for both individuals since they receive no value from discarded goods.

**Step 3: Calculate the Pareto Frontier**

The Pareto frontier is the set of all feasible allocations that cannot be improved for one individual without making another individual worse off.

* Allocating Good A to Person 1 and Good B to Person 2: Utility product = (70) * (40) = 2800
* Allocating Good A to Person 2 and Good B to Person 1: Utility product = (60) * (30) = 1800
* Allocating Good A and B to Person 1: Utility product = (70) * (30) = 2100
* Allocating Good A and B to Person 2: Utility product = (60) * (40) = 2400
* Allocating Good A to Person 1 and discarding Good B: Utility product = (70) * (0) = 0
* Allocating Good A to Person 2 and discarding Good B: Utility product = (60) * (0) = 0

**Step 4: Choose the Allocation that Maximizes Utility Product**

The allocation that maximizes the utility product is allocating Good A to Person 2 and Good B to Person 1. This allocation has a utility product of 2400.

**Step 5: Distribute Money**

Since the total value of the goods is 100 units, and the total money available is 50 units, each person can be compensated the difference to make up for the value they receive from the goods.

* Person 1 receives Good B worth 30 units and 20 units of money.
* Person 2 receives Good A worth 60 units and 30 units of money.

**Conclusion**

Using the Nash bargaining solution, the fairest allocation is to give Good A to Person 2 and Good B to Person 1. Additionally, Person 1 receives 20 units of money, and Person 2 receives 30 units of money. This allocation maximizes the utility product and provides compensation to each individual based on the value they receive from the goods.",0,2,1,20,30
58,"**Fair Allocation of Goods and Money**

To determine a fair allocation of the goods and money, we can consider the following principles:

**1. Equity:** Each individual should receive goods or money that is proportional to their value for them.

**2. Efficiency:** The allocation should maximize the total value received by both individuals.

**Based on these principles, here is a proposed allocation:**

**Goods:**

* **Good A:** Give Good A to Person 1.
* **Good B:** Give Good B to Person 2.

**Money:**

* **Person 1:** Allocate 25 units of money to Person 1.
* **Person 2:** Allocate 25 units of money to Person 2.

**Explanation:**

This allocation satisfies the principle of equity because each person receives goods or money that is equal to their value for them:

* Person 1 values Good A at 70, which is the same value as the 25 units of money.
* Person 2 values Good B at 40, which is the same value as the 25 units of money.

This allocation also satisfies the principle of efficiency because it maximizes the total value received by both individuals:

* Total value for Person 1: 70 (Good A) + 25 (Money) = 95 units.
* Total value for Person 2: 40 (Good B) + 25 (Money) = 65 units.
* Total value for both individuals: 95 + 65 = 160 units.

This allocation also considers the indivisibility of the goods by giving each good to the person who values it the most. It also fully utilizes the available money, which is worth the same amount as the goods.

**Other Considerations:**

* This allocation is not the only possible fair allocation. Other allocations may also satisfy the principles of equity and efficiency.
* The allocation could be adjusted if the values for the goods and money change.
* It is important to consider the context and specific preferences of the individuals involved when determining a fair allocation.",0,1,2,25,25
59,"**Fair Allocation**

To determine a fair allocation, we can use the **Nash Bargaining Solution**. This solution aims to find an allocation that maximizes the product of the utilities of the two individuals.

**Step 1: Convert Goods to Monetary Values**

Since the 50 units of money are equivalent to goods of the same value, we can convert the goods to monetary values as follows:

* Good A: 70 (for Person 1), 60 (for Person 2)
* Good B: 30 (for Person 1), 40 (for Person 2)

**Step 2: Calculate the Total Utility of the Initial Allocation**

The initial allocation is to give Good A to Person 1 and Good B to Person 2, with no money allocated. This gives the following utilities:

* Person 1: 70 + 0 = 70
* Person 2: 60 + 0 = 60
* Total utility: 70 * 60 = 4200

**Step 3: Calculate the Utility of the Alternative Allocations**

Next, we consider all possible alternative allocations and calculate the utility of each:

**Allocation 1:** Give Good A to Person 2, Good B to Person 1, and 10 units of money to Person 1.
* Person 1: 30 + 10 = 40
* Person 2: 60 + 40 = 100
* Total utility: 40 * 100 = 4000

**Allocation 2:** Give Good A to Person 2, Good B to Person 1, and 20 units of money to Person 1.
* Person 1: 30 + 20 = 50
* Person 2: 60 + 40 = 100
* Total utility: 50 * 100 = 5000

**Allocation 3:** Give both Goods to Person 1, and 50 units of money to Person 2.
* Person 1: 70 + 30 = 100
* Person 2: 50 + 40 = 90
* Total utility: 100 * 90 = 9000

**Step 4: Choose the Allocation with the Highest Utility**

The allocation with the highest utility is Allocation 3, which yields a total utility of 9000.

**Fair Allocation**

Therefore, the fair allocation is to give both **Goods A** and **Good B** to **Person 1**, and **50 units of money** to **Person 2**.",0,1,1,0,50
60,"**Fair Allocation:**

**Good A:** Person 1
**Good B:** Person 2
**Money:** Person 1: 20 units, Person 2: 30 units

**Justification:**

* **Equity:** This allocation ensures that both individuals receive at least some benefit. Person 1 receives Good A, which they value more than Person 2. Person 2 receives Good B, which they value more than Person 1.
* **Efficiency:** By allocating Good A to Person 1 and Good B to Person 2, we maximize the total value derived from the goods. This allocation represents the most efficient use of these indivisible resources.
* **Budget Constraint:** The total money allocated (50 units) does not exceed the available budget. By allocating 20 units to Person 1 and 30 units to Person 2, we ensure that the monetary resources are fairly distributed.

**Additional Considerations:**

* **Envy-freeness:** This allocation is not envy-free. Person 1 would prefer to have both goods, while Person 2 would prefer to have Good A. However, it is impossible to achieve an envy-free allocation without violating equity.
* **Cardinal Values:** The allocation assumes that the cardinal values provided by the individuals accurately reflect their preferences. In reality, it is possible that individuals may not be able to precisely quantify their values.",0,1,2,20,30
61,"**Step 1: Calculate the total value of the goods and money**

Total value = Value of Good A + Value of Good B + Value of Money
Total value = 70 + 30 + 60 + 40 + 50
Total value = 250

**Step 2: Determine the ratio of each person's values to the total value**

Person 1's ratio = (Value of Good A + Value of Good B) / Total value
Person 1's ratio = (70 + 30) / 250
Person 1's ratio = 0.4

Person 2's ratio = (Value of Good A + Value of Good B) / Total value
Person 2's ratio = (60 + 40) / 250
Person 2's ratio = 0.4

**Step 3: Allocate the goods and money proportionally**

Person 1's allocation = Person 1's ratio * Total value
Person 1's allocation = 0.4 * 250
Person 1's allocation = 100

Person 2's allocation = Person 2's ratio * Total value
Person 2's allocation = 0.4 * 250
Person 2's allocation = 100

**Fair Allocation:**

* Person 1: Good A, 50 units of money
* Person 2: Good B, 50 units of money

This allocation is fair because it gives each person goods and money worth 100 units, which is proportional to their respective values.",0,1,2,50,50
62,"**Fair Allocation:**

**Good A:** Person 2 gets Good A.

**Good B:** Person 1 gets Good B.

**Money:**

* Person 1 gets 10 units.
* Person 2 gets 40 units.

**Rationale:**

This allocation is fair because it maximizes the total value obtained by both individuals.

* Person 1 values Good B more than Good A (30 > 70).
* Person 2 values Good A more than Good B (60 > 40).

By giving Person 1 Good B and Person 2 Good A, we ensure that both individuals receive the good they value more.

The money allocation is also fair because it balances the values of the goods received by each person.

* Person 1 gets Good B (30) and 10 units of money (10). Total value: 40
* Person 2 gets Good A (60) and 40 units of money (40). Total value: 100

This allocation ensures that Person 1 receives a total value approximately equal to half of the available value (50% of 100 = 50), while Person 2 receives a total value equal to the other half (100 - 50 = 50).

**Note:**

This is just one possible fair allocation. Other allocations may also be considered fair, depending on the specific criteria used to define fairness.",0,2,1,10,40
63,"**Fair Allocation Based on Equal Sharing of Value:**

**Allocation Plan:**

* Person 1: Good A (worth 70) + 5 units of money
* Person 2: Good B (worth 40) + 45 units of money

**Rationale:**

This allocation ensures that both individuals receive a total value of 75 units, the sum of the values they place on the goods they receive. The monetary compensation balances out any discrepancies in the value of the goods allocated to each individual.

**Fair Allocation Based on Proportional Priority:**

**Allocation Plan:**

* Person 1: Good A (worth 70) + 15 units of money
* Person 2: Good B (worth 40) + 35 units of money

**Rationale:**

This allocation recognizes Person 1's higher priority for Good A by allocating it to them. Similarly, Person 2 receives Good B, which they value slightly more than Person 1. The monetary compensation is adjusted to maintain proportional fairness, with Person 1 receiving a smaller share due to their higher value for Good A.

**Fair Allocation Based on Envy-Freeness:**

**Allocation Plan:**

* Person 1: Good A (worth 70) + 10 units of money
* Person 2: Good B (worth 40) + 40 units of money

**Rationale:**

This allocation ensures that neither individual would prefer the allocation received by the other. For example, if Person 1 received Good B instead of Good A, they would be worse off since the value of Good B to them is only 30. Similarly, Person 2 would not prefer receiving Good A due to its lower value to them.

**Additional Considerations:**

* These allocations do not consider other factors that could affect fairness, such as individuals' economic status or social circumstances.
* The choice of a fair allocation method depends on the specific circumstances of the problem and the values of the individuals involved.",0,1,2,5,45
64,"**Fair Allocation:**

To determine a fair allocation, we can consider the following steps:

1. **Calculate the total value of each good:**
   - Good A: 70 (Person 1) + 60 (Person 2) = 130
   - Good B: 30 (Person 1) + 40 (Person 2) = 70

2. **Determine the normalized value of each good:**
   - Normalization factor: 130 + 70 = 200
   - Normalized value of Good A: 130 / 200 = 0.65
   - Normalized value of Good B: 70 / 200 = 0.35

3. **Allocate the goods based on normalized value and indivisibility:**
   - Person 1 receives Good A (value: 0.65 > 0.35)
   - Person 2 receives Good B (value: 0.35 < 0.65)

4. **Allocate the money to compensate for the difference in goods' values:**
   - Amount of money given to Person 1: 0.35 * 50 = 17.5 units
   - Amount of money given to Person 2: 0.65 * 50 = 32.5 units

**Explanation:**

This allocation ensures that both individuals receive goods that they value more than the other good, and they are compensated for the difference in values through the allocation of money.

* Person 1 receives Good A (valued at 70), and receives 17.5 units of money to make up for the difference between Good A and Good B (valued at 30).
* Person 2 receives Good B (valued at 40), and receives 32.5 units of money to make up for the difference between Good B and Good A (valued at 60).

This solution considers both the value of the goods and the availability of money to achieve a fair outcome.",0,1,2,17.5,32.5
65,"**Step 1: Calculate the total value of the goods for each person.**

* Person 1: 70 (Good A) + 30 (Good B) = 100
* Person 2: 60 (Good A) + 40 (Good B) = 100

**Step 2: Determine the ratio of each person's value for each good.**

* Person 1: 70/30 = 7/3
* Person 2: 60/40 = 3/2

**Step 3: Compare the ratios to determine the fair share of each person for each good.**

* For Good A: 7/3 > 3/2, so Person 1 should receive more of Good A.
* For Good B: 7/3 < 3/2, so Person 2 should receive more of Good B.

**Step 4: Allocate the goods based on the ratios.**

* Good A: Person 1 receives 7/10 (70 units), Person 2 receives 3/10 (30 units).
* Good B: Person 1 receives 3/10 (30 units), Person 2 receives 7/10 (70 units).

**Step 5: Allocate the money based on fairness.**

Since the total value of the goods for each person is the same, it is fair to allocate the money equally between them.

* Person 1 receives 25 units of money.
* Person 2 receives 25 units of money.

**Final Allocation:**

* Person 1 receives Good A (70 units), Good B (30 units), and 25 units of money.
* Person 2 receives Good A (30 units), Good B (70 units), and 25 units of money.",0,1,2,25,25
66,"**Step 1: Normalize the values**

To compare the values of the goods and money, we normalize the values by dividing each value by 100 (the highest value).

Normalized values:
* Person 1: Good A = 0.7, Good B = 0.3, Money = 0.5
* Person 2: Good A = 0.6, Good B = 0.4, Money = 0.5

**Step 2: Calculate the total normalized value for each person**

* Person 1: 0.7 + 0.3 = 1
* Person 2: 0.6 + 0.4 = 1

**Step 3: Allocate goods based on normalized values**

Since the normalized values are equal, we can allocate the goods based on a 50-50 split:

* Person 1: Good A (normalized value: 0.7)
* Person 2: Good B (normalized value: 0.4)

**Step 4: Allocate remaining money**

Since there is still 1 unit of normalized money value left, we allocate it to the person with the lowest total normalized value:

* Person 1: 0.5 + 0.5 = 1
* Person 2: 0.5 + 0.4 = 0.9

Therefore, Person 1 receives 0.5 units of money, while Person 2 receives 0.4 units of money.

**Final Allocation:**

* Person 1: Good A, 0.5 units of money
* Person 2: Good B, 0.4 units of money

**Rationale:**

This allocation ensures that both individuals receive an equal total value based on their normalized preferences. Person 1 values Good A more highly, so they receive that good, while Person 2 values Good B more highly, so they receive that good. The remaining money is allocated to equalize the total value received by each person.",0,1,2,0.5,0.4
67,"**Proposed Allocation:**

* **Good A:** Person 1
* **Good B:** Person 2
* **Money:**
    * Person 1: 30 units (equivalent to the value of Good B)
    * Person 2: 20 units (equivalent to 2/3 of the value of Good A)

**Explanation:**

This allocation is designed to be fair by considering the following principles:

**Utilitarianism (Maximizing Total Utility):**
* The allocation results in a total utility of 200 (70 + 30 + 60 + 40). This is the highest possible utility among all feasible allocations.

**Equal Proportional Distribution (Nash Bargaining Solution):**
* Person 1 receives 70/100 = 7/10 of the total value of the goods and money (70 + 30 = 100), while Person 2 receives 60/100 = 3/10. This reflects their relative values for the two goods.

**Envy-Freeness:**
* Neither person would prefer the other person's allocation. This is because Person 1's utility (70 + 30 = 100) is equal to the utility they would have if they had Good B (30 + 20 = 50) and Person 2's utility (60 + 40 = 100) is equal to the utility they would have if they had Good A (60 + 20 = 80).

**Practical Considerations:**

* The money allocation ensures that both persons receive equivalent value in resources.
* The indivisibility of the goods is addressed by allocating them to the persons who value them most.
* The allocation is simple and easy to implement.",0,1,2,30,20
68,"**Envy-Free and Pareto Efficient Allocation:**

An **envy-free** allocation is one where neither person prefers the other person's allocation to their own. A **Pareto efficient** allocation is one where it is impossible to reallocate the goods in a way that makes one person better off without making another person worse off.

In this case, the following allocation is both envy-free and Pareto efficient:

* **Person 1:** Good A (value: 70) + 10 units of money (value: 10)
* **Person 2:** Good B (value: 40) + 40 units of money (value: 40)

**Explanation:**

* **Envy-free:** Person 1 prefers their allocation (value: 80) to Person 2's allocation (value: 80). Person 2 also prefers their allocation (value: 80) to Person 1's allocation (value: 80).
* **Pareto efficient:** It is not possible to reallocate the goods or money in a way that makes one person better off without making another person worse off. For example, if we give Person 1 both goods, Person 2 would be worse off because they value Good B more than Good A.

**Justification for Fairness:**

This allocation is fair because it:

* **Takes into account individual preferences:** It gives each person the good that they value more highly.
* **Equates the total value received by each person:** Both Person 1 and Person 2 have a total value of 80, which is the same as the total value of the goods and money available.
* **Maximizes the overall value obtained from the allocation:** The total value obtained from the allocation is 160, which is the sum of the values of the goods and money allocated.

**Note:**

Other fair allocations may exist, but this particular allocation is both envy-free and Pareto efficient, which are two desirable properties for fair allocations.",0,1,2,10,40
69,"**Fair Allocation:**

**Good A:**

* Person 1 receives Good A.

**Good B:**

* Person 2 receives Good B.

**Money:**

* Person 1 receives 10 units of money.
* Person 2 receives 40 units of money.

**Rationale:**

This allocation maximizes the total value obtained by both individuals, while also ensuring fairness:

* **Total Value:** The total value to Person 1 is 80 (Good A + money) and to Person 2 is 100 (Good B + money).
* **Fairness:** Both individuals receive a value that is close to their highest-valued good. Person 1 receives Good A (value: 70) and money (value: 10), for a total value of 80. Person 2 receives Good B (value: 40) and money (value: 40), for a total value of 80.
* **Efficiency:** The allocation ensures that both goods are allocated to the individuals who value them the most. This maximizes the overall efficiency of the allocation.

**Explanation:**

The allocation considers both the value of the goods to each individual and the availability of divisible money. By giving Good A to Person 1 and Good B to Person 2, we maximize their individual satisfaction. The money is then used to further balance the allocation, ensuring that both individuals receive a fair share of the resources.",0,1,2,10,40
70,"**Fair Allocation**

To determine a fair allocation, we can consider the following principles:

* **Equity:** Each person should receive an allocation that is proportional to their value for the goods.
* **Efficiency:** The allocation should maximize the total value obtained by both persons.

**Calculating Equitable Allocation**

Using the equity principle, we can calculate the equitable allocation as follows:

* **Total Value of Goods:** 70 (Good A) + 30 (Good B) + 60 (Good A) + 40 (Good B) = 200
* **Person 1's Equitable Share:** (70 + 30) / 200 = 0.5
* **Person 2's Equitable Share:** (60 + 40) / 200 = 0.5

**Allocating Goods and Money**

Based on the equitable shares, we can allocate the goods and money as follows:

* **Person 1:**
    * Good A (Value: 70)
    * 10 units of money (Value: 10)
* **Person 2:**
    * Good B (Value: 40)
    * 40 units of money (Value: 40)

This allocation satisfies the equity principle as each person receives an allocation that is proportional to their value for the goods.

**Maximizing Efficiency**

The total value obtained by both persons from this allocation is:

* 70 (Good A for Person 1) + 10 (Money for Person 1) + 40 (Good B for Person 2) + 40 (Money for Person 2) = **160**

This allocation also maximizes efficiency as it results in the highest total value obtained.

**Conclusion**

The proposed allocation is considered fair as it satisfies both the equity and efficiency principles. Person 1 receives Good A and some money, while Person 2 receives Good B and a larger amount of money. This ensures that both individuals receive an allocation that is proportional to their value for the goods and maximizes the total value obtained by both persons.",0,1,2,10,40
71,"**Step 1: Determine the Total Value of the Goods**

Total value = Value of Good A + Value of Good B
Total value = 70 + 30 + 60 + 40 = 200

**Step 2: Calculate the Fair Share of Each Person**

Fair share = Total value / Number of persons
Fair share = 200 / 2 = 100

**Step 3: Allocate the Goods**

**Option 1:**

* Person 1 gets Good A (value = 70) and 30 units of money (worth 30)
* Person 2 gets Good B (value = 40) and 20 units of money (worth 20)

**Total value allocated:** 70 + 30 + 40 + 20 = 160

**Remaining resources:** 50 - 160 = -110 (not enough resources to fully allocate)

**Option 2:**

* Person 1 gets Good A (value = 70) and 30 units of money (worth 30)
* Person 2 gets Good B (value = 40) and 10 units of money (worth 10)
* Throw away 10 units of money (worth equivalent to Good B that cannot be fully allocated)

**Total value allocated:** 70 + 30 + 40 + 10 = 150

**Remaining resources:** 50 - 150 = 0

**Step 4: Evaluate Fairness**

Both options allocate the goods and money in a way that ensures that both persons receive a fair share of the total value.

**Option 1:**

* Person 1 receives a total value of 100 (Good A + money)
* Person 2 receives a total value of 100 (Good B + money)

**Option 2:**

* Person 1 receives a total value of 100 (Good A + money)
* Person 2 receives a total value of 100 (Good B + money + remaining value of discarded money)

Since both options result in an equal distribution of value, either option can be considered fair. The choice between them depends on whether the parties value goods more than money or vice versa.",0,1,2,30,10
72,"**Option 1: Allocate both goods to Person 1**

* Person 1 receives Good A (worth 70) and Good B (worth 30).
* Person 2 receives no goods.
* No money is allocated.

**Fairness rationale:**
* Person 1 receives a total value of 100, which is higher than Person 2's total value of 0.
* Person 1 has a higher value for Good A than Person 2, so it is fair to allocate it to them.

**Option 2: Allocate both goods to Person 2**

* Person 1 receives no goods.
* Person 2 receives Good A (worth 60) and Good B (worth 40).
* No money is allocated.

**Fairness rationale:**
* Person 2 receives a total value of 100, which is the same as Person 1's total value if they received both goods.
* Person 2 has a higher value for Good B than Person 1, so it is fair to allocate it to them.

**Option 3: Allocate Good A to Person 1 and Good B to Person 2**

* Person 1 receives Good A (worth 70).
* Person 2 receives Good B (worth 40).
* The remaining money (10 units) is allocated to Person 1.

**Fairness rationale:**
* Both individuals receive goods that they value highly.
* Person 1 receives a total value of 80, which is higher than Person 2's total value of 40.
* The allocation of money to Person 1 helps to balance the value of the goods received.

**Option 4: Allocate Good A to Person 2 and Good B to Person 1, along with some money**

* Person 1 receives Good B (worth 30) and 20 units of money.
* Person 2 receives Good A (worth 60) and 30 units of money.

**Fairness rationale:**
* Both individuals receive goods that they value highly.
* Person 1 receives a total value of 50, which is equal to Person 2's total value of 50.
* The allocation of money helps to balance the different values of the goods received.

**Conclusion:**

Ultimately, the choice of which allocation is considered the fairest will depend on the specific preferences and values of Person 1 and Person 2. The options presented above provide a range of potential solutions that aim to achieve fairness in different ways.",0,1,2,10,0
73,"**Fair Allocation:**

* **Good A:** Allocate to Person 1
* **Good B:** Allocate to Person 2
* **Money:** Allocate 20 units to Person 1 and 30 units to Person 2

**Rationale:**

This allocation is based on the concept of **Nash Bargaining Solution**:

* **Individual Bargaining Power:**
    * Person 1's bargaining power for Good A is higher because of their higher valuation.
    * Person 2's bargaining power for Good B is higher because of their higher valuation.
* **Zone of Possible Agreement (ZOPA):**
    * The ZOPA is the range of allocations that both individuals prefer over the status quo (not receiving any goods).
    * In this case, the ZOPA is defined by allocating Good A to Person 1, and Good B to Person 2.
* **Nash Bargaining Solution:**
    * The Nash Bargaining Solution is the allocation that maximizes the product of the individuals' bargaining powers within the ZOPA.
    * This allocation gives Person 1 a slightly higher payoff (Good A and 20 units of money) while giving Person 2 a slightly lower payoff (Good B and 30 units of money), reflecting their respective bargaining powers.

**Additional Considerations:**

* This allocation also results in an **equal division** of the total value of the goods.
* It ensures that **both individuals receive something they value**, respecting their preferences.
* The allocation of money complements the allocation of goods, allowing the individuals to achieve their desired level of satisfaction.",0,1,2,20,30
74,"**Fair Allocation Considering Only Goods**

Since Person 1 values Good A more than Person 2, and Person 2 values Good B more than Person 1, a fair allocation would be to give Good A to Person 1 and Good B to Person 2.

**Fair Allocation Considering Both Goods and Money**

To determine a fair allocation considering both goods and money, we can use a weighted sum approach.

1. **Calculate the value of each good for each person:**
    - Person 1: Good A (70), Good B (30)
    - Person 2: Good A (60), Good B (40)

2. **Assign weights to each good based on its value for each person:**
    - Person 1: Good A (70/100 = 0.7), Good B (30/100 = 0.3)
    - Person 2: Good A (60/100 = 0.6), Good B (40/100 = 0.4)

3. **Calculate the weighted value of each good and distribute according to the weights:**
    - Good A: (0.7 * 70) + (0.6 * 60) = 63
    - Good B: (0.3 * 70) + (0.4 * 60) = 37

Based on these weights, Good A should be allocated to Person 1 and Good B to Person 2.

4. **Allocate the remaining money to equalize the value:**
    - Person 1 received Good A worth 63, but would have received 70 if they had gotten both goods. They need to receive 70 - 63 = 7 units of money.
    - Person 2 received Good B worth 37, but would have received 60 if they had gotten both goods. They need to receive 60 - 37 = 23 units of money.

**Final Allocation:**

- Person 1: Good A, 7 units of money
- Person 2: Good B, 23 units of money",0,1,2,7,23
75,"**Proposed Allocation:**

**Good A:** To Person 1

**Good B:** To Person 2

**Money:**
* 15 units to Person 1
* 35 units to Person 2

**Rationale:**

* **Equity:** Both individuals receive an equal value of goods (Good A for Person 1 and Good B for Person 2).
* **Efficiency:** The allocation maximizes the total value for both individuals.
* **Utility:** The distribution of money complements the allocation of goods, ensuring that both individuals have approximately the same level of utility.
* **Personal Value:** Person 1 values Good A more than Person 2, while Person 2 values Good B more than Person 1. This allocation respects the different preferences of the individuals.
* **Envy-Free:** Neither individual would prefer the allocation received by the other, given their own preferences and the value of resources available.

**Explanation:**

The total value of goods is 100 (70 for Good A and 30 for Good B). Allocating both goods to one person would not be fair as it would give that person a significant advantage. By allocating Good A to Person 1 and Good B to Person 2, we ensure that both individuals receive an equal share of the total value.

The money allocation complements the allocation of goods. Person 1 receives 15 units of money, which is equivalent to the value of Good B. This ensures that Person 1 has approximately the same level of utility as Person 2, who receives Good B directly.

Lastly, the allocation is envy-free. Person 1 prefers Good A to Good B, and they have it. Similarly, Person 2 prefers Good B to Good A, and they have it. Therefore, neither individual would prefer the allocation received by the other.",0,1,2,15,35
76,"**Allocation:**

* **Person 1:** Good B + $10
* **Person 2:** Good A + $40

**Explanation:**

This allocation aims to balance fairness and individual preferences.

**1. Fairness:**

* Both individuals receive a good worth at least 40 units of money (Person 1: $10 + Good B, Person 2: Good A).
* The total value of the allocation is 100 units of money (Good B: 40, Good A: 60), which is evenly split between the two individuals.

**2. Individual Preferences:**

* Person 1 values Good B higher than Good A, and they receive it along with a cash payment.
* Person 2 values Good A higher than Good B, and they receive it along with a larger cash payment.

**3. Budget Constraint:**

* The total amount of money allocated is $50, which does not exceed the budget constraint.

**Justification:**

This allocation recognizes Person 2's slightly higher valuation for Good A by giving them that good and a larger cash payment. However, it also ensures that Person 1 receives a fair amount of value and that the total value of the allocation is evenly split between the two individuals. By providing cash payments, the allocation allows for flexibility in meeting individual preferences while ensuring budgetary constraints are met.",0,2,1,10,40
77,"**Proposed Fair Allocation:**

**Person 1:**
* Good A (value: 70)
* 10 units of money (value: 10)

**Person 2:**
* Good B (value: 40)
* 40 units of money (value: 40)

**Justification:**

This allocation achieves the following:

* **Equal Total Value:** Both Person 1 and Person 2 receive a total value of 80 (70 + 10 for Person 1; 40 + 40 for Person 2). This ensures that neither person feels significantly disadvantaged compared to the other.
* **Balanced Preferences:** Person 1 has a higher value for Good A, so they receive it. Person 2 has a higher value for Good B, so they receive it. This addresses the individual preferences of each person.
* **Fair Money Allocation:** The available money is divided equally between the individuals. This ensures that both persons have equal access to this divisible resource.

**Additional Considerations:**

* **Nash Bargaining Solution:** This allocation can be seen as a solution to the Nash bargaining problem, where both individuals seek to maximize their individual utility while also considering the utility of the other person.
* **Envy-Freeness:** This allocation is not envy-free, as Person 1 may envy Person 2's higher value for Good B, while Person 2 may envy Person 1's higher value for Good A. However, it achieves a compromise that balances individual preferences and ensures no significant disadvantage for either person.
* **Fairness as a Subjective Concept:** The determination of what constitutes a fair allocation is ultimately subjective and can vary depending on the specific context and values of the individuals involved. This proposed allocation represents one possible approach that attempts to consider both individual preferences and equitable distribution.",0,1,2,10,40
78,"**Fair Allocation:**

**Person 1:**
* Good A
* 20 units of money

**Person 2:**
* Good B
* 30 units of money

**Rationale:**

This allocation is considered fair because it maximizes the combined value of goods and money for both individuals.

* **Person 1's Total Value:** 70 (Good A) + 20 (Money) = 90
* **Person 2's Total Value:** 40 (Good B) + 30 (Money) = 70

**Reasoning:**

* **Equal Distribution of Goods:** Person 1 values Good A more than Person 2, while Person 2 values Good B more than Person 1. By giving each person their preferred good, their combined value is maximized.
* **Partial Compensation:** While Person 1 receives the more valuable Good A, the 20 units of money they receive help compensate for the fact that Good B is worth more to Person 2.
* **Efficient Use of Money:** The remaining 30 units of money are allocated to Person 2, who values money more than Person 1. This ensures that the available money is used most efficiently.

**Additional Considerations:**

* **Other Fairness Measures:** Other measures of fairness, such as the Nash or Kalai-Smorodinsky bargaining solutions, could also be applied. However, the above allocation satisfies the criteria of equal distribution of highly valued goods and partial compensation.
* **Practical Considerations:** Dividing the money may require using smaller units (e.g., coins) to ensure an exact allocation.",0,1,2,20,30
79,"**Allocation:**

* Person 1 receives Good A and 20 units of money.
* Person 2 receives Good B and 30 units of money.

**Rationale:**

This allocation satisfies the following fairness criteria:

* **Pareto Efficiency:** No other feasible allocation could make one person better off without making the other worse off.

* **Envy-Freeness:** Neither person would prefer the allocation of the other person.

**Explanation:**

* **Person 1:**
    * Receives Good A, which has a value of 70 to them.
    * Receives 20 units of money, which is equivalent to a good worth 20.
    * Total value received: 70 + 20 = 90.

* **Person 2:**
    * Receives Good B, which has a value of 40 to them.
    * Receives 30 units of money, which is equivalent to a good worth 30.
    * Total value received: 40 + 30 = 70.

Both Person 1 and Person 2 receive allocations that are worth at least 70 units to them. Therefore, they are not envious of each other's allocation.

Furthermore, there is no feasible allocation that could give Person 1 a higher value without decreasing Person 2's value, and vice versa. Hence, the allocation is Pareto efficient.",0,1,2,20,30
80,"**Allocation:**

**Person 1:**

* Good A (value: 70)
* 0 units of money

**Person 2:**

* Good B (value: 40)
* 50 units of money

**Reasoning:**

**Maximize Total Value:**

This allocation maximizes the total value of the goods allocated to both individuals by giving each person the good they value more.

* Person 1 gets Good A, which is worth 70 to them.
* Person 2 gets Good B, which is worth 40 to them.

**Equitable Money Distribution:**

Since the available money is equivalent in value to the goods, allocating all 50 units to Person 2 ensures that the total value received by both individuals is equal.

* Person 1 receives a good worth 70 and 0 units of money, for a total value of 70.
* Person 2 receives a good worth 40 and 50 units of money, which is also worth 40.

**Fairness:**

This allocation is fair because it:

* Maximizes the total value of the goods allocated.
* Distributes the available money equitably, ensuring that both individuals receive the same total value.
* Respects the different values that each individual places on the goods.

**Alternative Fair Allocation:**

If the goal was to maximize the minimum value allocation, an alternative fair allocation could be:

* Person 1 receives Good A (value: 70) and 25 units of money.
* Person 2 receives Good B (value: 40) and 25 units of money.

This allocation ensures that both individuals receive a total value of 95, maximizing the worst-case scenario for fairness.",0,1,2,0,50
81,"**Fair Allocation:**

**Person 1:**

* Good A: 70
* Good B: 0
* Money: 50

**Person 2:**

* Good A: 0
* Good B: 40
* Money: 0

**Justification:**

This allocation is considered fair for the following reasons:

* **Equity:** Both individuals receive a total value of 70. Person 1 receives 70 in Good A, while Person 2 receives 40 in Good B and 30 in money, which is equivalent to 70 in total value.
* **Efficiency:** The allocation maximizes the total value received by both individuals. Throwing away Good B is inefficient, as both individuals value it.
* **Envy-Freeness:** Neither individual would prefer the allocation of the other. Person 1 values Good A more than Good B, while Person 2 values Good B more than Good A. Therefore, Person 1 is satisfied with Good A and money, while Person 2 is satisfied with Good B.
* **Money as a Compensation:** The money allocation is used to compensate Person 2 for not receiving Good A. Since money is equivalent to goods in terms of value, this allocation is considered equitable.

**Alternative Allocations:**

Other possible allocations could be:

* **Splitting Goods:** Allocate half of Good A to each person and half of Good B to each person. This allocation would result in each individual receiving 35 in both goods.
* **Give Good A to Person 2:** Allocate Good A to Person 2 and Good B and money to Person 1. This allocation would result in Person 2 receiving 100 and Person 1 receiving 30.

However, these alternative allocations are not as fair as the proposed allocation because they either violate equity or efficiency.",0,1,2,50,0
82,"**Fair Allocation:**

* Allocate Good A to Person 1.
* Allocate Good B to Person 2.
* Allocate 20 units of money to Person 1.
* Allocate 30 units of money to Person 2.

**Explanation:**

This allocation results in both Person 1 and Person 2 receiving a total value of 100 units. Person 1 receives 70 units from Good A and 30 units from the money allocated. Person 2 receives 60 units from Good B and 40 units from the money allocated.

This allocation considers the following principles of fairness:

* **Equal Value:** Both individuals receive the same total value of goods and money.
* **Priority for High-Valued Goods:** Good A, which has the highest value for Person 1, is allocated to them. Good B, which has the highest value for Person 2, is allocated to them.
* **Compensation with Money:** To compensate for receiving the lower-valued good, Person 1 receives more money than Person 2.

This allocation ensures that both individuals receive a fair share of the available resources, considering their individual preferences and the available amount of money.",0,1,2,20,30
83,"**Fair Allocation:**

* **Good A:** Person 1 (value 70)
* **Good B:** Person 2 (value 40)
* **Money:**
    * Person 1: 20 units
    * Person 2: 30 units

**Rationale:**

This allocation ensures that each person receives the good that they value the most. Person 1 gets Good A, which they value at 70, while Person 2 gets Good B, which they value at 40.

The remaining 50 units of money are divided between the individuals to ensure that they receive an equal amount of overall value. Person 1 receives 20 units of money, which is equal to the value of Good A minus the value of Good B (70 - 50). Person 2 receives 30 units of money, which is equal to the value of Good B (40).

This allocation satisfies the following criteria:

* **Envy-freeness:** Neither person envies the allocation of the other person because they each have the good that they value the most and an equal amount of money.
* **Equity:** The value received by each person is proportional to their original valuations.
* **Efficiency:** All goods and money are fully allocated, maximizing the total value received by all individuals.",0,1,2,20,30
84,"To determine a fair allocation that takes into account both the value individuals place on the goods and the total value of the money available, I would use the following steps:

1. Calculate the total value of the goods for each person.

Person 1:
Good A: 70 units of value
Good B: 30 units of value
Total: 100 units of value

Person 2:
Good A: 60 units of value
Good B: 40 units of value
Total: 100 units of value

2. Since the total value of the goods is the same for both individuals, and the money available is worth exactly as much as a good of the same value, the fairest allocation would be to give each person goods worth 50 units of value and give them 50 units of money. 

For instance, this could be:

Person 1:
Good B (worth 30 units of value)
20 units of money (worth 20 units of value)
Total: 50 units of value

Person 2:
Good A (worth 60 units of value)
-0- units of money (worth 0 units of value)
Total: 50 units of value

*Please note that there are other allocations which would also be fair, and the 'best' allocation depends on the importance placed on the goods versus the money.*",0,2,1,20,0
85,"**Fair Allocation:**

**Person 1:**

* Good A (Value: 70)
* Money: 15

**Person 2:**

* Good B (Value: 40)
* Money: 35

**Reasoning:**

This allocation is considered fair because it maximizes the total value received by both individuals, while also ensuring that each person receives at least one good.

* **Total Value Maximization:** By allocating Good A to Person 1 and Good B to Person 2, we ensure that both individuals receive the goods that they value the most. This results in the highest combined value (70 + 40 = 110).
* **Fairness:** The allocation ensures that both Person 1 and Person 2 receive an amount of value that is equal to or greater than the value of the good they receive. Person 1 receives Good A, which they value at 70, and an additional 15 units of money that they value at 15. Person 2 receives Good B, which they value at 40, and an additional 35 units of money that they value at 35.

**Alternative Allocation:**

* **Person 1:** Good A (Value: 70)
* **Person 2:** Good B (Value: 40), Money (10)

While this allocation also maximizes the total value received, it is less fair because it gives Person 1 more value than Person 2. Person 1 receives 85 units of value (70 + 15), while Person 2 receives only 50 units of value (40 + 10).

Ultimately, the fairest allocation is a matter of judgment, but the one presented here balances total value maximization with fairness by ensuring that both individuals receive a roughly equal amount of value.",0,1,2,15,35
86,"**Nash Bargaining Solution**

The Nash bargaining solution is a solution concept that aims to find a fair allocation of resources that is acceptable to all parties involved. It takes into account the value that each individual places on the goods and the resources available for allocation.

In this case, the Nash bargaining solution would be to allocate Good A to Person 1 and Good B to Person 2. This allocation gives Person 1 a total value of 100 (70 for Good A + 30 for 0 units of Good B) and Person 2 a total value of 100 (60 for Good B + 40 for 0 units of Good A).

This allocation is considered fair because it gives both individuals an equal share of the total value of the goods. Additionally, it is individually rational, meaning that neither individual would be willing to accept a different allocation that gives them a lower total value.

**Utilitarian Solution**

The utilitarian solution is a solution concept that aims to maximize the total utility of all individuals involved. In this case, the utilitarian solution would be to allocate Good A to Person 1 and Good B to Person 2, and give Person 2 an additional 10 units of money.

This allocation gives Person 1 a total utility of 80 (70 for Good A + 10 for money) and Person 2 a total utility of 110 (60 for Good B + 40 for money + 10 for additional money).

This allocation is considered fair because it maximizes the total utility of both individuals. However, it is not individually rational for Person 1, who would prefer to receive Good B instead of Good A and no additional money.

**Allocation Considering Fairness and Efficiency**

Another approach to determining a fair allocation is to consider both fairness and efficiency. In this case, a fair and efficient allocation could be to allocate Good A to Person 1 and Good B to Person 2, and give Person 1 an additional 5 units of money.

This allocation gives Person 1 a total value of 75 (70 for Good A + 5 for money) and Person 2 a total value of 105 (60 for Good B + 40 for money). It is a compromise between the Nash bargaining solution and the utilitarian solution, and it takes into account both the value that each individual places on the goods and the need to maximize the total value of the allocation.",0,1,2,5,0
87,"**Proposed Fair Allocation:**

**Good A:** Allocated to Person 1
**Good B:** Allocated to Person 2
**Money:**
* 20 units to Person 1
* 30 units to Person 2

**Justification:**

This allocation aims to achieve fairness by balancing the distribution of value and ensuring that both individuals receive a share of the available resources.

* **Equalization of Value:** With Good A allocated to Person 1 and Good B allocated to Person 2, the total value received by each individual is equal: 70 + 20 = 90 for Person 1 and 60 + 30 = 90 for Person 2.
* **Fair Distribution of Remaining Value:** The remaining 50 units of money are divided between the individuals based on the difference in their valuations for the goods they received. Person 1 receives less money for receiving the higher-valued Good A, while Person 2 receives more money to compensate for receiving the lower-valued Good B.

**Consideration of Alternatives:**

* **Equal Split:** Allocating one good to each person and splitting the money evenly would result in both individuals receiving 85 units of value. However, this allocation does not account for the significant difference in the individuals' valuations of the goods, potentially leaving one person feeling unfairly compensated.
* **Auction:** Holding an auction for both goods would allow each individual to bid based on their valuations. While this approach could ensure that the goods go to the individuals who value them most, it may not guarantee a fair distribution of resources, especially if one individual has significantly more bidding power than the other.",0,1,2,20,30
88,"**Fair Allocation of Goods and Money**

**Goal:** Determine a fair allocation of goods and money that satisfies the preferences and values of both Person 1 and Person 2.

**Allocation:**

* **Good A:** Person 1
* **Good B:** Person 2
* **Money:**
    * Person 1: 20 units
    * Person 2: 30 units

**Rationale:**

This allocation aims to maximize the total value obtained by both individuals while respecting their preferences.

* **Good A:** Person 1 values Good A at 70, while Person 2 values it at 60. Giving Good A to Person 1 ensures a higher total value for the good.

* **Good B:** Person 2 values Good B at 40, while Person 1 values it at 30. Allocating Good B to Person 2 provides a higher total value for this good.

* **Money:** The allocation of money reflects the relative value of the goods. Person 1 receives 20 units of money, which is equivalent to 2/3 of Good A's value (70). Person 2 receives 30 units of money, which is equivalent to 3/4 of Good B's value (40).

**Fairness Considerations:**

* **Utilitarian Fairness:** This allocation maximizes the total value for both individuals, ensuring that the sum of their valuations is as high as possible.
* **Equity Fairness:** Both individuals receive a fair share of goods and money based on their preferences and values.
* **Needs-Based Fairness:** The allocation acknowledges that Person 2 has a higher valuation for Good B and, therefore, is given that good.

**Conclusion:**

The proposed allocation considers the individuals' preferences, values, and fairness considerations. By assigning Good A to Person 1, Good B to Person 2, and distributing the money accordingly, it aims to ensure a fair and equitable distribution of resources.",0,1,2,20,30
89,"**Nash Bargaining Solution**

The Nash Bargaining Solution (NBS) is a cooperative game theory solution concept that aims to find a fair allocation that maximizes the product of the individual utilities. In this case, the NBS solution is:

* Person 1 receives Good A and 25 units of money.
* Person 2 receives Good B and 25 units of money.

**Calculation:**

The NBS solution is calculated by maximizing the following product:

```
(Utility of Person 1) * (Utility of Person 2)
```

where the utility of each person is given by the sum of their valuations for the goods they receive and the money they receive.

* For Person 1, the utility is: 70 (Good A) + 25 (money) = 95
* For Person 2, the utility is: 40 (Good B) + 25 (money) = 65

The product of these utilities is 6175.

**Fairness Considerations:**

The NBS solution is considered fair because it:

* **Maximizes joint utility:** It ensures that the total utility of both individuals is as high as possible.
* **Treats individuals equally:** Both individuals receive an equal share of the available resources (25 units of money each).
* **Reflects preferences:** The allocation gives each individual the good they value more highly.

**Additional Considerations:**

While the NBS solution is a widely accepted fairness criterion, it may not be suitable in all situations. For example:

* **Envy-freeness:** The NBS solution is not envy-free, meaning that one person may prefer the allocation the other person receives.
* **Equity:** Some may argue that the allocation of money should be more equal, such as giving each person 20 units instead of 25.",0,1,2,25,25
90,"**Fair Allocation Proposal:**

**Goods Allocation:**

* Person 1 receives Good A.
* Person 2 receives Good B.

**Monetary Allocation:**

* Person 1 receives 20 units of money.
* Person 2 receives 30 units of money.

**Rationale:**

This allocation is fair because it maximizes the total utility of both individuals while respecting their individual preferences:

* Person 1 values Good A more highly than Good B and has the highest value for Good A (70). Allocating Good A to Person 1 gives them the highest satisfaction.
* Person 2 values Good B more highly than Good A and has a higher value for Good B (40) than Person 1. Giving Good B to Person 2 maximizes their satisfaction.
* The monetary allocation ensures that both individuals receive a fair share of the available resources. Person 1 receives 20 units of money, which is equivalent to the value of Good A. Person 2 receives 30 units of money, which is equivalent to the value of Good B plus an additional amount to compensate for the slightly lower value they place on Good B compared to Person 1's value for Good A.

This allocation strikes a balance between fairness and individual preferences, resulting in an outcome that both Person 1 and Person 2 could reasonably consider to be just.",0,1,2,20,30
91,"**Fair Allocation**

Given the values and resources available, I propose the following fair allocation:

**Person 1 receives:**

* Good A (value: 70)

**Person 2 receives:**

* Good B (value: 40)
* 10 units of money (value: 10)

**Rationale:**

This allocation achieves fairness by considering both the individuals' preferences and the value of the goods and money.

* **Individuals' Preferences:** Person 1 values Good A more than Good B, while Person 2 values Good B more than Good A. By giving each person the good they value most, we satisfy their individual preferences.

* **Value Equivalence:** The total value of the goods and money allocated to each person is equal. Person 1 receives a good worth 70 and no money, while Person 2 receives a good worth 40 and 10 units of money. This ensures an equitable distribution of resources.

* **Efficiency:** No goods or money are wasted. All goods are allocated, and the remaining money is distributed fairly among the individuals.

**Alternative Allocations**

Other possible fair allocations include:

* **Person 1 receives:** Good A, 20 units of money
* **Person 2 receives:** Good B, 30 units of money

* **Person 1 receives:** Good B, 25 units of money
* **Person 2 receives:** Good A, 25 units of money

Ultimately, the choice of allocation depends on the specific fairness criteria and preferences of those involved. The proposed allocation, however, provides a reasonable balance between equity, efficiency, and individual satisfaction.",0,1,2,0,10
92,"To determine a fair allocation of the goods and money, we can consider the following steps:

1. **Calculate the total value of the goods:** The total value of the goods is (70 + 30) + (60 + 40) = 200 units.

2. **Allocate the goods:** 
 - Since Good A is more valuable to Person 1, we can allocate Good A to Person 1.
 - Since Good B is more valuable to Person 2, we can allocate Good B to Person 2.
 
3. **Allocate the money:** The remaining value to be allocated is 200 - 70 - 40 = 90 units. 
 - To ensure fairness, we can allocate 45 units of money to each person, as this represents half of the remaining value.

**Final Allocation:**

* Person 1 receives Good A and 45 units of money.
* Person 2 receives Good B and 45 units of money.

This allocation considers both the preferences of the individuals involved and the total value of the resources available. It provides each person with a fair share of the value and ensures that the total value is fully utilized.",0,1,2,45,45
93,"**Proposed Allocation:**

* Person 1 receives Good A and 20 units of money.
* Person 2 receives Good B and 30 units of money.

**Justification:**

This allocation aims to maximize the total utility (value) for both individuals, while considering the indivisibility of goods and the divisibility of money.

**Utility Calculations:**

* **Person 1:** Value of Good A = 70 + Value of Money = 20 = 90
* **Person 2:** Value of Good B = 40 + Value of Money = 30 = 70

**Fairness Considerations:**

* **Equity:** Both individuals receive roughly equal total utility (90 and 70).
* **Efficiency:** No goods are wasted, and all available resources (money) are allocated.
* **Individual Autonomy:** The allocation respects the individuals' different preferences for goods and money.
* **Transparency:** The decision-making process is clear and can be understood by both individuals.
* **Impartiality:** The allocator does not have any biases or personal preferences towards either individual.

**Advantages:**

* Maximizes overall utility for both individuals.
* Ensures that both individuals receive a fair share of resources.
* Promotes transparency and accountability in the allocation process.

**Disadvantages:**

* May not be considered perfectly fair by both individuals, as they have different valuations for the goods.
* May not account for other factors that could influence the fairness of the allocation, such as need or entitlement.",0,1,2,20,30
94,"**Proposed Allocation:**

* **Good A:** Allocate to **Person 1**
* **Good B:** Allocate to **Person 2**
* **Money:**
    * Allocate 10 units to **Person 1**
    * Allocate 40 units to **Person 2**

**Rationale:**

This allocation considers both the values of the individuals for the goods and their total available resources.

* **Goods:** Person 1 values Good A more than Good B, while Person 2 values Good B more than Good A. Thus, allocating Good A to Person 1 and Good B to Person 2 maximizes their combined satisfaction.

* **Money:** Person 2 values Good B more than Person 1. However, Person 1 has a higher total value for both goods. Therefore, allocating more money to Person 2 (who values Good B more) ensures a more equitable distribution of resources.

**Total Value for Each Individual:**

* **Person 1:** Good A (70) + Money (10) = **80**
* **Person 2:** Good B (40) + Money (40) = **80**

This allocation results in a fair distribution of both goods and money, with each person receiving a total value of 80 units, which is equivalent to the value of both goods combined.",0,1,2,10,40
95,"**Fair Allocation:**

**Person 1:**
* Good A
* 20 units of money

**Person 2:**
* Good B
* 30 units of money

**Reasoning:**

This allocation is considered fair for the following reasons:

* **Equity:** Both individuals receive a good that they value highly. Person 1 values Good A more than Good B, while Person 2 values Good B more than Good A.
* **Efficiency:** The allocation maximizes the total utility (value) of the goods. Person 1's value for Good A is 70, and Person 2's value for Good B is 40. This allocation results in a total utility of 110.
* **Indivisibility:** The goods are indivisible, so they cannot be divided into smaller units. This allocation ensures that both parties receive a whole good.
* **Monetary Compensation:** The 50 units of money are used to compensate the individuals for the difference in their valuations. Person 1 receives 20 units to compensate for the lower value of Good B, while Person 2 receives 30 units to compensate for the lower value of Good A.
* **Pareto Optimality:** This allocation is Pareto optimal, meaning that there is no other allocation that would make both parties better off without making one of them worse off.",0,1,2,20,30
96,"**Fair Allocation:**

**Good A:**

* Person 1 receives Good A.
* Person 2 receives 20 units of money.

**Good B:**

* Person 2 receives Good B.
* Person 1 receives 30 units of money.

**Rationale:**

This allocation aims to maximize the total value obtained by both individuals.

* **Person 1:** Values Good A at 70 and receives 20 units of money, for a total value of 90.
* **Person 2:** Values Good B at 40 and receives Good B, for a total value of 40.

The total value obtained is 130 (90 + 40), which is the maximum possible value allocation given the available goods and money.

**Justification for Fairness:**

* **Equity:** Both individuals receive a total value that is proportional to their valuations for the goods.
* **Efficiency:** The allocation maximizes the total value obtained by both individuals.
* **Incentive compatibility:** Neither individual has an incentive to misrepresent their valuations, as the allocation is based on their true valuations.
* **Simplicity:** The allocation is easy to understand and implement.",0,1,2,20,30
97,"**Option 1: Nash Bargaining Solution**

The Nash Bargaining Solution aims to find a fair allocation that maximizes the product of the individuals' utilities.

* Person 1's utility for (Good A, $30) = (70, $30) = 2100
* Person 2's utility for (Good B, $40) = (60, $40) = 2400
* Combined utility if Good A is assigned to Person 1 and Good B to Person 2: 2100 * 2400 = 5040000

Therefore, the Nash Bargaining Solution allocates Good A to Person 1 and Good B to Person 2.

**Option 2: Kalai-Smorodinsky Bargaining Solution**

The Kalai-Smorodinsky Bargaining Solution considers the individuals' disagreement points, which represent the minimum they are willing to accept.

* Person 1's disagreement point = $30 (value of Good B)
* Person 2's disagreement point = $40 (value of Good B)
* Average disagreement point = ($30 + $40) / 2 = $35

The solution allocates Good A to Person 1 and 50% of the money ($25) to Person 2. This balances the gains from the goods with the differences in disagreement points.

**Option 3: Constrained Equal-Loss Bargaining Solution**

This solution aims to minimize the loss for both individuals compared to an initial allocation.

* Initial allocation: Person 1 gets Good B, Person 2 gets Good A
* Person 1's loss: $70 (value of Good A)
* Person 2's loss: $40 (value of Good B)
* Constrained Equal-Loss Solution: Allocate Good A to Person 1 and Good B to Person 2, while equalizing their losses by giving Person 2 $20.

**Additional Considerations:**

* The solution should take into account the individuals' preferences and the availability of resources.
* It is important to consider the potential for envy or dissatisfaction among the individuals.
* The allocation should be transparent and justifiable to all parties involved.

Depending on the specific circumstances and considerations, any of these solutions could be considered fair. Ultimately, the choice of allocation should be made through a collaborative process involving the individuals involved.",0,1,2,0,0
98,"**Step 1: Calculate the total value of the goods for each person**

* Person 1: 70 (Good A) + 30 (Good B) = 100
* Person 2: 60 (Good A) + 40 (Good B) = 100

**Step 2: Determine the total value of all goods and money**

* Total value = 100 (Person 1) + 100 (Person 2) = 200

**Step 3: Allocate the goods and money in a way that maximizes the total value for both persons**

* Option 1:
    * Person 1: Good A (value: 70), 30 units of money
    * Person 2: Good B (value: 40), 20 units of money
* Option 2:
    * Person 1: Good B (value: 30), 70 units of money
    * Person 2: Good A (value: 60), 20 units of money

**Step 4: Calculate the total value for each person under both options**

* Option 1:
    * Person 1: 70 (Good A) + 30 (Money) = 100
    * Person 2: 40 (Good B) + 20 (Money) = 60
* Option 2:
    * Person 1: 30 (Good B) + 70 (Money) = 100
    * Person 2: 60 (Good A) + 20 (Money) = 80

**Step 5: Choose the option that results in the highest total value for both persons**

* In this case, Option 1 results in a total value of 160 (100 for Person 1 + 60 for Person 2), while Option 2 has a total value of 180 (100 for Person 1 + 80 for Person 2).

**Therefore, the fairest allocation is:**

* **Person 1:** Good A (value: 70) and 30 units of money
* **Person 2:** Good B (value: 40) and 20 units of money

This allocation results in the highest total value for both persons and is, therefore, considered the most equitable solution.",0,1,2,30,20
99,"**Step 1: Convert goods into monetary value**

Since money is worth exactly as much as a good of the same value for each individual, we can convert the value of the goods into monetary units:

* Good A is worth 70 units for Person 1 and 60 units for Person 2.
* Good B is worth 30 units for Person 1 and 40 units for Person 2.

**Step 2: Determine the total value of the resources**

The total value of the resources is 70 + 60 + 30 + 40 = **200 units**.

**Step 3: Calculate the fair share for each person**

The fair share for Person 1 is 200 units / 2 = 100 units.
The fair share for Person 2 is 200 units / 2 = 100 units.

**Step 4: Allocate the resources**

To determine the fairest allocation, we aim to give each person their fair share, while also considering their preferences and maximizing the total value of the allocation.

**Option 1: Allocate both goods to Person 1**

* Person 1 gets Good A (worth 70 units) and Good B (worth 30 units).
* Person 2 gets no goods.
* Person 1 receives a total of 100 units of value (70 + 30).

**Option 2: Allocate Good A to Person 1 and Good B to Person 2**

* Person 1 gets Good A (worth 70 units).
* Person 2 gets Good B (worth 40 units).
* Person 1 receives a total of 70 units of value.
* Person 2 receives a total of 40 units of value.

**Option 3: Allocate Good A and 30 units of money to Person 1, and Good B to Person 2**

* Person 1 gets Good A (worth 70 units) and 30 units of money.
* Person 2 gets Good B (worth 40 units).
* Person 1 receives a total of 100 units of value (70 + 30).
* Person 2 receives a total of 40 units of value.

**Evaluation of Options**

* Option 1 gives Person 1 their fair share, but leaves Person 2 with nothing.
* Option 2 is equitable, as both persons receive a good that they value.
* Option 3 gives both persons their fair share, while also allowing Person 1 to receive a portion of their value in money.

**Conclusion**

Option 3 is a fair and reasonable allocation that satisfies both individuals' preferences and maximizes the total value of the allocation.

**Allocation:**

* Person 1 receives Good A (worth 70 units) and 30 units of money.
* Person 2 receives Good B (worth 40 units).",0,1,2,30,0
