,Text,Tokens,Good A,Good B,Good C,Good D
0,"To determine a fair allocation of the goods, one can use various fairness criteria. In this case, we will use the **maximum Nash welfare** criterion, which aims to maximize the total value of the allocation for all individuals involved. The Nash welfare is calculated by summing the values that each person gets from the goods they receive.

To find the maximum Nash welfare allocation, we can use a greedy algorithm:

1. Start with an empty allocation.
2. For each good, find the person who values it the most.
3. Allocate the good to that person.
4. Repeat steps 2-3 until all goods have been allocated.

Using this algorithm, we get the following allocation:

* **Person 1:** Good B (value = 60)
* **Person 2:** Good C (value = 75)
* **Person 3:** Good A (value = 15), Good D (value = 20)

The total Nash welfare of this allocation is 170, which is the highest possible Nash welfare that can be achieved with the given valuations.

It is important to note that this allocation may not be considered fair by all individuals involved. For example, Person 1 may feel that they should have received Good A, which they value more than Good B. However, the maximum Nash welfare allocation is the fairest allocation according to the maximum Nash welfare criterion.",0,3,1,2,3
1,"**Fair Allocation:**

* **Person 1:** Good A and Good D
* **Person 2:** Good C
* **Person 3:** Good B

**Rationale:**

This allocation aims to maximize the total value derived from the goods while considering fairness.

* **Person 1:** Receives their highest-valued good (Good A) and a good with a relatively high value (Good D). Their total value is 20.
* **Person 2:** Receives their highest-valued good (Good C). Their total value is 75.
* **Person 3:** Receives their second-highest-valued good (Good B). Their total value is 30.

This allocation ensures that all individuals receive at least one good, with the goods being distributed according to the individuals' preferences. The total value derived from the goods is 125.

**Alternative Allocation:**

* **Person 1:** Good B and Good D
* **Person 2:** Good A and Good C
* **Person 3:** None

This allocation is also fair, as it considers the individuals' preferences. However, it results in a lower total value derived from the goods (118).

**Explanation:**

The decision of fairness is subjective and depends on the criteria used. In the given scenario, we have considered the following criteria:

* **Maximizing Value:** Allocating goods in a way that maximizes the total value derived from them.
* **Equal Distribution:** Ensuring that all individuals receive a comparable value of goods.
* **Individual Preferences:** Considering the individuals' stated values for the goods.

Based on these criteria, the initial allocation is deemed to be the fairest.",0,1,3,2,1
2,"**Allocation:**

* Person 1: Good B
* Person 2: Good C
* Person 3: Good A and Good D

**Justification:**

This allocation aims to distribute the goods in a way that maximizes the total value for all individuals while also considering fairness.

* **Total Value Maximization:**
    * Person 1: 60 (Good B)
    * Person 2: 75 (Good C)
    * Person 3: 35 (Good A) + 20 (Good D) = 55
    * **Total Value:** 190

* **Fairness:**
    * Person 1 receives their most valued good (Good B) and has the highest total value.
    * Person 2 receives their second most valued good (Good C).
    * Person 3 receives both their first and fourth most valued goods (Good A and Good D).

This allocation ensures that all individuals receive at least one good that they value highly and that the overall value for everyone is maximized. It also seems fair considering the value of goods for each individual and the fact that they get at least 1 item.",0,3,1,2,3
3,"**Fair Allocation:**

* **Good A:** Person 2
* **Good B:** Person 1
* **Good C:** Person 3
* **Good D:** Person 1

**Rationale:**

This allocation maximizes the total social welfare, which is the sum of the values that each person receives from the goods they are allocated.

* Person 1: Value of Good B (60) + Value of Good D (10) = 70
* Person 2: Value of Good A (50) = 50
* Person 3: Value of Good C (45) = 45

Total social welfare = 70 + 50 + 45 = 165

This allocation also satisfies the following fairness criteria:

* **Envy-freeness:** No person would prefer the allocation of another person if they were to switch places.
* **Pareto efficiency:** It is impossible to reallocate the goods in a way that would make one person better off without making someone else worse off.

Other possible fair allocations could include:

* **Good A:** Person 1
* **Good B:** Person 1
* **Good C:** Person 2
* **Good D:** Person 3

* **Good A:** Person 2
* **Good B:** Person 3
* **Good C:** Person 1
* **Good D:** Person 1

However, both of these allocations yield a lower total social welfare than the allocation proposed above.",0,2,1,3,1
4,"**Allocation based on total utility:**

Allocate the goods to the individuals who value them the most, resulting in the highest total utility among the three individuals.

* **Good A:** Person 2 (value: 50)
* **Good B:** Person 1 (value: 60)
* **Good C:** Person 2 (value: 75)
* **Good D:** Person 3 (value: 20)

**Total Utility:** 205

**Allocation based on proportional value:**

Allocate the goods to the individuals such that the ratio of the goods' value to the individual's total value is the same for all individuals.

* **Good A:** Person 2 (value: 50/135)
* **Good B:** Person 1 (value: 60/130)
* **Good C:** Person 2 (value: 75/135)
* **Good D:** Person 3 (value: 20/95)

**Allocation based on equity:**

Allocate the goods equally among the three individuals, even if it results in lower total utility.

* **Good A:** Person 1, Person 2, Person 3 (value: 10/3)
* **Good B:** Person 1, Person 2, Person 3 (value: 20/3)
* **Good C:** Person 1, Person 2, Person 3 (value: 15/3)
* **Good D:** Person 1, Person 2, Person 3 (value: 5/3)

**Allocation based on a compromise:**

Allocate the goods to balance the principles of total utility, proportional value, and equity.

* **Good A:** Person 2 (value: 50)
* **Good B:** Person 1 (value: 60)
* **Good C:** Person 3 (value: 45)
* **Good D:** Person 1 and Person 3 (value: 10/2)

**Note:** The fairest allocation depends on the preferences of the individuals and the importance they place on different principles, such as total utility, proportional value, equity, or a compromise.",0,2,1,3,3
5,"One possible allocation that aims to be fair is:
- Person 1 gets Good B
- Person 2 gets Good C
- Person 3 gets Good A and Good D

This allocation is fair because it gives each person at least one good that they value highly. Person 1 gets Good B, which they value at 60. Person 2 gets Good C, which they value at 75. Person 3 gets Good A, which they value at 15, and Good D, which they value at 20. This allocation also ensures that no goods are thrown away.",0,3,1,2,3
6,"**Fair Allocation of Goods**

Given the values assigned to each good by the three individuals, a fair allocation could be as follows:

* **Person 1:**
    * Good B (value: 60)
    * Good C (value: 50)
* **Person 2:**
    * Good A (value: 50)
    * Good D (value: 2)
* **Person 3:**
    * Good A (value: 15)
    * Good C (value: 45)
    * Good D (value: 20)

**Rationale:**

This allocation aims to distribute the goods in a way that maximizes the total value for all individuals.

* **Person 1** receives the goods they value the most (Good B and Good C).
* **Person 2** receives the good they value the most (Good A), and another good that is relatively low-value to them (Good D).
* **Person 3** receives two lower-value goods (Good A and Good C), but also receives the highest-value good for them (Good D).

**Alternative Allocations:**

Other fair allocations could be considered, depending on the specific preferences and values of the individuals involved. For example:

* **Allocation 1:**
    * Person 1: Good B, Good D
    * Person 2: Good A, Good C
    * Person 3: Good C, Good D
* **Allocation 2:**
    * Person 1: Good B, Good C
    * Person 2: Good A, Good D
    * Person 3: Good A, Good B

Ultimately, the fairest allocation will depend on the individual circumstances and preferences of those involved.",0,1,1,1,2
7,"**Step 1: Calculate the Proportional Values**

For each good, calculate the total value assigned by all three individuals:

* Good A: 10 + 50 + 15 = 75
* Good B: 60 + 3 + 30 = 93
* Good C: 50 + 75 + 45 = 170
* Good D: 10 + 2 + 20 = 32

For each person, calculate the percentage of their total value for each good:

* Person 1:
    * Good A: 10/75 = 0.1333
    * Good B: 60/93 = 0.6452
    * Good C: 50/170 = 0.2941
    * Good D: 10/32 = 0.3125
* Person 2:
    * Good A: 50/75 = 0.6667
    * Good B: 3/93 = 0.0323
    * Good C: 75/170 = 0.4412
    * Good D: 2/32 = 0.0625
* Person 3:
    * Good A: 15/75 = 0.2000
    * Good B: 30/93 = 0.3226
    * Good C: 45/170 = 0.2647
    * Good D: 20/32 = 0.6250

**Step 2: Determine the Fair Allocation**

The goal is to allocate the goods in a way that gives each person a total value that is closest to their proportional value.

* **Good A:** Since Person 2 has the highest proportional value (0.6667), allocate Good A to them.
* **Good B:** Person 1 has the highest proportional value (0.6452), so allocate Good B to them.
* **Good C:** Person 2 also has the highest proportional value (0.4412), so allocate Good C to them.
* **Good D:** Person 3 has the highest proportional value (0.6250), so allocate Good D to them.

**Fair Allocation:**

* Person 1 receives Good B.
* Person 2 receives Goods A and C.
* Person 3 receives Good D.

**Evaluation:**

* Person 1 receives a total value of 60, which is equal to their proportional value (0.6452).
* Person 2 receives a total value of 128, which is slightly higher than their proportional value (0.5000).
* Person 3 receives a total value of 55, which is slightly lower than their proportional value (0.5000).

This allocation considers the individual values of each person and tries to distribute the goods in a way that provides a fair share to each.",0,2,1,2,3
8,"From the information provided, we can compute the total value of the goods for each person:
- Person 1: 10 + 60 + 50 + 10 = 130
- Person 2: 50 + 3 + 75 + 2 = 130
- Person 3: 15 + 30 + 45 + 20 = 110

One possible allocation that aims for fairness could be:
- Person 1 gets Good B (value 60) and Good D (value 10), for a total value of 70
- Person 2 gets Good A (value 50) and Good C (value 75), for a total value of 125
- Person 3 gets Good C (value 45), for a total value of 45

This allocation gives Person 1 slightly less than their fair share, Person 2 slightly more than their fair share, and Person 3 significantly less than their fair share. However, it ensures that both Person 1 and Person 2 receive two goods, while Person 3 receives only one good. It is up to you to decide whether you consider this allocation to be fair.",0,2,1,2,1
9,"**Fair Allocation:**

**Person 1:**

* Good A: 10
* Good C: 50

**Person 2:**

* Good B: 3

**Person 3:**

* Good D: 20
* Any remaining good (e.g., Good B or Good C)

**Reasoning:**

This allocation is fair because it maximizes the total value for all individuals while ensuring that each person receives at least one good.

* **Person 1:** Receives Good A and Good C, which they value highly (10 + 50 = 60).
* **Person 2:** Receives Good B, which they value the most (3).
* **Person 3:** Receives Good D, which they value the most (20) and one of the remaining goods (Good B or Good C), which they value at least 30 or 45.

**Total Value:**

The total value of this allocation is 60 + 3 + 20 + 30 (or 45) = 113 (or 118).

**Alternative Allocations:**

Other fair allocations could include:

* **Person 1:** Good A, Good C.
* **Person 2:** Good B, Good D.
* **Person 3:** Any remaining good.

This allocation would result in a total value of 110.

Ultimately, the fairest allocation is subjective and depends on the importance placed on different values and the equity desired among individuals. The allocation presented above is one that balances these factors and ensures a reasonable distribution of goods.",0,1,2,1,3
10,"In order to determine a fair allocation, I will use the following steps:
1. **Calculate the total value of each good.** To do this, I will add up the values that each person has for each good. The total value of Good A is 75 (10+50+15), the total value of Good B is 93 (60+3+30), the total value of Good C is 170 (50+75+45), and the total value of Good D is 32 (10+2+20).
2. **Allocate the goods to the people who value them the most.** To do this, I will start with the good that has the highest total value, which is Good C. I will give Good C to Person 2, who values it the most (75). Next, I will allocate Good B to Person 1, who values it the most (60). Then, I will allocate Good A to Person 3, who values it the most (15). Finally, I will allocate Good D to Person 2, who values it the most (2).
3. **Check to see if the allocation is fair.** To do this, I will calculate the total value of the goods that each person has received. Person 1 has received Goods A and B, which have a total value of 70. Person 2 has received Goods C and D, which have a total value of 77. Person 3 has received Good A, which has a total value of 15. The allocation is fair because each person has received goods that have a total value that is close to the average total value of the goods (74).

The allocation that I have determined is fair because it takes into account the value that each person has for each good. Each person has received goods that they value highly, and the total value of the goods that each person has received is close to the average total value of the goods.",0,3,1,2,2
11,"**Fair Allocation of Goods**

**Step 1: Calculate the Total Value for Each Good**

Total value for Good A = 10 + 50 + 15 = 75
Total value for Good B = 60 + 3 + 30 = 93
Total value for Good C = 50 + 75 + 45 = 170
Total value for Good D = 10 + 2 + 20 = 32

**Step 2: Calculate the Proportional Share for Each Person**

Person 1's proportional share = 75 + 93 + 170 + 32 = 370 / 4 = 92.5
Person 2's proportional share = 75 + 93 + 170 + 32 = 370 / 4 = 92.5
Person 3's proportional share = 75 + 93 + 170 + 32 = 370 / 4 = 92.5

**Step 3: Determine the Fair Allocation**

Since the goods are indivisible, we need to allocate goods in a way that gets as close to each person's proportional share as possible.

**Allocation:**

* **Person 1:** Good B (value = 60) + Good D (value = 10)
* **Person 2:** Good C (value = 75) + Good D (value = 2)
* **Person 3:** Good A (value = 15) + Good C (value = 45)

**Total Value Allocated to Each Person:**

* Person 1: 60 + 10 = 70
* Person 2: 75 + 2 = 77
* Person 3: 15 + 45 = 60

**Justification:**

This allocation is fair because it approximates the proportional share for each person as closely as possible given the indivisibility of the goods. Person 1 receives a total value of 70, slightly below their proportional share of 92.5. Person 2 receives a total value of 77, slightly above their proportional share. Person 3 receives a total value of 60, also slightly below their proportional share. However, no other allocation can achieve a more equitable distribution without throwing away goods.",0,3,1,2,1
12,"**Proposed Allocation:**

* **Person 1:** Good B, Good D
* **Person 2:** Good A, Good C

**Justification:**

This allocation aims to achieve a balance in terms of total value for each individual while also considering their individual preferences and values for the goods.

* **Person 1:** Receives a total value of 70 (60 + 10), which is the highest among the three individuals. This is achieved by allocating Goods B and D, which are their most valuable goods.
* **Person 2:** Receives a total value of 125 (50 + 75), which is slightly higher than the midpoint between Person 1 and Person 3. This allocation recognizes their high value for Good A and Good C.
* **Person 3:** Receives a total value of 80 (30 + 45). While this is slightly lower than the other two individuals, it still takes into account their highest-valued goods, Good B and Good C.

**Rationale for Excluding Good A from Person 3's Allocation:**

* Person 3's value for Good A (15) is significantly lower than the values of Person 1 (10) and Person 2 (50).
* Allocating Good A to Person 3 would result in a smaller net gain in utility compared to allocating it to Person 1 or Person 2.
* By allocating Goods B and C to Person 3, they receive a higher total value while still receiving their second highest-valued good (Good B).

**Note:**

This allocation is just one possible solution that attempts to achieve fairness. Other allocations may also be considered fair depending on the specific priorities and values of the individuals involved.",0,2,1,2,1
13,"**Fair Allocation:**

* **Person 1:** Good B (value = 60)
* **Person 2:** Good C (value = 75)
* **Person 3:** Good A (value = 15) and Good D (value = 20)

**Rationale:**

This allocation aims to achieve fairness by maximizing the total value received by all individuals:

* Person 1 receives the good they value most (Good B), which is also their highest-valued good among the remaining options.
* Person 2 receives the good they value most (Good C), which is also their highest-valued good among the remaining options after allocating Good B to Person 1.
* Person 3 receives the two goods they value the most (Good A and Good D), which are higher in value than their remaining option (Good B) and would otherwise be discarded.

**Values Received:**

* Person 1: 60 (Good B)
* Person 2: 75 (Good C)
* Person 3: 35 (Good A and Good D)

**Total Value Received:**

170

This allocation achieves a higher total value for all individuals compared to other possible allocations, which would result in discarding goods or assigning goods to individuals who value them less.",0,3,1,2,3
14,"**Envy-Free Allocation:**

An envy-free allocation is one where each person would prefer their own allocation to any other person's allocation.

In this case, we can assign:

* **Good A to Person 2** (value: 50)
* **Good B to Person 1** (value: 60)
* **Good C to Person 2** (value: 75)
* **Good D to Person 3** (value: 20)

This allocation is envy-free because:

* Person 1 values Good B at 60, which is higher than the value of any other good they could receive.
* Person 2 values Good A at 50 and Good C at 75, which are higher than the values of any other goods they could receive.
* Person 3 values Good D at 20, which is higher than the value of any other good they could receive.

**Equitable Allocation:**

An equitable allocation is one where each person receives a share that is proportional to their overall valuation of the goods.

In this case, we can calculate the total value each person places on the goods:

* Person 1: 10 + 60 + 50 + 10 = 130
* Person 2: 50 + 3 + 75 + 2 = 130
* Person 3: 15 + 30 + 45 + 20 = 110

Since Person 1 and Person 2 have the same total value, we can allocate equally between them:

* **Good A to Person 2** (value: 50)
* **Good B to Person 1** (value: 60)
* **Good C to Person 2** (value: 75)
* **Good D to Person 1** (value: 10)

This allocation is equitable because each person receives goods worth half of the total value they have placed on the goods.

**Fairness Considerations:**

Ultimately, the choice of which allocation is ""fair"" depends on the specific values and priorities of the individuals involved. In this case, both the envy-free and equitable allocations could be considered fair.

The envy-free allocation ensures that no person would prefer to trade their allocation with another person, while the equitable allocation ensures that each person receives a share that is proportional to their overall valuation of the goods.",0,2,1,2,3
15,"**Fair Allocation:**

**Person 1:**
* Good B
* Good C

**Person 2:**
* Good A
* Good D

**Person 3:**
* Good A

**Rationale:**

This allocation aims to maximize the total value of the allocation while ensuring that each person receives at least one good.

* Person 1 has the highest value for Good B and Good C.
* Person 2 has the highest value for Good A and Good D.
* Person 3 has the second-highest value for Good A.

By assigning Good B and Good C to Person 1, Good A and Good D to Person 2, and Good A to Person 3, we achieve the following total value:

* Person 1: 60 + 50 = 110
* Person 2: 50 + 2 = 52
* Person 3: 15

This allocation results in a total value of 177, which is the highest possible total value given the individuals' preferences. Additionally, each person receives a good that they value highly, ensuring a fair distribution.",0,2,1,1,2
16,"**Fair Allocation of Goods**

**Problem:**

* Four individuals (Person 1, Person 2, Person 3) request a fair allocation of four indivisible goods (Good A, Good B, Good C, Good D).
* Each person values each good differently.

**Values:**

| Person | Good A | Good B | Good C | Good D |
|---|---|---|---|---|
| Person 1 | 10 | 60 | 50 | 10 |
| Person 2 | 50 | 3 | 75 | 2 |
| Person 3 | 15 | 30 | 45 | 20 |

**Fair Allocation:**

To determine a fair allocation, we can consider the following principles:

* **Equity:** Each person should receive a share of the goods that reflects their relative value preferences.
* **Efficiency:** The allocation should maximize the total value of the goods for all individuals.

**Proposed Allocation:**

Based on these principles, I propose the following allocation:

* **Person 1:** Good A and Good B
* **Person 2:** Good C
* **Person 3:** Good D

**Rationale:**

* **Equity:** This allocation considers the individuals' value preferences. Person 1 values Good B significantly more than the other two goods, so they receive it. Person 2 values Good C the most, so they receive it. Person 3 values Good D the most, so they receive it.
* **Efficiency:** This allocation maximizes the total value of the goods for all individuals. Good A and Good B together have a combined value of 70 for Person 1, Good C has a value of 75 for Person 2, and Good D has a value of 20 for Person 3. The total value of the allocation is 165, which is the highest possible value given the individuals' preferences.

**Additional Considerations:**

* This allocation could be considered fair if all individuals agree to it. However, it is possible that some individuals may prefer a different allocation.
* The concept of fairness can be subjective and may depend on the individuals' values and perspectives.
* Other allocation methods, such as the VCG mechanism or the Shapley value, could also be used to determine a fair allocation.",0,1,1,2,3
17,"**Allocation:**

* Person 1: Good B, Good C
* Person 2: Good A, Good D
* Person 3: None (not allocated any goods)

**Fairness Considerations:**

* **Equal Value Share:** This allocation ensures that Person 1 and Person 2 both receive goods with a total value of 110, which is equal to the average value of all goods (110/4 = 27.5).
* **Individual Value Maximization:** Person 1 receives their highest-valued good (Good B) and a good that they value relatively highly (Good C). Person 2 receives their highest-valued good (Good A) and a good that they value moderately (Good D).
* **Need-Based Allocation:** Person 3 does not receive any goods because their values for the goods are lower than the other two individuals. This considers their relative need for the goods and ensures that the most valuable goods go to those who value them the most.
* **Simplicity and Clarity:** The allocation is straightforward and easy to implement, with each individual receiving two specific goods.

**Rationale:**

This allocation aims to achieve a balance between fairness and economic efficiency. It ensures that both Person 1 and Person 2 receive a fair share of the total value of the goods, while considering their individual preferences and values. By not allocating any goods to Person 3, the allocation prioritizes the individuals who would benefit most from the goods.",0,2,1,1,2
18,"**Maximin Allocation:**

This allocation aims to maximize the minimum value obtained by each person.

* Allocate Good A to Person 1 (value: 10)
* Allocate Good B to Person 1 (value: 60)
* Allocate Good C to Person 2 (value: 75)
* Allocate Good D to Person 3 (value: 20)

Minimum values achieved: Person 1 (value 70), Person 2 (value 75), Person 3 (value 20)

**Nash Bargaining Solution:**

This allocation seeks to find a compromise between maximizing the product of individual values and minimizing the disagreement between parties.

* Calculate the disagreement point (value each person would get if no agreement is reached): (10, 3, 45, 2)
* Calculate the product of individual values for each possible allocation:
    * (10, 60, 50, 10) x (50, 3, 75, 2) = 18,375
    * (50, 60, 50, 10) x (3, 3, 75, 2) = 28,350
    * (10, 60, 75, 20) x (50, 3, 45, 2) = 41,250
    * (10, 60, 45, 20) x (50, 3, 75, 2) = 40,500

* The allocation with the highest product is the Nash Bargaining Solution:
    * **Allocate Good A to Person 1 (value: 50)**
    * **Allocate Good B to Person 1 (value: 60)**
    * **Allocate Good C to Person 2 (value: 75)**
    * **Allocate Good D to Person 3 (value: 20)**

**Equal Allocation (Utilitarian Allocation):**

This allocation aims to maximize the total value obtained by all individuals.

* **Allocate Good A to Person 2 (value: 50)**
* **Allocate Good B to Person 1 (value: 60)**
* **Allocate Good C to Person 3 (value: 45)**
* **Allocate Good D to Person 1 (value: 10)**

Total value achieved: 165

**Arbitrary Allocation:**

In this case, there is no clear method used to determine the allocation. The following allocation is arbitrary:

* Allocate Good A to Person 2 (value: 50)
* Allocate Good B to Person 2 (value: 3)
* Allocate Good C to Person 3 (value: 45)
* Allocate Good D to Person 1 (value: 10)

**Discussion:**

The ""fairest"" allocation depends on the specific criteria used. The Maximin Allocation ensures that the worst-off person is better off than in any other allocation, while the Nash Bargaining Solution seeks a compromise between individual values. However, the Equal Allocation may be considered fairer by some as it maximizes the total value for the group. Ultimately, the choice of allocation depends on the priorities and values of the individuals involved.",0,1,1,2,3
19,"**Fair Allocation:**

* **Good A to Person 1:** Person 1 values Good A the most (10).
* **Good B to Person 2:** Person 2 values Good B the most (60).
* **Good C to Person 3:** Person 3 values Good C the most (75).
* **Good D to Person 1:** Person 1 values Good D the most (20).

**Justification:**

This allocation maximizes the total value enjoyed by all three individuals:

* Person 1 receives goods worth 70 (Good A + Good D).
* Person 2 receives goods worth 60 (Good B).
* Person 3 receives goods worth 75 (Good C).

Additionally, this allocation is considered fair because it ensures that each person receives goods that they value highly.

**Alternative Allocation:**

Another possible fair allocation could be:

* **Good A to Person 2:** Person 2 values Good A the second most (50).
* **Good B to Person 1:** Person 1 values Good B the second most (60).
* **Good C to Person 3:** Same as above.
* **Good D to Person 3:** Person 3 values Good D the second most (20).

This allocation also results in a high total value (72) and is fair because each person receives goods that they value relatively highly. However, it does not give Person 1 the good they value the most (Good A).

Ultimately, the choice of which allocation is considered ""fairest"" depends on the subjective preferences of the individuals involved.",0,1,2,3,1
20,"**Envy-Free Allocation:**

An envy-free allocation is one where no individual prefers the bundle of goods allocated to any other individual. In this case, such an allocation does not exist.

**Pareto Efficient Allocation:**

A Pareto efficient allocation is one where it is impossible to reallocate the goods in a way that makes one individual better off without making another individual worse off. There are multiple Pareto efficient allocations in this case:

* **Allocation 1:**
    * Person 1: Good A, Good C
    * Person 2: Good B, Good D
    * Person 3: None
* **Allocation 2:**
    * Person 1: Good A, Good D
    * Person 2: Good C
    * Person 3: Good B
* **Allocation 3:**
    * Person 1: Good B
    * Person 2: Good A, Good C
    * Person 3: Good D

**Equitable Allocation:**

An equitable allocation is one that aims to provide each individual with a roughly equal share of the total value of the goods. In this case, one possible equitable allocation would be:

* **Allocation 4:**
    * Person 1: Good D (value: 20)
    * Person 2: Good A, Good B (value: 63)
    * Person 3: Good C (value: 45)

**Fairness Considerations:**

The fairness of an allocation depends on the specific criteria used to define fairness. In this case, I considered envy-freeness, Pareto efficiency, and equity. Different criteria may lead to different allocations being considered fair.

**Final Decision:**

Based on the fairness criteria considered, I would recommend **Allocation 3** as the fairest allocation. This allocation does not create envy among the individuals and allows each individual to receive a share of the goods that is roughly equal in value.",0,1,3,2,1
21,"**The Maximin Share Allocation**

This method allocates goods to individuals in such a way that the individual with the lowest total value receives the most valuable allocation.

**Steps:**

1. Calculate the total value of each good for each person:
   - Person 1: 10 + 60 + 50 + 10 = 130
   - Person 2: 50 + 3 + 75 + 2 = 130
   - Person 3: 15 + 30 + 45 + 20 = 110

2. Identify the person with the lowest total value: Person 3

3. Allocate the most valuable good (Good B) to Person 3.

4. Recalculate the total value of each good for each person:
   - Person 1: 10 + 0 + 50 + 10 = 70
   - Person 2: 50 + 0 + 75 + 2 = 127
   - Person 3: 0 + 30 + 45 + 20 = **110** (highest total value now)

5. Repeat steps 3-4 until all goods are allocated.

**Final Allocation:**

* Person 1: Good C (value: 50)
* Person 2: Good A (value: 50)
* Person 3: Good B (value: 30), Good D (value: 20)

**Explanation:**

This allocation ensures that Person 3, the individual with the lowest initial value, ends up with the highest total value (110). Person 1 and Person 2 both receive goods with values of 50. This distribution is considered fair because it minimizes the potential for envy among the individuals involved.",0,2,3,1,3
22,"**Fair Allocation:**

* **Person 1:** Good B, Good C
* **Person 2:** Good A, Good D
* **Person 3:** Not allocated any goods

**Rationale:**

This allocation aims to maximize the total value across all individuals.

* **Good A:** Person 2 values Good A the most, with a value of 50. Therefore, Good A should be allocated to Person 2.
* **Good B:** Person 1 values Good B the most, with a value of 60. Additionally, Person 3 also values Good B, but with a lower value of 30. Since Person 1 has a higher value, Good B should be allocated to Person 1.
* **Good C:** Person 2 values Good C the most, with a value of 75. Therefore, Good C should be allocated to Person 2.
* **Good D:** Person 3 values Good D the most, with a value of 20. However, Person 2 also values Good D, though with a lower value of 2. Given the higher value and the fact that Person 3 has not received any goods yet, Good D should be allocated to Person 2.

This allocation results in the following values for each person:

* Person 1: 60 + 50 = 110
* Person 2: 50 + 75 + 2 = 127
* Person 3: 0

While Person 3 does not receive any goods in this allocation, it is the fairest solution that maximizes the total value across all three individuals.",0,2,1,2,2
23,"**Fair Allocation:**

* **Good A:** Person 3
* **Good B:** Person 1
* **Good C:** Person 2
* **Good D:** Person 3

**Reasoning:**

To determine a fair allocation, we can consider the concept of ""fairness"" as it relates to this specific scenario. Fairness can be interpreted in multiple ways, but a common approach is to aim for a distribution that satisfies or balances the preferences of all involved individuals as much as possible.

In this case, the provided information suggests that Person 1 values Good B the most at 60, while Person 2 values Good C the most at 75. Similarly, Person 3 values Good D the most at 20. Therefore, allocating Good B to Person 1, Good C to Person 2, and Good D to Person 3 ensures that each person receives their most preferred good.

For Good A, the values are more varied. However, Person 3's value for Good A (15) is higher than both Person 1 (10) and Person 2 (50). Allocating Good A to Person 3 also considers the fact that Person 1 and Person 2 have already received their most preferred goods.

By assigning the goods in this way, the allocation aims to create a balance where each person receives a good that they value highly. This approach attempts to satisfy the preferences of all involved parties and could be considered a fair distribution of the goods among Person 1, Person 2, and Person 3.",0,3,1,2,3
24,"The fairest allocation of the goods, in my opinion, would be as follows:

* **Person 1:** Good B, Good D
* **Person 2:** Good A, Good C
* **Person 3:** Good A

This allocation is fair because it gives each person goods that they value highly. For example, Person 1 gets Good B, which they value at 60, and Good D, which they value at 10. This gives them a total value of 70. Person 2 gets Good A, which they value at 50, and Good C, which they value at 75. This gives them a total value of 125. Person 3 gets Good A, which they value at 15. This gives them a total value of 15.

It is difficult to perfectly balance the total value of each person's allocation, as some goods are valued significantly higher than others. Nevertheless, this split takes into account the individual preferences of each person and ensures that no one person receives a disproportionately large share of the total value.

Here is a summary of the allocation and the total value for each person:

| Person | Goods | Total Value |
|---|---|---|
| Person 1 | Good B, Good D | 70 |
| Person 2 | Good A, Good C | 125 |
| Person 3 | Good A | 15 |",0,2,1,2,1
25,"**Fair Allocation:**

**Person 1:**
* Good A (value: 10)
* Good B (value: 60)

**Person 2:**
* Good C (value: 75)
* Good D (value: 2)

**Person 3:**
* Good D (value: 20)

**Goods Not Allocated:**
* Good C (value: 45)

**Rationale:**

This allocation aims to balance the total value received by each person, rather than focusing solely on maximizing the value of each individual's highest-valued good.

* Person 1 receives two goods with a combined value of 70, the highest total value among all individuals.
* Person 2 receives two goods with a combined value of 77.
* Person 3 receives one good with a value of 20, the lowest total value, but this is balanced by the fact that Person 3 has the lowest-valued good among all individuals (Good D, value 2).

By not allocating Good C, we ensure that the total value received by each person is as close as possible, with a difference of only 7 between the highest and lowest total values.

**Additional Considerations:**

This allocation is just one possible solution that aims for fairness. Other factors that could be considered include:

* **Equity:** Allocating an equal number of goods to each person.
* **Efficiency:** Maximizing the total value received by all individuals.
* **Individual needs:** Taking into account the specific circumstances or needs of each individual.
* **Social norms or preferences:** Considering cultural or societal expectations about fair allocations.",0,1,1,None,3
26,"**Allocation:**

* **Person 1:** Good A and Good D
* **Person 2:** Good C
* **Person 3:** Good B

**Explanation:**

This allocation aims to maximize the total value of the goods for all three individuals.

* **Person 1:** Gets their highest valued goods (A and D) with a total value of 20.
* **Person 2:** Gets their highest valued good (C) with a total value of 75.
* **Person 3:** Gets their second highest valued good (B) with a total value of 30.

Alternatively, if we wanted to minimize the disparity in value, we could allocate:

* **Person 1:** Good A and Good B
* **Person 2:** Good C
* **Person 3:** Good D

This allocation gives the following total values:

* **Person 1:** 70
* **Person 2:** 75
* **Person 3:** 20

In this case, the difference in value between the highest and lowest valued allocation is 55, compared to 95 in the previous allocation.

Ultimately, the fairest allocation depends on the specific criteria and priorities considered. In this case, I have prioritized maximizing the total value.",0,1,3,2,1
27,"**Fairness Criteria:**

* **Equal division:** Allocate an equal number of goods to each person.
* **Maximin:** Allocate goods to maximize the minimum value received by any person.
* **Proportionality:** Allocate goods in proportion to each person's total value for all goods.
* **Envy-freeness:** Allocate goods such that no person would prefer the allocation of any other person.

**Allocation Proposals:**

**Equal Division:**

* Person 1: Good A, Good D
* Person 2: Good B, Good C
* Person 3: None

This allocation satisfies the equal division criterion, but it has a low maximin value as Person 3 receives nothing.

**Maximin:**

* Person 1: Good B
* Person 2: Good C
* Person 3: Good A, Good D

This allocation maximizes the minimum value received (30) by Person 3. However, it violates equal division and proportionality.

**Proportionality:**

* Person 1: Good A (10 + 10)
* Person 2: Good C (75)
* Person 3: Good B (30) + Good D (20)

This allocation allocates goods in proportion to each person's total value. However, it violates envy-freeness as Person 2 would prefer Person 3's allocation.

**Envy-free Allocation:**

* Person 1: Good D
* Person 2: Good B
* Person 3: Good A, Good C

This allocation is envy-free as no person prefers the allocation of any other person. However, it has a low maximin value (20) and violates equal division and proportionality.

**Selection:**

Based on the fairness criteria, the allocation that best balances equity, efficiency, and envy-freeness is the **Envy-free Allocation**.

**Allocation:**

* Person 1: Good D
* Person 2: Good B
* Person 3: Good A, Good C",0,3,2,3,1
28,"To determine a fair allocation of the goods, I would use the following steps:

1. **Create a table of values.** This table will show the value that each person places on each good.

| Good | Person 1 | Person 2 | Person 3 |
|---|---|---|---|
| A | 10 | 50 | 15 |
| B | 60 | 3 | 30 |
| C | 50 | 75 | 45 |
| D | 10 | 2 | 20 |

2. **Calculate the total value of each good.** This will help us to determine which goods are most valuable to the group as a whole.

| Good | Total Value |
|---|---|
| A | 75 |
| B | 93 |
| C | 170 |
| D | 32 |

3. **Allocate the goods to the people who value them the most.** Starting with the most valuable good, we will allocate it to the person who values it the most. We will continue this process until all of the goods have been allocated.

| Good | Person | Value |
|---|---|---|
| C | Person 2 | 75 |
| B | Person 1 | 60 |
| A | Person 3 | 15 |
| D | Person 3 | 20 |

4. **Check to see if the allocation is fair.** To do this, we will calculate the total value of the goods that each person received.

| Person | Total Value |
|---|---|
| Person 1 | 70 |
| Person 2 | 75 |
| Person 3 | 35 |

As you can see, the allocation is not perfectly fair. Person 2 received the most valuable goods, while Person 3 received the least valuable goods. However, this is the fairest allocation that we could make given the values that each person placed on the goods.",0,3,1,2,3
29,"One possible allocation could be the following:

* Person 1 gets Good B.
* Person 2 gets Good C.
* Person 3 gets Goods A and D.

This allocation is fair because it gives each person the goods that they value the most. Person 1 values Good B the most, so they get Good B. Person 2 values Good C the most, so they get Good C. Person 3 values Goods A and D the most, so they get Goods A and D.

The total value of this allocation is 105, which is the sum of the values of the goods that each person receives. This is the highest possible total value that can be achieved with this set of goods and valuations.

Another possible allocation could be the following:

* Person 1 gets Good A and Good D.
* Person 2 gets Good B.
* Person 3 gets Good C.

This allocation is also fair because it gives each person two goods that they value. Person 1 values Goods A and D the most, so they get Goods A and D. Person 2 values Good B the most, so they get Good B. Person 3 values Good C the most, so they get Good C.

The total value of this allocation is also 105, which is the same as the first allocation.

Ultimately, the decision of which allocation is fairer is a matter of opinion. There is no one right answer.",0,3,1,2,3
30,"**Fair Allocation of Goods**

Given the values each person assigns to each good, I propose the following allocation:

* **Person 1:**
    * Good A
    * Good D
* **Person 2:**
    * Good B
    * Good C
* **Person 3:**
    * None

**Rationale:**

This allocation maximizes the total value obtained by the individuals as follows:

* Person 1: 10 + 10 = 20
* Person 2: 60 + 75 = 135
* Person 3: 0

While Person 3 does not receive any goods, this allocation ensures that Persons 1 and 2 receive the goods they value most, resulting in a higher overall utility.

**Alternative Allocations:**

There are other possible allocations that could be considered fair:

* **Allocation 1:**
    * Person 1: Good A, Good D
    * Person 2: Good B
    * Person 3: Good C
* **Allocation 2:**
    * Person 1: Good B, Good D
    * Person 2: Good A, Good C
    * Person 3: None

The choice of the most fair allocation depends on the specific criteria and values used to define fairness. In this case, we have prioritized maximizing the total utility obtained by the individuals.",0,1,2,2,1
31,"**Allocation:**

* **Person 1:** Good A and Good C
* **Person 2:** Good B and Good D
* **Person 3:** Not allocated any goods

**Rationale:**

This allocation is fair because it maximizes the total value of the allocation for the three individuals.

* Person 1 values Good A at 10 and Good C at 50, resulting in a total value of 60.
* Person 2 values Good B at 3 and Good D at 2, resulting in a total value of 5.
* Person 3 was not allocated any goods because their value for each good was lower than the other two individuals.

Therefore, the allocation to Person 1 and Person 2 results in the highest total value of 65, which is the fairest outcome considering the indivisibility of the goods.",0,1,2,1,2
32,"The allocation that I find to be the fairest is:

- Person 1 receives Good A and Good B.
- Person 2 receives Good C.
- Person 3 receives Good D.

This allocation is fair because it gives each person their most preferred good and also one more good. 

The total value of the goods for each person is:

- Person 1: 10 + 60 = 70
- Person 2: 75
- Person 3: 20

This allocation gives Person 2 the highest total value, but this is fair because Person 2 has the highest value for Good C, which is the most valuable good.",0,1,1,2,3
33,"**Fair Allocation:**

To determine a fair allocation, we can use a method called **the Adjusted Winner Procedure**:

1. **Normalize the values:** Divide each person's value for each good by the sum of their values for all goods. This gives us the following:

| Person | Good A | Good B | Good C | Good D |
|---|---|---|---|---|
| Person 1 | 0.11 | 0.66 | 0.55 | 0.11 |
| Person 2 | 0.22 | 0.01 | 0.33 | 0.01 |
| Person 3 | 0.16 | 0.33 | 0.49 | 0.22 |

2. **Find the adjusted winners:** For each good, the adjusted winner is the person with the highest normalized value. In this case:

| Good | Adjusted Winner |
|---|---|
| Good A | Person 2 |
| Good B | Person 1 |
| Good C | Person 2 |
| Good D | Person 3 |

3. **Allocate the goods:** Allocate each good to its adjusted winner. This gives us the following allocation:

| Person | Good A | Good B | Good C | Good D |
|---|---|---|---|---|
| Person 1 |  | Good B |  |  |
| Person 2 | Good A |  | Good C |  |
| Person 3 |  |  |  | Good D |

**Reasoning for Fairness:**

* **Efficiency:** This allocation maximizes the total value of the goods for the individuals involved. The sum of the normalized values for the allocated goods is 1.67, which is the highest possible value.
* **Equity:** Each person receives at least one good that they value more than the others.
* **Envy-freeness:** No person envies the allocation of any other person.

**Alternative Allocations:**

While the Adjusted Winner Procedure is one way to determine a fair allocation, other methods could also be considered, such as:

* **Equal allocation:** Each person receives one good.
* **Proportional allocation:** Each person receives a share of each good proportional to their normalized values.
* **Priority allocation:** Goods are allocated to individuals based on their most preferred goods.

The choice of allocation method depends on the specific circumstances and priorities of the individuals involved.",0,2,1,2,3
34,"**Step 1: Normalize the Values**

To compare the values across different individuals, we normalize them by dividing each value by the sum of all values for that person. This gives us the following normalized values:

| Person | Good A | Good B | Good C | Good D |
|---|---|---|---|---|
| Person 1 | 0.143 | 0.857 | 0.714 | 0.143 |
| Person 2 | 0.250 | 0.015 | 0.375 | 0.010 |
| Person 3 | 0.200 | 0.400 | 0.600 | 0.267 |

**Step 2: Calculate the Total Normalized Value for Each Good**

This gives us the following total normalized values for each good:

| Good | Normalized Value |
|---|---|
| A | 0.593 |
| B | 1.272 |
| C | 1.689 |
| D | 0.420 |

**Step 3: Allocate Goods Based on Normalized Values**

Since the goods are indivisible, we can only allocate them to the person with the highest normalized value for that good. This gives us the following allocation:

| Person | Good A | Good B | Good C | Good D |
|---|---|---|---|---|
| Person 1 | **Good A** | **Good B** | **Good C** | |
| Person 2 | | | | **Good D** |
| Person 3 | | | | **Good D** |

**Justification:**

This allocation maximizes the total normalized value for the goods allocated. It assigns Good C to Person 1, who has the highest normalized value for it (0.714). Similarly, Good B goes to Person 1 (0.857), Good A to Person 1 (0.143), and Good D to Person 2 and 3 (0.010 and 0.267 respectively).

By allocating the goods in this way, we ensure that the overall satisfaction level among the individuals is maximized, as they receive goods that they value the most.",0,1,1,1,3
35,"**Fair Allocation:**

**Person 1:**
* Good A
* Good C

**Person 2:**
* Good B
* Good D

**Person 3:**
* Not allocated any goods

**Rationale:**

This allocation prioritizes the fairness notion that each person should receive goods that are most valuable to them.

* Person 1 values Good A and Good C the highest, so they are allocated these goods.
* Person 2 values Good B and Good D the highest, so they are allocated these goods.
* Person 3's highest value is for Good A, but it has already been allocated to Person 1. Their next highest value is for Good B, but it has been allocated to Person 2. Therefore, Person 3 is not allocated any goods.

**Additional Considerations:**

While this allocation aims to be fair by maximizing the total value for each person, it does not consider other factors such as:

* **Equity:** Whether each person receives an equal number of goods.
* **Envy-freeness:** Whether any person would prefer the allocation of another person.
* **Efficiency:** Whether the allocation maximizes the total value of the goods for all individuals.

Depending on the specific context and priorities, different allocations may be considered fairer.",0,1,2,1,2
36,"To determine a fair allocation of the goods, I will use the Adjusted Winner Procedure. This procedure aims to find an allocation that is both efficient and equitable. Here's how I will proceed:

1. **Calculate the total value of each good for all individuals:**
 - Total value of Good A = 10 + 50 + 15 = 75
 - Total value of Good B = 60 + 3 + 30 = 93
 - Total value of Good C = 50 + 75 + 45 = 170
 - Total value of Good D = 10 + 2 + 20 = 32

2. **Determine the average value of each good:**
 - Average value of Good A = 75 / 3 = 25
 - Average value of Good B = 93 / 3 = 31
 - Average value of Good C = 170 / 3 = 56.67
 - Average value of Good D = 32 / 3 = 10.67

3. **Allocate the goods to the individuals with the highest values:**
 - Good A to Person 2 (value of 50 > average value of 25)
 - Good B to Person 1 (value of 60 > average value of 31)
 - Good C to Person 2 (value of 75 > average value of 56.67)
 - Good D to Person 3 (value of 20 > average value of 10.67)

4. **Check for any remaining goods:**
 - No goods remaining

Therefore, the fair allocation of goods is as follows:

- **Person 1:** Good B
- **Person 2:** Good A and Good C
- **Person 3:** Good D

This allocation ensures that the total value of goods received by each individual is as close as possible to the average value of all goods, while also considering the individuals' preferences.",0,2,1,2,3
37,"**Pareto Efficient Allocation**

One approach to achieving a fair allocation is to use the Pareto efficiency criterion. A Pareto efficient allocation is one where it is impossible to improve the allocation of any one individual without making at least one other individual worse off.

In this case, the following allocation is Pareto efficient:

* **Person 1:** Good B, Good C
* **Person 2:** Good A
* **Person 3:** Good D

**Nash Bargaining Solution**

Another approach to fairness is the Nash bargaining solution. This solution attempts to maximize the product of the gains to each individual from the allocation.

In this case, the Nash bargaining solution is the same as the Pareto efficient allocation described above. This is because the product of the gains to each individual is maximized when Person 1 receives Goods B and C, which have a combined value of 110 for them; Person 2 receives Good A, which has a value of 50 for them; and Person 3 receives Good D, which has a value of 20 for them.

**Equal Share Allocation**

A third approach to fairness is to simply allocate the goods equally among the individuals. In this case, each individual would receive one good.

However, this allocation is not Pareto efficient because it is possible to improve the allocation for both Person 1 and Person 2 by giving them Goods B and C, respectively.

**Subjective Fairness**

Ultimately, the determination of what is a fair allocation is a subjective one. Different people may have different ideas about what constitutes fairness. The three approaches described above provide different ways of conceptualizing fairness, but there is no one right answer.",0,2,1,1,3
38,"**Allocation:**

* Good A to Person 2
* Good B to Person 1
* Good C to Person 3
* Good D to Person 2

**Rationale:**

This allocation maximizes the total value of the goods for the individuals involved, as it assigns each good to the person who values it the most.

* Person 1 values Good B the highest (60), so it is allocated to them.
* Person 2 values Good A (50) and Good D (2) more than the other goods, so both are allocated to them.
* Person 3 values Good C (45) and Good D (20) the highest, so they receive Good C.

**Total Value:**

* Person 1: 60 + 0 + 0 + 0 = 60
* Person 2: 0 + 3 + 75 + 2 = 80
* Person 3: 0 + 0 + 45 + 20 = 65
* Total Value: 205

**Justification for Fairness:**

* **Equity:** Each person receives goods that are valued equally by them.
* **Efficiency:** The allocation maximizes the total value of the goods, ensuring that all resources are used optimally.
* **Envy-Freeness:** No person would prefer the allocation of goods to any other person, as they receive the goods they value the most.

This allocation is considered fair because it balances the interests of all three individuals, ensures an equitable distribution, and maximizes the overall value of the goods.",0,2,1,3,2
39,"**Step 1: Calculate the Total Value of Goods for Each Person**

* Person 1: 10 + 60 + 50 + 10 = 130
* Person 2: 50 + 3 + 75 + 2 = 130
* Person 3: 15 + 30 + 45 + 20 = 110

**Step 2: Find the Minimum Total Value**

* Person 3 has the minimum total value of 110.

**Step 3: Allocate Goods to Meet the Minimum Value**

* To ensure fairness, we first allocate goods to meet the minimum total value.
* Let's allocate Good A to Person 3, as it has the highest value for them (15). This brings their total value to 110 + 15 = 125.

**Step 4: Allocate Remaining Goods**

* Now that Person 3 has a total value equal to the other two, we can allocate the remaining goods.
* Let's assign Good B to Person 2, as it has the lowest value for them (3) and would bring their total value closest to Person 3's. This brings their total value to 125 + 3 = 128.
* Next, let's give Good C to Person 1, as it has the second-highest value for them (50) and would bring their total value closer to Person 2's. This brings their total value to 125 + 50 = 175.
* Finally, let's allocate Good D to Person 3, since they have a higher value for it than Person 1 (20 vs. 10). This brings their total value to 125 + 20 = 145.

**Final Allocation:**

* Person 1: Good C
* Person 2: Good B
* Person 3: Good A, Good D

**Explanation:**

This allocation ensures that all individuals have a fair share of the value in the goods. Person 3, who had the lowest initial total value, received the highest-valued item (Good A) and an additional item (Good D). Person 1 received the second-highest-valued item (Good C), while Person 2 received the lowest-valued item (Good B) and an additional item (Good D). By meeting the minimum total value and then allocating the remaining goods based on value, this allocation achieves a fair distribution of goods.",0,3,2,1,3
40,"**Fair Allocation:**

**Good A:**

* Person 2 has the highest value for Good A (50), so it is allocated to them.

**Good B:**

* Person 1 has the highest value for Good B (60), so it is allocated to them.

**Good C:**

* Person 2 has the highest value for Good C (75), so it is allocated to them.

**Good D:**

* Person 3 has the highest value for Good D (20), so it is allocated to them.

**Explanation:**

This allocation is considered fair because it maximizes the total value assigned to the goods. Each person receives the good that they value the most. Person 1 receives Good B, which is their highest-valued good. Person 2 receives Good A and Good C, which are their two highest-valued goods. Person 3 receives Good D, which is their highest-valued good.

No person receives any good that they do not value at all. For example, Person 3 does not receive Good B because their value for it (30) is lower than Person 1's value (60).

This allocation also ensures that no goods are wasted. If any good were not allocated, it would have been thrown away, resulting in a loss of value.",0,2,1,2,3
41,"**Fair Allocation:**

* **Good A to Person 2:** Person 2 values Good A the highest (50), and it is not highly valued by others (10, 15).
* **Good B to Person 1:** Person 1 values Good B the highest (60), and it is not highly valued by others (3, 30).
* **Good C to Person 2:** Person 2 values Good C the highest (75), and it is not as highly valued by others (50, 45).
* **Good D to Person 3:** Person 3 values Good D the highest (20), and it is not highly valued by others (2, 10).

**Reasoning:**

This allocation ensures that each person receives the good that they value the most. By maximizing the total value of the allocation, this solution ensures fairness and prevents any one person from receiving a disproportionately high or low share of the goods.

**Value Calculation:**

The total value of the allocation is:

```
50 (Good A to Person 2) + 60 (Good B to Person 1) + 75 (Good C to Person 2) + 20 (Good D to Person 3) = 205
```

This value is higher than any other possible allocation that could be made, which further supports the fairness of this solution.",0,2,1,2,3
42,"**Allocating goods using the Adjusted Winner procedure with 3 goods:**

**Step 1: Create a table of values for each person and each good.**

| Person | Good A | Good B | Good C | Good D |
|---|---|---|---|---|
| Person 1 | 10 | 60 | 50 | 10 |
| Person 2 | 50 | 3 | 75 | 2 |
| Person 3 | 15 | 30 | 45 | 20 |

**Step 2: For each person, find the value of their most-preferred good and their least-preferred good.**

| Person | Most-preferred good | Most-preferred good value | Least-preferred good | Least-preferred good value |
|---|---|---|---|---|
| Person 1 | Good B | 60 | Good D | 10 |
| Person 2 | Good C | 75 | Good B | 3 |
| Person 3 | Good D | 20 | Good B | 30 |

**Step 3: For each person, calculate the difference between their most-preferred good value and their least-preferred good value.**

| Person | Difference |
|---|---|
| Person 1 | 50 |
| Person 2 | 72 |
| Person 3 | -10 |

**Step 4: Identify the person with the smallest difference.**

Person 3 has the smallest difference, so they are the first to receive a good.

**Step 5: Give Person 3 their most-preferred good, Good D.**

| Person | Good A | Good B | Good C | Good D |
|---|---|---|---|---|
| Person 1 | 10 | 60 | 50 | 10 |
| Person 2 | 50 | 3 | 75 | 2 |
| Person 3 | 15 | 30 | 45 | **20** |

**Step 6: Remove Good D from consideration.**

**Step 7: Repeat steps 2-6 until all goods have been allocated.**

**Iteration 2:**

| Person | Most-preferred good | Most-preferred good value | Least-preferred good | Least-preferred good value |
|---|---|---|---|---|
| Person 1 | Good B | 60 | Good A | 10 |
| Person 2 | Good C | 75 | Good B | 3 |

**Person 1 has the smallest difference, so they receive Good B.**

| Person | Good A | Good B | Good C | Good D |
|---|---|---|---|---|
| Person 1 | 10 | **60** | 50 | 20 |
| Person 2 | 50 | 3 | 75 | 2 |
| Person 3 | 15 | 30 | 45 | **20** |

**Iteration 3:**

| Person | Most-preferred good | Most-preferred good value | Least-preferred good | Least-preferred good value |
|---|---|---|---|---|
| Person 2 | Good C | 75 | Good B | 3 |

**Person 2 has the smallest difference, so they receive Good C.**

| Person | Good A | Good B | Good C | Good D |
|---|---|---|---|---|
| Person 1 | 10 | 60 | 50 | 20 |
| Person 2 | 50 | 3 | **75** | 2 |
| Person 3 | 15 | 30 | 45 | 20 |

**Iteration 4:**

| Person | Most-preferred good | Most-preferred good value | Least-preferred good | Least-preferred good value |
|---|---|---|---|---|
| Person 1 | Good A | 10 | Good D | 10 |
| Person 3 | Good A | 15 | Good B | 30 |

**Finally, Person 1 receives Good A.**

**Final Allocation:**

| Person | Good A | Good B | Good C | Good D |
|---|---|---|---|---|
| Person 1 | **10** | 60 | 50 | 20 |
| Person 2 | 50 | 3 | **75** | 2 |
| Person 3 | 15 | 30 | 45 | **20** |

This allocation gives Person 1 a total value of 60, Person 2 a total value of 128, and Person 3 a total value of 110. It is a fair allocation because it ensures that each person receives at least one good that they highly value.",0,1,1,2,3
43,"**Fair Allocation:**

* **Good A:** Person 2
* **Good B:** Person 1
* **Good C:** Person 2
* **Good D:** Person 3

**Rationale:**

This allocation aims to maximize the total value of the goods allocated to the individuals. The values assigned to each good by each person are used to determine the allocation that results in the highest total value.

* **Good A:** Person 2 values Good A the most at 50, while Person 1 and Person 3 value it at 10 and 15, respectively. Therefore, allocating Good A to Person 2 maximizes its value.
* **Good B:** Person 1 values Good B the most at 60, far higher than Person 2 and Person 3's valuations of 3 and 30, respectively. Assigning Good B to Person 1 maximizes its perceived value.
* **Good C:** Person 2 values Good C the most at 75, while Person 1 and Person 3 value it at 50 and 45, respectively. Allocating Good C to Person 2 maximizes its value.
* **Good D:** Person 3 values Good D the most at 20, slightly higher than Person 1's valuation of 10. Since assigning Good D to Person 2 would result in a lower total value, it is allocated to Person 3.

**Resulting Total Value:**

* Person 1: 60 (Good B)
* Person 2: 125 (Good A + Good C)
* Person 3: 20 (Good D)",0,2,1,2,3
44,"As a fair allocation, I would propose the following distribution:

- Person 1 receives Good B.
- Person 2 receives Good C.
- Person 3 receives Goods A and D.

This allocation results in the following total values for each person:

- Person 1: 60
- Person 2: 75
- Person 3: 45

This allocation is fair because it maximizes the total value for all three people. Person 1 gets their highest-valued item, Good B. Person 2 gets their most wanted item, Good C. Person 3 gets two items, Goods A and D, which have a combined value of 45, which is more than the value of Good C, which is 40. I considered other possible allocations, but none of them resulted in a higher total value for all three people.",0,3,1,2,3
45,"**Fair Allocation:**

**Good A:** Person 2
**Good B:** Person 3
**Good C:** Person 1
**Good D:** Person 1

**Reasoning:**

To determine a fair allocation, we can use the **Nash welfare program**. This approach aims to maximize the product of individual utilities (values) for the allocation. In this case, the Nash welfare program can be expressed as:

```
W = Value_1 * Value_2 * Value_3
```

For each person, we can calculate the total value they receive from the allocation:

**Person 1:** (0 + 50 + 10) = 60
**Person 2:** (50 + 0 + 0) = 50
**Person 3:** (0 + 30 + 20) = 50

The Nash welfare program value for this allocation is:

```
W = 60 * 50 * 50 = 1,500,000
```

This allocation maximizes the Nash welfare program value, which means it is a fair allocation that balances the interests of all three individuals.",0,2,3,1,1
46,"**Allocation:**

* **Person 1:** Good A
* **Person 2:** Good C
* **Person 3:** Good B and Good D

**Rationale:**

This allocation maximizes the total value of the goods for all three individuals, known as the social welfare.

* Person 1 gets Good A, which they value the most (10).
* Person 2 gets Good C, which they value the most (75).
* Person 3 gets Good B (30) and Good D (20), which are the two goods they value the most after Good A.

**Total Social Welfare:**

* Person 1: 10
* Person 2: 75
* Person 3: 50 (30 for Good B + 20 for Good D)
* **Total:** 135

**Other Considerations:**

* **Equity:** This allocation is equitable because it gives each person at least one good that they value highly.
* **Efficiency:** It is an efficient allocation because it maximizes the total social welfare.
* **Envy-freeness:** This allocation is not envy-free because Person 1 might envy Person 2 for getting Good C, which they value at 75. However, it is not possible to achieve an envy-free allocation with indivisible goods.

**Note:** Fairness is a subjective concept, and there may be other allocations that other individuals or groups would consider fair.",0,1,3,2,3
47,"**Fair Allocation of Goods**

* **Person 1:**
    * Good B (value: 60)
    * Good C (value: 50)
* **Person 2:**
    * Good A (value: 50)
    * Good D (value: 2)
* **Person 3:**
    * Good A (value: 15)
    * Good D (value: 20)

**Rationale:**

This allocation prioritizes the highest value for each person, while also ensuring that each person receives at least one good.

* Person 1 has a high value for Goods B and C, so they are allocated to them.
* Person 2 has a high value for Goods A, so they are allocated to them.
* Person 3 has a high value for Goods A and D, so they are allocated to them, with the additional constraint that they receive at least one good.

**Total Value by Person:**

* Person 1: 110
* Person 2: 52
* Person 3: 35

**Explanation of Fairness:**

This allocation is considered fair because:

* It maximizes the total value for all individuals combined.
* It gives each person at least one good.
* It prioritizes the highest value for each individual, without being too disadvantageous to others.

While other allocations may be possible, this one is considered to be a reasonable and equitable solution that takes into account the preferences of all individuals involved.",0,1,1,1,2
48,"**Nash Bargaining Solution**

The Nash bargaining solution is a cooperative game theory concept that aims to find a fair allocation that maximizes the product of the individual utilities. It is calculated as follows:

1. **Calculate the disagreement point:** This is the utility each person would get if no agreement is reached and the goods are not allocated. In this case, we assume a disagreement point of 0 for all individuals.
2. **Calculate the threat point:** This is the utility each person would get if they reject the proposed allocation and insist on the disagreement point. In this case, it is also 0 for all individuals.
3. **Calculate the Nash product:** This is the product of the individual utilities for each possible allocation.
4. **Maximize the Nash product:** Choose the allocation that maximizes the Nash product.

**Allocation using the Nash Bargaining Solution**

* Allocate Good A to Person 2 (Value: 50)
* Allocate Good B to Person 3 (Value: 30)
* Allocate Good C to Person 1 (Value: 50)
* Allocate Good D to Person 2 (Value: 2)

**Nash Product:** 50 (Person 2) * 30 (Person 3) * 50 (Person 1) * 2 (Person 2) = 150,000

**Justification**

This allocation maximizes the Nash product and ensures that all individuals receive utility that is well above the disagreement point. Person 2, who places a high value on Good A, gets it. Person 3, who values Good B most, gets it. Person 1, who values Good C second only to Good B, gets it. Person 2, who values Good D most, gets it as well. All individuals receive a fair share of the goods based on their preferences.",0,2,3,1,2
49,"**Allocation:**

* **Person 1:** Good A, Good D
* **Person 2:** Good C
* **Person 3:** Good B

**Reasoning:**

This allocation maximizes the total value for all individuals:

* Person 1's total value: 10 + 10 = 20
* Person 2's total value: 75
* Person 3's total value: 30 + 45 = 75

This allocation is also equitable, as it gives each person at least one good they highly value (Good A for Person 1, Good C for Person 2, and Good B for Person 3).

**Justification for discarding Good B:**

Discarding Good B ensures that the allocation is fair to everyone. If we allocate Good B to Person 1 or Person 3, it would greatly increase their total value compared to Person 2. Moreover, discarding Good B does not significantly decrease the total value for any individual.

**Alternative Allocation:**

Another fair allocation could be:

* **Person 1:** Good B, Good D
* **Person 2:** Good A, Good C
* **Person 3:** Discard Good B

This allocation also maximizes the total value and is equitable, as it gives each person at least one good they value significantly. However, it results in discarding Good B, which could be considered wasteful.",0,1,None,2,1
50,"To determine a fair allocation of the goods among the three individuals, I will use the **Maximin** (Maximizing the Minimum) criterion. This criterion aims to maximize the utility of the individual with the lowest utility.

**Step 1: Construct a Value Matrix**

| Person | Good A | Good B | Good C | Good D |
|---|---|---|---|---|
| Person 1 | 10 | 60 | 50 | 10 |
| Person 2 | 50 | 3 | 75 | 2 |
| Person 3 | 15 | 30 | 45 | 20 |

**Step 2: Find the Minimum Value for Each Individual**

* Person 1: Minimum value = 10
* Person 2: Minimum value = 2
* Person 3: Minimum value = 20

**Step 3: Maximize the Minimum Value**

The minimum value among the three individuals is 2. Therefore, we need to allocate the goods in a way that ensures that each individual receives goods worth at least 2.

**Step 4: Allocate the Goods**

* **Good A:** Person 2 (value = 50)
* **Good B:** Person 1 (value = 60)
* **Good C:** Person 3 (value = 45)
* **Good D:** Person 1 (value = 10)

**Explanation:**

This allocation satisfies the Maximin criterion as each individual receives goods worth at least 2:

* Person 1: Good B (60) + Good D (10) = 70
* Person 2: Good A (50)
* Person 3: Good C (45)

**Conclusion:**

The allocation that maximizes the minimum utility and ensures fairness among the three individuals is:

* Person 1: Good B, Good D
* Person 2: Good A
* Person 3: Good C",0,2,1,3,1
51,"**Fair Allocation:**

**Person 1:**

* Good B
* Good C

**Person 2:**

* Good A

**Person 3:**

* Good D

**Unallocated Goods:**

* None

**Justification for Fairness:**

* **Utilitarian Approach:** This allocation maximizes the sum of the individuals' values for the goods. Person 1 values Good B and C the highest, Person 2 values Good A the highest, and Person 3 values Good D the highest.
* **Equity:** Each person receives goods that they value more than the other goods. Person 1 gets their two most valuable goods, Person 2 gets their most valuable good, and Person 3 gets the good they value the most out of the remaining options.
* **Envy-Freeness:** No person envies the allocation of any other person because they receive a good(s) that they value at least as much as the goods allocated to others. For example, Person 1 values Good B more than Good A or D, which Person 2 and 3 received, respectively.
* **Pareto Efficiency:** There is no other allocation that would make one person better off without making another person worse off. If we were to give Good C to Person 2 instead of Person 1, it would increase Person 2's value but decrease Person 1's value.

**Explanation of Unallocated Goods:**

There are no unallocated goods because the allocation maximizes the total value for the individuals and ensures that each person receives goods that they value highly.",0,2,1,1,3
52,"**Allocation:**

* Good A: Person 2
* Good B: Person 1
* Good C: Person 2
* Good D: Person 3

**Justification:**

This allocation maximizes the total value of the goods to the individuals involved.

* Person 1 receives Good B, which they value at 60.
* Person 2 receives Good A and Good C, which they value at 50 + 75 = 125.
* Person 3 receives Good D, which they value at 20.

**Total Value:** 125 (Person 2) + 60 (Person 1) + 20 (Person 3) = 205

**Other Considerations:**

An alternative allocation could be:

* Good A: Person 1
* Good B: Person 1
* Good C: Person 3
* Good D: Not allocated

This allocation also results in a relatively high total value of 120 (Person 1: 70, Person 3: 50). However, it leaves Good D unallocated, which could be considered wasteful.

Ultimately, the ""fairness"" of an allocation is subjective and depends on the criteria used. The above allocation was determined by maximizing the total value, but other considerations, such as equity or need, could also be taken into account.",0,2,1,2,3
53,"**Allocating Goods Using the Adjusted Winner Procedure:**

To determine a fair allocation of the goods, we can use the Adjusted Winner Procedure:

**Step 1: Calculate the Initial Allocation:**

* Allocate each good to the person who values it the most, without considering any other goods.

**Initial Allocation:**

* Good A: Person 2 (value = 50)
* Good B: Person 1 (value = 60)
* Good C: Person 2 (value = 75)
* Good D: Person 3 (value = 20)

**Step 2: Find the ""Loser"":**

* The loser is the person who has the lowest total value for the goods they received in the initial allocation.

**Loser:** Person 1 (total value = 60)

**Step 3: Reallocate Goods:**

* Remove the loser's goods from their allocation.
* Reallocate these goods to the person who now values them the most, without violating the rule of divisibility.

**Reallocated Goods:**

* Good A: Person 1 (value = 10)
* Good B: Person 2 (value = 3)

**Step 4: Find the New ""Loser"":**

* Repeat steps 2 and 3 until no more goods can be reallocated.

**New Loser:** None

**Final Allocation:**

* Good A: Person 1 (value = 10)
* Good B: Person 2 (value = 3)
* Good C: Person 2 (value = 75)
* Good D: Person 3 (value = 20)

**Explanation:**

This allocation is considered fair because it gives each person the highest possible value for the goods they receive. The loser, Person 1, cannot be given any more goods without violating the rule of divisibility, and the other two people have received the goods they value the most. Therefore, this allocation is one that is likely to be accepted by all three individuals as being fair.",0,1,2,2,3
54,"**Fair Allocation:**

* Person 1 receives Good B (value: 60)
* Person 2 receives Good C (value: 75)
* Person 3 receives Good A (value: 15) and Good D (value: 20)

**Reasoning:**

This allocation aims to balance the overall utility (sum of values) of each individual while considering the indivisibility of the goods.

* **Person 1:** Gets their highest-valued good (Good B) and one of their moderately-valued goods (Good D). Their total value is 70.
* **Person 2:** Gets their highest-valued good (Good C) and has to give up their lowest-valued good (Good B). Their total value is also 70.
* **Person 3:** Gets two of their moderately-valued goods (Good A and Good D). Their total value is 35.

**Justification of Fairness:**

* **Equity:** Each person receives at least one good that they value relatively highly.
* **Efficiency:** The allocation maximizes the total value of goods allocated. The total value of the allocation is 175.
* **No Envy:** No individual prefers the allocation of another individual. For example, Person 1 would not prefer Person 2's allocation because they value Good B more than Good C.
* **Indivisibility:** The allocation respects the indivisibility of the goods by allocating them as wholes.

**Note:**

This is just one of many possible fair allocations. Other fair allocations could be determined using different fairness criteria or by considering additional factors such as individual needs or social equity.",0,3,1,2,3
55,"**Pareto Efficient Allocation:**

To ensure fairness, we can aim for a Pareto efficient allocation, where it is impossible to reallocate goods in a way that makes one person better off without making another person worse off.

**Possible Pareto Efficient Allocations:**

1. **Person 1 receives Good B, Person 2 receives Good C, Person 3 receives Goods A and D.**
   - Sum of values: 10 + 75 + 35 = 120
2. **Person 1 receives Goods A and B, Person 3 receives Goods C and D.**
   - Sum of values: 10 + 60 + 45 + 20 = 135

**Evaluation:**

* **Allocation 1:** This allocation gives Person 2 the highest value (75). Person 3 also receives a relatively high value (35). However, Person 1 only receives a value of 10.
* **Allocation 2:** This allocation gives all three individuals a fairly similar value (10, 60, 65). Therefore, it could be considered more equitable.

**Allocation Decision:**

Considering the Pareto efficient allocations and the aim of fairness, **Allocation 2** appears to be a more equitable option. It provides all three individuals with a reasonably high value and avoids giving any one person an excessively high or low value.

Therefore, the fairest allocation would be to give:

* **Good A to Person 1**
* **Good B to Person 1**
* **Good C to Person 3**
* **Good D to Person 3**",0,1,1,3,3
56,"**Fair Allocation:**

**Person 1:**

* Good B
* Good C

**Person 2:**

* Good A

**Person 3:**

* Good D

**Reasons for this Allocation:**

* **Utilitarian Approach:** This allocation maximizes the total value of the goods for the individuals. The total value under this allocation is 180 (10 + 60 + 50 + 60).

* **Equity Considerations:** All three individuals receive a fair share of the goods, considering their valuations. Person 1 gets two valuable goods (Good B and Good C), Person 2 gets the most valuable good (Good A), and Person 3 gets a good that is relatively more valuable to them (Good D).

* **Avoidance of Waste:** No goods are thrown away, as each one is allocated to an individual who values it sufficiently.

**Alternative Allocation:**

**Person 1:**

* Good A
* Good D

**Person 2:**

* Good B
* Good C

**Person 3:**

* None

**Reasons for this Alternative:**

* **Nash Bargaining Solution:** This allocation maximizes the product of individual utilities. The product of utilities under this allocation is 600 (50 * 3 * 20).

* **Efficiency Considerations:** This allocation ensures that all individuals receive goods that they value highly.

However, this alternative allocation may be considered less equitable, as Person 3 receives no goods, even though they have non-zero valuations for all of them.

**Conclusion:**

Ultimately, the fairest allocation will depend on the specific preferences and priorities of the individuals involved. Both the utilitarian and Nash bargaining approaches offer valid principles for fair allocation, and the choice between them may depend on the context and the values of the individuals.",0,2,1,1,3
57,"**Possible Allocation:**

* Person 1: Good A
* Person 2: Good C
* Person 3: Good B and Good D

**Reasoning:**

This allocation attempts to maximize the total value of the goods for the three individuals. It does so by giving each person the good that they value the most, when possible.

* Person 1 values Good A the most, so they receive Good A.
* Person 2 values Good C the most, so they receive Good C.
* Person 3 values Good B the most, and Good D is the second most valuable good for them, so they receive both Good B and Good D.

**Total Value:**

* Person 1: 10 (Good A)
* Person 2: 75 (Good C)
* Person 3: 50 (Good B) + 20 (Good D) = 70

Total Value: 10 + 75 + 70 = **155**

**Other Considerations:**

* This allocation is **fair** because it gives each person the goods that they value the most, as much as possible.
* This allocation is **efficient** because it maximizes the total value of the goods for the three individuals.
* This allocation is **implementable** because all four goods are allocated and none are thrown away.

**Note:** There may be other allocations that are also fair or efficient, but this is one possible allocation that meets these criteria.",0,1,3,2,3
58,"One possible fair allocation of the goods is:

* Good A to Person 2
* Good B to Person 1
* Good C to Person 2
* Good D to Person 3

This allocation gives Person 1 a total value of 70 (10+60+0+0), Person 2 a total value of 128 (0+3+75+50), and Person 3 a total value of 65 (0+0+45+20). This allocation is fair because it gives each person a similar total value of goods.

Another possible fair allocation is:

* Good A to Person 1
* Good B to Person 3
* Good C to Person 1
* Good D to Person 2

This allocation gives Person 1 a total value of 70 (10+60+0+0), Person 2 a total value of 55 (0+0+0+55), and Person 3 a total value of 65 (0+30+0+45). This allocation is fair because it also gives each person a similar total value of goods, but it gives Person 3 Good B, which they value more than Person 1 does.

Ultimately, the fairest allocation of goods depends on the specific values that each person places on each good. There is no one right answer, and the best allocation is the one that is agreed upon by all of the parties involved.",0,2,1,2,3
59,"**Nash Bargaining Solution (NBS)**

The Nash Bargaining Solution is a cooperative game theory concept that aims to find a fair and efficient outcome by maximizing the product of the utilities of all individuals involved.

In this case, we can apply the NBS to determine the fair allocation of the goods:

**1. Calculate the Utility Functions:**

For each person, construct a utility function that represents their preferences for the goods:

- Person 1: U(A) = 10, U(B) = 60, U(C) = 50, U(D) = 10
- Person 2: U(A) = 50, U(B) = 3, U(C) = 75, U(D) = 2
- Person 3: U(A) = 15, U(B) = 30, U(C) = 45, U(D) = 20

**2. Calculate the Negotiation Set:**

This is the set of all possible Pareto-efficient allocations, where no one can be made better off without making someone else worse off.

In this case, the negotiation set consists of the following possible allocations:

- (A: Person 1, B: Person 2, C: Person 3, D: Person 1)
- (A: Person 2, B: Person 3, C: Person 1, D: Person 2)
- (A: Person 3, B: Person 1, C: Person 2, D: Person 3)

**3. Calculate the Product of Utilities:**

For each allocation in the negotiation set, calculate the product of the utilities for each person:

- (A: Person 1, B: Person 2, C: Person 3, D: Person 1): 10 x 3 x 45 x 10 = 13,500
- (A: Person 2, B: Person 3, C: Person 1, D: Person 2): 50 x 30 x 50 x 2 = 150,000
- (A: Person 3, B: Person 1, C: Person 2, D: Person 3): 15 x 60 x 75 x 20 = 180,000

**4. Select the Allocation with the Highest Product:**

The NBS allocation is the allocation that yields the highest product of utilities, which in this case is:

**Allocation: (A: Person 3, B: Person 1, C: Person 2, D: Person 3)**

**Interpretation:**

This allocation suggests that it is fair to allocate Good A to Person 3, Good B to Person 1, Good C to Person 2, and Good D to Person 3. This allocation maximizes the overall satisfaction of all three individuals involved.

It's important to note that this is just one possible fair allocation, and there may be other allocations that could be considered equitable. The fairness of an allocation ultimately depends on the preferences and values of the individuals involved.",0,3,1,2,3
60,"**Fair Allocation:**

* **Person 1:** Good A and Good D
* **Person 2:** Good C
* **Person 3:** Good B

**Rationale:**

This allocation achieves a balance of individual utility, taking into account both the value each person places on each good and the principle of equity.

* **Person 1:** Receives Good A (value of 10), which is their highest priority, and Good D (value of 10), which is their lowest priority. Their total value received is 20.
* **Person 2:** Receives Good C (value of 75), which is their highest priority. Their total value received is 75.
* **Person 3:** Receives Good B (value of 30), which is not their highest priority but still provides them with significant value. Their total value received is 30.

**Additional Considerations:**

* **Envy-Free:** No person has a stronger preference for any good allocated to another person.
* **Efficiency:** All goods are allocated, and none are thrown away.
* **Simplicity:** The allocation is straightforward and easy to understand.",0,1,3,2,1
61,"**Proposed Allocation:**

* **Person 1:** Good B
* **Person 2:** Good C
* **Person 3:** Good A and Good D

**Justification:**

This allocation aims to maximize the total value of the goods received by the individuals while considering their preferences and ensuring fairness.

* **Good A:** Person 3 values Good A the most (15), so it is allocated to them.
* **Good B:** Person 1 values Good B the most (60), so it is allocated to them.
* **Good C:** Person 2 values Good C the most (75), so it is allocated to them.
* **Good D:** Person 3 values Good D the second most (20), and it would have been left unallocated if not given to them, as both Person 1 and Person 2 value it less.

**Total Value Received:**

* Person 1: 60 (Good B)
* Person 2: 75 (Good C)
* Person 3: 35 (Good A + Good D)

**Total Value Lost (Goods Not Allocated):** 0

**Explanation:**

This allocation ensures that each individual receives a good that they value highly, maximizing overall satisfaction and minimizing waste. The total value lost due to unallocated goods is zero, demonstrating the efficiency of the allocation.

**Note:**

Other fair allocations may exist, depending on the specific preferences and priorities of the individuals involved. However, the proposed allocation is one that balances these preferences and aims to achieve a just outcome for all parties.",0,3,1,2,3
62,"**Rationale for Fair Allocation:**

The goal of fair allocation is to distribute the goods in a way that maximizes the total value to the individuals involved. To achieve this, we can use the following criteria:

* **Equity:** Ensure that each individual receives a fair share of the goods.
* **Efficiency:** Maximize the total value of the goods allocated.

**Allocation:**

Based on the provided information, the following allocation is considered fair:

* **Person 1:** Good A (value: 10) and Good B (value: 60)
* **Person 2:** Good C (value: 75) and Good D (value: 2)
* **Person 3:** Discard Good A (value: 15) and Good C (value: 45)

**Explanation:**

* Person 1 values Good B the highest (60), so they receive it.
* Person 2 values Good C the highest (75), so they receive it.
* Person 3 values Good D the highest (20), so they receive it.
* The remaining two goods (Good A and Good C) are discarded since their values to the remaining individuals are lower than the value of the goods already allocated.

**Total Value:**

The total value of the goods allocated is:

* Person 1: 10 + 60 = 70
* Person 2: 75 + 2 = 77
* Person 3: 20 = 20

**Total:** 70 + 77 + 20 = **167**

This allocation ensures that each individual receives a fair share of the goods based on their preferences. It also maximizes the total value of the goods allocated, which is 167.",0,1,1,2,3
63,"**Fair Allocation of Goods**

**Values for each person:**

| Person | Good A | Good B | Good C | Good D |
|---|---|---|---|---|
| Person 1 | 10 | 60 | 50 | 10 |
| Person 2 | 50 | 3 | 75 | 2 |
| Person 3 | 15 | 30 | 45 | 20 |

**Fair Allocation:**

* **Good A:** Person 2, who values it the highest (50)
* **Good B:** Person 1, who values it the highest (60)
* **Good C:** Person 2, who values it the highest (75)
* **Good D:** Person 3, who values it the highest (20)

**Reasoning:**

This allocation maximizes the total utility (value) of the goods for all individuals.

* Person 1 gets Good B, which they value at 60, which is their highest value among all goods.
* Person 2 gets Good A and Good C, which they value at 50 and 75 respectively, their highest values.
* Person 3 gets Good D, which they value at 20, their highest value.

By allocating the goods in this way, we ensure that each person receives a good that they value the most, leading to a fair distribution that takes into account individual preferences.",0,2,1,2,3
64,"**Step 1: Calculate the total value of the goods for each person.**

* Person 1: 10 + 60 + 50 + 10 = 130
* Person 2: 50 + 3 + 75 + 2 = 130
* Person 3: 15 + 30 + 45 + 20 = 110

**Step 2: Determine the average value of the goods.**

* Average value = (130 + 130 + 110) / 3 = 123.33

**Step 3: Allocate the goods to each person such that the value of the goods they receive is as close to the average value as possible.**

* Person 1: Good B (value = 60) + Good D (value = 10) = 70
* Person 2: Good A (value = 50) + Good C (value = 75) = 125
* Person 3: Good C (value = 45) + Good D (value = 20) = 65

**Step 4: Check if the allocation is fair.**

* Person 1: 70 is close to the average value of 123.33.
* Person 2: 125 is slightly higher than the average value of 123.33.
* Person 3: 65 is slightly lower than the average value of 123.33.

Overall, this allocation is considered fair because it gives each person a value of goods that is close to the average value.

**Alternative Allocation:**

Another fair allocation could be:

* Person 1: Good B (value = 60) + Good C (value = 50) = 110
* Person 2: Good A (value = 50) + Good D (value = 20) = 70
* Person 3: Good C (value = 75) = 75

This allocation also gives each person a value of goods that is close to the average value.",0,2,1,2,3
65,"**Utilitarian Allocation (Maximize the total value of the allocation):**

* **Person 1:** Good B (60)
* **Person 2:** Good C (75)
* **Person 3:** Good A (15)
* **Good D:** Not allocated

**Total Value:** 150

**Rawlsian Allocation (Maximize the minimum value obtained by the least fortunate individual):**

* **Person 1:** Good A (10)
* **Person 2:** Good C (75)
* **Person 3:** Good B (30)
* **Good D:** Not allocated

**Minimum Value:** 10

**Egalitarian Allocation (Equal value for all individuals):**

* **Person 1:** Good A (10), Good D (10)
* **Person 2:** Good C (75)
* **Person 3:** Good B (30)

**Equal Value:** 35

**Nash Bargaining Solution (Maximize the product of the relative gains for each individual):**

* **Person 1:** Good A (10)
* **Person 2:** Good C (75)
* **Person 3:** Good B (30)
* **Good D:** Not allocated

**Product of Relative Gains:** (10/10) * (75/75) * (30/30) = 1

**Arbitrary Allocation:**

* **Person 1:** Good B (60)
* **Person 2:** Good A (50)
* **Person 3:** Good C (45)
* **Good D:** Good D (20)

**Chosen Allocation:**

Based on the given values and considering fairness as the primary criterion, the **Rawlsian Allocation** is the most appropriate allocation. It ensures that the least fortunate individual (Person 1) receives the highest possible value (10), thereby promoting equity and reducing inequality.",0,1,3,2,None
66,"**Fair Allocation:**

**Person 1:**

* Good A (value: 10)
* Good B (value: 60)

**Person 2:**

* Good C (value: 75)

**Person 3:**

* Good D (value: 20)

**Rationale:**

This allocation is considered fair because it:

* **Maximizes Total Value:** The total value of the allocation is 165 (10 + 60 + 75 + 20), which is the highest possible value that can be achieved without giving any person multiple goods.
* **Considers Individual Values:** Each person receives at least one good that they value highly. Person 1 gets Good B, which they value the most, while Person 2 gets Good C, which is their most valuable remaining good. Person 3 receives Good D, their next highest valued good.
* **Avoids Envy:** No person envies another person's allocation, because each person receives a good that they value more than any other good available to them.
* **Fairness According to the Egalitarian Principle:** This allocation ensures that each person receives goods with a total value of at least 20, which is the average value of the four goods.",0,1,1,2,3
67,"**Nash Bargaining Solution:**

The Nash Bargaining Solution (NBS) is a widely used method for finding a fair allocation in cooperative game theory. It considers both individual preferences and the threat of disagreement (i.e., no allocation).

* **Individual Surplus:** The surplus for each person is calculated as the value of the goods they receive minus the value of the worst allocation they would accept (threat point).
* **Threat Point:** The threat point is typically assumed to be the allocation that results in zero surplus for all individuals.
* **Bargaining Range:** The bargaining range is the set of all possible allocations that yield non-negative surpluses for all individuals.
* **Product of Surpluses:** The NBS maximizes the product of individual surpluses, subject to the constraints that surpluses are non-negative and that the allocation is in the bargaining range.

**Application to the Given Problem:**

The threat point is the allocation where all individuals receive zero surplus, which is likely to be an allocation with no goods assigned to any person.

Assuming equal bargaining power:

| Person | Threat Point Surplus |
|---|---|
| Person 1 | 0 |
| Person 2 | 0 |
| Person 3 | 0 |

The bargaining range is the set of all possible allocations where all individuals have non-negative surpluses.

Using the values provided, the NBS maximizes

$$(s_1 - 0) \times (s_2 - 0) \times (s_3 - 0)$$

subject to

$$s_1 \geq 0, \ s_2 \geq 0, \ s_3 \geq 0$$

where $s_i$ is the surplus for person $i$.

Solving this optimization problem, we obtain the following allocation:

* **Person 1:** Good B
* **Person 2:** Good C (and Good A, as it yields zero surplus for Person 2 but a positive surplus for Person 1)
* **Person 3:** Good D

**Justification:**

This allocation satisfies the following criteria:

* **Individual Rationality:** All individuals have non-negative surpluses.
* **Pareto Optimality:** There is no other allocation that could improve the surplus of any individual without decreasing the surplus of another individual.
* **Fairness:** The product of individual surpluses is maximized.",0,2,1,2,3
68,"**Allocation:**

* **Person 1:** Good B, Good C
* **Person 2:** Good A
* **Person 3:** Good D

**Fairness Rationale:**

1. **Value Maximization:** This allocation maximizes the total value of the goods for the individuals involved. The total value is:
    * Person 1: 60 + 50 = 110
    * Person 2: 50 = 50
    * Person 3: 20 = 20
    * Total: 110 + 50 + 20 = 180
2. **Equity:** The allocation takes into account the different values each person places on the goods. Person 1 highly values Good B and Good C, so they receive those goods. Person 2 highly values Good A, so they receive it. Person 3 highly values Good D, so they receive it.
3. **Indivisibility of Goods:** The goods are indivisible, meaning they cannot be split among multiple individuals. This allocation ensures that each person receives at least one whole good.
4. **Transparency and Objectivity:** The allocation is based on clear and objective criteria (value maximization and equity) to ensure that there is no perceived bias or unfairness.

**Additional Considerations:**

* This allocation assumes that the individuals are truthful about their values for the goods.
* Different fairness criteria could lead to different allocations. For example, a criterion of envy-freeness would require that no person would prefer another person's allocation over their own, which might not be possible in this case.
* The allocation does not consider any social or moral factors beyond the economic value of the goods.",0,2,1,1,3
69,"**Fair Allocation:**

**Person 1:**
* Good B

**Person 2:**
* Good A
* Good C

**Person 3:**
* Good D

**Justification:**

This allocation maximizes the sum of individual utilities (values for the goods) while ensuring that each person receives at least one good.

* **Person 1:** Receives Good B, which has a value of 60.
* **Person 2:** Receives Good A, which has a value of 50, and Good C, which has a value of 75. Total value: 125.
* **Person 3:** Receives Good D, which has a value of 20.

Total Utility: 60 + 125 + 20 = 205

**Alternative Allocation:**

Another fair allocation could be:

**Person 1:**
* Good A
* Good B

**Person 2:**
* Good C

**Person 3:**
* Good D

**Justification:**

This allocation also ensures that each person receives at least one good and maximizes the total utility.

* **Person 1:** Receives Good A, which has a value of 10, and Good B, which has a value of 60. Total value: 70.
* **Person 2:** Receives Good C, which has a value of 75.
* **Person 3:** Receives Good D, which has a value of 20.

Total Utility: 70 + 75 + 20 = 165

Both allocations are fair as they distribute the goods in a way that maximizes utility while ensuring everyone receives something. The first allocation has a slightly higher total utility, but the second allocation may be preferred if Person 1 and Person 2 have a strong preference for Good A and Good B, respectively.",0,2,1,2,3
70,"**Allocation:**

* Person 1 receives Good B.
* Person 2 receives Good C.
* Person 3 receives Goods A and D.

**Justification:**

This allocation balances the total value received by each person:

* Person 1's total value: 60 (Good B)
* Person 2's total value: 75 (Good C)
* Person 3's total value: 35 (Good A + Good D)

Moreover, it takes into account the preferences of each person:

* Person 1 strongly values Good B.
* Person 2 strongly values Good C.
* Person 3 has a relatively equal value for all goods, but slightly prefers Good A and Good D.

This allocation ensures that each person receives at least one good, while also maximizing the total value received by all individuals collectively. It strikes a balance between fairness, efficiency, and individual preferences.",0,3,1,2,3
71,"**Fair Allocation:**

* **Person 1:** Good A, Good D
* **Person 2:** Good C
* **Person 3:** Good B

**Rationale:**

* **Fairness:** This allocation ensures that each person receives at least one good that they highly value.
* **Efficiency:** The total value of the goods allocated to each person is approximately equal:
    * Person 1: 20 (10 + 10)
    * Person 2: 75
    * Person 3: 50
* **Equity:** This allocation considers both the individual values of the goods and the number of goods allocated to each person.
* **Implementation:** This allocation can be implemented easily and clearly without any complex calculations or negotiations.

**Alternative Allocations (for reference):**

* **Maximizing Total Value:** Allocate Goods A, B, and C to Person 2, who has the highest total value for these goods (138). Person 1 and Person 3 would receive nothing.
* **Equal Allocation:** Allocate Good A to Person 1, Good B to Person 2, Good C to Person 3, and Good D to Person 1 again. This allocation ensures equal distribution but does not consider individual values.
* **Dictatorship:** Allocate all goods to one person (e.g., Person 2), leaving the others with nothing. This allocation is not fair or equitable.",0,1,3,2,1
72,"Given the values that each person places on the different goods, I propose the following allocation:

* Person 1 receives Good B and Good D.
* Person 2 receives Good C.
* Person 3 receives Good A.

This allocation maximizes the total value that the three individuals receive from the goods.

Here is the calculation:

* Person 1's total value from Good B and Good D is 60 + 10 = 70.
* Person 2's total value from Good C is 75.
* Person 3's total value from Good A is 15.

The total value from this allocation is 70 + 75 + 15 = 160.

Other possible allocations could result in a different total value. For example, if Person 1 received Good A and Good C, Person 2 received Good B, and Person 3 received Good D, the total value would be 65.

The allocation that I have proposed is fair because it gives each person the goods that they value the most. Person 1 values Good B and Good D the most, Person 2 values Good C the most, and Person 3 values Good A the most.",0,3,1,2,1
73,"To determine a fair allocation of the goods, I consider the following principles:

**Equity:** Each person should receive a fair share of the total value of the goods.
**Envy-freeness:** No person should prefer the allocation of goods to any other person.
**Efficiency:** The allocation should maximize the total value of the goods to all persons.

Based on these principles, I propose the following allocation:

- Person 1 receives Good A and Good D.
- Person 2 receives Good C.
- Person 3 receives Good B.

**Evaluation:**

**Equity:**

- Person 1's value for the goods they receive is 20 (10 + 10).
- Person 2's value for the good they receive is 75.
- Person 3's value for the good they receive is 30.

The total value of the goods allocated to each person is:

- Person 1: 20
- Person 2: 75
- Person 3: 30

The average value of the goods allocated to each person is 41.67. Person 2 receives a slightly higher value than the average, but this is balanced by the fact that Person 1 and Person 3 receive slightly lower values. Overall, the allocation is fairly equitable.

**Envy-freeness:**

To assess envy-freeness, we need to consider whether each person would prefer the allocation of goods to any other person.

- Person 1 would not prefer the allocation of goods to Person 2 because Person 2 receives a higher value of goods.
- Person 1 would not prefer the allocation of goods to Person 3 because Person 3 receives a higher value of goods.
- Person 2 would not prefer the allocation of goods to Person 1 because Person 1 receives Good A, which Person 2 values highly.
- Person 2 would not prefer the allocation of goods to Person 3 because Person 3 receives Good B, which Person 2 values highly.
- Person 3 would not prefer the allocation of goods to Person 1 because Person 1 receives Good D, which Person 3 values highly.
- Person 3 would not prefer the allocation of goods to Person 2 because Person 2 receives Good C, which Person 3 values highly.

Therefore, the allocation is envy-free.

**Efficiency:**

The total value of the goods allocated to all persons is 125 (20 + 75 + 30). This is the maximum possible value that can be achieved with the given goods and values. Therefore, the allocation is efficient.

**Conclusion:**

Based on the principles of equity, envy-freeness, and efficiency, I consider the proposed allocation to be a fair allocation of the goods among Person 1, Person 2, and Person 3.",0,1,3,2,1
74,"**Fair Allocation of Goods**

**Values of the Goods for Each Person:**

| Person | Good A | Good B | Good C | Good D |
|---|---|---|---|---|
| Person 1 | 10 | 60 | 50 | 10 |
| Person 2 | 50 | 3 | 75 | 2 |
| Person 3 | 15 | 30 | 45 | 20 |

**Proposed Allocation:**

* **Person 1:** Good B, Good C
* **Person 2:** Good A, Good D
* **Person 3:** None

**Explanation:**

This allocation is considered fair because it:

* **Maximizes total value:** The total value of the allocation is 175, which is higher than any other possible allocation.
* **Balances values for each person:** Each person receives goods with a total value closest to the average value of 58.3. Person 1 receives 110 in value, Person 2 receives 55, and Person 3 receives 0 (zero).
* **Takes into account individual preferences:** Person 1 values Goods B and C the highest, so they receive those. Person 2 values Good A more than B, so they receive A. Person 3 does not have any goods that they value highly enough to justify receiving them.

**Additional Considerations:**

* It could be argued that it is unfair to give Person 3 nothing. However, the allocation still maximizes total value and balances values for the other two people who have higher overall preferences.
* It is important to consider the social implications of the allocation. In this case, Person 3 may feel left out or resentful, which could impact their relationship with the other individuals.",0,2,1,1,2
75,"**Fair Allocation:**

* **Good A to Person 2:** Value for Person 2 = 50; Total value = 50
* **Good B to Person 1:** Value for Person 1 = 60; Total value = 60
* **Good C to Person 3:** Value for Person 3 = 45; Total value = 45
* **Good D to Person 1:** Value for Person 1 = 10; Total value = 10

**Total Value for Each Person:**

* Person 1: Total value = 70
* Person 2: Total value = 50
* Person 3: Total value = 45

**Rationale:**

This allocation aims to maximize the overall value gained by the individuals while ensuring a relatively balanced distribution.

* Person 1 receives Good B, which has the highest value for them. They also receive Good D as it is the least preferred item for the other individuals.
* Person 2 receives Good A, which has the highest value for them. This compensates for their lower value for Good B.
* Person 3 receives Good C, which has the highest value for them. They also receive Good D, as it is the second least preferred item for the other individuals.

This allocation ensures that each individual receives at least one good with high value, while also distributing the remaining goods in a way that maximizes the overall utility.",0,2,1,3,1
76,"**Fair Allocation:**

**Good A:** Person 3

* Person 3 values Good A the most (15) compared to Person 1 (10) and Person 2 (50).
* Allocating Good A to Person 3 maximizes their total value.

**Good B:** Person 1

* Person 1 values Good B significantly higher (60) than Person 2 (3) and Person 3 (30).
* Allocating Good B to Person 1 maximizes their total value.

**Good C:** Person 2

* Person 2 values Good C the most (75) compared to Person 1 (50) and Person 3 (45).
* Allocating Good C to Person 2 maximizes their total value.

**Good D:** Person 3

* Person 3 values Good D the most (20) compared to Person 1 (10) and Person 2 (2).
* Allocating Good D to Person 3 maximizes their total value.

**Rationale:**

This allocation aims to maximize the total value obtained by each individual. By assigning goods to the individuals who value them the most, it ensures a more equitable distribution of benefits.

**Total Value for Each Individual:**

* Person 1: 10 (Good A) + 60 (Good B) = 70
* Person 2: 50 (Good A) + 75 (Good C) = 125
* Person 3: 15 (Good A) + 30 (Good B) + 20 (Good D) = 65

Person 2 receives the highest total value (125), followed by Person 1 (70) and Person 3 (65). However, this allocation ensures that each individual receives at least one good they value highly.",0,3,1,2,3
77,"**Equitable Allocation:**

The objective is to allocate the goods such that the total utility (sum of individual values) for each good is maximized, while ensuring fairness among individuals.

**Step 1: Create a Valuation Matrix**

| **Good** | **Person 1** | **Person 2** | **Person 3** | **Total Value** |
|---|---|---|---|---|
| Good A | 10 | 50 | 15 | 75 |
| Good B | 60 | 3 | 30 | 93 |
| Good C | 50 | 75 | 45 | 170 |
| Good D | 10 | 2 | 20 | 32 |

**Step 2: Calculate the Total Value**

The total value of the goods is the sum of the individual valuations: 75 + 93 + 170 + 32 = 370.

**Step 3: Allocate Goods**

The allocation that maximizes the total utility is:

* Person 1 receives **Good B**, with a value of 60.
* Person 2 receives **Good C**, with a value of 75.
* Person 3 receives **Good A** and **Good D**, with a total value of 25 + 20 = 45.

**Total Value Achieved:** 60 + 75 + 45 = 180

**Rationale:**

This allocation maximizes the total value achieved (180) while ensuring fairness among individuals. Person 1 receives the good they value the most (Good B), Person 2 receives the good they value the most (Good C), and Person 3 receives the two goods they value less (Good A and Good D).

**Note:**

Other allocations may also be considered fair, depending on the specific priorities and equity considerations of the individuals involved.",0,3,1,2,3
78,"**Step 1: Create a Value Matrix**

| Person | Good A | Good B | Good C | Good D |
|---|---|---|---|---|
| Person 1 | 10 | 60 | 50 | 10 |
| Person 2 | 50 | 3 | 75 | 2 |
| Person 3 | 15 | 30 | 45 | 20 |

**Step 2: Determine Social Welfare**

Social welfare measures the collective satisfaction of all individuals in the allocation. It is calculated by summing up the values of all goods for all individuals.

**Step 3: Find the Maximum Social Welfare Allocation**

The fairest allocation is the one that maximizes social welfare.

* **Allocation 1:** Person 1 gets Good A, Person 2 gets Good C, and Person 3 gets Good D. Social welfare: 10 + 75 + 20 = 105.
* **Allocation 2:** Person 1 gets Good B, Person 2 gets Good A, and Person 3 gets Good C. Social welfare: 60 + 50 + 45 = 155.
* **Allocation 3:** Person 1 gets Good D, Person 2 gets Good B, and Person 3 gets Good C. Social welfare: 10 + 3 + 45 = 58.

**Decision:**

Allocation 2 maximizes social welfare with a value of 155. Therefore, the fairest allocation is:

* Person 1 gets **Good B**
* Person 2 gets **Good A**
* Person 3 gets **Good C**

**Good D** is not allocated since it has the lowest collective value among the goods.",0,2,1,3,None
79,"**Fair Allocation:**

* **Person 1:** Good B (value: 60)
* **Person 2:** Good C (value: 75)
* **Person 3:** Good A (value: 15) and Good D (value: 20)

**Rationale:**

This allocation maximizes the total value of the goods for the individuals involved.

* Person 1 values Good B the most and would derive the greatest value from it.
* Person 2 values Good C the most and would derive the greatest value from it.
* Person 3 values Good A and Good D relatively equally, and allocating both of these goods to them ensures a fair distribution.

**Other Considerations:**

* **Equity:** This allocation ensures that all three individuals receive at least one good and that the values of the goods allocated to them are relatively similar.
* **Envy-Freeness:** None of the individuals would prefer to have the goods allocated to any of the other individuals.
* **Pareto Efficiency:** This allocation cannot be improved upon without making at least one individual worse off.

**Alternative Allocation:**

An alternative allocation that is also considered fair could be:

* **Person 1:** Good A (value: 10) and Good B (value: 60)
* **Person 2:** Good D (value: 2) and one of the two remaining goods (assuming equal values)
* **Person 3:** The remaining good

This allocation still ensures that all individuals receive a fair share of the goods, but it gives Person 1 a slightly higher total value than in the previous allocation.",0,3,1,2,3
80,"**Fair Allocation:**

**Person 1:** Good B
**Person 2:** Good C
**Person 3:** Good D

**Rationale:**

This allocation satisfies the following criteria:

* **Envy-Freeness:** No person envies the allocation of any other person, as they value their allocated good the most.
* **Pareto Efficiency:** There is no other allocation that would make one person better off without making another person worse off.
* **Equity:** The allocation balances the total value of goods received by each person:
    * Person 1: Value = 60
    * Person 2: Value = 75
    * Person 3: Value = 55

**Explanation:**

* Person 1 values Good B the most (60) compared to Goods A, C, and D.
* Person 2 values Good C the most (75) compared to Goods A, B, and D.
* Person 3 values Good D the most (20) compared to Goods A, B, and C.
* Allocating Good A to any person would result in envy, as others value it more.
* Therefore, the fairest allocation is to give Good B to Person 1, Good C to Person 2, and Good D to Person 3.

**Justification of ""Fairness"":**

The absence of envy and Pareto inefficiency ensures that the allocation is fair to all parties involved. The equity criterion further supports the fairness by ensuring a balanced distribution of value. While other allocations may be considered fair by different criteria, this allocation best satisfies the combination of envy-freeness, efficiency, and equity.",0,None,1,2,3
81,"**Fair Allocation:**

**Person 1:**
* Good A
* Good C

**Person 2:**
* Good B

**Person 3:**
* Good D

**Rationale:**

This allocation maximizes the total value for all three individuals.

* **Person 1:** Value = 10 + 50 = 60
* **Person 2:** Value = 60
* **Person 3:** Value = 20

**Explanation:**

* Person 1 highly values Good A and Good C (values of 10 and 50, respectively).
* Person 2 places the highest value on Good B (value of 60).
* Person 3 has the highest value for Good D (value of 20).

**Additional Considerations:**

* **Envy:** This allocation may not be considered fair by all individuals. For example, Person 2 may feel envious of Person 1 receiving two goods while they only receive one.
* **Equity:** This allocation does not consider the different circumstances or needs of each individual.
* **Discretion:** The allocation process can be influenced by subjective judgments and biases.

**Other Possible Allocations:**

* **Equal Distribution:** Allocate each person one good (e.g., Person 1: A, Person 2: B, Person 3: C).
* **Prioritarian:** Allocate goods to the person with the highest unmet needs (e.g., Person 3: D, Person 1: A, Person 2: C).
* **Utilitarian:** Allocate goods to maximize the total value for all individuals (as in the proposed allocation).",0,1,2,1,3
82,"To determine a fair allocation, we can consider different fairness criteria, such as:

-  **Nash bargaining solution** aims to find an allocation that maximizes the product of the utilities of the individuals involved. 
-  **Kalai-Smorodinsky solution** is based on the idea of envy-freeness, which means that no individual would prefer the allocation of any other individual.
-  **Egalitarian solution** aims to allocate the goods equally among the individuals.
-  **Utilitarian solution** aims to maximize the total utility of all the individuals involved.

In this case, we can use the Nash bargaining solution to determine a fair allocation. The Nash bargaining solution is given by the point that maximizes the product of the utilities of the individuals involved. The utilities of the individuals for each good are given in the table below:

| Good | Person 1 | Person 2 | Person 3 |
|---|---|---|---|
| Good A | 10 | 50 | 15 |
| Good B | 60 | 3 | 30 |
| Good C | 50 | 75 | 45 |
| Good D | 10 | 2 | 20 |

To find the Nash bargaining solution, we need to find the point that maximizes the product of the utilities of the individuals involved. We can do this by using a computer program or by trial and error.

After some calculations, we find that the Nash bargaining solution is to allocate Good A to Person 2, Good B to Person 1, Good C to Person 3, and Good D to Person 3. This allocation gives the following utilities to the individuals involved:

| Individual | Utility |
|---|---|
| Person 1 | 60 |
| Person 2 | 50 |
| Person 3 | 85 |

This allocation is fair because it maximizes the product of the utilities of the individuals involved. No other allocation can give a higher product of utilities.",0,2,1,3,3
83,"**Potential Allocation 1:**

* Person 1 receives Good C
* Person 2 receives Good A and Good B
* Person 3 receives Good D

**Total Value Gained:**

* Person 1: 50
* Person 2: 53
* Person 3: 20

**Explanation:**

This allocation gives Person 1 their highest-valued good (C), Person 2 their second- and third-highest (A and B), and Person 3 their highest-valued good that is still available (D). It results in a relatively balanced distribution of value.

**Potential Allocation 2:**

* Person 1 receives Good A
* Person 2 receives Good C
* Person 3 receives Good B and Good D

**Total Value Gained:**

* Person 1: 10
* Person 2: 75
* Person 3: 50

**Explanation:**

This allocation maximizes the total value gained, as it gives Person 2 their highest-valued good (C) and Person 3 their second- and third-highest (B and D). However, it results in a significant disparity in value between Person 1 and the others.

**Potential Allocation 3:**

* Person 1 receives Good A
* Person 2 receives Good B
* Person 3 receives Good C
* Good D is discarded

**Total Value Gained:**

* Person 1: 10
* Person 2: 3
* Person 3: 45

**Explanation:**

This allocation ensures that all individuals receive a good, but it results in the discarding of Good D, which has the highest value for Person 3. It also creates a significant disparity in value between Person 1 and Person 3.

**Conclusion:**

The fairness of an allocation is subjective and depends on the preferences and values of the individuals involved. The three potential allocations presented here offer different balances between fairness, total value gained, and disparity in value. Ultimately, the fairest allocation is the one that the individuals themselves agree upon.",0,1,3,2,3
84,"One possible fair allocation of the goods is as follows:

* Person 1 gets Good B.
* Person 2 gets Good C.
* Person 3 gets Good A and Good D.

This allocation is fair because it gives each person a bundle of goods that they value equally. For example, Person 1 values Good B at 60, and they do not receive any other goods. Person 2 values Good C at 75, and they do not receive any other goods. Person 3 values Good A at 15 and Good D at 20, and they receive both of these goods.

There are other possible fair allocations of the goods, but this is one that is supported by the information given.",0,3,1,2,3
85,"**Fair Allocation:**

**Person 1:**
* Good B

**Person 2:**
* Good A
* Good C

**Person 3:**
* Good D
* Good A (Remaining)

**Rationale:**

This allocation is fair because it maximizes the total value for all individuals:

* Person 1's value: 60 (Good B)
* Person 2's value: 125 (Good A + Good C)
* Person 3's value: 55 (Good D + Good A)

**Total Value:** 240

This allocation also ensures that each person receives at least one good, and no goods are wasted.

**Other Considerations:**

* **Equity:** This allocation gives a roughly equal share of value to each person.
* **Efficiency:** This allocation is Pareto efficient, meaning there is no other allocation that could increase the value for one person without decreasing it for another.
* **Transparency:** The allocation process is clear and understandable to all parties involved.

**Note:**

Other fair allocations may be possible depending on the specific preferences and circumstances of the individuals involved. The allocation presented above is just one example of a fair solution.",0,2,1,2,3
86,"**Fair Allocation of Goods**

**Values for each Person:**

| Person | Good A | Good B | Good C | Good D |
|---|---|---|---|---|
| Person 1 | 10 | 60 | 50 | 10 |
| Person 2 | 50 |  3 | 75 |  2 |
| Person 3 | 15 | 30 | 45 | 20 |

**Allocation:**

* **Good A:** Person 2 (value: 50)
* **Good B:** Person 1 (value: 60)
* **Good C:** Person 2 (value: 75)
* **Good D:** Person 3 (value: 20)

**Rationale:**

This allocation aims to maximize the total value for all individuals while ensuring that each individual receives at least one good.

* Person 2 has the highest value for Good A and Good C, so those goods are allocated to them.
* Person 1 has the highest value for Good B, so that good is allocated to them.
* Person 3 has the highest value for Good D, so that good is allocated to them.

**Explanation:**

* If Good A were allocated to Person 1 or Person 3, the total value would be reduced.
* If Good B were allocated to Person 2 or Person 3, the total value would be reduced.
* If Good C were allocated to Person 1 or Person 3, the total value would be reduced.
* If Good D were allocated to Person 1 or Person 2, the total value would be reduced.

Therefore, the allocation described above provides the fairest distribution of goods, maximizing the total value while ensuring that each individual receives at least one good.",0,2,1,2,3
87,"**Fair Allocation of Goods**

**Principle:**

The allocation should aim to maximize the total value derived by all individuals while considering their individual preferences.

**Proposed Allocation:**

* **Good A:** To Person 3
* **Good B:** To Person 1
* **Good C:** To Person 2
* **Good D:** To Person 3

**Reasoning:**

This allocation maximizes the total value derived by the individuals:

* Person 1: Value = 60 (Good B)
* Person 2: Value = 75 (Good C)
* Person 3: Value = 15 (Good A) + 20 (Good D) = 35

Total Value = **170**

**Alternative Allocations:**

Other possible allocations could include:

* **Allocation 1:** Good A to Person 1, Good B to Person 2, Good C to Person 3, Good D to Person 1. This allocation results in a total value of 165.
* **Allocation 2:** Good A to Person 1, Good B to Person 1, Good C to Person 2, Good D to Person 3. This allocation also results in a total value of 165.
* **Allocation 3:** Good A to Person 2, Good B to Person 1, Good C to Person 3, Good D to Person 3. This allocation results in a total value of 172.

However, based on the principle of maximizing total value, the proposed allocation remains the most fair.

**Additional Considerations:**

* **Equity:** This allocation ensures that all individuals receive at least one good, promoting fairness.
* **Efficiency:** It avoids the inefficiency of throwing away any goods, as each good is allocated to an individual who values it most.
* **Simplicity:** The allocation is straightforward and easy to implement.

**Conclusion:**

The proposed allocation of Good A to Person 3, Good B to Person 1, Good C to Person 2, and Good D to Person 3 is considered a fair and efficient solution that maximizes the total value derived by all individuals.",0,3,1,2,3
88,"**Allocation:**

* Good A: Person 2
* Good B: Person 1
* Good C: Person 3
* Good D: Person 3

**Reasons for Allocation:**

* **Maximizing Total Value:** This allocation results in the highest total value for the group, with a combined value of 210.
* **Equity:** The allocation ensures that each person receives at least one good with a value that is significant to them:
    * Person 1: Good B (value of 60)
    * Person 2: Good A (value of 50)
    * Person 3: Good C (value of 45)
* **Minimizing Wasted Value:** By allocating all goods, we avoid wasting any of their potential value.
* **Balancing Individual Values:** While Person 1 values Good B highly, they also have a relatively low value for Good A. Therefore, it is fairer to allocate Good A to Person 2, who values it much more. Similarly, Person 3 has a high value for both Good C and Good D, but we give them Good C since it is the one they value slightly more.

**Justification:**

This allocation takes into account the individual values of the goods for each person and strives to achieve a fair outcome where all parties receive goods that they value. By maximizing the total value and minimizing wasted value, we ensure that the allocation is not only equitable but also efficient.",0,2,1,3,3
89,"**Proposed Allocation:**

* **Person 1:** Good B
* **Person 2:** Good C
* **Person 3:** Goods A, D

**Rationale:**

* **Efficiency Maximization:** This allocation maximizes the total value of goods received by the individuals:
    * Person 1: Value = 60
    * Person 2: Value = 75
    * Person 3: Value = 35
    * Total Value = 170
* **Fairness Considerations:**
    * **Maximum Value Rule:** Each person receives the good for which they have the highest value. This ensures that no person is assigned a good that has a lower value for them than another good.
    * **Envy-Freeness:** According to this principle, no person should prefer another person's allocation to their own. In this allocation, no person would prefer the allocation of any other person.
* **Accommodation of Preferences:** This allocation takes into account the individuals' preferences as much as possible:
    * Person 1 highly values Good B, so they receive that one.
    * Person 2 highly values Good C, so they receive that one.
    * Person 3 prefers Goods A and D over Goods B and C, so they receive both A and D.
* **Indivisibility:** The allocation is feasible given the indivisibility of the goods. Each good is assigned to exactly one person.

**Conclusion:**

This allocation is considered fair and reasonable as it maximizes the total value of goods received while ensuring that each person receives goods that they value highly. It also accommodates individual preferences to the greatest extent possible given the indivisibility constraint.",0,3,1,2,3
90,"**Step 1: Construct a Value Table**

| Person | Good A | Good B | Good C | Good D |
|---|---|---|---|---|
| Person 1 | 10 | 60 | 50 | 10 |
| Person 2 | 50 | 3 | 75 | 2 |
| Person 3 | 15 | 30 | 45 | 20 |

**Step 2: Find the Social Welfare Function**

The social welfare function represents the sum of the values for all individuals. The maximum social welfare is achieved when the goods are allocated in a way that maximizes the total value.

**Step 3: Explore Allocations**

There are 24 possible allocations of the 4 goods among the 3 individuals. We will explore each allocation and calculate the resulting social welfare.

**Allocation 1:**

* Person 1: Good A, Good B
* Person 2: Good C
* Person 3: Good D

Social Welfare: 10 + 60 + 75 + 20 = 165

**Allocation 2:**

* Person 1: Good C
* Person 2: Good A, Good B
* Person 3: Good D

Social Welfare: 50 + 60 + 3 + 20 = 133

**Step 4: Find the Allocation with Maximum Social Welfare**

After exploring all allocations, the allocation with the maximum social welfare is:

* Person 1: Good B
* Person 2: Good C
* Person 3: Good A, Good D

**Social Welfare: 175**

**Conclusion**

Therefore, the fairest allocation is to give Good B to Person 1, Good C to Person 2, and Good A and Good D to Person 3. This allocation maximizes the social welfare function and ensures that each individual receives a fair share of the goods.",0,3,1,2,3
91,"**Possible Fair Allocation:**

**Person 1:**
* Good A (value: 10)
* Good B (value: 60)

**Person 2:**
* Good C (value: 75)

**Person 3:**
* Good D (value: 20)

**Rationale for Allocation:**

This allocation aims to maximize the total value for all individuals while ensuring a relatively equal distribution.

* **Person 1:** Receives the goods they value the highest (Good A and Good B), totaling a value of 70.
* **Person 2:** Receives Good C, which has the highest value to them (75).
* **Person 3:** Receives Good D, which is still valuable to them (20) and maintains a somewhat equal distribution of value among the individuals.

**Additional Considerations:**

* **Maximal Values:** Person 2 has the highest total value for all goods (75 + 3 + 75 + 2 = 155). This allocation ensures that Person 2 receives the good they value the most.
* **Equal Distribution:** The total value for Person 1 and Person 3 are relatively equal (70 vs. 65). This helps ensure that all individuals receive a fair portion of the goods.
* **Throwing Away Goods:** All goods are allocated, so there is no wasted value.
* **Individual Values:** The allocation takes into account the value each individual places on each good.

**Note:** Fairness is subjective and can vary depending on the criteria used. This allocation is just one possible solution that aims to be fair and equitable to all individuals involved.",0,1,1,2,3
92,"**Allocation:**

* **Person 1:** Good A, Good D
* **Person 2:** Good C
* **Person 3:** Good B

**Justification:**

This allocation attempts to strike a balance among the three individuals while respecting their preferences as much as possible.

* **Person 1** receives their highest valued good (Good A) and their second highest valued good (Good D), for a total value of 20.
* **Person 2** receives their highest valued good (Good C), with a value of 75.
* **Person 3** receives their highest valued good (Good B), with a value of 30.

**Explanation:**

* Allocating Good A and Good D to Person 1 maximizes their total utility.
* Giving Good C to Person 2 ensures they receive their most desired good.
* Allocating Good B to Person 3 provides them with their most valuable item.

**Reasons for Considering this Fair:**

* **Equity:** Each individual receives at least one good of high value.
* **Efficiency:** The goods are allocated to those who value them most, ensuring their maximum utility.
* **Simplicity:** The allocation is straightforward and easily understood.

**Alternative Allocations and Considerations:**

* Allocating Good C to Person 3 and Good B to Person 2 would result in slightly higher total utility for Person 3 but lower utility for Person 2.
* Allocating Good D to Person 3 could be considered ""more fair"" as it would give them a second item of value. However, Person 1 and Person 2 would then lose out on their second-best choices.

Ultimately, the fairness of an allocation is subjective and may vary depending on individual perspectives and preferences.",0,1,3,2,1
93,"**Allocation:**

* **Person 1:** Good A, Good B
* **Person 2:** Good C
* **Person 3:** Good D

**Explanation:**

To determine a fair allocation, we can consider the following principles:

* **Equal Opportunity:** Each person has an opportunity to receive goods that they value.
* **Maximizing Total Value:** The allocation should aim to maximize the total value of the goods for all individuals involved.

In this case:

* Person 1 values Goods A and B the most, and they receive both.
* Person 2 values Good C the most, and they receive it.
* Person 3 values Good D the most, and they receive it.

This allocation ensures that each person receives goods that they prioritize, maximizing their individual satisfaction. Additionally, the total value of the goods allocated is 10 + 60 + 75 + 20 = 165, which is the highest possible value given the preferences of the individuals.

Therefore, this allocation is considered fair as it provides equal opportunities and maximizes the total value of the goods.",0,1,1,2,3
94,"Based on the information provided, I would allocate the goods as follows:

* **Good A:** Person 2 (value: 50)
* **Good B:** Person 1 (value: 60)
* **Good C:** Person 3 (value: 45)
* **Good D:** Person 3 (value: 20)

This allocation aims to maximize the total value of the goods for the three individuals. Person 2 values Good A the most, so it is allocated to them. Person 1 values Good B the most, so it is allocated to them. Person 3 values Good C and Good D the most, so they are allocated to them.

This allocation results in a total value of 175 for the three individuals:

* Person 1: 60 (Good B)
* Person 2: 50 (Good A)
* Person 3: 65 (Good C + Good D)

This allocation is fair because it gives each person the goods that they value the most. It also results in a relatively even distribution of the goods, with each person receiving a total value of around 58-65.",0,2,1,3,3
95,"**Fair Allocation**

To achieve a fair allocation, we can consider the concept of **Proportional Allocation**. This method takes into account the individual preferences and values of each person and allocates goods in a manner that aims to maximize the total value for all individuals involved.

1. **Calculate the Total Value of the Goods for Each Person:**
   - Person 1: 10 + 60 + 50 + 10 = 130
   - Person 2: 50 + 3 + 75 + 2 = 130
   - Person 3: 15 + 30 + 45 + 20 = 110

2. **Determine the Proportion of Value:**
   - Person 1: 130 / 350 = 0.371
   - Person 2: 130 / 350 = 0.371
   - Person 3: 110 / 350 = 0.314

3. **Allocate Goods Based on Proportion:**
   - Person 1: Receives 0.371 * 4 = 1.484 goods
   - Person 2: Receives 0.371 * 4 = 1.484 goods
   - Person 3: Receives 0.314 * 4 = 1.256 goods

Since the goods are indivisible, we need to round up or down to the nearest whole number:

**Final Allocation:**

- **Person 1:** Good B
- **Person 2:** Good C
- **Person 3:** Good A and Good D

**Explanation:**

This allocation ensures that each person receives a share of goods that is proportional to their preferences and values. For example, Person 1 values Good B the most, so they receive it. Similarly, Person 2 values Good C the most, and Person 3 values Good A and Good D the most. By distributing goods in this manner, we aim to achieve a fair allocation that maximizes the total value for all individuals involved.",0,3,1,2,3
96,"**Fair Allocation:**

* **Person 1:**
    * Good B (value: 60)
* **Person 2:**
    * Good A (value: 50)
    * Good C (value: 75)
* **Person 3:**
    * Good D (value: 20)

**Rationale:**

This allocation aims to distribute the goods such that each person receives goods that maximize their total value.

* **Person 1:** Values Good B significantly higher than any other good, so allocating it to them provides the most value.
* **Person 2:** Has the highest value for Good A and Good C, so these goods are allocated to them.
* **Person 3:** Values Good D the most, so it is allocated to them.

**Summary of Values:**

| Person | Total Value |
|---|---|
| Person 1 | 70 |
| Person 2 | 125 |
| Person 3 | 20 |

This allocation ensures that Person 2, who has the highest total value, receives the largest share of the goods. Additionally, it provides each person with at least one good that they value highly.",0,2,1,2,3
97,"**Fair Allocation:**

- **Person 1:** Good B
- **Person 2:** Good C
- **Person 3:** Good D

**Rationale:**

This allocation maximizes the total value of the goods for the individuals involved.

* **Person 1** values Good B the most (60) among all the goods.
* **Person 2** values Good C the most (75) among all the goods.
* **Person 3** values Good D the most (20) among all the goods.

By giving each person the good they value the most, we ensure a fair and efficient allocation.

**Remaining Goods:**

* Good A: Not allocated (value: 10 + 50 + 15 = 75)
* Good D: Not allocated (value: 10 + 2 + 20 = 32)

**Total discarded value:** 107 (75 + 32)

**Benefits of this allocation:**

* **Equity:** Each person receives a good they value highly.
* **Efficiency:** The total value of the allocated goods is maximized.
* **Simplicity:** The allocation is straightforward and easy to implement.
* **Encourages cooperation:** By ensuring fairness, this allocation fosters a sense of trust and cooperation among the individuals.",0,None,1,2,3
98,"**Fair Allocation of Goods**

**Values:**

| Person | Good A | Good B | Good C | Good D |
|---|---|---|---|---|
| Person 1 | 10 | 60 | 50 | 10 |
| Person 2 | 50 | 3 | 75 | 2 |
| Person 3 | 15 | 30 | 45 | 20 |

**Allocation:**

To determine a fair allocation, we can consider a method that maximizes the sum of the values that each person receives.

* **Good A:** Allocate to Person 2 (value: 50). This frees up Good D for Person 3.

* **Good B:** Allocate to Person 1 (value: 60). This leaves Good A for Person 2.

* **Good C:** Allocate to Person 2 (value: 75).

* **Good D:** Allocate to Person 3 (value: 20).

**Resulting Allocation:**

| Person | Good A | Good B | Good C | Good D |
|---|---|---|---|---|
| Person 1 | - | 60 | - | - |
| Person 2 | 50 | - | 75 | - |
| Person 3 | - | - | - | 20 |

**Total Value:** 205

**Rationale:**

This allocation maximizes the sum of the values that each person receives, which is 205. It also ensures that each person receives at least one good. By giving Person 2 both Good A and Good C, we utilize their high values for these goods. Person 1 benefits from receiving Good B, which they value highly, and Person 3 receives Good D, which provides them with the highest value among the remaining goods.",0,2,1,2,3
99,"**Fair Allocation**:

**Person 1:**

* Good A

**Person 2:**

* Good C

**Person 3:**

* Good B
* Good D

**Rationale:**

This allocation is considered fair because it maximizes the total value for all three individuals:

* Person 1 receives Good A, which they value the most (10).
* Person 2 receives Good C, which they value the second most (75).
* Person 3 receives Goods B and D, which they value at 30 and 20 respectively.

**Total Value for Individuals:**

* Person 1: 10
* Person 2: 75
* Person 3: 50

**Total Value:** 135

**Alternative Allocations:**

**Allocation 2:**

* Person 1: Good D
* Person 2: Good B
* Person 3: Good A, Good C

**Allocation 3:**

* Person 1: Good A
* Person 2: Good B, Good C
* Person 3: Good D

These alternative allocations may also be considered fair, but the chosen allocation maximizes the total value for the individuals involved.",0,1,3,2,3
