,Text,Good A,Good B,Good C,Good D
0,"**Fair Allocation:**

* Person 1 receives Good B (value: 31)
* Person 2 receives Good A (value: 33)
* Person 3 receives Good C (value: 32)

**Remaining Goods:**

* Good D is not allocated (value: 7)

**Rationale:**

This allocation is considered fair because it maximizes the total value of the goods allocated to the individuals. Each person receives a good that they value the second highest, ensuring that they receive the greatest benefit from the allocation.

* Person 1's highest value is for Good C (32), but Person 3 has a higher value for this good. However, Person 1 values Good B almost as much as Good C (31 vs. 32), and they value it the highest among all the goods. Therefore, allocating Good B to Person 1 provides them with the greatest utility.
* Person 2's highest value is for Good B (29), but it has been allocated to Person 1. Good A is their second-highest value (33), and they value it the highest among the remaining goods. Allocating Good A to Person 2 ensures that they receive the maximum value from the allocation.
* Person 3's highest value is for Good C (32), which they receive. They have the next highest value for Good B (31), which has been allocated to Person 1. Therefore, receiving Good C provides them with the greatest utility.

Discarding Good D is necessary to ensure that all individuals receive a good that they value. If Good D were allocated, one of the individuals would receive a good that they value less than the others.",2,1,3,None
1,"**Fair Allocation:**

* **Person 1:** Good A (value: 30)
* **Person 2:** Good B (value: 29)
* **Person 3:** Good C (value: 30)
* **Discard:** Good D (value: 7 - lowest value among all goods)

**Justification:**

* This allocation maximizes the total value received by the individuals (91).
* It treats all individuals equally, as each person receives one good with the highest value they stated for any of the goods to be allocated.
* Discarding Good D ensures that no one receives a good with a relatively low value (7), which could lead to feelings of inequity.

**Reasoning:**

* Person 1 values Good A the highest, and Good D the lowest.
* Person 2 values Good B the highest, and Good D the lowest.
* Person 3 values Good C the highest, and Good D the lowest.
* By giving each person their highest-valued good, we ensure that their individual valuations are met.
* Since the remaining good (Good D) has the lowest value, it is discarded to avoid allocating a seemingly unfair good to any of the individuals.",1,2,3,None
2,"**Allocation:**

* **Person 1:** Good A
* **Person 2:** Good B
* **Person 3:** Good C
* **Good D:** Not allocated (discarded)

**Reasoning:**

This allocation ensures that each person receives the good that they value the most. Person 1 values Good A the highest, Person 2 values Good B the highest, and Person 3 values Good C the highest.

Discarding Good D is necessary to achieve this fair allocation. If Good D were allocated to any of the three persons, it would reduce the fairness of the allocation. For example, if Good D were allocated to Person 1, it would mean that they would receive three goods while Persons 2 and 3 would only receive one good each.

This allocation also takes into account the fact that the goods are indivisible. If the goods were divisible, it would be possible to allocate a portion of each good to each person. However, since the goods are indivisible, this is not possible.

Overall, this allocation considers the fairness of the allocation, the values of the individuals involved, and the indivisibility of the goods.",1,2,3,None
3,"Allocation:
Person 1: Good C
Person 2: Good A
Person 3: Good B
Good D: Not allocated

Explanation:
This allocation ensures that each person receives a good that they value the highest out of the goods that they receive. Person 1 values Good C the highest among the goods they receive, and Person 2 values Good A the highest among the goods they receive. Similarly, Person 3 values Good B the highest among the goods they receive. Throwing away Good D is justified as no one values it more than the other goods they receive.",2,3,1,None
4,"**Allocation:**

* **Person 1:** Good A, Good C
* **Person 2:** Good B, Good D
* **Person 3:** Not allocated

**Justification:**

This allocation satisfies the following criteria of fairness:

* **Equity:** Person 1 and Person 2 each receive goods with a total value of 63.
* **Envy-Freeness:** No individual would prefer the allocation of any other individual.
* **Pareto Optimality:** There is no other allocation that would make any one individual better off without making another individual worse off.

**Explanation:**

* Person 1 and Person 2 value Goods A and B the most, respectively. Therefore, it is fair to allocate these goods to them.
* Person 3 values Goods C and D equally but less than Goods A and B. Since there are only two goods remaining, it is not possible to give Person 3 both of their preferred goods.
* Not allocating any goods to Person 3 is a fair option, as it prevents any envy from the other individuals. Person 3 would not prefer to have Good D over not having any goods, as their value for Good D is 7.
* This allocation ensures that each individual receives goods that they value highly, while also preventing any one individual from having significantly more value than the others.",1,2,1,2
5,"**Allocation:**

* **Person 1:** Good A
* **Person 2:** Good B
* **Person 3:** Good C

**Justification:**

This allocation aims for fairness by maximizing the sum of each individual's highest value for the goods allocated to them. The values for each person are:

* Person 1: 30 (Good A)
* Person 2: 29 (Good B)
* Person 3: 30 (Good C)

This allocation results in a total value of 89, which is the highest possible sum achieved by allocating any combination of goods.

**Note:**

Good D is not allocated because no one values it higher than 7. Discarding Good D ensures that all allocated goods provide a relatively high value to their respective recipients.",1,2,3,None
6,"**Allocation:**

* **Person 1:** Good A, Good C
* **Person 2:** Good B, Good D
* **Not Allocated:** Good C

**Reasoning:**

The goal of fair allocation is to maximize the total value of the goods for all individuals involved. In this case, the total value of the goods for Person 1 and Person 2 is maximized by allocating Good A to Person 1 and Good B to Person 2. This is because both Person 1 and Person 2 value these goods the most.

Person 3's value for Good C is the same as Person 1's, but Person 1 also values Good A more than Good C. Therefore, it is fair to allocate Good C to Person 1 and not to Person 3.

Good D is valued equally by all three individuals. However, Person 2 already has Good B, which has a similar value to Good D. Therefore, it is fair to allocate Good D to Person 2 and not to Person 1 or Person 3.

This allocation ensures that both Person 1 and Person 2 receive goods that they value the most. Person 3 does not receive a good, but their loss is minimized by the fact that they have a relatively low value for all the goods.",1,2,1,2
7,"**Allocation:**

* Good A to Person 3
* Good B to Person 2
* Good C to Person 1
* Good D to Person 3

**Reasoning:**

This allocation maximizes the total utility for all individuals by assigning each person the good they value the most.

* Person 1 values Good C the most (32) and receives it.
* Person 2 values Good B the most (29) and receives it.
* Person 3 values Good A the most (31) and receives it, and also receives Good D, which they value equally to Goods A and C.

This allocation results in the following utility values for each person:

* Person 1: 32
* Person 2: 29
* Person 3: 38

The allocation ensures that each person receives at least one good they highly value, making it a fair distribution that takes into account individual preferences.",3,2,1,3
8,"**Solution:**

One possible allocation that could be considered fair is:

* Person 1 receives Good A
* Person 2 receives Good B
* Person 3 receives Good C
* Good D is not allocated (thrown away)

**Rationale:**

This allocation ensures that each person receives the highest value good for them. Person 1 values Good A the most, Person 2 values Good B the most, and Person 3 values Good C the most. By giving each person their highest value good, we are ensuring that they receive the maximum possible value from the allocation.

Discarding Good D in this scenario is a fair solution because none of the individuals value Good D highly. Thus, no one loses out by not receiving it.

This allocation also satisfies the condition of indivisibility, as each good is allocated to exactly one person or not allocated at all.

**Alternative Allocations:**

Other possible allocations that could be considered fair include:

* Person 1 receives Good A and Good D
* Person 2 receives Good B
* Person 3 receives Good C

* Person 1 receives Good A
* Person 2 receives Good B
* Person 3 receives Good C and Good D

The choice of which allocation is considered the fairest depends on the specific fairness criteria being used and the individual preferences of the people involved.",1,2,3,None
9,"**Possible Fair Allocation:**

* **Person 1:** Good A, Good B, Good C
* **Person 2:** Good D
* **Person 3:** None

**Explanation:**

This allocation is considered fair because:

* **Person 1:** Gets their three most valuable goods (A, B, C).
* **Person 2:** Gets their most valuable good (D).
* **Person 3:** Does not get any goods, but their loss is compensated by the fact that their value for each of the goods is the lowest among all three individuals.

**Alternative Fair Allocations:**

There are other allocations that could also be considered fair:

* **Allocation 1:**
    * Person 1: Good A, Good D
    * Person 2: Good B, Good C
    * Person 3: None
* **Allocation 2:**
    * Person 1: Good A, Good C
    * Person 2: Good B
    * Person 3: Good D

**Justification for Alternative Allocations:**

These alternative allocations are also fair because they:

* Give each individual at least one of their most valuable goods.
* Minimize the loss experienced by those who do not receive their most valuable goods.

**Factors Considered:**

When determining a fair allocation, the following factors were considered:

* **Value of the goods to each individual:** The allocation aims to maximize the overall value for the group.
* **Indivisibility of the goods:** Goods had to be allocated as a whole, without dividing them.
* **Loss aversion:** Individuals tend to value what they have more than what they don't have. Therefore, the allocation minimizes the loss experienced by those who do not receive their most valuable goods.",1,1,1,2
10,"**Fair Allocation:**

* **Good A:** Person 1
* **Good B:** Person 3
* **Good C:** Person 2
* **Good D:** Not allocated (discarded)

**Rationale:**

This allocation is considered fair because it maximizes the total value for the individuals involved.

* Person 1 receives Good A, which they value the most (30).
* Person 2 receives Good C, which they value the second most (31) after Good B.
* Person 3 receives Good B, which they also value the second most (32) after Good C.

By discarding Good D, the allocation ensures that each person receives a good that they value more than any of the remaining goods. This is in contrast to an allocation that would give Good D to Person 1 (who values it the least) or Person 2 (who values it only slightly higher).

Additionally, this allocation considers the relative values of the goods for each person. For example, Person 1 values Good A significantly more than Good D (30 vs. 7), while Person 2 values Good C only slightly more than Good D (31 vs. 7). By allocating Good A to Person 1 and Good C to Person 2, the allocation respects these differences in preferences.",1,3,2,None
11,"Given the indivisible goods and the values of each person for the given goods, a possible allocation that could be considered fair is as follows:

Good A: Person 1
Good B: Person 3
Good C: Person 2
Good D: Person 1

This allocation ensures that each person receives the good they value the most. 

Person 1 values Good A (30) and Good D (7) the most. Since Good A is valued higher, Person 1 has been allocated Good A and Good D.

Person 2 values Good C (31) the most. Hence, Person 2 is allocated Good C.

Person 3 values Good B (32) the most. Therefore, Person 3 is allocated Good B.

It is important to note that this allocation is subjective and is based on the assumption that each person's valuation of the goods is accurate and complete. In practice, there may be other factors to consider when determining a fair allocation, such as equity, need, or social welfare.",1,3,2,1
12,"**Allocation:**

- Person 1 receives Good A and Good C.
- Person 2 receives Good B and Good D.
- Person 3 receives nothing.

**Justification:**

This allocation is considered fair because it maximizes the total value of the goods for the individuals involved. The sum of the values for the goods allocated to each person is as follows:

- Person 1: 30 + 32 = 62
- Person 2: 29 + 7 = 36
- Person 3: 0

While it is not possible to allocate the goods perfectly evenly, this allocation ensures that Person 1 and Person 2 both receive goods that they value highly, while Person 3 receives nothing because their values for the goods are lower than the other individuals.",1,2,1,2
13,"**Allocation:**

* Good A to Person 1
* Good B to Person 3
* Good C to Person 2
* Good D to throw away

**Reasoning:**

This allocation aims to maximize the total value obtained by the individuals while ensuring that each person receives at least one good they value highly.

* Person 1 values Good A the most, so they receive it.
* Person 3 values Good B the most, so they receive it.
* Person 2 values Good C the most, so they receive it.

* Good D is left unallocated because all three individuals value it equally low. Throwing it away results in no loss of value.

**Total Value:**

* Person 1: 30
* Person 2: 33
* Person 3: 32

**Total Value (without Good D):** 95

**Fairness:**

This allocation is fair because it:

* Gives each person a good they value highly.
* Maximizes the total value obtained by the individuals.
* Ensures that no one person receives more than one high-value good.
* Treats all goods equally, regardless of their value.",1,3,2,None
14,"**Allocation:**

* Person 1: Good A, Good D
* Person 2: Good B, Good C
* Person 3: None

**Reasoning:**

This allocation maximizes the total value for all three individuals.

* Person 1 receives their most valuable item (Good A) and their least valuable item (Good D).
* Person 2 receives their most valuable item (Good B) and their second most valuable item (Good C).
* Person 3 receives no goods, but they also do not lose any value as they valued each item equally.

**Values:**

* Person 1: 37 (30 + 7)
* Person 2: 62 (33 + 29)
* Person 3: 0

**Additional Considerations:**

* This allocation is equitable, as each person receives an approximately equal share of the total value.
* It is also efficient, as no goods are wasted and the total value is maximized.
* It is a Pareto efficient allocation, as no other allocation can make one individual better off without making another individual worse off.",1,2,2,1
15,"**Allocation:**

* Person 1: Good A, Good C
* Person 2: Good B, Good D
* Person 3: Not allocated

**Rationale:**

* This allocation maximizes the total utility for all individuals:
    * Person 1: 30 + 32 = 62
    * Person 2: 29 + 7 = 36
    * Person 3: 0 (not allocated)
* It ensures that the three highly valued goods (A, B, C) are allocated to the individuals who value them most:
    * Good A: Person 1 (value of 30)
    * Good B: Person 2 (value of 29)
    * Good C: Person 1 (value of 32)
* It allocates the remaining good (D) to the individual who values it highest (Person 2, value of 7).
* Person 3, who has values approximately equal to the other individuals, is left unallocated. This is fair considering that the allocation has already maximized the total utility for the individuals with the highest values.",1,2,1,2
16,"**Allocation:**

* **Person 1 receives:** Good A and Good B
* **Person 2 receives:** Good C and Good D
* **Person 3 receives:** None

**Rationale:**

This allocation is based on the equal distribution of the total value of the goods among the individuals.

* Person 1 receives goods with a total value of 61 (30 + 31).
* Person 2 receives goods with a total value of 60 (33 + 29).
* Person 3 receives no goods, but their value for the remaining goods (30 + 32 + 7 = 69) is higher than that of either Person 1 or Person 2.

Therefore, this allocation ensures that the total value of the goods is evenly distributed, while also considering the individual preferences of the recipients.",1,1,2,2
17,"**Step 1: Sort the goods in decreasing order of value for each person.**

| Person | Good A | Good B | Good C | Good D |
|---|---|---|---|---|
| Person 1 | 32 | 31 | 30 | 7 |
| Person 2 | 33 | 31 | 30 | 7 |
| Person 3 | 32 | 31 | 30 | 7 |

**Step 2: Allocate the goods to the person who values them the most.**

| Good | Person | Value |
|---|---|---|
| Good A | Person 2 | 33 |
| Good B | Person 1 | 31 |
| Good C | Person 2 | 31 |
| Good D | None | 7 |

**Step 3: Check if the allocation is fair.**

To check if the allocation is fair, we can calculate the total value of the goods allocated to each person:

| Person | Total Value |
|---|---|
| Person 1 | 31 |
| Person 2 | 64 |
| Person 3 | 0 |

**Step 4: Adjust the allocation if necessary.**

In this case, the allocation is not fair because Person 3 has received no goods. To remedy this, we can reallocate Good D to Person 3, since it has the lowest value for all three people.

| Good | Person | Value |
|---|---|---|
| Good A | Person 2 | 33 |
| Good B | Person 1 | 31 |
| Good C | Person 2 | 31 |
| Good D | Person 3 | 7 |

**Step 5: Recalculate the total value for each person.**

| Person | Total Value |
|---|---|
| Person 1 | 31 |
| Person 2 | 64 |
| Person 3 | 7 |

**Conclusion:**

The final allocation of goods is as follows:

* Good A: Person 2
* Good B: Person 1
* Good C: Person 2
* Good D: Person 3

This allocation is fair because each person has received goods that they value more than the other goods.",2,1,2,3
18,"Good A: Person 1
Good B: Person 2
Good C: Person 3
Good D: Throw it away",1,2,3,None
19,"**Allocation:**

* Person 1 receives Good A and Good C.
* Person 2 receives Good B.
* Person 3 receives Good D.

**Reasoning:**

This allocation is fair because it maximizes the total value of the goods allocated to the individuals.

* Person 1 receives goods with a total value of 30 + 32 = 62.
* Person 2 receives goods with a total value of 29 + 31 = 60.
* Person 3 receives goods with a total value of 30 + 7 = 37.

This allocation also ensures that each person receives at least one good that they value highly.

* Person 1 receives Good C, which they value at 32.
* Person 2 receives Good B, which they value at 29.
* Person 3 receives Good D, which they value at 7.",1,2,1,3
20,"**Fair Allocation:**

**Person 1:** Good A, Good C
**Person 2:** Good B, Good D
**Person 3:** Do not allocate Good A, Good B, Good C, or Good D (throw them away)

**Justification:**

This allocation ensures that each person receives two goods that they value high. This solution utilizes the concept of **maximin**, which aims to maximize the minimum value obtained by each individual. In this case, Person 3 has the lowest maximum value among the three individuals. Allocating all four goods to Person 3 would result in a value of 32. However, by discarding all four goods, Person 3's value becomes zero. Therefore, discarding the goods is a more equitable solution for Person 3.",1,2,1,2
21,"Good A to Person 1, Good B to Person 3, Good C to Person 2, and Good D to Person 1.",1,3,2,1
22,"**Fair Allocation:**

* **Good A:** Person 1
* **Good B:** Person 2
* **Good C:** Person 3
* **Good D:** Discard

**Explanation:**

This allocation maximizes the total value obtained by all individuals, while ensuring that everyone receives at least one good.

* Person 1 values Good A the most, so it is allocated to them.
* Person 2 values Good B the most, so it is allocated to them.
* Person 3 values Good C the most, so it is allocated to them.
* There is a tie between all individuals for Good D, which is valued at 7. However, since Good D is indivisible, it is not possible to fairly distribute it. Therefore, it is discarded.

**Alternative Allocation:**

* **Good A:** Person 2
* **Good B:** Person 1
* **Good C:** Person 3
* **Good D:** Discard

This allocation is also fair, as it results in the same total value obtained by all individuals. However, it may be considered less fair because Person 1 receives their second most preferred good (Good B), while Person 2 receives their most preferred good (Good A).",1,2,3,None
23,"**Allocation:**

* Good A: Person 1
* Good B: Person 2
* Good C: Person 3
* Good D: Discard

**Rationale:**

This allocation aims to maximize the total value derived from the goods while ensuring equity among the three individuals. The total value of this allocation is 30 + 29 + 30 + 0 = 89.

* **Person 1:** Receives Good A, which has the highest value for them (30).
* **Person 2:** Receives Good B, which has the highest value for them (29).
* **Person 3:** Receives Good C, which has the highest value for them (30).
* **Good D:** Is discarded because none of the individuals values it highly enough to warrant allocation.

This allocation ensures that each person receives a good that they value the most, regardless of the values of other goods. It also results in the fairest distribution of benefits, as each person derives approximately equal value (30 or 29) from their allocated good.

**Alternative Allocation:**

* Good A: Person 2
* Good B: Person 3
* Good C: Person 1
* Good D: Discard

This alternative allocation also maximizes the total value (89) and ensures equity. It differs from the first allocation in that it assigns Good A to Person 2, who values it slightly less than Person 1. However, this trade-off allows Person 2 to receive their second-highest valued good, Good B, while Person 1 still receives their highest valued good, Good C.

**Conclusion:**

Both allocations presented are considered fair, as they distribute the goods equitably among the individuals while maximizing the total value derived. The choice between these allocations depends on the specific preferences of the individuals involved and the importance they place on receiving their most highly valued good.",1,2,3,None
24,"**Allocation:**

* **Person 1:** Good B, Good C
* **Person 2:** Good A, Good D
* **Person 3:** None

**Explanation:**

This allocation achieves the following goals:

* **Maximal Total Value:** Allocating the goods in this way results in the highest total value for the individuals involved (Total Value = 31 + 32 + 33 + 7 = 103).
* **Fairness:** Each person receives goods with a total value of 63, which is the closest to the average value per person (103 / 3 = 34.33).
* **Avoiding Envy:** No person would prefer the allocation of another person over their own.
* **Avoiding Waste:** No goods are discarded.

**Note:**

This allocation is just one possible solution that aims to be fair and efficient. There may be other allocations that also meet these criteria. Ultimately, the best allocation depends on the specific values and preferences of the individuals involved.",2,1,1,2
25,"**Fair Allocation:**

* **Person 1:** Good A
* **Person 2:** Good B
* **Person 3:** Good C, Good D

**Reasoning:**

This allocation ensures that:

* **Equity:** Each person receives one of the highest-valued goods for them.
* **Envy-freeness:** No person would prefer to have any other person's goods.
* **Efficiency:** All goods are allocated, so there is no waste.

**Additional Considerations:**

* This allocation assumes that the individuals' values are accurately reported.
* Other allocation methods could also be considered, such as the Shapley-Shubik power index or the Nash bargaining solution.
* The fairness of an allocation may depend on the subjective preferences of the individuals involved.",1,2,3,3
26,"**Proposed Fair Allocation:**

* **Good A:** Person 2
* **Good B:** Person 3
* **Good C:** Person 1
* **Good D:** Not allocated

**Rationale:**

This allocation is considered fair because it:

* **Maximizes total value:** The sum of the values received by each person is 93 (30 + 29 + 32 + 2).
* **Ensures equity:** Each person receives approximately equal value (30, 29, and 32).
* **Prevents waste:** All goods are allocated to individuals who value them the most, preventing any goods from being discarded.
* **Balances the allocation:** By allocating one good to each person, we avoid situations where one person receives significantly more value than others.

This allocation considers both the individual values and the overall fairness of the distribution. It ensures that all individuals receive a meaningful share of the goods while maximizing the total value received.",2,3,1,None
27,"**Allocation:**

* **Person 1:** Good A, Good D
* **Person 2:** Good B
* **Person 3:** Good C

**Justification:**

This allocation results in the following total values:

* Person 1: 37
* Person 2: 29
* Person 3: 30

**Rationale:**

* **Equity:** Each person receives a total value that is within a reasonable range of the others.
* **Efficiency:** All goods are allocated, maximizing the total value obtained.
* **Parity:** Person 1 and Person 3 receive the same total value, avoiding any perception of favoritism.
* **Simplicity:** The allocation is straightforward and easy to implement.

**Note:**

This is just one possible allocation that could be considered fair. Other factors, such as individual needs or preferences, could be taken into account to determine different allocations.",1,2,3,1
28,"**Proposed Allocation:**

* **Person 1:** Good A, Good C
* **Person 2:** Good B, Good D

**Rationale:**

This allocation considers both individual preferences and aims for an equitable distribution of value:

* **Person 1:** Values Good A and Good C the most, and receives both.
* **Person 2:** Values Good B and Good D the most, and receives both.
* **Person 3:** Values Good C slightly more than Good B, but receives Good C to Person 1 who values it even more.

**Total Value:**

* Person 1: 30 + 32 = 62
* Person 2: 29 + 7 = 36
* Person 3: 31 + 7 = 38

**Explanation:**

This allocation maximizes the total value received by the individuals, as it assigns the goods to the people who value them the most. It also avoids the potential inefficiency of splitting the goods or throwing them away due to indivisibility.

**Alternative Considerations:**

* **Envy-Free Allocation:** This would allocate the goods so that no individual would prefer the allocation for any other individual. However, given the specific values provided, such an allocation is not possible.
* **Nash Equilibrium:** This would be an allocation where no individual can improve their own outcome by unilaterally changing their own allocation. The proposed allocation is a Nash Equilibrium, as no person can improve their value by swapping goods with another person.",1,2,1,2
29,"Based on the provided information, an equitable distribution of goods could be as follows:

**Person 1:**

* Good A: 30

**Person 2:**

* Good B: 29

**Person 3:**

* Good C: 30
* Good D: 7

This allocation takes into account each individual's preferences and ensures that everyone receives at least one good that they value highly.

**Explanation:**

* Person 1 values Good A the highest, so they receive it.
* Person 2 values Good B the highest, so they receive it.
* Person 3 values Good C and D equally, so they receive both.

This distribution also ensures that no goods are wasted or left unallocated.",1,2,3,3
30,"**Allocation:**

* **Person 1:** Good A
* **Person 2:** Good B
* **Person 3:** Good C

**Good D:** Not allocated (thrown away)

**Justification:**

This allocation is considered fair because it maximizes the total utility of the individuals involved:

* Total utility for Person 1: 30
* Total utility for Person 2: 29
* Total utility for Person 3: 30

**Explanation:**

* **Person 1:** Values Good A the most (30) and doesn't have a strong preference for the other goods. Allocating Good A to them gives them the highest possible utility.
* **Person 2:** Values Good B the second most (29) and has a relatively high value for Good C (31). Allocating Good B to them provides a good balance of utility between the two goods.
* **Person 3:** Values Good C and Good B almost equally (32 and 31). However, since Good B has already been allocated to Person 2, Good C is the next best option for Person 3.
* **Good D:** The value of Good D is relatively low for all individuals (7). Therefore, it is not allocated to any person to maximize the overall utility.

This allocation ensures that each person receives at least one good they value highly, leading to a fair and equitable distribution of resources.",1,2,3,None
31,"**Proposed Allocation:**

* Person 1: Good A
* Person 2: Good B
* Person 3: Good C

**Justification:**

This allocation aims to achieve fairness by maximizing the total ""value"" obtained by the individuals. The value of a good is determined by the value that the respective person assigns to it. The sum of values for each individual under this allocation is as follows:

* Person 1: Value of Good A = 30
* Person 2: Value of Good B = 29
* Person 3: Value of Good C = 30

**Total Value:** 30 + 29 + 30 = 89

Alternative allocations may result in a different total value. For example, if Person 2 received both Good A and Good C, the total value would be 33 + 31 = 64.

By allocating Good A to Person 1, Good B to Person 2, and Good C to Person 3, we ensure that each person receives the good they value the most. This allocation is considered fair because it maximizes the overall satisfaction of the individuals involved.",1,2,3,None
32,"**Allocation**:
- Person 1: Good A, Good C
- Person 2: Good B, Good D
- Person 3: Not allocated anything

**Fairness Considerations**:
This allocation considers both efficiency and equity in order to achieve fairness.

**Efficiency:**
- Each good is allocated to the person who values it the most, except for Good D.
- Person 1 values Good C more than Person 2 or 3, so allocating it to them maximizes its value.
- Person 2 values Good B more than Person 1 or 3, so allocating it to them maximizes its value.
- Good A and Good C have equal value to Person 1, so allocating Good A to them is also efficient.
- Good D has equal value to all three people, so it is not allocated to anyone in order to prioritize the goods with higher value.

**Equity:**
- All three people receive an equal number of goods (two for Person 1 and 2, none for Person 3).
- This ensures that the allocation is balanced and does not favor any one person excessively.
- While Person 3 does not receive any goods, their value for all four goods is the lowest, so the allocation still prioritizes efficiency by allocating goods to those who value them more.",1,2,1,None
33,"**Person 1:** Good A
**Person 2:** Good B
**Person 3:** Good C
**Not allocated:** Good D

**Rationale:**

This allocation ensures that each person receives their most preferred good. It also results in a relatively balanced distribution of value, with Person 1 receiving a total value of 93, Person 2 receiving 93, and Person 3 receiving 93.

**Additional Considerations:**

* Since the goods are indivisible, it would be impossible to allocate Good D to any person without giving them a total value that is higher than the other two individuals.
* The allocation does not consider the individuals' preferences for goods other than their most preferred one. For example, Person 1 values Good B almost as much as they value Good A. However, in order to ensure that each person receives their most preferred good, this had to be sacrificed.
* It could be argued that a fairer allocation would be to give each person one of each good. However, this would result in a lower total value for all three individuals (90 instead of 93).",1,2,3,None
34,"**Allocation:**

* **Person 1:** Good A, Good C
* **Person 2:** Good B
* **Person 3:** Good D

**Explanation:**

This allocation maximizes the total value for all three individuals:

* **Person 1:** 30 (Good A) + 32 (Good C) = 62
* **Person 2:** 29 (Good B)
* **Person 3:** 7 (Good D)

**Total Value:** 98

This allocation considers the following factors:

**Fairness:**

* Each person receives at least one good.
* The difference in total value between each person is relatively small (13).

**Equity:**

* Person 1 receives the two goods they value most (Goods A and C).
* Person 2 receives the good they value second-most (Good B).
* Person 3 receives the good they value least (Good D), but it is still worth 7.

**Efficiency:**

* The allocation results in a high total value of 98, indicating that the goods are being allocated to those who value them most.

**Additional Considerations:**

* Person 1 receives the goods they value most, but they give up Good D, which they value second-least.
* Person 2 receives Good B, which they value slightly less than Good A or C, but they do not receive any goods that they value significantly more.
* Person 3 receives Good D, which they value least, but they gain by receiving a good that is still of some value to them.

Overall, this allocation strikes a balance between fairness, equity, and efficiency.",1,2,1,3
35,"**Allocation:**

* Person 1 receives Good B and Good C.
* Person 2 receives Good A and Good D.
* Person 3 receives no goods.

**Rationale:**

This allocation addresses the following fairness principles:

* **Equity:** Each person receives a total value of 63, which is the average value of the goods.

* **Envy-freeness:** No person would prefer the allocation of someone else.

* **Maximizing total value:** This allocation yields the highest total value among all possible allocations that satisfy equity and envy-freeness.

**Explanation:**

Good A and Good B have the highest values for Person 1 and Person 2, respectively. Good C and Good D have the second-highest values for Person 1 and Person 2, respectively. Therefore, allocating these goods to Person 1 and Person 2 ensures equity and efficiency.

Person 3's highest value is for Good C, which is allocated to Person 1. Their second-highest value is for Good B, which is allocated to Person 2. Therefore, it is not possible to allocate any goods to Person 3 without violating fairness principles.

This allocation allows each person to receive a fair share of the goods, while also maximizing the total value of the allocation.",2,1,1,2
36,"**Allocation:**

- Good A to Person 1
- Good B to Person 2
- Good C to Person 3
- Good D is not allocated (thrown away)

**Reasoning:**

Using the given values, we can calculate the sum of values for each person for each good:

| Good | Person 1 | Person 2 | Person 3 |
|---|---|---|---|
| A | 30 | 33 | 31 |
| B | 31 | 29 | 32 |
| C | 32 | 31 | 30 |
| D | 7 | 7 | 7 |

By allocating the goods as per the proposed solution, the sum of values for each person is equal.

| Person | Value of Allocated Goods |
|---|---|
| Person 1 | 30 + 7 = 37 |
| Person 2 | 29 + 31 = 60 |
| Person 3 | 30 + 32 = 62 |

While Person 1 gets less value than the other two, we have decided to allocate Good A to them to ensure that all goods are allocated. Throwing away Good D instead of allocating it to Person 1 ensures that the overall sum of values allocated is as close as possible for all individuals.",1,2,3,None
37,"**Allocation:**

* **Person 1:** Good A, Good C
* **Person 2:** Good B, Good D
* **Not allocated:** None

**Justification:**

This allocation achieves a balance of utility among the individuals.

* **Person 1:** Values Good A (30) and Good C (32) highly. This allocation maximizes their utility with a total utility of 62.
* **Person 2:** Values Good B (29) and Good D (7) less than Person 1. However, this allocation provides them with a total utility of 36, which is comparable to Person 1's utility.
* **Person 3:** Values Good A (31), Good B (32), and Good C (30) slightly higher than Person 1 and Person 2. However, they do not receive any of these goods as they have lower values for Good A and Good C compared to Person 1, and a lower value for Good B compared to Person 2.

**Additional Considerations:**

* **Envy-freeness:** No individual has any incentive to covet another individual's allocation.
* **Pareto efficiency:** It is not possible to reallocate the goods in a way that would increase the utility of any individual without decreasing the utility of another individual.

Therefore, this allocation is considered fair as it balances the utilities of the individuals involved, while ensuring envy-freeness and Pareto efficiency.",1,2,1,2
38,"To determine a fair allocation of the goods, we can use the following steps:

1. Find the maximum value for each good among all the people.
2. Allocate the good with the highest maximum value to the person who values it the most.
3. Repeat steps 1 and 2 for the remaining goods.

Using this approach, we get the following allocation:

* Good A: Person 2 (value 33)
* Good B: Person 3 (value 32)
* Good C: Person 1 (value 32)
* Good D: Not allocated (since the maximum value is 7 for all people)

This allocation ensures that each person receives the good that they value the most, and that no good is wasted.",2,3,1,None
39,"**Allocation:**

* Person 1: Good A, Good C
* Person 2: Good B
* Person 3: Good D

**Reasoning:**

This allocation aims to maximize the aggregate value of the goods received by each person.

* **Person 1:** Good A has the highest value for Person 1, and Good C has the second highest value. This allocation gives Person 1 their two most preferred goods.
* **Person 2:** Good B is Person 2's most preferred good. Allocating it to them ensures that they receive their top choice.
* **Person 3:** Good D is Person 3's only preference. All other goods have equal value for them. This allocation ensures that they receive the good they prefer.

This allocation also avoids the potential for envy among the individuals. All individuals receive goods that they value highly, and no one receives a good that another individual values more.

**Other Considerations:**

* **Equity:** This allocation treats all individuals equally, giving each person one or two goods.
* **Efficiency:** It maximizes the total value of the goods received by the individuals.
* **Envy-freeness:** No individual envies the allocation of goods to any other individual.",1,2,1,3
40,"**Fair Allocation:**

* **Person 1:** Good A, Good B
* **Person 2:** Good C, Good D
* **Person 3:** None (all goods allocated to Person 1 and Person 2)

**Reasoning:**

This allocation is fair because it maximizes the total utility for all three individuals.

* Person 1 values Good A and Good B the most, so allocating these goods to them provides them with the highest utility.
* Person 2 values Good C and Good D the most, and allocating them these goods provides them with a similar utility level as Person 1.
* Person 3 has relatively lower values for all the goods, so they receive no goods in this allocation. However, since the goods are indivisible, it is not possible to allocate any of them to Person 3 without significantly reducing their utility.

By allocating the goods in this way, we ensure that both Person 1 and Person 2 receive goods that they value highly, while Person 3 does not lose significantly since their values for all the goods are lower. This allocation balances the interests of all three individuals and promotes a fair distribution of goods.",1,1,2,2
41,"**Fair Allocation:**

* **Person 1:** Good A
* **Person 2:** Good B
* **Person 3:** Good C
* **Discarded:** Good D

**Rationale:**

This allocation maximizes the total utility of the individuals by assigning each person the good they value the most.

* Person 1 values Good A the most (30).
* Person 2 values Good B the most (29).
* Person 3 values Good C the most (30).

**Discarded Good:**

Good D is discarded because it has the lowest value for all three individuals (7). Thus, it is more efficient to not allocate it and instead maximize the utility of the other three goods.

This allocation ensures that each person receives a good that they highly value, leading to a fair distribution of resources.",1,2,3,None
42,"I would allocate the goods as follows:

* **Good A:** Person 1
* **Good B:** Person 3
* **Good C:** Person 2
* **Good D:** Person 1 or Person 2 or Person 3 (any of the three)

This allocation roughly maximizes the total value of the allocation, while ensuring that all three individuals receive at least one good that they value highly.

* Person 1 receives two goods that they value highly (Good A and Good D) and their combined value is 37, which is the highest among the three individuals.
* Person 2 receives Good C that they value at 31, which is the highest among the three goods.
* Person 3 receives Good B that they value at 32, which is the highest among the three goods.

The total value of this allocation is 30 + 32 + 31 + 7 = 100, which is the highest possible total value.",1,3,2,3
43,"**Proposed Allocation:**

* Person 1: Good A, Good C
* Person 2: Good B, Good D
* Person 3: Discard (not allocated)

**Rationale:**

This allocation aims to maximize the total utility while ensuring fairness among the individuals.

* **Person 1:** Receives the two goods with the highest utility (Good A and Good C). Their total utility is 62.
* **Person 2:** Receives the two goods with the second-highest utility (Good B and Good D). Their total utility is 60.
* **Person 3:** Does not receive any goods as their utility values for the remaining goods (Good B and Good C) are lower than the utility values of Person 1 and Person 2.

**Total Utility:** The total utility under this allocation is 62 + 60 = 122.

**Fairness Considerations:**

* Person 1 has the highest total utility (62), but this is justified as they receive the two goods with the highest individual utility.
* Person 2 has a lower total utility (60), but this is due to their lower individual utility for Goods A and C.
* Person 3 does not receive any goods due to their lower utility values, but it is ensured that they do not receive a negative utility (i.e., they are not forced to take goods they do not value).

**Alternate Allocations:**

* **Allocation 1:** Person 1 (Good A, Good D), Person 2 (Good B, Good C), Person 3 (Discard). This allocation also achieves a total utility of 122, but may be considered less fair as Person 3 does not receive any goods.
* **Allocation 2:** Person 1 (Good A), Person 2 (Good B), Person 3 (Good C, Good D). This allocation results in a lower total utility of 120, but distributes goods more evenly among the individuals.

Ultimately, the ""fairest"" allocation depends on the specific preferences of the individuals involved. The proposed allocation is one possible solution that aims to balance individual utilities and overall fairness.",1,2,1,2
44,"Allocate Good A to Person 1.
Allocate Good B to Person 3.
Allocate Good C to Person 2.
Allocate Good D to Person 1.",1,3,2,1
45,"**Possible Allocation:**

* **Good A:** Person 1
* **Good B:** Person 3
* **Good C:** Person 2
* **Good D:** Discarded (not allocated)

**Reasoning:**

This allocation maximizes the sum of the utilities of all three individuals:

* Person 1: Utility = 30
* Person 2: Utility = 31
* Person 3: Utility = 32

Disposing of Good D is due to its low value (7) compared to the other goods. Discarding it effectively reduces the number of goods to be allocated from 4 to 3, which simplifies the allocation process and ensures a fair distribution of the remaining goods.

**Alternative Allocations:**

There are other possible allocations that could be considered fair, depending on the specific preferences of the individuals involved. For example:

* **Allocation 1:**
    * Good A: Person 1
    * Good B: Person 2
    * Good C: Person 3
    * Good D: Person 3

* **Allocation 2:**
    * Good A: Person 2
    * Good B: Person 1
    * Good C: Person 3
    * Good D: Person 2

The choice of a final allocation should be made after considering the trade-offs and preferences of all the individuals involved.",1,3,2,None
46,"**Fair Allocation:**

* **Person 1:** Good A (value: 30)
* **Person 2:** Good B (value: 29)
* **Person 3:** Good C (value: 30)
* **Throw away:** Good D

**Reasoning:**

This allocation maximizes the total value received by the individuals.

* Person 1 values Good A the most (30), and Person 3 values Good C the most (30). Assigning these goods to them ensures that they receive the highest value among the available goods.
* Person 2 values Good B the most (29). Assigning it to them maximizes their value.
* Good D is valued equally by all three individuals at 7. Since it is indivisible, allocating it to any one person would result in the same value gain. To ensure fairness, it is discarded.

**Alternative Allocations:**

* Person 1: Good B
* Person 2: Good A
* Person 3: Good C
* Throw away: Good D

This allocation provides Person 1 with their second highest value (31), Person 2 with their highest value (33), and Person 3 with their second highest value (32). It also discards Good D, which is not valued highly by any of the individuals.

Ultimately, the fairness of an allocation is subjective and depends on the criteria used. The two allocations presented here are both reasonable and aim to distribute the goods in a way that considers the preferences of all individuals involved.",1,2,3,None
47,"To allocate the goods fairly, I would use the following steps:

1. **Find the total value of all the goods.** This is 30 + 31 + 32 + 7 + 33 + 29 + 31 + 7 + 31 + 32 + 30 + 7 = 260.

2. **Determine the average value of each good.** This is 260 / 4 = 65.

3. **Allocate each good to the person who values it the most.** This means that:
    * Person 1 should get Good A, which they value at 30.
    * Person 2 should get Good B, which they value at 33.
    * Person 3 should get Good C, which they value at 32.

4. **Allocate the remaining good to the person who values it the second most.** This means that:
    * Person 1 should get Good D, which they value at 7.

This allocation is fair because it gives each person goods that they value at an average of 65. It is also efficient because it does not waste any goods.",1,2,3,1
48,"**Allocation:**

* **Person 1:** Good A, Good C
* **Person 2:** Good B, Good D
* **Person 3:** None

**Reasoning:**

This allocation maximizes the total value for all three persons, while also ensuring that each person receives at least one good:

* Person 1 receives Goods A and C, with a total value of 30 + 32 = 62.
* Person 2 receives Goods B and D, with a total value of 29 + 7 = 36.
* Person 3 does not receive any goods due to them having the lowest total value across all goods (31 + 32 + 30 = 93).

**Alternatives Considered:**

* **Allocation 1:**
    * Person 1: Good A, Good B
    * Person 2: Good C, Good D
    * Person 3: None

This allocation results in a lower total value (63 vs 68) because Person 2's value for Good C is higher than their value for Good D.

* **Allocation 2:**
    * Person 1: Good B, Good C
    * Person 2: Good A, Good D
    * Person 3: None

This allocation also results in a lower total value (64 vs 68) because Person 1's value for Good A is lower than their value for Good B.

The allocation chosen above provides the highest total value and ensures fairness by allocating at least one good to each person.",1,2,1,2
49,"**Allocation:**

* **Person 1:** Good A, Good C
* **Person 2:** Good B
* **Person 3:** Good D

**Reasoning:**

This allocation considers the following factors to ensure fairness:

* **Equal Value Distribution:** The allocation results in the most equal distribution of total value among the individuals:
    * Person 1: 30 + 32 = 62
    * Person 2: 29 + 31 = 60
    * Person 3: 30 + 7 = 37
* **Balanced Preferences:** Each person receives the goods they value the most:
    * Person 1 highly values Good A and Good C.
    * Person 2 highly values Good B (even though it is slightly less than their value for Good A).
    * Person 3 highly values Good D and it is the good they value the most out of the unallocated ones.
* **Elimination of Envy:** No person envies the allocation of another person. This is because:
    * Person 1 has the highest total value and receives the goods they value the most.
    * Person 2 has a slightly lower total value than Person 1 but receives the good they value the most (Good B).
    * Person 3 has the lowest total value but receives the good they value the most (Good D) out of the remaining goods.",1,2,1,3
50,"**Proposed Allocation:**

* **Person 1:** Good A
* **Person 2:** Good B
* **Person 3:** Good C
* **Not Allocated:** Good D

**Justification:**

This allocation strives for fairness by maximizing the total utility, which is the sum of the values each person receives for their allocated goods.

**Calculations:**

* Person 1's utility: 30 (Good A)
* Person 2's utility: 29 (Good B)
* Person 3's utility: 30 (Good C)
* Total utility: 89

**Alternative Allocations:**

* **Allocate Good D to Person 3:** This would increase Person 3's utility to 37 but reduce the total utility to 88.
* **Allocate Good D to Person 2:** This would increase Person 2's utility to 36 but reduce the total utility to 87.
* **Allocate Good D to Person 1:** This would increase Person 1's utility to 37 but reduce the total utility to 86.
* **Not allocating Good D at all:** This results in the highest total utility of 89.

Therefore, the proposed allocation is the most efficient and equitable, as it maximizes the total utility and prevents over-allocation to any one individual.",1,2,3,None
51,"**Allocation:**

* **Person 1:** Good A
* **Person 2:** Good B
* **Person 3:** Good C, Good D

**Reasoning:**

This allocation achieves a fair distribution of goods based on the following principles:

* **Equal Value:** Each person receives goods with a total value of 30 utilities (Person 1: Good A, Person 2: Good B, Person 3: Good C and Good D).
* **Envy-Freeness:** No person would prefer another person's allocation over their own. For example, Person 1 would not prefer Person 2's allocation (Good B) because they have a higher value for Good A.
* **Pareto Optimality:** It is not possible to reallocate the goods to create a more beneficial allocation for one person without making another person worse off.

This allocation considers both efficiency (equal total value) and equity (envy-freeness and Pareto optimality). It ensures that each person receives a fair share of the available goods and that no one would prefer another person's allocation.",1,2,3,3
52,"**Proposed Allocation:**

* **Person 1:** Good A, Good B
* **Person 2:** Good C
* **Person 3:** Good D

**Rationale:**

This allocation seeks to maximize the total utility of the goods among the individuals.

* **Person 1:** Receives the two goods (A and B) that they value the most (30 and 31).
* **Person 2:** Receives Good C, which they value slightly less than Person 1, but still more than Person 3.
* **Person 3:** Receives Good D, which they value the least but still more than discarding it.

By allocating the goods in this manner, the overall utility achieved is:

* Person 1: 30 + 31 = 61
* Person 2: 33 + 7 = 40
* Person 3: 32 + 7 = 39

This allocation ensures that each individual receives a fair share of the goods, based on their preferences. It also minimizes the amount of utility lost due to discarding any goods.",1,1,2,3
53,"**Allocation:**

* **Person 1:** Good A
* **Person 2:** Good B
* **Person 3:** Good C

**Explanation:**

This allocation is fair because it maximizes the total utility of the individuals. The utility of each person is calculated by summing their values for the goods they receive.

* Person 1: Utility = 30 (Good A)
* Person 2: Utility = 29 (Good B)
* Person 3: Utility = 30 (Good C)

Total Utility = 30 + 29 + 30 = 89

This allocation also ensures that each person receives at least one good they value highly. Person 1 receives their highest-valued good (Good A), Person 2 receives their second-highest-valued good (Good B), and Person 3 receives their highest-valued good (Good C).

**Note:** Good D is not allocated in this allocation because all three individuals value it equally low. Allocating Good D to any of the individuals would not increase their utility and would decrease the overall utility.",1,2,3,None
54,"Here is one possible allocation that could be considered fair:
* Person 1 receives Good A and Good B.
* Person 2 receives Good C and Good D.
* Person 3 does not receive any goods.
This allocation is fair because each person receives two goods, and the total value of the goods received by each person is approximately the same.",1,1,2,2
55,"**Allocation:**

* Person 1: Good A
* Person 2: Good B
* Person 3: Good C
* Throw away: Good D

**Justification:**

This allocation ensures that each person receives the good that they value most highly. By assigning each person their top-valued good, we maximize the total utility (sum of individual values) obtained from the allocation.

* Person 1 values Good A the most (value: 30)
* Person 2 values Good B the most (value: 29)
* Person 3 values Good C the most (value: 30)

Throwing away Good D avoids a situation where one person values it significantly less than the others, thereby ensuring that no person is disadvantaged compared to the others.

**Example Calculation:**

Total utility without allocation: 30 + 33 + 31 + 7 + 29 + 32 + 31 + 7 = 190

Total utility with allocation: 30 + 29 + 30 + 0 = 89

By allocating the goods as described, we reduce the total utility from 190 to 89, but this reduction is evenly distributed among all three individuals, ensuring fairness.",1,2,3,None
56,"**Fair Allocation:**

* **Person 1 receives:** Good A
* **Person 2 receives:** Good B
* **Person 3 receives:** Good C

**Rationale:**

This allocation ensures that each person receives the good they value the most.

* Person 1 values Good A the highest at 30.
* Person 2 values Good B the highest at 29.
* Person 3 values Good C the highest at 30.

**Remaining Good:**

Good D is not allocated to any person as it is the least valued good for all three individuals. Discarding Good D is fair because it does not deprive any person of a good they value significantly.

**Analysis:**

This allocation is fair because it:

* **Maximizes Value:** Each person receives the good that provides them with the greatest utility.
* **Avoids Envy:** No person envies another for receiving a good they value more highly.
* **Minimizes Discards:** Only one good (Good D) is discarded, and it is the least valued good.

It's important to note that other allocations could also be considered fair, depending on the specific circumstances and preferences of the individuals involved.",1,2,3,None
57,"**Allocation:**

* **Good A:** Person 1
* **Good B:** Person 3
* **Good C:** Person 2
* **Good D:** Not allocated

**Explanation:**

This allocation aims to maximize the total value obtained by the individuals. Here is a breakdown of the values assigned to each good:

* **Good A:** Person 1 values it at 30, while Person 2 and Person 3 value it at 33 and 31, respectively.
* **Good B:** Person 3 values it at 32, while Person 1 and Person 2 value it at 31 and 29, respectively.
* **Good C:** Person 2 values it at 31, while Person 1 and Person 3 value it at 32 and 30, respectively.
* **Good D:** All three individuals value it equally at 7.

By allocating Good A to Person 1, Good B to Person 3, and Good C to Person 2, we maximize the total value to 93 units (30 + 32 + 31).

Good D is not allocated because allocating it to any individual would have resulted in a lower total value. Discarding this good may seem wasteful, but it prevents any potential conflicts or dissatisfaction among the individuals.

This allocation is fair because it considers the value placed on each good by each individual and aims to distribute the goods in a way that optimizes the overall benefit.",1,3,2,None
58,"**Allocation:**

* Person 1 receives Good A
* Person 2 receives Good B
* Person 3 receives Good C
* Good D is not allocated (thrown away)

**Justification:**

This allocation is fair because each person receives the good that they value the most. Person 1 receives Good A, which they value at 30, the highest amount among all the goods. Person 2 receives Good B, which they value at 29, the second highest amount. Person 3 receives Good C, which they value at 30, the same as Person 1 values Good A. Good D is not allocated because it is valued equally by all three individuals, so it would not be fair to give it to any one person.

**Alternative Allocations:**

There are other possible fair allocations, such as:

* Person 1 receives Good A and Good C
* Person 2 receives Good B and Good D
* Person 3 receives nothing

This allocation is also fair because each person receives a combination of goods that they value highly. Person 1 receives Good A, which they value at 30, and Good C, which they value at 32. Person 2 receives Good B, which they value at 29, and Good D, which they value at 7. Person 3 does not receive any goods, but this is fair because they value all the goods equally.

Ultimately, the fairest allocation depends on the specific values that the individuals place on the goods. There is no one ""correct"" answer, but the allocations presented above are both fair and reasonable.",1,2,3,None
59,"**Allocation:**

* **Good A:** Person 1
* **Good B:** Person 2
* **Good C:** Person 3
* **Good D:** Discard (not allocated)

**Justification:**

This allocation is considered fair because it takes into account the individual values of the goods for each person.

* Person 1 values Good A the highest, and they also have the highest value for Good B among the three individuals. Giving them both Good A and Good B ensures that they receive the goods they value the most.
* Person 2 values Good B higher than the other goods, so they receive that good. They also have a relatively high value for Good A, but since Person 1 has a higher value for it, Person 2 is allocated Good B instead.
* Person 3 has the highest value for Good C, so they receive that good. Their values for the other goods are lower than those of the other two individuals, and allocating them Good C gives them a fair share of the goods.
* Good D is discarded because it has the lowest value for all three individuals. Allocating it to any of them would not significantly increase their overall satisfaction.",1,2,3,None
60,"**Allocation:**

* **Person 1:** Good A
* **Person 2:** Good B
* **Person 3:** Good C
* **Discard:** Good D

**Reasoning:**

This allocation is based on the following considerations:

* **Equal Values:** All three individuals have relatively equal values for three out of the four goods. Good D has very low value for all three individuals, so it is fair to discard it.
* **Maximum Value Utilization:** Giving each person their highest-valued good ensures that the total value obtained from the allocation is maximized.
* **Tie-Breaking:** In the case of ties (such as Goods A and C), the goods are allocated randomly to avoid any perceived bias.

This allocation results in the following values for each person:

* Person 1: 30
* Person 2: 29
* Person 3: 30

While no allocation can perfectly satisfy everyone's preferences, this allocation is considered fair because it:

* **Distributes the most valuable goods evenly.**
* **Ensures that everyone receives a good that they value highly.**
* **Minimizes the total value lost by discarding the least valued good.**",1,2,3,None
61,"**Proposed Allocation:**

**Person 1:**
* Good A (valued at 30)

**Person 2:**
* Good B (valued at 29)

**Person 3:**
* Good C (valued at 30)
* Good D (valued at 7)

**Justification:**

This allocation aims to achieve fairness by considering both individual preferences and maximizing overall value.

* **Good A:** Person 1 has the highest value for Good A (30), so it is allocated to them.
* **Good B:** Person 2 has the highest value for Good B (29), so it is allocated to them.
* **Good C:** Person 3 has the highest value for Good C (30), but they also have a relatively high value for Good D (7). Therefore, to maximize overall value, Good C is allocated to Person 3.
* **Good D:** As a result of the allocation of Good C to Person 3, Good D is the only remaining good. Both Person 1 and Person 2 value this good equally (at 7), so it is allocated to Person 3 to ensure they receive a second good.

This allocation results in each person receiving a good that they value relatively highly, and it also maximizes the total value of the allocation.",1,2,3,3
62,"**Allocation**:

* **Person 1 receives Good A** (value: 30)
* **Person 2 receives Good B** (value: 29)
* **Person 3 receives Good C** (value: 30)
* **Good D is discarded** (value: 7)

**Rationale**:

This allocation ensures the following:

* **Equal Total Value:** Each person receives goods with a total value of 30. This is the highest total value that can be achieved while discarding only one good.
* **High Value Priority:** Person 1 receives Good A, which they value the highest (30). Similarly, Person 2 and Person 3 receive Goods B and C, respectively, which they value the second highest.
* **Least Waste:** By discarding Good D, we minimize the total value lost. Good D is the least valuable good for all three individuals.
* **Fairness:** The allocation does not favor any one person significantly over the others. All individuals receive goods that they value reasonably highly.

**Additional Considerations**:

* **Envy-Free Allocation:** It is not possible to achieve an envy-free allocation in this case. Each person would prefer to have the other goods, as they value them slightly higher than the ones they received.
* **Alternative Allocations:** Other fair allocations could be considered, depending on the specific preferences of the individuals. For example:
    * Person 1: Good A, Good D
    * Person 2: Good B, Good C
    * Person 3: Good C, Good D
    * This allocation also provides equal total value and high value priority, but it differs in the allocation of Good D.",1,2,3,None
63,"**Person 1:** Good A
**Person 2:** Good B
**Person 3:** Good C

**Good D:** Not allocated

This allocation is fair because it gives each person the good that they value the most. Person 1 gets Good A, which is worth 30 to them. Person 2 gets Good B, which is worth 29 to them. Person 3 gets Good C, which is worth 30 to them. Good D is not allocated because it is worth the same amount to all three people, so it would not be fair to give it to one person over the others.",1,2,3,None
64,"**Allocation:**

* **Person 1:** Good A
* **Person 2:** Good C
* **Person 3:** Good B, Good D

**Rationale:**

This allocation aims to optimize the total value of the goods received by each person:

* **Person 1:** Receives Good A, valued at 30.
* **Person 2:** Receives Good C, valued at 31.
* **Person 3:** Receives Good B, valued at 32, and Good D, valued at 7, for a total value of 39.

This allocation maximizes the total value received by all three individuals:

* Person 1: 30
* Person 2: 31
* Person 3: 39

Total: 100

**Explanation:**

* **Good A:** Person 1 values this good the most (30), so it is allocated to them.
* **Good B:** Person 3 values this good the most (32), so it is allocated to them.
* **Good C:** Person 2 values this good the most (31), so it is allocated to them.
* **Good D:** Since it is valued equally by all three individuals (7), it is allocated to Person 3 along with Good B to give them a higher total value.

This allocation ensures that each person receives a fair share of the goods based on their individual preferences, while also maximizing the overall value of the allocation.",1,3,2,3
65,"**Fair Allocation:**

* Person 1: Good A and Good D
* Person 2: Good B and Good C

**Reasoning:**

Using the max-min fairness criteria, this allocation ensures that both Person 1 and Person 2 receive a total value of 37. This is the highest total value that can be achieved while ensuring that each person receives at least one good.

Alternatively, using the Nash bargaining solution, which aims to maximize the product of each person's utility, this allocation results in a product of 259. This is higher than any other possible allocation.

This allocation is considered fair because:

* **It gives each person at least one good:** Every person receives at least two goods, ensuring that no one is left without anything.
* **It maximizes the total value for all three people:** The total value obtained by the three individuals is 108, which is the highest possible value that can be achieved.
* **It minimizes the envy:** All three individuals receive approximately the same total utility, which reduces the likelihood of feelings of envy or dissatisfaction.",1,2,2,1
66,"**Fair Allocation:**

* **Person 1:** Good A
* **Person 2:** Good B
* **Person 3:** Good C

**Good D:** Not allocated

**Explanation:**

This allocation is considered fair because:

* **Value Maximization:** Each person receives the good they value the highest.
* **Equity:** Each person would receive a total value of **93**.
* **No Envy:** No person wants another person's allocation more than their own.

**Additional Considerations:**

* Since the goods are indivisible, it is not possible to achieve a perfect allocation where each person receives their most preferred good.
* The allocation is also fair in the sense that the remaining good, Good D, is of equal value to all three individuals (7). Discarding it ensures that no one loses out relative to the others.",1,2,3,None
67,"**Allocation:**

* **Person 1:** Good A
* **Person 2:** Good B
* **Person 3:** Good C
* **Not Allocated:** Good D

**Reasoning:**

This allocation aims for fairness by ensuring that each person receives a good that they value most highly.

* Person 1 values Good A the most, followed by Good B, Good C, and Good D.
* Person 2 values Good B the most, followed by Good A, Good C, and Good D.
* Person 3 values Good C the most, followed by Good B, Good A, and Good D.

By assigning each person their most preferred good, we achieve a fair distribution that respects their individual valuations.

**Alternatives:**

* **Equal Distribution:** Each person could receive one of each good (Good A, Good B, Good C). However, this could result in less satisfaction for some individuals who value certain goods more than others.
* **Priority Allocation:** Person 1 could be given priority to choose their most preferred good, followed by Person 2 and then Person 3. However, this approach could lead to a less fair distribution if the values of the goods are significantly different.",1,2,3,None
68,"**Allocation:**

* Person 1: Good A, Good B
* Person 2: Good C
* Person 3: Good D

**Rationale:**

This allocation maximizes the total utility derived by the individuals, as calculated below:

* **Person 1:** Utility = 30 + 31 = 61
* **Person 2:** Utility = 31 = 31
* **Person 3:** Utility = 30 = 30

**Total Utility:** 122

**Justification:**

* All individuals receive goods that they value highly.
* Person 1 gets the two goods they value the most (A and B).
* Person 2 gets their most valued good (C).
* Person 3 gets their second most valued good (D).
* The goods that are valued equally (Good D) are given to the person who would derive the least utility from the other goods (Person 3).
* The allocation is fair because it ensures that all individuals receive a similar level of satisfaction from the goods they receive.",1,1,2,3
69,"Good A to Person 1, Good B to Person 3, Good C to Person 2, and Good D to any of the persons (Person 1, Person 2, or Person 3) since they all value it equally.",1,3,2,1
70,"**Fair Allocation:**

**Person 1:**
- Good A
- Good B

**Person 2:**
- Good C

**Person 3:**
- Good D

**Rationale:**

This allocation maximizes the total utility for all three individuals.

* Person 1 values Good A and Good B the highest. They receive these two goods, which gives them a total utility of **61**.
* Person 2 values Good C the highest. They receive Good C, which gives them a utility of **31**.
* Person 3 values Good D the highest. They receive Good D, which gives them a utility of **7**.

The total utility for all three individuals is **61 + 31 + 7 = 99**, which is the maximum possible utility given the values provided.

**Justification:**

This allocation is fair because:

* **Equity:** Each person receives at least one good that they value highly.
* **Efficiency:** The allocation maximizes the total utility for all individuals.
* **Simplicity:** The allocation is straightforward and easy to implement.

Other fair allocations may be possible, but this allocation meets all three criteria of equity, efficiency, and simplicity.",1,1,2,3
71,"**Scenario:**
* **Person 1:** Values Good A the highest (30), followed by Good B (31), Good C (32), and Good D the lowest (7).
* **Person 2:** Values Good A the second highest (33), followed by Good C (31), Good B (29), and Good D the lowest (7).
* **Person 3:** Values Good B the highest (32), followed by Good C (30), Good A (31), and Good D the lowest (7).

**Proposed Allocation:**

**Person 1:**
* Good A (Value: 30)

**Person 2:**
* Good B (Value: 29)
* Good C (Value: 31)

**Person 3:**
* Good D (Value: 7)

**Rationale:**

This allocation is based on the principle of **Maximin Egalitarianism**. It aims to maximize the value received by the person with the lowest value for each good.

* Person 1 has the lowest value for Good A, so they receive this good.
* Person 2 has the lowest value for Good B, so they receive this good.
* Person 3 has the lowest value for Good D, so they receive this good.

Good C is then allocated to Person 2, who has the second-lowest value for it (31).

**Analysis:**

This allocation ensures that:

* **No goods are wasted:** All 4 goods are allocated to individuals.
* **Fairness:** Each person receives a good that they value the most or second most.
* **Efficiency:** The total value received by the individuals is maximized.

**Outcome:**

* Person 1 receives Good A, valued at 30.
* Person 2 receives Good B, valued at 29, and Good C, valued at 31.
* Person 3 receives Good D, valued at 7.",1,2,2,3
72,"**Allocation:**

* Person 1 receives Good A
* Person 2 receives Good B
* Person 3 receives Good C

**Explanation:**

This allocation ensures that:

* **Equity:** Each person receives a good with a value that is closest to their highest-valued good.
* **Efficiency:** All four goods are allocated without any being discarded.
* **Envy-Freeness:** No person would prefer the allocation of any other person, taking into account their own values.

**Detailed Explanation:**

The following table shows the values of the goods allocated to each person:

| Person | Allocated Good | Value |
|---|---|---|
| Person 1 | Good A | 30 |
| Person 2 | Good B | 33 |
| Person 3 | Good C | 32 |

It can be seen that each person receives a good with a value that is within 2 units of their highest-valued good. This ensures a relatively fair distribution of the goods.

Additionally, all goods are allocated, which means that no resources are wasted.

Finally, each person would not prefer the allocation of any other person because they would receive a good of equal or lower value to the one they received.",1,2,3,None
73,"Allocation:
Good A: Person 2
Good B: Person 3
Good C: Person 1
Good D: Discard",2,3,1,None
74,"**Allocation:**

* Person 1: Good C
* Person 2: Good B
* Person 3: Good A

**Explanation:**

In this allocation, each person receives one good that they value the highest. The discarded good is Good D, which has the lowest value for all three individuals.

**Justification for Fairness:**

* **Individual Welfare:** This allocation ensures that each person receives a good that meets their highest preference.
* **Equity:** No person receives multiple goods, and each person has an equal opportunity to obtain the good they value most.
* **Incentive Compatibility:** The allocation does not create incentives for individuals to misrepresent their preferences, as receiving one good at their highest value is the best outcome for them.

**Additional Considerations:**

* This allocation assumes that all individuals are truthful in expressing their preferences.
* It does not consider any social norms or external factors that may influence the fairness of the allocation.
* Other allocation methods, such as envy-freeness, could also be employed to determine a fair allocation.",3,2,1,None
75,"**Fair Allocation:**

* **Good A:** Person 1
* **Good B:** Person 2
* **Good C:** Person 3
* **Good D:** Not allocated

**Rationale:**

* This allocation maximizes the total value for all individuals.
* Each person receives the good they value the most.
* Good D is not allocated as its value is equal across all individuals, and allocating it to any one person would not significantly increase their overall satisfaction.

This allocation is ""fair"" in the sense that it:

* **Treats individuals equally:** Everyone receives a good they highly value.
* **Maximizes total utility:** The combined value of goods received by all individuals is maximized.
* **Prevents envy:** No individual would prefer the allocation of any other person.

**Additional Considerations:**

* **Alternative allocation:** Alternatively, Good D could be allocated randomly or divided among multiple individuals to achieve a more equal distribution of value.
* **Personal preferences:** The allocation could be further refined based on personal preferences or additional information not provided in the problem statement.
* **Social norms:** In some contexts, different social norms might influence the concept of fairness and the perceived acceptability of certain allocations.",1,2,3,None
76,"**Fair Allocation:**

* **Person 1:** Good A (30)
* **Person 2:** Good B (29)
* **Person 3:** Good C (30)
* **Discard:** Good D (7)

**Explanation:**

This allocation achieves several fairness criteria:

* **Equity:** Each person receives one good.
* **Envy-Freeness:** No person prefers the allocation of any other person.
* **Pareto Efficiency:** It is impossible to reallocate the goods to make any one person better off without making another person worse off, given the indivisibility of the goods.

**Justification:**

* **Good A:** Person 1 has the highest value for Good A (30), so it is allocated to them.
* **Good B:** Person 2 has the highest value for Good B (29), so it is allocated to them.
* **Good C:** Person 3 has the second highest value for Good C (30), after Person 1. However, Person 1 has already received Good A, which is worth more than Good C to them. Therefore, Good C is allocated to Person 3.
* **Good D:** Since the remaining good (Good D) is worth the same to all three individuals (7), it is discarded to avoid any potential envy or conflict.

This allocation ensures that each person receives a good that they value highly, without any party being left envious of the others. It is also Pareto efficient, as it is not possible to reallocate the goods to improve the situation of any one person without harming another.",1,2,3,None
77,"**Allocation:**

* **Person 1:** Good A
* **Person 2:** Good B
* **Person 3:** Good C, Good D

**Reasoning:**

This allocation is considered fair because it maximizes the total value of goods allocated to each person:

* Person 1: Value = 30 (Good A)
* Person 2: Value = 29 (Good B)
* Person 3: Value = 37 (Good C + Good D)

This allocation also ensures that each person receives a good that they highly value.

* Person 1 values Good A the most.
* Person 2 values Good B the most.
* Person 3 values Good C and Good D equally, but they are the second and third highest valued goods for Person 3.

Furthermore, this allocation avoids the following potential issues:

* **Envy:** No person envies another person's allocation because everyone receives a good that they value highly.
* **Inequality:** The difference in value between the highest and lowest valued goods received by each person is relatively small.

It's important to note that this is just one possible fair allocation. Other fair allocations could be made depending on the specific preferences of the individuals involved.",1,2,3,3
78,"**Proposed Allocation:**

* **Person 1:** Good A, Good C
* **Person 2:** Good B
* **Person 3:** Good D

**Reasoning:**

This allocation aims to maximize the total value received by all individuals while ensuring fairness.

* **Person 1:** Receives the two goods they value most (Good A and Good C), totaling 62 value units.
* **Person 2:** Receives the good they value most (Good B), which gives them 29 value units.
* **Person 3:** Receives the only remaining good (Good D), which gives them 7 value units.

**Overall Fairness:**

The total value received by all individuals is 98 value units. This allocation ensures that none of the individuals receive a disproportionately low share of the goods.

* **Person 1:** 62/98 = 63.3% of the total value
* **Person 2:** 29/98 = 29.6% of the total value
* **Person 3:** 7/98 = 7.1% of the total value

While this allocation does not give everyone their most preferred goods, it provides a reasonable compromise that ensures fairness and maximizes the total value received.",1,2,1,3
79,"**Allocation:**

* Person 1: Good A
* Person 2: Good B
* Person 3: Good C
* Good D: Not allocated (discarded)

**Explanation:**

This allocation is fair because it ensures that each person receives a good that they value the most.

* Person 1 receives Good A, which they value the most at 30 points.
* Person 2 receives Good B, which they value the most at 33 points.
* Person 3 receives Good C, which they value the most at 32 points.

Discarding Good D is necessary to ensure that the allocation is fair. If Good D were given to any of the individuals, it would not be their most preferred good and would result in them receiving a good that they value less than the others.",1,2,3,None
80,"**Envy-Free Allocation:**

An envy-free allocation ensures that no person prefers the allocation of any other person more than their own.

**Steps:**

1. **Normalize the values:** Subtract the minimum value in each row from all values in that row.

    Person 1, 23, 24, 25, 0
    Person 2, 26, 22, 24, 0
    Person 3, 24, 25, 23, 0

2. **Find the envy-free allocation:** Allocate goods to individuals based on their highest normalized values, while making sure that no other individual would prefer to receive that good more than the one it was allocated.

**Allocation:**

* **Person 1:** Good A (value 23)
* **Person 2:** Good C (value 24)
* **Person 3:** Good B (value 25)
* **Good D:** Not allocated (value 0)

**Explanation:**

* Person 1 has the highest normalized value for Good A.
* Person 2 has the highest normalized value for Good C.
* Person 3 has the highest normalized value for Good B.
* Person 1 and Person 2 have equal normalized values for Good D, so it is not allocated to either of them.

**Envy-Freeness Check:**

* Person 1 prefers Good A to any other good.
* Person 2 prefers Good C to any other good.
* Person 3 prefers Good B to any other good.

Therefore, no person prefers the allocation of any other person more than their own, making this allocation envy-free.",1,3,2,None
81,"**Allocation:**

* **Good A:** Person 2
* **Good B:** Person 3
* **Good C:** Person 1
* **Good D:** Not allocated (thrown away)

**Reasoning:**

This allocation maximizes the total value obtained by the individuals:

* Person 1: Value of Good C = 32
* Person 2: Value of Good A = 33
* Person 3: Value of Good B = 32

**Total Value:** 97

If Good D were allocated to Person 1, Person 2, or Person 3, their total value would only increase by 7. By not allocating Good D, we prioritize the goods with higher individual values.

This allocation also considers the fact that Person 1, Person 2, and Person 3 all have similar values for Good D (7). By not allocating it, we avoid creating a situation where one person strongly prefers Good D while others do not.

**Note:**

This is just one possible fair allocation. Other allocations could be considered depending on different fairness criteria or preferences.",2,3,1,None
82,"The allocation strategy we will employ is the following:
1. For each person, find the good that they value the most.
2. Allocate the good with the highest value to the person who values it the most.
3. Remove the allocated good from the list of available goods.
4. Repeat steps 1-3 until all goods have been allocated.
Using this strategy, we get the following allocation:

* Person 1 gets Good A (value 30)
* Person 2 gets Good B (value 33)
* Person 3 gets Good C (value 32)
* Good D remains unallocated (value 7)

We discarded Good D, the good with the lowest value, because it did not add any significant value to any of the individuals.",1,2,3,None
83,"Since the goods are indivisible, we must consider all possible allocations and choose the one that is the most fair. One way to do this is to determine how much each person would value each allocation and then choose the allocation that maximizes the total value for all three people.

Here are all possible allocations:
**Allocation 1:**
* Person 1: Good A
* Person 2: Good B
* Person 3: Good C
* Good D is discarded

**Allocation 2:**
* Person 1: Good A
* Person 2: Good C
* Person 3: Good B
* Good D is discarded

**Allocation 3:**
* Person 1: Good B
* Person 2: Good A
* Person 3: Good C
* Good D is discarded

**Allocation 4:**
* Person 1: Good B
* Person 2: Good C
* Person 3: Good A
* Good D is discarded

**Allocation 5:**
* Person 1: Good C
* Person 2: Good A
* Person 3: Good B
* Good D is discarded

**Allocation 6:**
* Person 1: Good C
* Person 2: Good B
* Person 3: Good A
* Good D is discarded

**Allocation 7:**
* Person 1: Good A, Good B
* Person 2: Good C
* Person 3: Good D
* None are discarded

**Allocation 8:**
* Person 1: Good A, Good C
* Person 2: Good B
* Person 3: Good D
* None are discarded

**Allocation 9:**
* Person 1: Good B, Good C
* Person 2: Good A
* Person 3: Good D
* None are discarded

**Allocation 10:**
* Person 1: Good A, Good D
* Person 2: Good B
* Person 3: Good C
* None are discarded

**Allocation 11:**
* Person 1: Good B, Good D
* Person 2: Good A
* Person 3: Good C
* None are discarded

**Allocation 12:**
* Person 1: Good C, Good D
* Person 2: Good A
* Person 3: Good B
* None are discarded

**Allocation 13:**
* Person 1: Good A, Good B, Good C
* Person 2: Good D
* Person 3: None
* None are discarded

**Allocation 14:**
* Person 1: Good A, Good B, Good D
* Person 2: Good C
* Person 3: None
* None are discarded

**Allocation 15:**
* Person 1: Good A, Good C, Good D
* Person 2: Good B
* Person 3: None
* None are discarded

**Allocation 16:**
* Person 1: Good B, Good C, Good D
* Person 2: Good A
* Person 3: None
* None are discarded

We can now calculate the total value for each allocation:
**Allocation 1:** 30 + 29 + 30 + 0 = 89
**Allocation 2:** 30 + 31 + 30 + 0 = 91
**Allocation 3:** 31 + 33 + 30 + 0 = 94
**Allocation 4:** 31 + 29 + 30 + 0 = 90
**Allocation 5:** 32 + 33 + 31 + 0 = 96
**Allocation 6:** 32 + 29 + 31 + 0 = 92
**Allocation 7:** 30 + 31 + 32 + 7 = 100
**Allocation 8:** 30 + 31 + 32 + 7 = 100
**Allocation 9:** 31 + 33 + 32 + 7 = 103
**Allocation 10:** 30 + 31 + 30 + 7 = 98
**Allocation 11:** 31 + 33 + 30 + 7 = 101
**Allocation 12:** 32 + 33 + 30 + 7 = 102
**Allocation 13:** 30 + 31 + 32 + 7 = 100
**Allocation 14:** 30 + 31 + 30 + 7 = 98
**Allocation 15:** 30 + 31 + 32 + 7 = 100
**Allocation 16:** 31 + 33 + 30 + 7 = 101

The allocation that maximizes the total value is **Allocation 9:** 
* Person 1: Good B, Good C
* Person 2: Good A
* Person 3: Good D
* None are discarded",2,1,3,None
84,"**Fair Allocation:**

* **Person 1:** Good A, Good C
* **Person 2:** Good B, Good D
* **Keep (Not Allocate):** Good C

**Rationale:**

This allocation is fair because it:

* **Maximizes Total Satisfaction:** The total value of the allocation is 164, which is the highest possible total.
* **Balances Value Distribution:** Each person receives two goods whose values are roughly equal. Person 1's goods have a total value of 62, Person 2's have a total value of 62, and Person 3's unallocated good (Good C) has a value of 30, which is within the range of the allocated goods.
* **Prevents Envy:** No person would rather have another person's allocation. For example, Person 1 values Good A and Good C more than Good B and Good D, and Person 2 values Good B and Good D more than Good A and Good C.
* **Minimal Waste:** Only one good (Good C) is kept, indicating efficient allocation.

**Explanation:**

The values for the goods are relatively similar, so it is difficult to make a significant difference in total satisfaction. However, by balancing the value distribution and preventing envy, this allocation ensures that each person feels fairly treated.

It is important to note that this is just one possible fair allocation. Other allocations may also be considered fair depending on different interpretations of fairness.",1,2,None,2
85,"| Person | Good A | Good B | Good C | Good D |
|---|---|---|---|---|
| Person 1 | Good A | Good B | **None** | **None** |
| Person 2 | **None** | **None** | Good C | Good D |
| Person 3 | **None** | **None** | **None** | Good D |

This allocation is fair because it gives each person the goods that they value the most, while also ensuring that no goods are wasted. Person 1 values Good A and Good B the most, so they receive those goods. Person 2 values Good C and Good D the most, so they receive those goods. Person 3 also values Good D the most, so they receive that good. No goods are wasted because all four goods are allocated to the people who value them the most.",1,1,2,3
86,"**Allocation:**

* Person 1: Good A, Good C
* Person 2: Good B
* Person 3: Good D

**Justification:**

* **Fairness:** Each person receives two goods, which is the same as the others.
* **Value Maximization:**
    * Person 1 values Goods A and C the most (62), and they receive both.
    * Person 2 values Goods B and D the most (36), and they receive Good B.
    * Person 3 values Goods C and D the most (37), but since Good C has already been allocated to Person 1, they receive Good D instead.
* **Minimization of Wasted Value:**
    * By allocating Goods A and C to Person 1, we eliminate 31 units of wasted value (31 + 31 = 62) for Person 1, as they can now fully utilize these goods.
    * All other allocations result in higher amounts of wasted value.",1,2,1,3
87,"**Fair Allocation:**

* **Person 1:** Good A, Good B
* **Person 2:** Good C, Good D

**Rationale:**

This allocation satisfies the following principles:

* **Equity:** Each person receives two goods.
* **Efficiency:** All four goods are allocated and none are wasted.
* **Envy Freeness:** No person prefers the allocation of any other person.

**Benefits of this Allocation:**

* Each person receives goods that they value highly (Person 1: Good A, Good B; Person 2: Good C, Good D).
* The total value of goods allocated to each person is the same: 63 for Person 1 and Person 2.
* No person has an incentive to trade their goods with another person because their preferred goods are already allocated to them.

**Alternative Allocations:**

It is possible to create other fair allocations, such as the following:

* **Allocation 1:** Person 1: Good A, Good B; Person 2: Good C; Person 3: Good D
* **Allocation 2:** Person 1: Good B, Good D; Person 2: Good A, Good C; Person 3: None

However, the allocation proposed above is particularly fair because it satisfies the additional principles of efficiency and envy freeness.",1,1,2,2
88,"**Fair Allocation of Goods**

* **Good A** to **Person 1**
* **Good B** to **Person 3**
* **Good C** to **Person 2**
* **Good D** to **Person 3**

**Rationale:**

This allocation aims to maximize the total utility of the individuals involved.

* **Person 1** values Good A the highest at 30, so it is allocated to them.
* **Person 2** values Good C the highest at 31, so it is allocated to them.
* **Person 3** has the highest value for Goods B and D, 32 and 30 respectively, so they are allocated to them.

**Total Utility:**

* **Person 1:** 30 (Good A) = 30
* **Person 2:** 31 (Good C) = 31
* **Person 3:** 32 (Good B) + 30 (Good D) = 62

**Total Utility:** 30 + 31 + 62 = **123**

This allocation provides each person with goods that they value highly, resulting in a fair and efficient outcome.",1,3,2,3
89,"**Allocation:**

* Person 1: Good A, Good B
* Person 2: Good C, Good D
* Person 3: Not allocated

**Justification:**

This allocation satisfies the following criteria:

* **Equity:** Each person receives two goods of comparable value. Person 1 values Good A and Good B more than the other goods, while Person 2 values Good C and Good D more.
* **Envy-Freeness:** No person prefers the allocation of another person. For example, Person 1 prefers Good A and Good B to Good C and Good D, and vice versa for Person 2.
* **Pareto Optimality:** It is not possible to reallocate the goods to make one person better off without making another person worse off. For example, giving Good A to Person 2 would increase their value but reduce Person 1's value.

**Rationale:**

This allocation considers both the preferences and fairness for the individuals involved. It ensures that each person receives goods that they value highly while avoiding envy and maximizing overall benefit. By allocating Good A and Good B to Person 1 and Good C and Good D to Person 2, we achieve a balance that удовлетворяет the needs of both individuals. Person 3, who values the goods less, does not receive any goods in this allocation. However, this does not violate fairness as all individuals have the same opportunity to benefit from the allocation.",1,1,2,2
90,"Given the values provided by the three individuals, I propose the following allocation:

- Person 1 receives Good A
- Person 2 receives Good B
- Person 3 receives Good C
- Good D is discarded

This allocation maximizes the total value for the three individuals. Person 1 values Good A the most (30), Person 2 values Good B the most (29), and Person 3 values Good C the most (30). Discarding Good D ensures that no individual receives a good that they value less than the other two goods they receive.

Here is the calculation of the total value for each person under this allocation:

- Person 1: Value of Good A (30) + Value of Good C (32) = 62
- Person 2: Value of Good B (29) + Value of Good C (31) = 60
- Person 3: Value of Good A (31) + Value of Good B (32) = 63

As you can see, this allocation results in the highest total value for Person 3 (63), followed by Person 1 (62) and Person 2 (60).",1,2,3,None
91,"**Allocation:**

* Good A: Person 1
* Good B: Person 3
* Good C: Person 2
* Good D: Not allocated (thrown away)

**Reasoning:**

This allocation aims to balance the total value received by each person while also considering their relative preferences for each good.

* Person 1 receives Good A, which is their most preferred good and has a value of 30.
* Person 3 receives Good B, which is also highly valued by them (32) and helps to balance their overall value.
* Person 2 receives Good C, which is their second most preferred good.
* Good D is not allocated because no one values it highly enough to receive it. Throwing it away ensures that no one receives an unfair advantage.

**Total Value Received:**

* Person 1: 30
* Person 2: 31
* Person 3: 32

This allocation results in a relatively even distribution of value, with each person receiving a total value of either 30 or 31. It also takes into account the individual preferences of each person, ensuring that they receive goods that they highly value.",1,3,2,None
92,"**First Step: Determine the total value for each good**

Good A: 30 + 33 + 31 = 94
Good B: 31 + 29 + 32 = 92
Good C: 32 + 31 + 30 = 93
Good D: 7 + 7 + 7 = 21

**Second Step: Find the ratio of each person's value to the total value of each good**

**Good A:**
Person 1: 30 / 94 = 0.319
Person 2: 33 / 94 = 0.351
Person 3: 31 / 94 = 0.330

**Good B:**
Person 1: 31 / 92 = 0.337
Person 2: 29 / 92 = 0.315
Person 3: 32 / 92 = 0.348

**Good C:**
Person 1: 32 / 93 = 0.344
Person 2: 31 / 93 = 0.333
Person 3: 30 / 93 = 0.323

**Good D:**
Person 1: 7 / 21 = 0.333
Person 2: 7 / 21 = 0.333
Person 3: 7 / 21 = 0.333

**Third Step: Allocate the goods based on the ratios**

**Good A:**
- Person 2 gets Good A (ratio: 0.351, highest among all goods for Person 2)

**Good B:**
- Person 3 gets Good B (ratio: 0.348, highest among all goods for Person 3)

**Good C:**
- Person 1 gets Good C (ratio: 0.344, highest among all goods for Person 1)

**Good D:**
- Draw between Person 1, Person 2, and Person 3 (all have the same ratio: 0.333)

**Proposed Allocation:**

* Person 1: Good C
* Person 2: Good A
* Person 3: Good B

Good D can be allocated randomly to any of the three individuals",2,3,1,3
93,"**Step 1: Calculate Total Value of Goods**

Total value = 30 + 31 + 32 + 7 + 33 + 29 + 31 + 7 + 31 + 32 + 30 + 7 = 253

**Step 2: Calculate Percentage Share for Each Person**

Person 1: (30 + 31 + 32 + 7) / 253 * 100 = 39.53%
Person 2: (33 + 29 + 31 + 7) / 253 * 100 = 39.13%
Person 3: (31 + 32 + 30 + 7) / 253 * 100 = 40.21%

**Step 3: Determine Fair Allocation**

Based on the percentage share, the fair allocation should be as follows:

* **Person 1:**
    * Good A
    * Good C
* **Person 2:**
    * Good B
    * Good C
* **Person 3:**
    * Good D

**Justification:**

* This allocation gives each person a total value of approximately 40% of the total value of the goods.
* Each person receives their most preferred good (A, B, and D).
* Two out of three people receive their second most preferred good (C).
* The remaining good (D) is given to the person who values it the most (Person 3).

Note that this is just one possible fair allocation. Other fair allocations may have slightly different distribution of goods, while still giving each person a similar percentage share of the total value.",1,2,2,3
94,"**Allocation:**

* Person 1: Good A, Good B
* Person 2: Good C
* Person 3: Good D

**Reasoning:**

This allocation maximizes the total utility of the individuals. The total utility is calculated by summing the values each person assigns to the goods they receive.

* Person 1: Utility = 30 + 31 = 61
* Person 2: Utility = 31 = 31
* Person 3: Utility = 30 = 30

Total Utility = 61 + 31 + 30 = 122

This allocation also considers the fairness of the distribution. Each person receives an equal number of goods (two) and the difference in their utilities is relatively small.

**Alternative Allocation:**

* Person 1: Good A, Good C
* Person 2: Good B, Good D
* Person 3: None

This allocation would result in a higher total utility (126), but it is less fair as Person 3 would receive no goods.

**Conclusion:**

The allocation of Goods A, B, C, and D to Person 1, Person 2, and Person 3 as proposed above is considered to be a fair and optimal allocation. It maximizes the total utility while ensuring that each person receives a reasonable share of the goods.",1,1,2,3
95,"I will use the simple Nash bargaining solution to determine a fair allocation of the goods among the three persons. 
The Nash bargaining solution is a cooperative game theory solution concept that aims to find a Pareto efficient and envy-free outcome in a bargaining situation. In this case, a Pareto efficient outcome is one where it is not possible to improve the allocation of goods to one person without making someone else worse off, and an envy-free outcome is one where no person prefers the allocation of goods to any other person.

To apply the Nash bargaining solution, we first need to determine the disagreement point - that is, the allocation of goods that would result if the three persons cannot reach an agreement. In this case, we can assume that the disagreement point is where no goods are allocated to anyone.

Next, we need to determine the bargaining power of each person. The bargaining power of a person is a measure of their ability to influence the outcome of the bargaining. In this case, we can assume that the bargaining power of each person is equal.

Finally, we can use the Nash bargaining solution to determine the fair allocation of goods. The Nash bargaining solution is given by the allocation that maximizes the following objective function:

$$f(x) = (x_1 - d_1)^{\alpha} (x_2 - d_2)^{\alpha} (x_3 - d_3)^{\alpha}$$

where:

* $x_i$ is the allocation of goods to person $i$
* $d_i$ is the disagreement point for person $i$
* $\alpha$ is the bargaining power of each person

In this case, we have:

* $d_1 = d_2 = d_3 = 0$ (since the disagreement point is where no goods are allocated to anyone)
* $\alpha = 1$ (since we assume that the bargaining power of each person is equal)

Therefore, the Nash bargaining solution is given by the allocation that maximizes the following objective function:

$$f(x) = x_1 x_2 x_3$$

Solving for $x_1$, $x_2$, and $x_3$, we get:

* $x_1 = 2$
* $x_2 = 1$
* $x_3 = 1$

Therefore, the fair allocation of goods is as follows:

* Person 1 gets Good A and Good B
* Person 2 gets Good C
* Person 3 gets Good D",1,1,2,3
96,"As mentioned, there is no objectively correct or incorrect answer, but one possible allocation that could be considered fair is:
Good A to Person 1
Good B to Person 3
Good C to Person 2
Good D to Person 1

This allocation can be considered fair because the total value of the goods received by each individual is approximately the same:
Person 1: 30 + 7 = 37
Person 2: 33 + 7 = 40
Person 3: 31 + 7 = 38",1,3,2,1
97,"**Fair Allocation:**

* **Person 1:** Good A (value: 30)
* **Person 2:** Good B (value: 29)
* **Person 3:** Good C (value: 30)
* **Discard:** Good D (since it has equal value for all individuals)

**Explanation:**

This allocation maximizes the total value of the goods allocated to the individuals. Each person receives a good that they value the highest. Discarding Good D ensures that all individuals have the same value (7) from the remaining goods.

**Alternative Allocation:**

* **Person 1:** Good A (value: 30) and Good D (value: 7)
* **Person 2:** Good B (value: 29)
* **Person 3:** Good C (value: 30)

This allocation is also fair as it gives two goods to Person 1 while giving only one good to Persons 2 and 3. However, Person 1 receives a lower-valued good (D) compared to the first allocation.",1,2,3,None
98,"**Allocation:**

* **Person 1:** Good B
* **Person 2:** Good A
* **Person 3:** Good C
* **Discarded:** Good D

**Rationale:**

This allocation is considered fair because it balances the overall utility of the three individuals. Each person receives a good that they value highly, and no one person receives significantly more value than the others.

* **Person 1:** Person 1 values Good B the most (31 units), and they also receive a relatively high value for Good A (30 units). This allocation gives them a total value of 61 units, which is the highest among the three individuals.
* **Person 2:** Person 2 values Good A the most (33 units), and they receive a moderate value for Good D (7 units). This allocation gives them a total value of 40 units, which is slightly lower than Person 1's value.
* **Person 3:** Person 3 values Good C the most (32 units), and they receive a moderate value for Good D (7 units). This allocation gives them a total value of 39 units, which is slightly lower than Person 2's value.

Discarding Good D is necessary to balance the allocation and ensure that each person receives a fair share of the total value.

Overall, this allocation ensures that each person receives goods that they value highly, while also balancing the overall utility among the three individuals.",2,1,3,None
99,"Good A: Person 1
Good B: Person 2
Good C: Person 3
Good D: Discard",1,2,3,None
