,Text,Tokens,Good A,Good B,Good C,Good D
0,"**Fair Allocation of Goods**

To determine a fair allocation of the goods among the three individuals, we can use the following steps:

**1. Create a Value Matrix:**

| Goods | Person 1 | Person 2 | Person 3 |
|---|---|---|---|
| Good A | 25 | 48 | 2 |
| Good B | 15 | 45 | 52 |
| Good C | 40 | 3 | 45 |
| Good D | 20 | 4 | 1 |

**2. Normalize the Values:**

To compare the values across goods, we can normalize the values by dividing each value by the sum of values for each person. This gives us:

| Goods | Person 1 | Person 2 | Person 3 |
|---|---|---|---|
| Good A | 0.25 | 0.22 | 0.02 |
| Good B | 0.15 | 0.21 | 0.50 |
| Good C | 0.40 | 0.01 | 0.43 |
| Good D | 0.20 | 0.02 | 0.01 |

**3. Equal Share Allocation:**

The first step is to allocate goods equally among the three individuals. This gives us the following allocation:

| Person 1 | Person 2 | Person 3 |
|---|---|---|
| Good A |  | Good A |  |
| Good B |  | Good B |  |
| Good C | Good C |  |  |
| Good D |  |  | Good D |

**4. Surplus Allocation:**

After the equal share allocation, we have one remaining good (Good C). We can allocate this good to the person who values it the most. Based on the normalized values, Person 1 values Good C the most, so we allocate it to them.

**5. Final Allocation:**

| Person 1 | Person 2 | Person 3 |
|---|---|---|
| Good A | Good A |  |  |
| Good B | Good B | Good B |  |
| Good C | Good C |  |  |
| Good D |  |  | Good D |

**Rationale for Fairness:**

This allocation is considered fair because it:

* **Distributes goods evenly:** Each person receives an equal share of the total value of the goods.
* **Considers individual preferences:** Goods are allocated to individuals based on their values, ensuring that each person receives goods that they value the most.
* **Does not discard any goods:** All goods are distributed among the individuals, preventing any waste.

This allocation is just one possible solution. Other fair allocations may exist based on different preferences or considerations.",0,1,2,1,3
1,"**Fair Allocation of Goods**

**Given Values:**

| Person | Good A | Good B | Good C | Good D |
|---|---|---|---|---|
| Person 1 | 25 | 15 | 40 | 20 |
| Person 2 | 48 | 45 | 3 | 4 |
| Person 3 | 2 | 52 | 45 | 1 |

**Proposed Allocation:**

* **Person 1:** Good A and Good C
* **Person 2:** Good B
* **Person 3:** Good D

**Rationale:**

This allocation aims to maximize the total value for all individuals while ensuring that everyone receives at least one good.

**Total Value:**

* Person 1: 25 + 40 = 65
* Person 2: 45 = 45
* Person 3: 52 + 1 = 53

**Explanation:**

* Person 1 has the highest value for Good A and Good C, so they are allocated to them.
* Person 2 has the highest value for Good B, so it is allocated to them.
* Person 3 has the lowest value for all goods except Good B, but they have the highest value for Good B. Therefore, Good B is not allocated to them.
* Good D is allocated to Person 3 as it has the highest value among the remaining goods.

**Justification for Fairness:**

This allocation is considered fair because:

* It maximizes the total value for all individuals, ensuring that each person receives goods that they value highly.
* It gives priority to individuals with higher values for goods.
* It ensures that no one is left empty-handed since each person receives at least one good.",0,1,2,1,3
2,"**Fair Allocation:**

* Good A: Person 2
* Good B: Person 3
* Good C: Person 1
* Good D: Person 2

**Justification:**

This allocation aims to maximize the total value obtained by all individuals while ensuring fairness.

* Person 1 receives Good C, for which they have the highest value (40).
* Person 2 receives Goods A and D, for which they have a combined value of 52 (48+4).
* Person 3 receives Good B, for which they have the highest value (52).

**Detailed Value Calculation:**

* Person 1: Value = 40
* Person 2: Value = 52
* Person 3: Value = 52

**Total Value:** 144

**Why is this allocation fair?**

* **Equity:** Each person receives at least one good, ensuring basic fairness.
* **Efficiency:** The total value obtained by all individuals is maximized (144).
* **Consideration of individual preferences:** The allocation prioritizes goods for individuals who value them the most. For example, Person 2 has the highest value for Good A, so they receive it.
* **Impartiality:** The allocation does not favor any particular individual.
* **Simplicity:** The allocation is easy to understand and implement.

It's important to note that this allocation is not the only possible fair solution. Other allocations may also be considered fair based on different criteria or preferences.",0,2,3,1,2
3,"**Nash Bargaining Solution**

The Nash Bargaining Solution is a fair division method that aims to maximize the product of the individual gains from the allocation.

**Step 1: Calculate the Total Value**

Total value = Value(Good A) + Value(Good B) + Value(Good C) + Value(Good D)
Total value = 25 + 15 + 40 + 20 + 48 + 45 + 3 + 4 + 2 + 52 + 45 + 1 = 295

**Step 2: Calculate the Disagreement Point**

The disagreement point represents the worst possible outcome for each individual. In this case, it is assumed to be zero since not allocating any goods would result in no gains.

**Step 3: Calculate the Bargaining Weights**

The bargaining weights represent the relative bargaining power of each individual. In the absence of any specified weights, we assume equal weights for all individuals:
Weight(Person 1) = Weight(Person 2) = Weight(Person 3) = 1/3

**Step 4: Maximize the Nash Product**

The Nash product is defined as the product of the individual gains from the allocation:
Nash Product = Gain(Person 1) * Gain(Person 2) * Gain(Person 3)

We can use Excel's ""Solver"" add-in to maximize the Nash Product subject to the following constraints:

* Each person receives at least one good.
* The sum of the values assigned to each person equals the total value.
* The allocation is feasible (i.e., no goods are discarded).

**Allocation**

Using Solver, the Nash Bargaining Solution is obtained as follows:

* Person 1: Good B and Good C (Value = 55)
* Person 2: Good A (Value = 48)
* Person 3: Good B (Value = 52)

**Fairness Evaluation**

This allocation is considered fair because it maximizes the overall agreement among the individuals. Each person receives goods that they value the most, and no one is left with a significantly lower value than the others. The Nash Bargaining Solution ensures that all parties are incentivized to cooperate and agree to the proposed allocation.",0,2,3,1,None
4,"As a first step, the goods are sorted in descending order of their value for each individual. This step yields the following four tables.

| Good | Value for Person 1 |
|---|---|
| Good C | 40 |
| Good A | 25 |
| Good D | 20 |
| Good B | 15 |

| Good | Value for Person 2 |
|---|---|
| Good A | 48 |
| Good B | 45 |
| Good D | 4 |
| Good C | 3 |

| Good | Value for Person 3 |
|---|---|
| Good B | 52 |
| Good C | 45 |
| Good A | 2 |
| Good D | 1 |

In a second step, goods are allocated starting with the most valuable good for each person. The allocation is carried out as follows:

* Good A is allocated to Person 2, as it is the most valuable good for this individual.
* Good B is allocated to Person 3, as it is the most valuable good for this individual.
* Good C is allocated to Person 1, as it is the most valuable good for this individual.
* Good D is discarded, as it is the least valuable good for all individuals.

This allocation results in the following distribution of goods:

* Person 1 receives Good C.
* Person 2 receives Good A.
* Person 3 receives Good B.
* Good D is discarded.",0,2,3,1,None
5,"**Fair Allocation:**

* **Good A** to **Person 2** (Value: 48)
* **Good B** to **Person 3** (Value: 52)
* **Good C** to **Person 1** (Value: 40)
* **Good D** to **Person 2** (Value: 4)

**Reasoning:**

This allocation maximizes the total value of the goods to the individuals:

* Person 1's total value: 25 + 40 = 65
* Person 2's total value: 48 + 4 = 52
* Person 3's total value: 52 + 1 = 53

This allocation also ensures that:

* **Person 1** receives two goods that they value highly (Goods A and C).
* **Person 2** receives two goods that they value well (Goods A and D), even though their value for Good C is low.
* **Person 3** receives the good (Good B) that they value the most, even though their values for Goods A, C, and D are lower.

Overall, this allocation balances the interests of all three individuals while also maximizing the overall value obtained from the goods.",0,2,3,1,2
6,"**Envy-Free Allocation**

An allocation is considered envy-free if, for every two individuals, there is no good that the first individual would prefer to have instead of what they received, even if they were to give up their current allocation in exchange.

**The Adjusted Winner Procedure**

One way to achieve an envy-free allocation is to use the Adjusted Winner procedure:

1. **Calculate the total value:** Find the sum of all individuals' values for each good.
2. **Create a temporary allocation:** Allocate each good to the individual with the highest value for that good.
3. **Calculate the envy:** For each individual, find the difference between the total value of the goods they received and the total value of the goods they would have received if they had been allocated their second-best good instead.
4. **Adjust the allocation:** If any individual has a negative envy, remove their least preferred good from their allocation and re-allocate it to the individual with the highest remaining envy.
5. **Repeat steps 3-4:** Continue adjusting the allocation until no individual has a negative envy.

**Application to the Given Problem**

1. **Calculate the total value:**

| Good | Person 1 | Person 2 | Person 3 | Total |
|---|---|---|---|---|
| A    | 25      | 48      | 2       | 75    |
| B    | 15      | 45      | 52      | 112   |
| C    | 40      | 3       | 45      | 88    |
| D    | 20      | 4       | 1       | 25    |

2. **Create a temporary allocation:**

| Good | Person |
|---|---|
| A    | Person 1 |
| B    | Person 3 |
| C    | Person 1 |
| D    | Person 1 |

3. **Calculate the envy:**

| Person | Total Value Received | Total Value of Second Best | Envy |
|---|---|---|---|
| Person 1 | 85 | 90 | -5 |
| Person 2 | 97 | 93 | 4 |
| Person 3 | 99 | 98 | 1 |

4. **Adjust the allocation:**

* Person 1 has a negative envy, so we remove Good D from their allocation.

5. **Re-allocate the removed good:**

* We re-allocate Good D to Person 2, who has the highest remaining envy.

6. **Recalculate the envy:**

| Person | Total Value Received | Total Value of Second Best | Envy |
|---|---|---|---|
| Person 1 | 80 | 90 | -10 |
| Person 2 | 101 | 93 | 8 |
| Person 3 | 99 | 98 | 1 |

7. **Repeat steps 4-6:**

* Person 1 still has a negative envy, so we remove Good A from their allocation.
* We re-allocate Good A to Person 2, who has the highest remaining envy.

8. **Recalculate the envy:**

| Person | Total Value Received | Total Value of Second Best | Envy |
|---|---|---|---|
| Person 1 | 60 | 90 | -30 |
| Person 2 | 109 | 93 | 16 |
| Person 3 | 99 | 98 | 1 |

9. **Repeat steps 4-6:**

* Person 1 has a negative envy, so we remove Good C from their allocation.
* We re-allocate Good C to Person 3, who has the highest remaining envy.

10. **Recalculate the envy:**

| Person | Total Value Received | Total Value of Second Best | Envy |
|---|---|---|---|
| Person 1 | 20 | 90 | -70 |
| Person 2 | 109 | 93 | 16 |
| Person 3 | 144 | 98 | 46 |

11. **Final allocation:**

* **Person 1:** Good D
* **Person 2:** Goods A and B
* **Person 3:** Goods C and D

**Envy-Freeness**

By applying the Adjusted Winner procedure, we have achieved an allocation that is envy-free. Each individual has received a set of goods that they value at least as much as any other set of goods, even if they were to give up their current allocation.",0,2,2,3,1
7,"**Envy-Free Allocation:**

To determine a fair allocation, we consider the concept of envy-freeness. An allocation is envy-free if no individual prefers the bundle allocated to any other individual.

**Allocation:**

* **Person 1:** Good A, Good C
* **Person 2:** Good B, Good D
* **Person 3:** None (No goods allocated)

**Explanation:**

Under this allocation, Person 1's total value is 65, Person 2's total value is 97, and Person 3's total value is 0.

* Person 1: Prefers their bundle over any other allocation because their total value is highest (65).
* Person 2: Prefers their bundle over any other allocation because their total value is highest (97).
* Person 3: Does not envy any other individual because they value the goods less than the others, and their total value is 0.

**Justification of Envy-Freeness:**

* Person 1 prefers their bundle (Good A and Good C) over Person 2's bundle (Good B and Good D) because: 
  Value(Good A) + Value(Good C) = 25 + 40 = 65 > 45 + 4 = 49
* Person 1 prefers their bundle (Good A and Good C) over Person 3's bundle (None) because: 
  Value(Good A) + Value(Good C) = 25 + 40 = 65 > 0
* Person 2 prefers their bundle (Good B and Good D) over Person 1's bundle (Good A and Good C) because: 
  Value(Good B) + Value(Good D) = 45 + 4 = 49 > 25 + 40 = 65
* Person 2 prefers their bundle (Good B and Good D) over Person 3's bundle (None) because: 
  Value(Good B) + Value(Good D) = 45 + 4 = 49 > 0
* Person 3 does not envy any other individuals because their value for the goods is lower than the others.

Therefore, this allocation is envy-free and can be considered a fair solution to the problem.",0,1,2,1,2
8,"**Fair Allocation:**

* **Person 1:**
    * Good C
    * Good D
* **Person 2:**
    * Good A
    * Good B
* **Person 3:**
    * Not allocated any goods

**Explanation:**

This allocation ensures that:

* **Person 1** receives goods that they value the most (Good C and Good D).
* **Person 2** receives goods that they value the most highly (Good A and Good B).
* **Person 3** does not receive any goods because their valuations for each good are significantly lower than Persons 1 and 2.

**Rationale:**

The primary goal of fair allocation is to maximize the total utility or benefit derived by the individuals involved. In this case, the allocation that maximizes utility is to give the most valuable goods to the individuals who value them the most.

Person 1 values Good C the most, and Person 2 values Good A the most. Therefore, it makes sense to allocate Good C to Person 1 and Good A to Person 2. Similarly, Good D is most valuable to Person 1, and Good B is most valuable to Person 2, so these goods are allocated accordingly.

Person 3's valuations for all goods are significantly lower than Persons 1 and 2. Therefore, it is not possible to allocate any goods to Person 3 without reducing the utility of Persons 1 and 2.

This allocation ensures a balance between efficiency and equity. It maximizes the total utility derived by Persons 1 and 2, while not significantly compromising the welfare of Person 3.",0,2,2,1,1
9,"**Fair Allocation:**

**Person 1:**
* Good C

**Person 2:**
* Good A
* Good B

**Person 3:**
* Good D

**Rationale:**

This allocation is considered fair because it takes into account the individual values that each person places on the goods.

* **Person 1** values Good C the highest (40) and receives it.
* **Person 2** values Good A (48) and Good B (45) the highest and receives both of them.
* **Person 3** values Good B the highest (52), but since Person 2 has already received it, they receive the next-highest valued good, Good D.

This allocation results in the following total values for each person:

* Person 1: 40
* Person 2: 93
* Person 3: 53

While there is a disparity in the total values received, this allocation ensures that each person receives at least one good that they value highly. Additionally, it avoids the scenario where one person receives multiple highly valued goods while others receive less.",0,2,2,1,3
10,"**Proposed Allocation:**

* Person 1: Good A and Good D
* Person 2: Good B
* Person 3: Good C

**Rationale:**

This allocation maximizes the total value of the goods for all three individuals:

* Person 1 receives goods with a total value of 25 + 20 = 45.
* Person 2 receives Good B, which has a value of 45.
* Person 3 receives Good C, which has a value of 45.

This allocation also ensures that each individual receives at least one good that they value relatively highly:

* Person 1 values Good A the most.
* Person 2 values Good B the most.
* Person 3 values Good C the most.

**Alternative Allocation:**

An alternative allocation that could be considered fair is:

* Person 1: Good A and Good C
* Person 2: Good B and Good D

This allocation gives each individual two goods, but it results in a lower total value:

* Person 1 receives goods with a total value of 25 + 40 = 65.
* Person 2 receives goods with a total value of 45 + 4 = 49.
* Person 3 receives nothing.

Ultimately, the choice between these two allocations depends on the specific values and preferences of the individuals involved.",0,1,2,3,1
11,"**Fair Allocation:**

1. **Good A to Person 2** (Value: 48)
2. **Good B to Person 3** (Value: 52)
3. **Good C to Person 1** (Value: 40)
4. **Good D to Person 2** (Value: 4)

**Rationale:**

This allocation maximizes the total value for the individuals involved. The total value obtained under this allocation is 48 + 52 + 40 + 4 = 144.

* Person 1: Total value = 40
* Person 2: Total value = 52
* Person 3: Total value = 52

**Explanation:**

* Person 2 has the highest value for Good A and Good D, so they are allocated to them.
* Person 3 has the highest value for Good B, so it is allocated to them.
* Person 1 has the highest value for Good C, so it is allocated to them.

This allocation considers the preferences and values of each individual and aims to achieve a fair distribution of the goods.",0,2,3,1,2
12,"**Fair Allocation:**

**Person 1:**

* Good A

**Person 2:**

* Good B
* Good D

**Person 3:**

* Good C

**Rationale:**

This allocation aims to maximize the total value of the goods allocated to the individuals. The value of the allocated goods for each person is as follows:

* Person 1: 25
* Person 2: 49
* Person 3: 45

**Explanation:**

* **Good A:** Person 1 values Good A the most (25), so it is allocated to them.
* **Good B:** Person 2 and Person 3 both value Good B highly (45 and 52, respectively). However, Person 2 values Good D very low (4), while Person 3 values it even lower (1). Therefore, Good B is allocated to Person 2, who values it more than Good D.
* **Good C:** Person 1 values Good C moderately (40), but Person 3 values it the most (45). Therefore, Good C is allocated to Person 3.
* **Good D:** Person 1 and Person 2 both value Good D relatively low (20 and 4, respectively). This good is allocated to Person 2, who values it slightly more than Person 1.

By considering the values assigned to each good by each individual, this allocation ensures that the goods are distributed in a way that maximizes the overall value to the recipients.",0,1,2,3,2
13,"**Fair Allocation with Indivisible Goods**

**Approach:** The objective is to distribute the goods in a way that maximizes the total value associated with the allocation, considering the value each person places on each good. One approach is to use a sequential allocation scheme that prioritizes individuals based on their maximum value.

**Allocation:**

1. **Good A:**
   - Person 2 has the highest value for Good A (48), so it is allocated to Person 2.
2. **Good B:**
   - Person 3 has the highest value for Good B (52), so it is allocated to Person 3.
3. **Good C:**
   - Person 1 has the highest value for Good C (40), so it is allocated to Person 1.
4. **Good D:**
   - Person 1 also has the highest value for Good D (20), but Good D has already been allocated.
   - Person 2 has a higher value for Good D (4) than Person 3 (1), so it is allocated to Person 2.

**Resulting Allocation:**

* Person 1: Good A and Good C
* Person 2: Good B and Good D
* Person 3: None

**Total Value:**

The total value of the allocation is:

* Value for Person 1: 25 (Good A) + 40 (Good C) = 65
* Value for Person 2: 45 (Good B) + 4 (Good D) = 49
* Value for Person 3: 0

**Justification:**

This allocation maximizes the total value, as it prioritizes the individuals with the highest values for the remaining unassigned goods. This approach ensures that individuals receive goods that they value the most, resulting in a fairer allocation.",0,2,3,1,2
14,"**Nash Bargaining Solution**

The Nash Bargaining Solution (NBS) is a widely used solution concept for cooperative game theory problems where multiple agents negotiate over the distribution of resources. The NBS aims to find a fair and reasonable allocation that maximizes the product of the agents' individual gains.

In this problem, the NBS can be applied as follows:

* **Calculate the agents' individual gains for each good:**

| Agent | Good A | Good B | Good C | Good D |
|---|---|---|---|---|
| Person 1 | 25 | 15 | 40 | 20 |
| Person 2 | 48 | 45 | 3 | 4 |
| Person 3 | 2 | 52 | 45 | 1 |

* **Find the allocation that maximizes the product of the agents' individual gains:**

We can use a brute-force approach to search for the optimal allocation. The possible allocations are:

| Allocation | Product of Gains |
|---|---|
| (A:1, B:2, C:3, D:Not allocated) | 900 |
| (A:1, B:2, C:Not allocated, D:3) | 720 |
| (A:1, B:3, C:2, D:Not allocated) | 1140 |
| (A:1, B:Not allocated, C:2, D:3) | 720 |
| (A:2, B:1, C:3, D:Not allocated) | 2400 |
| (A:2, B:1, C:Not allocated, D:3) | 1920 |
| (A:2, B:3, C:1, D:Not allocated) | 2160 |
| (A:2, B:Not allocated, C:1, D:3) | 1920 |
| (A:3, B:1, C:2, D:Not allocated) | 1920 |
| (A:3, B:1, C:Not allocated, D:2) | 1440 |
| (A:3, B:2, C:1, D:Not allocated) | 2640 |
| (A:3, B:Not allocated, C:1, D:2) | 2400 |
| (A:Not allocated, B:1, C:2, D:3) | 720 |
| (A:Not allocated, B:1, C:3, D:2) | 960 |
| (A:Not allocated, B:2, C:1, D:3) | 1080 |
| (A:Not allocated, B:3, C:1, D:2) | 1200 |

The allocation that maximizes the product of gains is (**A:2, B:1, C:3, D:** **Not allocated**), with a product of 2400.

**Interpretation**

According to the Nash Bargaining Solution, the following allocation is considered to be the fairest:

* Person 1 receives Good A (value: 25) and Good B (value: 15).
* Person 2 receives Good C (value: 3).
* Person 3 receives Good D (value: 52).

This allocation is fair because it gives each person goods that they value more than the others. Person 1 receives the goods they value most (25 and 15), Person 2 receives the good they value most (3), and Person 3 receives the good they value most (52).",0,1,1,2,3
15,"**Fair Allocation:**

**Person 1:**
* Good C (value: 40)

**Person 2:**
* Good A (value: 48)
* Good D (value: 4)

**Person 3:**
* Good B (value: 52)

**Rationale:**

This allocation aims to maximize the total value of the goods allocated while considering the individual values of each person.

* **Person 1** values Good C the most, so allocating it to them ensures they receive their highest-valued item.
* **Person 2** has the highest value for Good A and relatively low values for the other goods. Allocating Good A and Good D to them maximizes their overall value while not depriving others of more valuable items.
* **Person 3** values Good B the most, which is also the good with the highest overall value. Allocating Good B to them maximizes their total value.

**Total Value Allocated:**

Total value allocated to Person 1: 40
Total value allocated to Person 2: 52
Total value allocated to Person 3: 52

**Observations:**

* All individuals receive at least one good.
* The total value allocated to each person is relatively close, ensuring a fair distribution of benefits.
* Good B, the most valuable good, is allocated to the person who values it most.
* Good C, the second most valuable good, is allocated to the person who values it most among the remaining individuals.
* The allocation ensures that each person receives goods that align with their preferences, resulting in a balanced and equitable outcome.",0,2,3,1,2
16,"**Fair Allocation:**

* Person 1 receives Good A (value 25)
* Person 2 receives Good B (value 45)
* Person 3 receives Good C (value 45)
* Discard Good D (value 4)

**Reasoning:**

This allocation maximizes the total value for the individuals involved:

* Person 1: 25 (Good A)
* Person 2: 45 (Good B)
* Person 3: 45 (Good C)
* Total: 115

Discarding Good D is necessary because no individual values it highly enough to warrant its allocation. By discarding it, we avoid any potential inequity in the distribution.

**Assessment of Fairness:**

This allocation is fair because:

* It ensures that each individual receives a good that they value highly.
* It maximizes the overall value obtained by the individuals.
* It avoids any perceived unfairness by discarding the least valued good.

**Alternative Allocation:**

Another possible fair allocation could be:

* Person 1 receives Good A (value 25)
* Person 2 receives Good C (value 45)
* Person 3 receives Good B (value 52)
* Discard Good D (value 4)

This allocation results in a higher total value for the individuals (122), but it may be considered less fair because Person 3 receives a good that they value more highly than Good A, which is given to Person 1.

Ultimately, the choice of fair allocation depends on the subjective preferences of the individuals involved and the specific criteria for fairness that are deemed important.",0,1,2,3,None
17,"**Fair Allocation:**

* **Good A to Person 2** (Value: 48)
* **Good B to Person 3** (Value: 52)
* **Good C to Person 1** (Value: 40)
* **Good D to Person 2** (Value: 4)

**Rationale:**

This allocation maximizes the total value obtained by all individuals:

* Person 1: 25 + 0 + 40 + 0 = 65
* Person 2: 48 + 0 + 0 + 4 = 52
* Person 3: 0 + 52 + 45 + 0 = 97

**Total Value:** 65 + 52 + 97 = **214**

**Other Considerations:**

* **Equity:** Each person receives goods that they value relatively highly.
* **Envy-freeness:** No person would prefer the allocation of any other person.
* **Proportionality:** The allocation roughly corresponds to the value that each person places on the goods.
* **Efficiency:** The allocation maximizes the total value obtained, which is a measure of how efficiently the goods are distributed.",0,2,3,1,2
18,"**Fair Allocation Considering Individual Valuations:**

1. **Calculate the total value for each good:**
    - Good A: 25 + 48 + 2 = 75
    - Good B: 15 + 45 + 52 = 112
    - Good C: 40 + 3 + 45 = 88
    - Good D: 20 + 4 + 1 = 25

2. **Determine the average value for each good:**
    - Good A: 75 / 3 = 25
    - Good B: 112 / 3 = 37.33
    - Good C: 88 / 3 = 29.33
    - Good D: 25 / 3 = 8.33

3. **Allocate goods based on the average values:**
    - **Good A (25):** To Person 1, who values it the most (25).
    - **Good B (37.33):** To Person 3, who values it the most (52).
    - **Good C (29.33):** To Person 2, who values it the most (45).
    - **Good D (8.33):** To Person 1, who values it the most (20).

**Rationale:**

This allocation prioritizes individuals with the highest valuations for each good. It ensures that each person receives at least one good that they value highly, while balancing the total value received by each individual. This is a fair approach that attempts to maximize overall satisfaction.

However, it's important to note that this allocation is not necessarily the only fair solution. Other fair allocations could be made based on different criteria, such as need, equity, or a combination of factors.",0,1,3,2,1
19,"**Allocation:**

* Good A: Person 2
* Good B: Person 3
* Good C: Person 1
* Good D: Not allocated (discarded)

**Reasoning:**

This allocation aims to maximize the total value derived by the individuals involved.

* Person 2 values Good A the highest (48) among all individuals, so allocating Good A to Person 2 ensures the highest valuation for this good.
* Person 3 values Good B the highest (52), so allocating Good B to Person 3 maximizes the value for this good.
* Person 1 values Good C the highest (40), so allocating Good C to Person 1 maximizes the value for this good.
* Since Good D is valued the lowest by all individuals (1 for Person 3, 4 for Person 2, and 20 for Person 1), it is not allocated to any individual. Discarding Good D ensures that the other goods are allocated in a way that maximizes overall value.

**Calculation of Total Value:**

* Person 1: Value of Good C = 40
* Person 2: Value of Good A = 48
* Person 3: Value of Good B = 52
* Total Value = 40 + 48 + 52 = 140

This allocation results in the highest possible total value of 140.

**Note:**

It is important to note that fairness is a subjective concept and different individuals may have different opinions on what constitutes a fair allocation. This allocation is just one possible solution that aims to maximize the total value derived by the individuals involved.",0,2,3,1,None
20,"**Fair Allocation:**

1. **Good A to Person 2:** Person 2's value for Good A (48) is the highest among the three individuals, and they do not have a high value for any other good.
2. **Good B to Person 3:** Person 3's value for Good B (52) is significantly higher than the other two individuals, and they do not have a high value for any other good.
3. **Good C to Person 1:** Person 1's value for Good C (40) is the highest among the three individuals, and they do not have a high value for any other good that is allocated.
4. **Discard Good D:** Since neither individual values Good D highly, it is not allocated to anyone and discarded.

**Values Received:**

* Person 1: Good C (40)
* Person 2: Good A (48)
* Person 3: Good B (52)

**Justifications for Fairness:**

* This allocation maximizes the total value of the goods allocated, as it assigns goods to the individuals who value them the most.
* Each individual receives at least one good that they have a high value for, ensuring a fair distribution of benefits.
* No goods are allocated to individuals who do not have a significant preference for them, preventing waste.",0,2,3,1,None
21,"**Fair Allocation of Goods**

**Principle of Equity**

To ensure fairness, we will allocate the goods based on the principle of equity, where each person receives an allocation that is proportionate to their individual valuations.

**Calculation of Equity Scores**

For each person, we calculate their equity score for each good by:

Equity Score = (Person's Value for Good) / (Sum of Values for Good by All Persons)

**Allocation Algorithm**

1. **Identify the good with the lowest total value:** In this case, Good D has the lowest total value of 8.
2. **Allocate that good to the person with the highest equity score for that good:** Person 2 has the highest equity score for Good D (0.5), so they receive Good D.
3. **Subtract the value of the allocated good from the total values of the remaining goods:** The total value of the remaining goods is now 72 (100 - 8).
4. **Repeat steps 1-3 for the remaining goods:**
    * Good C has the lowest total value of 90.
    * Person 3 has the highest equity score for Good C (0.5), so they receive Good C.
    * The total value of the remaining goods is now 22.
    * Good B has the lowest total value of 47.
    * Person 2 has the highest equity score for Good B (0.65), so they receive Good B.
    * The total value of the remaining goods is now 25.
    * Good A has the lowest total value of 49.
    * Person 1 has the highest equity score for Good A (0.51), so they receive Good A.

**Final Allocation**

**Person 1:** Good A
**Person 2:** Good B, Good D
**Person 3:** Good C

**Evaluation**

This allocation is fair because it distributes the goods equitably among the three persons. Each person receives goods whose total value is as close as possible to 25% of the total value of all goods.

Person 1 receives goods worth 25 + 20 = 45 (22.5%).
Person 2 receives goods worth 45 + 4 + 48 = 97 (48.5%).
Person 3 receives goods worth 45 + 52 = 97 (48.5%).",0,1,2,3,2
22,"To ensure fairness in the allocation of goods, I will use the Adjusted Winner procedure. This method aims to distribute the goods such that each person's satisfaction level is as close as possible to the average satisfaction level.

1. Calculate the average satisfaction level:

Average satisfaction level = (25 + 15 + 40 + 20 + 48 + 45 + 3 + 4 + 2 + 52 + 45 + 1) / 12 = 254 / 12 = 21.17

2. Calculate each person's initial satisfaction level with no goods allocated:

Person 1: 0
Person 2: 0
Person 3: 0

3. Allocate goods iteratively to the person who gains the most satisfaction from acquiring it, while ensuring that everyone's satisfaction level remains as close as possible to the average:

a. Allocating Good C to Person 1:

Person 1: 40
Person 2: 0
Person 3: 0
Average satisfaction level: (40 + 0 + 0) / 3 = 40 / 3 = 13.33 (below the initial average)

b. Allocating Good B to Person 3:

Person 1: 40
Person 2: 0
Person 3: 52
Average satisfaction level: (40 + 0 + 52) / 3 = 92 / 3 = 30.67 (above the initial average)

c. Allocating Good A to Person 2:

Person 1: 40
Person 2: 48
Person 3: 52
Average satisfaction level: (40 + 48 + 52) / 3 = 140 / 3 = 46.67 (above the initial average)

4. Discard the remaining goods (Good D) as no allocation can further improve fairness without significantly deviating from the average satisfaction level.

**Final Allocation:**

Person 1: Good C
Person 2: Good A
Person 3: Good B

This allocation results in the following satisfaction levels:

Person 1: 40
Person 2: 48
Person 3: 52

The average satisfaction level is 46.67. Person 1's satisfaction level is slightly below the average, while Person 2 and Person 3's satisfaction levels are slightly above the average. However, this allocation ensures that each person's satisfaction level is as close as possible to the average, and no one is significantly disadvantaged or advantaged compared to the others.",0,2,3,1,None
23,"The envy-free allocation is to give Good A to Person 1, Good B to Person 3, Good C to Person 1, and Good D to Person 2.

This allocation is envy-free because each person values the goods they receive more than any other good.

* Person 1 values Good A at 25, Good C at 40, and Good D at 20. They value the goods they receive (Good A and Good C) at a total of 65, which is more than the value of any other good.
* Person 2 values Good A at 48, Good B at 45, and Good D at 4. They value the goods they receive (Good D) at 4, which is more than the value of any other good.
* Person 3 values Good B at 52, Good C at 45, and Good D at 1. They value the goods they receive (Good B) at 52, which is more than the value of any other good.",0,1,3,1,2
24,"**Allocation:**

* **Person 1:** Good A
* **Person 2:** Good B
* **Person 3:** Good C
* **Not allocated:** Good D

**Justification:**

This allocation is considered fair because it maximizes the total value of the goods allocated to the individuals. The combined value of goods received by each individual is as follows:

* Person 1: 25 (Good A)
* Person 2: 45 (Good B)
* Person 3: 45 (Good C)

**Explanation:**

* Person 1 values Good A the highest, so they receive it.
* Person 2 values Good B and Good C the highest, but they value Good B slightly more. Therefore, they receive Good B.
* Person 3 values Good C the highest, so they receive it.

Good D is not allocated because its value to all three individuals is relatively low. By not allocating it, we prevent any unnecessary waste.

**Other Considerations:**

* **Equity:** This allocation ensures that each individual receives a fair share of the goods. No one person receives significantly more than the others.
* **Envy-freeness:** None of the individuals would prefer to have the allocation of any other individual.
* **Efficiency:** The total value of the goods allocated is maximized, which is a measure of efficiency.",0,1,2,3,None
25,"**Fair Allocation:**

* **Person 1:** Good C
* **Person 2:** Good A, Good B
* **Person 3:** Good D

**Explanation:**

This allocation is considered fair because it aims to:

* **Maximize Total Value:** The total value of the allocation is 25 + 48 + 45 + 1 = 119, which is the highest possible total value achievable.
* **Equity:** Each person receives goods that they value relatively highly. Person 1 values Good C the most, Person 2 values Good A and Good B the most, and Person 3 values Good D the most.
* **Envy-Freeness:** No person would prefer to have the allocation of any other person. For example, Person 1 would not prefer to have Good A, Good B, and Good D because they value Good C more.
* **Efficiency:** All goods are allocated, maximizing the overall benefit to the individuals.

**Note:** Other fair allocations may also be possible depending on the specific fairness criteria used.",0,2,2,1,3
26,"**Fair Allocation:**

* **Person 1:** Good A, Good C
* **Person 2:** Good B
* **Person 3:** Good D

**Rationale:**

This allocation maximizes the total value received by the individuals while ensuring that each person receives at least one good.

* Person 1 receives Good A with a value of 25 and Good C with a value of 40, totaling 65.
* Person 2 receives Good B with a value of 45.
* Person 3 receives Good D with a value of 1.

This allocation is also equitable as it gives each person a similar proportion of the total value available (65, 45, and 1). It is not possible to achieve perfect equity as the goods are indivisible, but this allocation comes closest.

**Other Considerations:**

There are other possible allocations that could be considered fair, depending on different criteria. For example:

* **Maximin Allocation:** This allocation gives each person the highest value good they can receive. In this case, Person 1 would receive Good C, Person 2 would receive Good B, and Person 3 would receive Good A. However, this allocation would result in a lower total value (61) and a higher level of inequality.
* **Nash Bargaining Solution:** This allocation maximizes the product of the individual values received. In this case, the allocation would be the same as the one proposed above (Person 1: Good A, Good C; Person 2: Good B; Person 3: Good D). However, this allocation is not always equitable.",0,1,2,1,3
27,"**Allocation:**

* **Person 1:** Good A, Good C
* **Person 2:** Good B
* **Person 3:** Good D

**Explanation:**

This allocation aims to maximize the total value received by all individuals while considering fairness.

* **Person 1:** Receives their highest-valued goods (Good A and Good C) with a total value of 25 + 40 = 65.
* **Person 2:** Receives their highest-valued good (Good B) with a value of 45.
* **Person 3:** Receives the good they value the most among the remaining goods (Good D) with a value of 1.

**Evaluation:**

* **Person 1:** Receives the highest total value of 65.
* **Person 2:** Receives the second-highest total value of 45.
* **Person 3:** Receives the lowest total value of 1 but still receives a good that they value.
* **Total Value:** The total value of the allocation is 65 + 45 + 1 = 111, which is the highest possible given the individuals' valuations.

This allocation ensures that Person 1 receives their two most valuable goods, Person 2 receives their most valuable good, and Person 3, while receiving the lowest total value, still receives a good that they value. It maximizes the total value and balances the fairness between the individuals.",0,1,2,1,3
28,"**Fair Allocation**

To determine a fair allocation, we can use the **Maximum Social Welfare** method. This method aims to maximize the total value that all individuals receive from the allocation.

**Step 1: Calculate Total Value for Each Good**

| Good | Value (Person 1 + Person 2 + Person 3) |
|---|---|
| A | 25 + 48 + 2 = 75 |
| B | 15 + 45 + 52 = 112 |
| C | 40 + 3 + 45 = 88 |
| D | 20 + 4 + 1 = 25 |

**Step 2: Sort Goods Based on Total Value**

| Good | Total Value |
|---|---|
| B | 112 |
| C | 88 |
| A | 75 |
| D | 25 |

**Step 3: Allocate Goods to Individuals**

Starting with the good with the highest total value, allocate it to the person who values it the most. Continue until all goods are allocated.

| Good | Person |
|---|---|
| B | Person 3 |
| C | Person 2 |
| A | Person 1 |
| D | Person 1 (ties with Person 2, but Person 1 has higher value for Good A) |

**Final Allocation**

| Person | Goods |
|---|---|
| Person 1 | Good A, Good D |
| Person 2 | Good C |
| Person 3 | Good B |

**Rationale**

This allocation maximizes the total social welfare:

* Person 1's value: 25 (Good A) + 20 (Good D) = 45
* Person 2's value: 48 (Good A) + 45 (Good C) = 93
* Person 3's value: 52 (Good B) + 1 (Good D) = 53

Total social welfare: 45 + 93 + 53 = 191",0,1,3,2,1
29,"**Fair Allocation:**

* **Good A:** Person 2
* **Good B:** Person 3
* **Good C:** Person 1
* **Good D:** Person 1

**Justification:**

This allocation aims to maximize the total value of the goods to the individuals involved while also considering fairness and equity.

* Person 2 values Good A the most, with a value of 48, so they receive it.
* Person 3 values Good B the most, with a value of 52, so they receive it.
* Person 1 values Good C the most, with a value of 40, so they receive it.
* Person 1 also values Good D more than Person 2 or Person 3, so they also receive Good D.

**Explanation:**

This allocation ensures that everyone receives at least one good that they value highly. Person 2 gets Good A, which they value the most. Person 3 gets Good B, which they value the most. Person 1 gets Good C, which they value the most, and Good D, which they value more than the other two individuals.

While Person 2 could potentially receive a higher value if they received both Good A and Good D, doing so would result in a less equitable distribution. Person 1 would receive nothing in that case, which would not be fair.

The allocation chosen takes into account both the individuals' valuations and the principles of fairness and equity to arrive at a justified solution.",0,2,3,1,1
30,"**Allocation:**

* **Person 1:** Good C
* **Person 2:** Good A
* **Person 3:** Good B, D

**Explanation:**

This allocation is considered fair because it maximizes the sum of the values assigned to the goods by each individual, while considering the indivisibility of the goods.

* **Person 1's value:** 40 (Good C)
* **Person 2's value:** 48 (Good A)
* **Person 3's value:** 53 (Good B + D)

**Total value:** 141

**Alternative Allocations:**

* **Allocation 1:** Person 1: A, B; Person 2: C; Person 3: D
    * Total value: 121
* **Allocation 2:** Person 1: C, D; Person 2: A; Person 3: B
    * Total value: 126

However, the chosen allocation provides a higher total value and ensures that each person receives at least one good that they value highly.",0,2,3,1,3
31,"**Fair Allocation:**

**Person 1:**

* Good C (value: 40)

**Person 2:**

* Good A (value: 48)

**Person 3:**

* Good B (value: 52)
* Good D (value: 1)

**Explanation:**

This allocation is considered fair because it maximizes the total value of goods received by all individuals.

* **Person 1:** Receives Good C, which they value the most (40).
* **Person 2:** Receives Good A, which they value the most (48).
* **Person 3:** Receives Good B, which they value the most (52), and Good D, which has the lowest value among all goods (1).

**Alternative Allocations:**

There are other possible fair allocations, depending on the fairness criteria used. For example:

* **Utilitarian Allocation:** Allocate goods to those who value them the most, regardless of their overall value. This would result in Person 2 receiving both Good A and Good B, while Person 1 and Person 3 receive nothing.
* **Egalitarian Allocation:** Allocate goods equally to all individuals. This would result in each person receiving Good A, Good B, Good C, and Good D, even though Good D has a much lower value than the other goods.
* **Envy-Free Allocation:** Allocate goods such that no one individual prefers the goods allocated to another individual. This requires finding an allocation where the value of the goods received by each individual is equal. However, in this case, it is not possible to find an envy-free allocation without throwing away some goods.

The allocation I have proposed takes into account the values of the goods to each individual and aims to maximize the overall fairness of the distribution.",0,2,3,1,3
32,"One possible fair allocation of the goods is:
- Good A to Person 2
- Good B to Person 3
- Good C to Person 1
- Good D to Person 2

This allocation results in the following individual value sums:
- Person 1: 25 + 40 = 65
- Person 2: 48 + 4 + 20 = 72
- Person 3: 2 + 52 + 45 = 99

This allocation is fair because it gives each person goods that they value highly. Person 1 gets Good C, which they value at 40, and Good A, which they value at 25. Person 2 gets Good A, which they value at 48, and Good D, which they value at 20. Person 3 gets Good B, which they value at 52, and Good C, which they value at 45.

This allocation is also efficient because it gives the goods to the people who value them the most. Person 1 gets Good C, which they value the most, and Good A, which they value the second most. Person 2 gets Good A, which they value the most, and Good D, which they value the second most. Person 3 gets Good B, which they value the most, and Good C, which they value the second most.",0,2,3,1,2
33,"**Fair Allocation**

To determine a fair allocation, I will consider the **Sealed Bid Combinatorial Auction (SBC) Rule**. This rule involves the following steps:

1. **Private Bidding:** Each person privately submits a bid for each combination of goods they desire.
2. **Combinatorial Bidding:** Each person can bid on any combination of goods, including receiving none of the goods.
3. **Maximum Social Welfare (MSW):** The allocation that maximizes the total value of all the bids is selected.

**Step 1: Private Bidding**

| Person | Good A | Good B | Good C | Good D |
|---|---|---|---|---|
| Person 1 | 25 | 15 | 40 | 20 |
| Person 2 | 48 | 45 | 3 | 4 |
| Person 3 | 2 | 52 | 45 | 1 |

**Step 2: Combinatorial Bidding**

Each person can bid on any combination of goods. For example, Person 1 could bid the following:

* Good A only: 25
* Good A and Good C: 65
* Good B, Good C, and Good D: 75

**Step 3: Maximum Social Welfare**

The allocation that maximizes the total value of all the bids is:

* Person 1 gets Good A and Good C: 65
* Person 2 gets Good B: 45
* Person 3 gets Good D: 1

**Total MSW:** 111

**Explanation:**

This allocation maximizes the total value for all the individuals involved. Person 1 values Goods A and C the most, Person 2 values Good B the most, and Person 3 values Good D the most. By allocating these goods to the individuals who value them the highest, we achieve the fairest distribution possible.",0,1,2,1,3
34,"**Allocation:**

* Person 1: Good A (25) and Good C (40)
* Person 2: Good B (45) and Good D (4)
* Person 3: Good B (52)

**Reasoning:**

This allocation aims to maximize the total value of the goods for all three individuals.

**Person 1**

* Good A (25)
* Good C (40)

Total value: 65

**Person 2**

* Good B (45)
* Good D (4)

Total value: 49

**Person 3**

* Good B (52)

Total value: 52

**Total Value:**

65 + 49 + 52 = **166**

**Alternative Allocation:**

* Person 1: Good B (15) and Good D (20)
* Person 2: Good A (48) and Good C (3)
* Person 3: Good B (52)

This alternative allocation would result in a lower total value of 138:

* Person 1: 35
* Person 2: 51
* Person 3: 52

Therefore, the first allocation is considered fairer as it provides a higher total value for all individuals.",0,1,2,1,2
35,"**My proposed fair allocation is as follows:**

* **Person 1:** Good A, Good B
* **Person 2:** Good C
* **Person 3:** Good D

**Explanation:**

In order to determine a fair allocation, I consider the following principles:

* **Equity:** Each person should receive a share that is proportional to their value for the goods.
* **Efficiency:** The allocation should maximize the total value of the goods for all individuals.
* **Envy-freeness:** No individual should prefer another individual's allocation over their own.

Based on these principles, I evaluate different allocation options and select the one that best satisfies them.

**Evaluation of the proposed allocation:**

* **Equity:** Person 1's total value for the goods received is 60 (25 for Good A and 35 for Good B), which is slightly higher than Person 3's value for Good D (1). However, it is still a reasonable allocation considering the value differences for the other goods. Person 2 receives Good C, which they value at 3, which is the lowest value among all individuals for this good. However, this allocation ensures that Person 2 receives a good that they value relatively more than the other goods.
* **Efficiency:** The total value of the allocation is 108 (25+15+45+23), which is the highest possible given the values of the individuals for the goods.
* **Envy-freeness:** Person 1 would not prefer Person 2's allocation because they value Good A and Good B more than Good C. Person 2 would not prefer Person 1's allocation because they value Good C more than Good A and Good B. Person 3 would not prefer Person 1's or Person 2's allocation because they value Good D more than any other good.

Overall, I believe that the proposed allocation is fair and satisfies the principles of equity, efficiency, and envy-freeness to a reasonable extent.",0,1,1,2,3
36,"The allocation that I consider to be the fairest is as follows:

- Person 1 gets Good A and Good C
- Person 2 gets Good B
- Person 3 gets Good D

This allocation is fair because it gives each person the goods that they value the most. Person 1 values Good A and Good C the most, Person 2 values Good B the most, and Person 3 values Good D the most. This allocation also ensures that each person receives at least one good.

Here is a breakdown of the values for each person under this allocation:

- Person 1: 25 + 40 = 65
- Person 2: 45
- Person 3: 52 + 1 = 53

As you can see, each person receives a total value of at least 45. This is the fairest allocation that I could find.",0,1,2,1,3
37,"**Pareto Efficiency**

A Pareto efficient allocation is one where it is impossible to make one person better off without making another person worse off. In other words, it is an allocation where no one can be made better off without making someone else worse off.

**Envy-Freeness**

An envy-free allocation is one where no person prefers the allocation of another person to their own allocation. In other words, it is an allocation where everyone is satisfied with what they have and does not envy what others have.

**Maximum Social Welfare**

The maximum social welfare allocation is the allocation that maximizes the total value of all the goods to all the people. In other words, it is the allocation that makes everyone as happy as possible.

**Fair Allocation**

There are many different ways to define fairness. Some common definitions include:

* **Equal allocation:** Everyone gets the same amount of goods.
* **Proportionate allocation:** Everyone gets a share of the goods that is proportional to their contribution.
* **Needs-based allocation:** Everyone gets a share of the goods that is based on their needs.
* **Equity-based allocation:** Everyone gets a share of the goods that is based on their equity in the situation.

**Alternative Allocations**

Based on the different definitions of fairness, here are a few alternative allocations:

* **Equal allocation:** Each person gets one of each good.
* **Proportionate allocation:** Person 1 gets 25% of the goods, Person 2 gets 50% of the goods, and Person 3 gets 25% of the goods.
* **Needs-based allocation:** Person 1 gets Good B and Good D, Person 2 gets Good A and Good C, and Person 3 gets nothing.
* **Equity-based allocation:** Person 1 gets Good A and Good C, Person 2 gets Good B, and Person 3 gets Good D.

**Conclusion**

The ""fairest"" allocation depends on the definition of fairness that is used. There is no one ""correct"" answer. However, the allocations listed above provide a starting point for discussion.",0,2,3,1,2
38,"**Fair Allocation**

In order to determine a fair allocation of the goods, we can consider the following principles:

* **Envy-freeness:** No person should prefer the allocation of another person to their own allocation.
* **Pareto efficiency:** It is not possible to reallocate the goods in a way that would make at least one person better off without making anyone else worse off.

Based on these principles, we can consider the following allocation:

* **Person 1:** Good A
* **Person 2:** Good B
* **Person 3:** Good C and Good D

**Envy-freeness:**

* Person 1 prefers Good A to other goods because their value for Good A is higher.
* Person 2 prefers Good B to other goods because their value for Good B is higher.
* Person 3 prefers Good C and Good D to other goods because their sum of values for Good C and Good D is higher.

Therefore, no person envies the allocation of another person.

**Pareto efficiency:**

* If we reallocated Good C to Person 2, Person 2 would be better off because their value for Good C is higher. However, Person 3 would be worse off because they would lose Good C.
* If we reallocated Good D to Person 1, Person 1 would be better off because their value for Good D is higher. However, Person 3 would be worse off because they would lose Good D.

Therefore, it is not possible to reallocate the goods in a way that would make at least one person better off without making anyone else worse off.

**Conclusion:**

The proposed allocation is envy-free and Pareto efficient, and therefore can be considered a fair allocation of the goods.",0,1,2,3,3
39,"**Step 1: Calculate the total value of each good:**

* Good A: 25 + 48 + 2 = 75
* Good B: 15 + 45 + 52 = 112
* Good C: 40 + 3 + 45 = 88
* Good D: 20 + 4 + 1 = 25

**Step 2: Determine the fair share for each person:**

The fair share is calculated by dividing the total value of all goods by the number of people:

* Fair share = (75 + 112 + 88 + 25) / 3 = 98.33

**Step 3: Allocate the goods based on fair share:**

Starting with the person with the highest value for a good, allocate each good one by one until the fair share is reached for each person.

* **Person 2:** Gets Good B (value: 45) and Good A (value: 48). Total value: 93
* **Person 1:** Gets Good C (value: 40). Total value: 65
* **Person 3:** Gets Good D (value: 25). Total value: 25

**Remaining Goods:**

* Good D (value: 1) remains unallocated.

**Fair Allocation:**

* Person 1: Good C
* Person 2: Good A, Good B
* Person 3: Good D
* Unallocated: Good D (value: 1)

**Reasons for this Allocation:**

* Person 2 has the highest value for both Good A and Good B, so they receive those goods.
* Person 1 has the highest value for Good C, so they receive that good.
* Person 3 has the highest value for Good D (even though it is a low value), so they receive that good.
* Good D (value: 1) remains unallocated because there is no person who values it more than other goods.",0,2,2,1,3
40,"**Allocation:**

* **Person 1:** Good C, Good D
* **Person 2:** Good A, Good B
* **Person 3:** None

**Reasoning:**

This allocation considers both the individual values for each good and the overall balance of values.

* Person 1 has the highest value for Good C and a relatively high value for Good D. Good C is discarded in other allocations, so allocating it to Person 1 maximizes its value.
* Person 2 has the highest values for Good A and Good B. Allocating these goods to Person 2 gives them the highest overall value.
* Person 3 has the lowest values for all the goods. By not allocating any goods to them, we avoid wasting valuable resources on goods they do not value.

This allocation ensures that the two individuals with the highest overall values receive the goods they most desire. Person 3, while receiving no goods, still benefits from the efficient allocation of resources to those who value them more.

**Alternative Allocation:**

* **Person 1:** Good B, Good D
* **Person 2:** Good A, Good C
* **Person 3:** None

This allocation prioritizes the maximization of each person's highest-valued goods. However, it results in Good C being allocated to Person 2, who values it much less than Person 1. Therefore, the allocation presented in the initial response is considered fairer.

**Additional Considerations:**

Other factors could influence a fair allocation, such as:

* **Equity:** Ensuring that all individuals receive an equal number of goods.
* **Envy:** Preventing individuals from feeling worse off by comparing their allocation to others.
* **Social norms:** Cultural or moral considerations that influence what is considered fair.",0,2,2,1,1
41,"**Allocation:**

* Person 1: Good A and Good B
* Person 2: Good C and Good D
* Person 3: Throw away Good D

**Explanation:**

* **Person 1:** Receives the goods for which they have the highest value (Good A) and the second-highest value (Good B).
* **Person 2:** Receives the goods for which they have the highest value (Good C) and the second-highest value (Good D).
* **Person 3:** Would receive very little benefit from any of the goods, so it is considered fair to throw away the good with the lowest value (Good D).

**Total Value:**

* Person 1: 40
* Person 2: 49
* Person 3: 52

**Reasoning:**

This allocation aims to maximize the total value received by all individuals. By giving the goods with the highest values to Person 1 and Person 2, and by removing the good with the lowest value for Person 3, the allocation ensures that all three individuals receive a fair share of the benefits.

Other possible allocations could also be considered fair, such as:

* **Person 1:** Good A and Good C
* **Person 2:** Good B and Good D
* **Person 3:** Throw away Good A

This allocation would result in a total value of 47, which is slightly lower than the proposed allocation. However, it may be considered fair if Person 3 has a particularly strong preference for Good B.

Ultimately, the fairest allocation depends on the specific values and preferences of the individuals involved.",0,1,1,2,None
42,"To determine a fair allocation of the goods, we will use the Adjusted Winner Procedure:

**Step 1: Calculate the total value of each good for all individuals.**

Good A: 25 + 48 + 2 = 75
Good B: 15 + 45 + 52 = 112
Good C: 40 + 3 + 45 = 88
Good D: 20 + 4 + 1 = 25

**Step 2: Determine the ""winner"" of each good based on the highest valuation.**

Good A: Person 2 (48)
Good B: Person 3 (52)
Good C: Person 1 (40)
Good D: Person 1 (20)

**Step 3: Calculate the average value of each good for all individuals.**

Good A: 75 / 3 = 25
Good B: 112 / 3 = 37.33
Good C: 88 / 3 = 29.33
Good D: 25 / 3 = 8.33

**Step 4: Adjust the allocation for fairness.**

* **Good A:** Person 2 has the highest valuation, so they receive Good A.
* **Good B:** Person 3 has the highest valuation, so they receive Good B.
* **Good C:** Person 1 has the highest valuation, but their valuation is not significantly higher than the average value. Therefore, to promote fairness, Good C is allocated to Person 3 who has the second highest valuation.
* **Good D:** Person 1 has the highest valuation, but their valuation is significantly higher than the average value. Therefore, to promote fairness, Good D is not allocated to anyone (thrown away) and Person 1 receives Good C instead.

**Final Allocation:**

* Person 1: Good C
* Person 2: Good A
* Person 3: Good B",0,2,3,3,None
43,"The allocation that I consider to be the fairest is:
- Good A to Person 2
- Good B to Person 3
- Good C to Person 1
- Good D to Person 1

* **Total value to Person 1:** 25 + 20 = 45
* **Total value to Person 2:** 48 + 4 = 52
* **Total value to Person 3:** 52 + 1 = 53

This allocation gives Person 2 the highest total value (52), followed by Person 3 (53), and Person 1 (45). It also ensures that everyone receives at least one good that they value highly.

Here is the reasoning behind my allocation:

* Person 2 values Good A and Good D the most. However, Person 1 also values Good A highly, and Person 3 values Good D the least. Therefore, it makes sense to give Good A to Person 2 and Good D to Person 1.
* Person 3 values Good B the most, and Person 1 and Person 2 value it the least. Therefore, it makes sense to give Good B to Person 3.
* Person 1 values Good C the most, and Person 2 and Person 3 value it the least. Therefore, it makes sense to give Good C to Person 1.

I believe that this allocation is fair because it takes into account the individual values of each person and ensures that everyone receives at least one good that they value highly.",0,2,3,1,1
44,"**Fair Allocation of Goods:**

**Allocation:**

* Person 1: Good A, Good C
* Person 2: Good B
* Person 3: Good D

**Justification:**

This allocation is considered fair for the following reasons:

**1. Pareto Efficiency:**

The allocation maximizes the total value assigned to the goods by the individuals. The total value under this allocation is:

* Person 1: 25 (Good A) + 40 (Good C) = 65
* Person 2: 45 (Good B) = 45
* Person 3: 1 (Good D) = 1

Total value = 65 + 45 + 1 = 111

**2. Envy-Freeness:**

No individual prefers another individual's allocation. For example, Person 1 receives a higher total value (65) than they would if they received any other combination of goods. Similarly, Persons 2 and 3 also receive their preferred allocation.

**3. Equity:**

The allocation takes into account the value that each individual places on the goods. Person 1 values Good A and Good C more than the other goods, so they receive those goods. Person 2 values Good B the most, so they receive that good. Person 3 values Good D the most, so they receive that good.

**4. Minimum Value Guarantee:**

Each individual receives at least one good that they value above zero. This ensures that everyone receives a fair share.

**Conclusion:**

The proposed allocation is considered fair because it is Pareto efficient, envy-free, equitable, and guarantees a minimum value for each individual. It is important to note that fairness is subjective, and different individuals may have different preferences regarding what they consider to be a fair allocation.",0,1,2,1,3
45,"**Fair Allocation:**

**Person 1:** Good C
**Person 2:** Good A
**Person 3:** Good B

**Rationale:**

This allocation is fair because it maximizes the total value for all individuals:

* **Person 1:** Value of Good C = 40
* **Person 2:** Value of Good A = 48
* **Person 3:** Value of Good B = 52

**Total Value:** 140

**Other Considerations:**

* **Person 1** receives the good with the highest value for them (Good C), which is fair given their original preferences.
* **Person 2** receives the good with the second-highest value for them (Good A), which is also fair.
* **Person 3** receives the good with the highest remaining value for them (Good B), which is the only fair option since the other goods are already allocated.

**Note:**

This allocation does not include Good D because the value of this good for all individuals is relatively low. Discarding it results in a higher total value for the other goods that are allocated.",0,2,3,1,None
46,"**Fair Allocation:**

* **Good A:** Person 2
* **Good B:** Person 3
* **Good C:** Person 1
* **Good D:** Person 2

**Justification:**

This allocation is fair because it maximizes the total sum of values obtained by the individuals.

* **Person 1:** Receives Good C, which they value the most (40).
* **Person 2:** Receives Goods A and D, which they value at 48 + 4 = 52.
* **Person 3:** Receives Good B, which they value the most (52).

**Total Sum of Values:** 40 + 52 + 52 = 144

**Alternative Allocations:**

There are other possible allocations that could also be considered fair, depending on the specific fairness criteria used. For example:

* **Equal Allocation:** Each person receives one good, which may result in a lower total sum of values (e.g., if Person 1 receives Good A, Person 2 receives Good B, and Person 3 receives Goods C and D).
* **Priority Allocation:** One person receives all of the goods they value the most, and the remaining goods are allocated to the other two individuals (e.g., if Person 1 receives Goods A, B, and C, and Person 2 receives Good D).
* **Nash Equilibrium:** An allocation where no individual can improve their outcome by unilaterally changing their choice of goods (this may result in a different allocation than maximizing the total sum of values).

Ultimately, the choice of which allocation to consider fair is subjective and depends on the specific fairness principles and values of the individuals involved.",0,2,3,1,2
47,"**Fair Allocation:**

* **Good A:** Person 2
* **Good B:** Person 3
* **Good C:** Person 1
* **Good D:** Person 1

**Rationale:**

This allocation aims to maximize the **total value** of the goods allocated to the individuals.

* Person 2 has the highest value for Good A (48), so they should receive it.
* Person 3 has the highest value for Good B (52), so they should receive it.
* Person 1 has the highest value for Good C (40), so they should receive it.
* Person 1 also has the second-highest value for Good D (20), so they should receive that as well.

**Total Value:**

* Person 1: 25 (Good C) + 20 (Good D) = **45**
* Person 2: 48 (Good A) = **48**
* Person 3: 52 (Good B) = **52**

**Total Value of Allocation:** **145**

This allocation results in the highest possible total value for the individuals involved. It ensures that each person receives at least one good that they value highly.",0,2,3,1,1
48,"**Fair Allocation:**

**Person 1:**
* Good A: 25
* Good C: 40

**Person 2:**
* Good B: 45
* Good D: 4

**Person 3:**
* Good B: 52
* Good C: 45

**Rationale:**

This allocation is based on the principle of **equal opportunity**. Each person receives two goods, one of which they value relatively highly and one of which they value relatively lowly.

* Person 1 values Goods A and C the most, so they receive those goods.
* Person 2 values Goods B and D the most, so they receive those goods.
* Person 3 values Goods B and C the most, so they receive the only remaining goods (since Good A and Good D have already been allocated).

**Justification:**

This allocation ensures that each person has an equal chance of receiving their most preferred goods. It also ensures that each person receives a fair share of the total value of the goods.

* The total value of the goods allocated to Person 1 is 65 (25 + 40).
* The total value of the goods allocated to Person 2 is 49 (45 + 4).
* The total value of the goods allocated to Person 3 is 97 (52 + 45).

While Person 3 receives a slightly higher total value than the other two persons, this is because they value Goods B and C significantly more than the other goods. In this case, it is considered fair to give them the goods they value the most, even if it results in a slightly higher total value.

Overall, this allocation balances fairness and equity by ensuring that each person has an equal opportunity to receive their desired goods and a fair share of the total value.",0,1,3,3,2
49,"**Efficient Allocation:**

* **Person 1:** Good C
* **Person 2:** Good A
* **Person 3:** Good B

* **Good D:** Not allocated, as it has the lowest combined value (7) among all goods.

**Reasons for this Allocation:**

* It maximizes the total value assigned to the goods: 25 (Person 1 for Good C) + 48 (Person 2 for Good A) + 52 (Person 3 for Good B) = 125.
* It prevents any individual from having a low value for the good they receive.

**Additional Considerations:**

* **Equity:** This allocation may not be considered equitable, as Person 1 receives the most valuable good (Good C), while Person 3 receives the least valuable non-discarded good (Good B).
* **Fairness:** The allocation is fair in the sense that it respects the preferences of each individual. However, it could also be argued that Person 1 receives more benefit than the others, due to the high value they place on Good C.
* **Envy:** Person 3 may envy Person 1 for receiving Good C, as they value it more highly than Good B.
* **Negotiation:** An alternative allocation could be negotiated among the individuals, taking into account their preferences and the value they place on different goods.",0,2,3,1,None
50,"**Allocation:**

* **Person 1:** Good D
* **Person 2:** Good A
* **Person 3:** Goods B and C

**Justification:**

This allocation aims to maximize the total value assigned to the goods by all individuals.

* Person 1 values Good D the highest (20) and it is the least valuable good for both Person 2 (4) and Person 3 (1).
* Person 2 values Good A the highest (48) and it is the second-highest value for Person 1 (25).
* Person 3 has the highest value for both Good B (52) and Good C (45), and these goods are not highly valued by the other individuals.

By assigning these goods accordingly, we maximize the total value as follows:

* Person 1: 20
* Person 2: 48
* Person 3: 97

**Total Value:** 20 + 48 + 97 = **165**

This allocation ensures that each individual receives a good that they value relatively highly, while also maximizing the overall value assigned to the goods.",0,2,3,3,1
51,"**Pareto Optimal Allocation:**

This allocation ensures that no individual can be made better off without making another individual worse off:

* **Person 1:** Good C (value: 40)
* **Person 2:** Good A (value: 48)
* **Person 3:** Good B (value: 52)
* **Good D:** Discarded (value: 0)

**Total Value Utilized:** 140

**Justification:**

This allocation satisfies the following conditions:

* **Efficiency:** Disposing of Good D maximizes the total value utilized by the individuals.
* **Equity:** Each individual receives a good for which their valuation is significantly higher than the other individuals.
* **Stability:** No individual has an incentive to propose a different allocation that would benefit them more without harming others.

**Alternative Allocations:**

**Allocation 1:**

* **Person 1:** Good A (value: 25)
* **Person 2:** Good B (value: 45)
* **Person 3:** Good C (value: 45)
* **Good D:** Discarded (value: 0)

This allocation also satisfies efficiency and stability but may not be considered as fair as the Pareto optimal allocation since Person 1 receives a good with a lower value (Good A) than Good C, which has a higher value for all individuals.

**Allocation 2:**

* **Person 1:** Good C (value: 40)
* **Person 2:** Good A (value: 48)
* **Person 3:** Good B and Good D (value: 53)

This allocation maximizes the total value utilized by the individuals but may not be considered fair since Person 3 receives two goods while the other individuals receive only one.

The choice of the fairest allocation ultimately depends on the preferences of the individuals and the criteria used to define fairness.",0,2,3,1,None
52,"**Objective:** To allocate 4 goods (A, B, C, D) among 3 individuals (1, 2, 3) in a fair manner.

**Values (utility):**

| Person | Good A | Good B | Good C | Good D |
|---|---|---|---|---|
| 1 | 25 | 15 | 40 | 20 |
| 2 | 48 | 45 | 3 | 4 |
| 3 | 2 | 52 | 45 | 1 |

**Proposed Allocation:**

* **Good A to Person 2:** With a value of 48, Person 2 places the highest importance on Good A among all individuals. Allocating it to them maximizes its overall value.
* **Good B to Person 3:** Person 3 values Good B the most (52), and it is not as highly valued by the other individuals (15 and 45). Giving it to Person 3 ensures they receive a good they value highly.
* **Good C to Person 1:** Person 1 values Good C the most (40), and it is not as important to the other individuals (3 and 45). Allocating it to Person 1 balances the allocation.
* **Good D to Person 1:** Good D is the least valued item for all individuals. However, Person 1 values it slightly higher than the others (20 vs. 4 and 1). Giving it to Person 1 ensures they receive all goods for which they have a positive value.

**Rationale:**

This allocation aims to maximize the overall value and fairness among the individuals.

* **Maximizing Value:** Goods A and B are allocated to the individuals who value them the most, ensuring the highest total utility.
* **Fairness:** Each individual receives at least one good with a positive value. Person 1 receives the good they value most, Person 2 receives the good they value second-most, and Person 3 receives the good they value third-most.

This allocation is not necessarily the only fair one, but it takes into account the preferences and values of each individual and aims to provide a balanced and equitable distribution of goods.",0,2,3,1,1
53,"**Fair Allocation:**

**Person 1:**
* Good A (Value: 25)
* Good D (Value: 20)

**Person 2:**
* Good B (Value: 45)
* Good C (Value: 3)

**Person 3:**
* Good C (Value: 45)
* Good B (Value: 52)

**Rationale:**

As the goods are indivisible, it is not possible to achieve a perfectly equal allocation for all three individuals. However, this allocation considers several key factors:

* **Equity:** Each person receives goods with a total value that is relatively close to the other individuals. Person 1 receives goods with a total value of 45, Person 2 receives goods with a total value of 48, and Person 3 receives goods with a total value of 97.
* **Efficiency:** The allocation assigns goods to individuals who value them the most. Person 1 values Good A and Good D the most, Person 2 values Good B and Good C the most, and Person 3 values Good C and Good B the most.
* **Envy-freeness:** To the extent possible, the allocation avoids creating situations where one person envies another's allocation. Person 1 values Good C more than Person 2, but Person 2 has already received Good C. Similarly, Person 2 values Good A more than Person 1, but Person 1 has already received Good A.
* **Simplicity:** The allocation is clear and easy to understand. It does not require any complex calculations or negotiations.

It is important to note that this allocation is not guaranteed to be the fairest in all cases. Different criteria for fairness could lead to different allocations. Ultimately, the best allocation depends on the specific circumstances and the values of the individuals involved.",0,1,3,2,1
54,"**Fair Allocation:**

* **Person 1:**
    * Good C (value: 40)
    * Good D (value: 20)
* **Person 2:**
    * Good A (value: 48)
    * Good B (value: 45)
* **Person 3:**
    * Good B (value: 52)

**Reasoning:**

This allocation aims to maximize the total value of the goods received by each individual.

* Person 1 receives two of the most valuable goods, Good C and Good D, for a total value of 60.
* Person 2 receives the two goods that they value most, Good A and Good B, for a total value of 93.
* Person 3 receives the remaining Good B, which they value the most, for a total value of 52.

The allocation ensures that everyone receives at least one good that they value highly, while also maximizing the total utility of the goods distributed.

**Alternative Allocations:**

Alternatively, one could consider:

* Allocating Good C to Person 3, who values it the most (total value: 47).
* Allocating Good B to Person 1, who values it second-most (total value: 67).
* Throwing away Good D, as it is valued the lowest by all three individuals.

However, this allocation would result in a lower total utility for the goods distributed (57 compared to 60).

Ultimately, the fairest allocation depends on the subjective preferences of the individuals involved and the priority given to maximizing total value or individual equity.",0,2,3,1,1
55,"**Utilitarian Allocation:**

* Allocate goods to maximize the **total utility** across all individuals.
* This allocation would be:
    * Good A to Person 2
    * Good B to Person 3
    * Good C to Person 1
    * Good D to Person 2

**Total Utility:** 48 + 52 + 40 + 4 = 144

**Maximin Allocation:**

* Allocate goods to the individual who receives the **highest minimum value**.
* This allocation would be:
    * Good A to Person 1 (25)
    * Good B to Person 3 (52)
    * Good C to Person 1 (40)
    * Good D to Person 2 (4)

**Minimum Value:** 4

**Nash Equilibrium Allocation:**

* Allocate goods such that **no individual can improve their outcome** by unilaterally changing their allocation.
* This allocation could be:
    * Good A to Person 2
    * Good B to Person 3
    * Good C to Person 1
    * Good D to Person 1

**Reasoning:**
* Person 1 cannot improve their outcome by changing their allocation, as they already have the highest value for Good C.
* Person 2 cannot improve their outcome by changing their allocation, as they have the highest value for Good A and Good D.
* Person 3 cannot improve their outcome by changing their allocation, as they have the highest value for Good B.

**Rawlsian Allocation (Maximin with Fairness):**

* Allocate goods to ensure the **maximum minimum benefit for the least advantaged individual**.
* This allocation would be the same as the Maximin Allocation:
    * Good A to Person 1
    * Good B to Person 3
    * Good C to Person 1
    * Good D to Person 2

**Additional Considerations:**

* The fairness of an allocation can be subjective and may depend on the preferences and values of the individuals involved.
* Other fairness criteria, such as envy or proportionality, could be considered.
* The allocation decision should take into account the feasibility and practicality of distributing the goods.",0,2,3,1,2
56,"The allocation that maximizes the sum of the values of the allocated goods is:
- Good A to Person 2
- Good B to Person 3
- Good C to Person 1
- Good D to Person 2
This allocation gives the following values to each person:
- Person 1: 65
- Person 2: 97
- Person 3: 98
This is the allocation that I consider to be the fairest, as it gives the highest total value to the three individuals.",0,2,3,1,2
57,"**Fair Allocation:**

* **Person 1:** Good A and Good C (Value: 65)
* **Person 2:** Good B (Value: 45)
* **Person 3:** Good D (Value: 52)

**Reasoning:**

This allocation is fair because it:

* **Maximizes Total Value:** It results in the highest total value for all individuals (25 + 15 + 40 + 20 + 45 + 52 = **202**).
* **Minimizes Envy:** Each individual receives goods that they value more than the other goods they could have received. For example:
    * Person 1 values Good C (40) more than Good B (15).
    * Person 2 values Good B (45) more than Good A (48).
    * Person 3 values Good D (52) more than Good A (2).
* **Considers Individual Priorities:** The allocation takes into account each individual's preferences and gives priority to goods that they value more highly.
* **Prevents Waste:** All goods are allocated to individuals who value them, so none of them go to waste.

**Alternative Allocations:**

While the allocation above is fair, there may be other allocations that are also fair and achieve similar levels of total value and fairness. For example:

* **Alternative Allocation 1:**
    * Person 1: Good B and Good C
    * Person 2: Good A and Good D
    * Person 3: None
* **Alternative Allocation 2:**
    * Person 1: Good A and Good D
    * Person 2: Good B and Good C
    * Person 3: None

These alternative allocations also maximize total value, minimize envy, and prevent waste. The choice of which allocation to use depends on the specific circumstances and preferences of the individuals involved.",0,1,2,1,3
58,"**Fair Allocation of Goods:**

To determine a fair allocation of goods, I will consider the following principles:

1. **Efficiency:** The allocation should maximize the total value of the goods for all individuals.
2. **Equity:** Each individual should receive an allocation that is proportionate to their needs and desires.

**Allocation:**

Based on these principles, I propose the following allocation:

* **Person 1:** Good C
* **Person 2:** Good A
* **Person 3:** Good B, Good D

**Justification:**

* **Efficiency:** The total value of the goods for all individuals is maximized by this allocation. Person 1 values Good C the most, Person 2 values Good A the most, and Person 3 values Good B and Good D the most.
* **Equity:** Each individual receives an allocation that is approximately proportional to their stated values. Person 1 receives a good with a value of 40, Person 2 receives a good with a value of 48, and Person 3 receives two goods with a combined value of 53.

**Explanation:**

* Good C is the highest-valued good for Person 1, and it is also the highest-valued good overall. Allocating Good C to Person 1 maximizes the total value for all individuals.
* Good A is the highest-valued good for Person 2, and it is also the second-highest-valued good overall. Allocating Good A to Person 2 balances efficiency with equity.
* Person 3 has the lowest overall value for the goods, but they have the highest value for Good B. Allocating Goods B and D to Person 3 ensures that they receive a fair share of the goods while not sacrificing efficiency.

This allocation strikes a balance between efficiency and equity, and it ensures that each individual receives goods that they value highly.",0,2,3,1,3
59,"**Allocation:**

* **Person 1:** Good A and Good C
* **Person 2:** Good B
* **Person 3:** Good D

**Explanation:**

I used a fairness criterion called the **Nash Bargaining Solution**. This solution aims to find an allocation that maximizes the product of each person's utility gains relative to their initial expectations.

**Initial Expectations:**

* Person 1: 100 (average value of all goods)
* Person 2: 98.5 (average value of all goods)
* Person 3: 50 (average value of all goods)

**Utility Gains:**

* Person 1: 65 (25 + 40 - 100)
* Person 2: 48 (48 - 100)
* Person 3: 49 (52 - 100)

**Product of Utility Gains:**

* Person 1: 3250
* Person 2: 2304
* Person 3: 2401

The proposed allocation maximizes the product of utility gains, which is 3250. This allocation satisfies the following conditions:

* **Individual Rationality:** Each person receives a bundle that has a value greater than or equal to their initial expectations.
* **Feasibility:** The allocation exhausts all the goods.
* **Envy-Freeness:** No person prefers the bundle of another person to their own bundle.",0,1,2,1,3
60,"**Allocation:**

* Person 1: Good A, Good C
* Person 2: Good B
* Person 3: Good D

**Justification:**

This allocation maximizes the total value of the goods for the individuals involved:

* Person 1's value = 25 + 40 = 65
* Person 2's value = 45
* Person 3's value = 1

**Total value = 65 + 45 + 1 = 111**

Other possible allocations were considered, but they resulted in a lower total value:

* Allocation 1: Person 1 gets Good A and Good B, Person 2 gets Good C, Person 3 gets Good D. **Total value = 107**
* Allocation 2: Person 1 gets Good A and Good C, Person 2 gets Good B and Good D. **Total value = 109**

However, Allocation 2 would require throwing away Good D, which has a value of 1 for Person 3. Therefore, Allocation 1 is preferable as it maximizes the total value while also ensuring that no good is wasted.

**Additional Considerations:**

* **Equity:** This allocation ensures that all individuals receive at least one good with a non-zero value.
* **Efficiency:** This allocation maximizes the total value of the goods for the individuals involved.
* **Transparency:** The rationale behind the allocation is clear and justifiable.",0,1,2,1,3
61,"**Fair Allocation:**

* **Person 1:** Good C
* **Person 2:** Good A
* **Person 3:** Good B
* **Discarded:** Good D

**Rationale:**

This allocation maximizes the sum of the values of the goods received by each person:

* Person 1: Value of Good C = 40
* Person 2: Value of Good A = 48
* Person 3: Value of Good B = 52

Total Value: 40 + 48 + 52 = 140

This allocation also ensures that each person receives at least one good that has a relatively high value for them:

* Person 1 prefers Good C over all other goods.
* Person 2 prefers Good A over all other goods.
* Person 3 prefers Good B over all other goods.

Since Good D has the lowest value for all three persons, it is discarded to ensure an equitable distribution of the available goods.",0,2,3,1,None
62,"**Fair Allocation:**

Considering the values of each individual for the different goods, a fair allocation would be:

* **Person 1:** Good A (value: 25)
* **Person 2:** Good B (value: 45)
* **Person 3:** Good C (value: 45)
* **Discard:** Good D

**Rationale:**

* Person 1 has the highest value for Good A among all individuals.
* Person 2 has the highest value for Good B.
* Person 3 has the highest value for Good C.
* Good D has the lowest value for each individual, and discarding it ensures that everyone receives something of value to them.

This allocation maximizes the total value of the goods allocated, while ensuring that each person receives at least a good with a value that is relatively significant to them.",0,1,2,3,None
63,"**1. Calculate the Total Value of Each Good:**

* Good A: 25 + 48 + 2 = 75
* Good B: 15 + 45 + 52 = 112
* Good C: 40 + 3 + 45 = 88
* Good D: 20 + 4 + 1 = 25

**2. Determine the Rank of Each Person for Each Good:**

Person 1:
* Good A: Rank 2
* Good B: Rank 3
* Good C: Rank 1
* Good D: Rank 2

Person 2:
* Good A: Rank 1
* Good B: Rank 2
* Good C: Rank 3
* Good D: Rank 3

Person 3:
* Good A: Rank 3
* Good B: Rank 1
* Good C: Rank 2
* Good D: Rank 4

**3. Create a Table of Allocations:**

| Person | Good A | Good B | Good C | Good D |
|---|---|---|---|---|
| Person 1 | C | D | | |
| Person 2 | A | B | | |
| Person 3 | | | C | D |

**Explanation:**

* Person 2 has the highest value for Good A and Good B, so they receive those goods.
* Person 1 has the second-highest value for Good C and Good D, so they receive those goods.
* Person 3 has the highest value for Good B, but it has already been allocated to Person 2. They have the second-highest value for Good C, but it has also been allocated. Therefore, they receive Good D.

**Evaluation:**

This allocation is considered fair because it assigns each person the goods they value most highly, given the constraints of indivisibility.

* Person 1 receives the goods with a total value of 85 (C=40, D=20, A=25).
* Person 2 receives the goods with a total value of 137 (A=48, B=45, C=3, D=4).
* Person 3 receives the goods with a total value of 98 (C=45, D=1, B=52).",0,2,2,1,1
64,"**Fair Allocation of Goods**

**Allocation:**

* **Person 1:** Good B
* **Person 2:** Good A
* **Person 3:** Good C and Good D

**Explanation:**

This allocation is based on the concept of **maximin**, which aims to maximize the minimum value received by each individual.

**Calculations:**

* **Person 1:** Value of Good B = 15
* **Person 2:** Value of Good A = 48
* **Person 3:** Value of Goods C and D = 45 + 1 = 46

**Analysis:**

This allocation ensures that each individual receives their highest-valued unallocated good.

* Person 1's highest-valued unallocated good is Good B, so they receive Good B.
* Person 2's highest-valued unallocated good is Good A, so they receive Good A.
* Person 3's highest-valued unallocated goods are Goods C and D, so they receive both.

**Justification:**

This allocation satisfies the following fairness criteria:

* **Envy-freeness:** No individual envies another's allocation.
* **Efficiency:** There is no other allocation that would make all individuals strictly better off.
* **Maximality:** The minimum value received by each individual is the highest possible under any fair allocation.

**Conclusion:**

This allocation is fair because it maximizes the minimum value received by each individual, ensures envy-freeness, efficiency, and maximality. It assigns the goods to the individuals who value them the most.",0,2,1,3,3
65,"**Fair Allocation:**

**Person 1:**
* Good A (value: 25)
* Good D (value: 20)

**Person 2:**
* Good B (value: 45)
* Good C (value: 3)

**Person 3:**
* Good C (value: 45)
* Good D (value: 1)

**Reasoning:**

This allocation is fair because it maximizes the total value received by all individuals. The total value of the allocation is 25 + 20 + 45 + 3 + 45 + 1 = 141.

* **Person 1:** Receives 25 + 20 = 45 units of value.
* **Person 2:** Receives 45 + 3 = 48 units of value.
* **Person 3:** Receives 45 + 1 = 46 units of value.

No other allocation can achieve a higher total value for all individuals. Additionally, this allocation is Pareto efficient, meaning that there is no alternative allocation that would make one individual better off without making another individual worse off.

**Justification of Individual Allocations:**

**Person 1:** Receives Good A because they value it the most (25 units). They also receive Good D because it is the good that they value second most (20 units), and this allocation ensures that all goods are allocated.

**Person 2:** Receives Good B because they value it the most (45 units). They also receive Good C because it is the good that they value third most (3 units), and it is the only remaining good to allocate.

**Person 3:** Receives Good C because they value it the most (45 units). They also receive Good D because it is the only remaining good to allocate.",0,1,2,3,1
66,"**Fair Allocation of Goods**

**Initial Values:**

| Person | Good A | Good B | Good C | Good D |
|---|---|---|---|---|
| Person 1 | 25 | 15 | 40 | 20 |
| Person 2 | 48 | 45 | 3 | 4 |
| Person 3 | 2 | 52 | 45 | 1 |

**Proposed Allocation:**

| Person | Good A | Good B | Good C | Good D |
|---|---|---|---|---|
| Person 1 | Good A | Good D | N/A | N/A |
| Person 2 | N/A | Good B | N/A | N/A |
| Person 3 | N/A | N/A | Good C | Good D |

**Rationale for Allocation:**

* Person 1 has the highest value for Good A (25) and D (20), so they receive those goods.
* Person 2 has the highest value for Good B (45), so they receive that good.
* Person 3 has the highest value for Good C (45) and D (1), so they receive those goods.
* Since Person 1 and Person 3 have already received their preferred goods, Good C and Good D are assigned to Person 3.

**Total Values:**

| Person | Total Value |
|---|---|
| Person 1 | 45 |
| Person 2 | 45 |
| Person 3 | 46 |

**Justification for Fairness:**

* **Equity:** Each person receives goods that are closest to their highest values.
* **Efficiency:** The allocation maximizes the total value for all three individuals.
* **No Envy:** No person would prefer the allocation of another person.
* **Simplicity:** The allocation is straightforward and easy to implement.

This allocation is considered fair because it distributes the goods in a manner that maximizes the total value for all parties involved while also ensuring that each person receives at least one good that they value highly.",0,1,2,3,3
67,"**Determine Individual Utilities:**

To calculate the total utility for each allocation, multiply the value of each good for each person by the number of goods allocated to them.

**Allocation 1:**

| Person | Good A | Good B | Good C | Good D | Total Utility |
|---|---|---|---|---|---|
| Person 1 | 1 | 0 | 1 | 0 | 65 |
| Person 2 | 0 | 1 | 0 | 1 | 52 |
| Person 3 | 0 | 0 | 1 | 1 | 53 |

**Allocation 2:**

| Person | Good A | Good B | Good C | Good D | Total Utility |
|---|---|---|---|---|---|
| Person 1 | 1 | 1 | 0 | 0 | 80 |
| Person 2 | 0 | 0 | 1 | 1 | 52 |
| Person 3 | 0 | 0 | 0 | 1 | 1 |

**Allocation 3:**

| Person | Good A | Good B | Good C | Good D | Total Utility |
|---|---|---|---|---|---|
| Person 1 | 0 | 1 | 1 | 0 | 80 |
| Person 2 | 1 | 0 | 0 | 1 | 52 |
| Person 3 | 0 | 0 | 0 | 1 | 1 |

**Allocation 4:**

| Person | Good A | Good B | Good C | Good D | Total Utility |
|---|---|---|---|---|---|
| Person 1 | 0 | 0 | 1 | 1 | 65 |
| Person 2 | 1 | 1 | 0 | 0 | 52 |
| Person 3 | 0 | 1 | 0 | 1 | 53 |

**Comparison of Allocations:**

**Allocation 1:** High utility for Person 3, but lower for Person 1 and Person 2.
**Allocation 2:** High utility for Person 1, but very low for Person 3.
**Allocation 3:** Similar to Allocation 2, with high utility for Person 1 and low for Person 3.
**Allocation 4:** Similar to Allocation 1, with high utility for Person 3 and lower for Person 1 and Person 2.

**Fair Allocation:**

Based on the distribution of utilities, **Allocation 2** and **Allocation 3** may be considered fairer. They provide a higher utility for Person 1 and a moderate utility for Person 2 and Person 3.

**Note:** Fairness is subjective and different individuals may have different perceptions of what is considered fair based on cultural norms, personal values, and individual preferences.",0,1,1,2,2
68,"**Fair Allocation:**

1. Assign **Good B** to **Person 3**, who values it the most (52).
2. Assign **Good C** to **Person 2**, who values it the most (45).
3. Assign **Good A** to **Person 2**, who values it the second most (48) after Person 3 (25).
4. Assign **Good D** to **Person 1**, who values it the highest among those who have not yet received a good (20).

**Rationale:**

This allocation ensures that each person receives one good and maximizes the total value of the goods allocated to each person:

* Person 1: Good D (20)
* Person 2: Good A (48) and Good C (45)
* Person 3: Good B (52)

This allocation balances fairness and efficiency, as it provides a fair distribution of goods while also maximizing the total value of the goods allocated.",0,2,3,2,1
69,"**Fair Allocation:**

1. **Good A to Person 2:** Person 2 values Good A the highest at 48, so it is allocated to them.

2. **Good B to Person 3:** Person 3 values Good B the highest at 52, so it is allocated to them.

3. **Good C to Person 1:** Person 1 values Good C the highest at 40, and it is the only good left that they value higher than the other two individuals.

4. **Good D:** Since Good D is valued at only 4 by Person 2 and 1 by Person 3, it is discarded as its allocation would not result in a significant increase in utility for anyone involved.

**Fairness Considerations:**

* **Maximizing Total Utility:** This allocation maximizes the total utility of the individuals involved since it gives each person the good they value the most.

* **Equity:** Each person receives at least one good that they value highly. Person 1 receives Good C, Person 2 receives Good A, and Person 3 receives Good B.

* **Transparency and Justification:** The allocation process is clear and transparent, with each person's valuations taken into account. The discarded Good D is justified based on its low valuations from the individuals.

**Additional Considerations:**

* This allocation assumes that the individuals' valuations are truthful and complete.
* Different fairness criteria could lead to different allocations, such as a Rawlsian allocation that prioritizes the least advantaged individual.
* Other factors, such as needs or social contributions, could also be considered in a more comprehensive fairness analysis.",0,2,3,1,None
70,"**Fair Allocation:**

* **Person 1**: Good A (value: 25)
* **Person 2**: Good B (value: 45)
* **Person 3**: Good C (value: 45)
* **Discard**: Good D (value: 25)

**Justification:**

This allocation maximizes the total value obtained by the individuals:

* Person 1 gets their most valued good, A (value: 25).
* Person 2 gets their second-most valued good, B (value: 45).
* Person 3 gets their most valued good, C (value: 45).

Discarding Good D (value: 25) maximizes the total value allocated while ensuring that each person receives at least one good.

**Evaluation:**

The allocation is fair because:

* It considers the individual values of each good for each person.
* It allocates the goods to the individuals who value them the most.
* It maximizes the total value obtained by the group.

Furthermore, this allocation is **envy-free**, meaning that no person would prefer to receive the allocation of another person.

**Alternative Allocation:**

An alternative fair allocation could be:

* **Person 1**: Good B (value: 15)
* **Person 2**: Good A (value: 48)
* **Person 3**: Good C (value: 45)
* **Discard**: Good D (value: 25)

This allocation would also have a total value of 108, and it is also envy-free. However, the first allocation was chosen because it gives each person a good that they value more highly.",0,1,2,3,None
71,"**Fair Allocation:**

* **Person 1:**
    * Good C
* **Person 2:**
    * Good A
* **Person 3:**
    * Good B
    * Good D

**Explanation:**

This allocation aims to maximize the total value of the goods allocated to each person. It assigns each person the good(s) they value the most, without leaving any goods unallocated.

* **Person 1:** Has the highest value for Good C (40), so they receive it.
* **Person 2:** Has the highest value for Good A (48), so they receive it.
* **Person 3:** Has the highest value for Good B (52) and D (1), so they receive both goods.

**Justification for Fairness:**

* **Equal Opportunity:** Each person has an equal chance to receive the good they value most.
* **Maximum Total Value:** The allocation maximizes the total value of the goods allocated to the individuals (C + A + B + D = 40 + 48 + 52 + 1 = 141).
* **Minimized Envy:** This allocation minimizes the potential for envy among the individuals since each person receives the good they value the most.",0,2,3,1,3
72,"**Fair Allocation:**

* **Person 1 receives:** Good A (value: 25)
* **Person 2 receives:** Good B (value: 45) and Good D (value: 4)
* **Person 3 receives:** Good C (value: 45)

**Rationale:**

This allocation prioritizes the individuals with the highest values for the goods they receive.

* Person 1 has the highest value (25) for Good A, and receives it.
* Person 2 has the highest value (45) for Good B, and receives it.
* Person 2 also receives Good D, as they have the second highest value (4) for it.
* Person 3 has the highest value (45) for Good C, and receives it.

**Total Value for Each Person:**

* Person 1: 25 (Good A)
* Person 2: 49 (Good B + Good D)
* Person 3: 45 (Good C)

**Additional Considerations:**

* This allocation is not envy-free, as Person 1 might prefer Person 2's allocation. However, it is not possible to create an envy-free allocation in this scenario without throwing away one of the goods.
* The allocation is equitable in the sense that it distributes the goods such that the difference in total value received by each person is minimized. However, it is not perfectly equal, as Person 2 receives slightly more value than Person 1 and Person 3.
* Other fair allocation methods could be considered, such as the Nash bargaining solution or the egalitarian solution.",0,1,2,3,2
73,"**Step 1: Calculate the Total Value of Each Good**

| Good | Person 1 | Person 2 | Person 3 | Total Value |
|---|---|---|---|---|
| A | 25 | 48 | 2 | 75 |
| B | 15 | 45 | 52 | 112 |
| C | 40 | 3 | 45 | 88 |
| D | 20 | 4 | 1 | 25 |

**Step 2: Determine the Marginal Value of Each Good**

The marginal value of a good is the additional value that an individual gets from having an additional unit of that good.

| Good | Person 1 | Person 2 | Person 3 |
|---|---|---|---|
| A | 25 | 48 | 2 |
| B | 15 | 45 | 52 |
| C | 40 | 3 | 45 |
| D | 20 | 4 | 1 |

**Step 3: Allocate the Goods**

Start by allocating the goods to the individuals with the highest marginal value.

* Person 2 has the highest marginal value for Good A, so they get Good A.
* Person 3 has the highest marginal value for Good B, so they get Good B.
* Person 1 has the highest marginal value for Good C, so they get Good C.
* Person 2 has the second-highest marginal value for Good A (after Person 1), so they get Good D.

**Final Allocation:**

| Person | Good |
|---|---|
| Person 1 | Good C |
| Person 2 | Good A, Good D |
| Person 3 | Good B |

**Explanation:**

This allocation is fair because it maximizes the total value of the goods for the group as a whole. Each individual receives the goods that they value the most, and there are no remaining goods that would make any individual better off if allocated to them.",0,2,3,1,2
74,"**Method of Pairwise Comparison**

1. **Create a pairwise comparison matrix:**

| Goods | Person 1 | Person 2 | Person 3 |
|---|---|---|---|
| A | 25 | 48 | 2 |
| B | 15 | 45 | 52 |
| C | 40 | 3 | 45 |
| D | 20 | 4 | 1 |

2. **Normalize the matrix:**

Divide each element by the maximum value in its row to obtain a matrix between 0 and 1.

| Goods | Person 1 | Person 2 | Person 3 |
|---|---|---|---|
| A | 0.521 | 1 | 0.042 |
| B | 0.316 | 0.947 | 1 |
| C | 0.851 | 0.063 | 0.957 |
| D | 0.426 | 0.085 | 0.021 |

3. **Calculate the eigenvalues and eigenvectors of the matrix:**

The eigenvalues represent the importance of each person, while the eigenvectors represent the allocation of goods to each person.

The eigenvalues are 3.000, 0.999, and 0.001.

The eigenvectors are:

- Person 1: (0.564, 0.712, 0.363, 0.232)
- Person 2: (0.633, 0.196, 0.605, 0.388)
- Person 3: (0.503, 0.692, 0.729, 0.916)

4. **Interpret the results:**

The eigenvector corresponding to the largest eigenvalue, which is 3.000, represents the fairest allocation.

**Fair Allocation:**

- Person 1 receives Goods B and D.
- Person 2 receives Good A and C.
- Person 3 receives Good C and B.

**Rationale:**

This allocation maximizes the total value across all individuals.

- Person 1's total value is 15 + 20 = 35.
- Person 2's total value is 48 + 3 = 51.
- Person 3's total value is 52 + 45 = 97.

The total value is maximized at 183.",0,2,3,2,1
75,"**Fair Allocation of Goods**

**Principle of Fairness:**

The allocation should maximize the total value received by all individuals.

**Allocation:**

* **Person 1:** Good A
* **Person 2:** Good B
* **Person 3:** Good C

**Rationale:**

* **Person 1:** Receives their highest-valued good (Good A) and has the second highest total value among all individuals.
* **Person 2:** Receives their highest-valued good (Good B) and has the highest total value among all individuals.
* **Person 3:** Receives their second highest-valued good (Good C) and has the lowest total value among all individuals.

**Total Value:**

* Person 1: 25 (Good A)
* Person 2: 45 (Good B)
* Person 3: 45 (Good C)

**Total:** 115

**Justification for Discarding Good D:**

* The total value of Good D (1 + 4 + 20 = 25) is lower than the value of Good A, Good B, or Good C for any individual.
* Discarding Good D maximizes the overall fairness by ensuring that each individual receives a good that is valuable to them.

**Conclusion:**

This allocation is fair because it maximizes the total value received by all individuals while considering their individual preferences.",0,1,2,3,None
76,"**The Adjusted Winner Procedure:**

1. **Assign based on highest value:** Allocate each good to the person who values it the most.

* Good A: Person 2 (48)
* Good B: Person 3 (52)
* Good C: Person 1 (40)
* Good D: Person 2 (4)

2. **Adjust for fairness:**

* Calculate the total value received by each person:
    * Person 1: 40
    * Person 2: 52
    * Person 3: 52
* Determine the person with the lowest total value: Person 1.

3. **Redistribute from the highest to the lowest:**

* Move one good from the highest-valued person (Person 2 or Person 3) to Person 1.
* We transfer Good A from Person 2 to Person 1.

**Final Allocation:**

* Good A: Person 1 (25)
* Good B: Person 3 (52)
* Good C: Person 1 (40)
* Good D: Person 2 (4)

This allocation ensures that:

* Each good is allocated to the person who values it the most.
* The total value received by Person 1, who had the lowest initial value, is increased to 65.
* The total value received by Person 2 and Person 3 remains the same.

**Rationale for Fairness:**

This procedure balances the principle of allocating goods to those who value them most with the principle of ensuring a reasonable distribution for all individuals. By redistributing one good from the highest-valued person to the lowest-valued person, we increase the fairness of the allocation without significantly compromising the efficiency of valuing the goods.",0,1,3,1,2
77,"**Fair Allocation:**

| Person | Good | Value |
|---|---|---|
| Person 1 | Good C | 40 |
| Person 2 | Good A | 48 |
| Person 3 | Good B | 52 |
| N/A | Good D | N/A |

**Reasoning:**

This allocation maximizes the total value obtained by the individuals, as computed below:

| Person | Total Value |
|---|---|
| Person 1 | 40 |
| Person 2 | 48 |
| Person 3 | 52 |
| **Total** | **140** |

Good D is not allocated as it would have a total value of only 25 (20 + 4 + 1), which would lower the total value obtained by the individuals.

This allocation also ensures that each individual receives at least one good that they value highly:

* Person 1 receives Good C, which they value the most.
* Person 2 receives Good A, which they value the most.
* Person 3 receives Good B, which they value the most.

Therefore, this allocation can be considered fair as it maximizes the total value obtained and ensures that each individual receives a good that they highly value.",0,2,3,1,None
78,"To determine a fair allocation of the goods, I would use the **Equal Division with Additives (EDDA)** method, which is designed to distribute indivisible goods fairly among individuals with different preferences. The steps involved in this method are as follows:

**1. Calculate the total value of all goods for each individual:**

* Person 1: 25 + 15 + 40 + 20 = 100
* Person 2: 48 + 45 + 3 + 4 = 100
* Person 3: 2 + 52 + 45 + 1 = 100

**2. Divide the total value of all goods by the number of individuals:**

* Total value of all goods: 100 + 100 + 100 = 300
* Average value per person: 300 / 3 = 100

**3. Allocate one good to each individual, starting with the person who has the lowest total value of goods:**

* Person 3 has the lowest total value (100), so they receive Good C (value = 45).
* Person 1 has the next lowest total value (100), so they receive Good A (value = 25).
* Person 2 has the highest total value (100), so they receive Good B (value = 45).

**4. Calculate the remaining value for each individual:**

* Person 1: 100 - 25 = 75
* Person 2: 100 - 45 = 55
* Person 3: 100 - 45 = 55

**5. Allocate the remaining goods to the individuals with the lowest remaining values, in proportion to their remaining values:**

* Person 2 and Person 3 have the lowest remaining values (55 each).
* The ratio of their remaining values is 55:55 = 1:1.
* Therefore, Person 2 and Person 3 should receive the remaining two goods (Good D and Good C) in equal shares.

**Final Allocation:**

* Person 1: Good A
* Person 2: Good B, 1/2 of Good D
* Person 3: Good C, 1/2 of Good D

This allocation ensures that each person receives goods with a total value of 100, which is the average value per person. It also takes into account the individuals' preferences by allocating goods to those who value them the most.",0,1,2,3,shares)
79,"**Fair Allocation:**

**Person 1:**
* Good C (Value: 40)
* Good D (Value: 20)

**Person 2:**
* Good A (Value: 48)
* Good B (Value: 45)

**Person 3:**
* None (Value: 0)

**Explanation:**

This allocation aims to maximize the total value obtained by the individuals while also ensuring fairness.

* **Total Value:** 153 (Person 1 + Person 2)
* **Average Value:** 51 (Total Value / 3)
* **Equity:** Person 1 receives a value of 60 (above average), Person 2 receives a value of 93 (significantly above average), and Person 3 receives a value of 0 (below average).

**Reasoning:**

* **Person 1:** Has high value for Good C and D, and low value for Good A and B. Giving them C and D allows them to capture a significant portion of their total value.
* **Person 2:** Has very high value for Good A and B, but low value for Good C and D. Allocating A and B gives them the highest possible value.
* **Person 3:** Has high value for Good B and C, but low value for A and D. Unfortunately, they do not receive any goods under this allocation as the other two individuals have higher values for the remaining goods.

This allocation attempts to balance fairness by giving Person 1 goods with high value to them, even though it results in Person 3 getting no goods. It also aims to maximize the overall value obtained by the individuals.",0,2,2,1,1
80,"The allocation that I consider to be the fairest is to give:

* Good A to Person 2
* Good B to Person 3
* Good C to Person 1
* Good D to Person 1

This allocation results in the following total values for each person:

* Person 1: 25 + 40 + 20 = 85
* Person 2: 48 + 0 + 0 + 0 = 48
* Person 3: 0 + 52 + 45 + 1 = 98

This allocation is fair because it gives everyone a similar total value of goods. Person 1 gets the goods that they value the most, and Person 3 gets the goods that they value the second most. Person 2 gets the good that they value the most, but they also get two goods that they don't value very much. This is a fair trade-off because Person 2 gets more total value than Person 1 or Person 3.

It is important to note that there is no one ""correct"" way to allocate these goods. The allocation that I have chosen is just one possible solution. There are other allocations that would also be fair, such as giving Good A to Person 1, Good B to Person 2, Good C to Person 3, and Good D to Person 2. Ultimately, the best allocation is the one that all of the parties involved agree to.",0,2,3,1,1
81,"**Nash Bargaining Solution**

The Nash Bargaining Solution is a method for finding a fair allocation in cooperative game theory. It seeks to maximize the product of the utilities of all individuals involved.

**Calculations:**

* Person 1's utility vector: (25, 15, 40, 20)
* Person 2's utility vector: (48, 45, 3, 4)
* Person 3's utility vector: (2, 52, 45, 1)
* Product of utilities: 25 * 15 * 40 * 20 * 48 * 45 * 3 * 4 * 2 * 52 * 45 * 1 = 13,664,160,000

**Optimization**

To maximize the product of utilities, we can consider different allocations and calculate the corresponding products. The allocation that yields the highest product is considered the fairest.

* **Allocation 1:** Person 1 gets Good A and C, Person 2 gets Good B, Person 3 gets Good D.
  * Product: 25 * 40 * 45 * 1 = 450,000
* **Allocation 2:** Person 1 gets Good A and B, Person 2 gets Good C, Person 3 gets Good D.
  * Product: 25 * 15 * 3 * 1 = 1125
* **Allocation 3:** Person 1 gets Good B and C, Person 2 gets Good D, Person 3 gets Good A.
  * Product: 15 * 40 * 4 * 2 = 4800

**Fair Allocation**

Based on the maximization of the product of utilities, **Allocation 3** is the fairest allocation:

* Person 1 gets Good B and C.
* Person 2 gets Good D.
* Person 3 gets Good A.

**Justification**

Allocation 3 results in the highest product of utilities: 4800. This means that all individuals have a relatively high level of satisfaction with the allocation compared to the other two options.",0,3,1,1,2
82,"**Proposed Fair Allocation:**

**Person 1:**
* Good A

**Person 2:**
* Good B
* Good D

**Person 3:**
* Good C

**Rationale:**

This allocation aims to achieve fairness by considering the following factors:

* **Utilitarian Principle:** Maximizing the total value (utility) for all individuals. The proposed allocation achieves a total value of 110, which is higher than any other possible allocation.
* **Equity:** Ensuring that all individuals receive a reasonable share of the goods. In this case, each person receives at least one good that they value highly.
* **Efficiency:** Avoiding waste by allocating all available goods. The proposed allocation allocates all 4 goods without discarding any.

**Additional Considerations:**

* This allocation could be viewed as unfair if Person 2 places a particularly high value on Good C (which is given to Person 3) or if Person 3 places a particularly low value on Good A (which is given to Person 1).
* Alternative allocations that achieve a high total value are possible, such as:

    * Giving Good A to Person 2, Good B to Person 3, Good C to Person 1, and Good D to Person 2. This allocation achieves a total value of 113.
    * Giving Good A to Person 3, Good B to Person 2, Good C to Person 1, and Good D to Person 1. This allocation achieves a total value of 114.

Ultimately, the fairest allocation depends on the specific preferences and priorities of the individuals involved.",0,1,2,3,2
83,"**Fair Allocation:**

* **Person 1:** Good C
* **Person 2:** Good A
* **Person 3:** Good B

**Remaining Goods:**

* Good D

**Rationale:**

This allocation is considered fair because it maximizes the sum of the values that the individuals receive for the goods they are allocated.

* Person 1 receives Good C, which has a value of 40, the highest value for them among the remaining goods.
* Person 2 receives Good A, which has a value of 48, the highest value for them among the remaining goods.
* Person 3 receives Good B, which has a value of 52, the highest value for them among the remaining goods.

By allocating goods in this way, we achieve a total value of 140, which is the highest possible sum of values for any allocation of the four goods among the three individuals.

**Alternative Allocation:**

* **Person 1:** Good A
* **Person 2:** Good B
* **Person 3:** Good C

**Remaining Goods:**

* Good D

This alternative allocation is also fair, as it maximizes the sum of values for the individuals. However, it results in a lower total value of 132.

**Justification for Not Allocating Good D:**

Good D has a relatively low value for all three individuals. By not allocating it, we prevent a situation where it is allocated to someone who values it very little, resulting in a lower overall value.",0,2,3,1,None
84,"**Allocation:**

**Person 1:** Good C
**Person 2:** Good A, Good B
**Person 3:** Good D

**Rationale:**

This allocation is considered fair because it maximizes the total value of the goods to the individuals involved.

* Person 1 receives Good C, which is their highest-valued good (40).
* Person 2 receives Goods A and B, which are their highest-valued goods (48 and 45).
* Person 3 receives Good D, which is their only positive-valued good (1).

**Justification:**

* Person 2 has the highest total value for the goods, but giving them all four goods would not be fair to the other individuals.
* Person 1 has the second-highest total value, but their highest-valued good (Good C) conflicts with Person 2's highest-valued goods (Goods A and B).
* Person 3 has the lowest total value, but they would be left with nothing if they did not receive any goods.

Therefore, this allocation balances the individual values and ensures that all three individuals receive at least one good that they value.",0,2,2,1,3
85,"One possible fair allocation is:
* **Person 1:** Good C
* **Person 2:** Good A
* **Person 3:** Good B

This allocation results in the following values for each person:
* **Person 1:** 40
* **Person 2:** 48
* **Person 3:** 52

This allocation is fair because it gives each person the good that they value the most. Person 1 values Good C the most, Person 2 values Good A the most, and Person 3 values Good B the most. Additionally, this allocation does not waste any of the goods, as all of the goods are allocated to someone.",0,2,3,1,None
86,"**Fair Allocation:**

**Good A**

* Person 1: 25
* Person 2: 48

**Good B**

* Person 2: 45
* Person 3: 52

**Good C**

* Person 1: 40

**Good D**

* Person 1: 20

**Justification:**

This allocation ensures that:

* **Utilitarian Fairness:** The total value of goods allocated is maximized. This allocation generates a total value of 25 + 48 + 45 + 52 + 40 + 20 = 230.
* **Equity:** Each person receives at least one good that they value highly.
* **Priority to the Neediest:** Person 3, who has the highest value for Good B, is allocated that good.
* **Avoidance of Allocation Conflicts:** No two individuals have equal value for the same good, preventing potential conflicts.
* **Respect for Individual Preferences:** The allocation takes into account the specific values of each person, giving priority to their most preferred goods.

While other allocation schemes may result in slightly different total values, this allocation strikes a balance between fairness and efficiency. It ensures that each person receives a fair share of the goods and that the overall value of the allocation is maximized.",0,2,3,1,1
87,"**Fair Allocation:**

* **Good A:** Person 2
* **Good B:** Person 3
* **Good C:** Person 1
* **Good D:** Throw away

**Reasoning:**

This allocation maximizes the total collective value of the goods without violating the indivisibility constraint.

* Person 2 values Good A the highest, so they should receive it.
* Person 3 values Good B the highest, so they should receive it.
* Person 1 values Good C the highest, so they should receive it.
* No one values Good D enough to receive it, so it should be discarded.

**Total Collective Value:** 120

* Good A: 48
* Good B: 52
* Good C: 40
* Good D: 0

This allocation is fair because it ensures that each person receives at least one good that they value relatively highly. It also avoids the possibility of one person receiving multiple valuable goods while others receive none.",0,2,3,1,None
88,"**Fair Allocation:**

**Person 1:**
* Good A (value: 25)
* Good C (value: 40)

**Person 2:**
* Good B (value: 45)
* Good D (value: 4)

**Person 3:**
* Good B (value: 52)

**Justification:**

This allocation aims to allocate goods to individuals who value them the most while ensuring everyone receives at least one good they value.

* Person 1 has the highest value for Good A and Good C, so they are allocated to them.
* Person 2 has the highest value for Good B, so they receive it, as well as Good D, which they still value higher than Person 1.
* Person 3 has the highest value for Good B, but it has already been allocated to Person 2. They also have a high value for Good C, but it has been allocated to Person 1. Therefore, they are allocated the remaining Good B, which they value more than Good A or D.

**Total Value for Each Person:**

* Person 1: 65 (25 + 40)
* Person 2: 49 (45 + 4)
* Person 3: 52

This allocation results in a relatively equal distribution of value among the individuals, considering the indivisible nature of the goods.",0,1,3,1,2
89,"**Allocation:**

* **Good A:** Person 1
* **Good B:** Person 3
* **Good C:** Person 1
* **Good D:** Person 2

**Justification:**

* **Good A:** Person 1 values Good A the most (25) compared to Persons 2 and 3.
* **Good B:** Person 3 values Good B the most (52) compared to Persons 1 and 2.
* **Good C:** Person 1 also values Good C the most (40) compared to Persons 2 and 3.
* **Good D:** Person 2 values Good D the most (4) compared to Persons 1 and 3.

This allocation ensures that each person receives their most valued good, while also taking into account the relative importance they place on the other goods.

**Summary of Values:**

| Person | Good A | Good B | Good C | Good D |
|---|---|---|---|---|
| Person 1 | 25 | 15 | 40 | 20 |
| Person 2 | 48 | 45 | 3 | 4 |
| Person 3 | 2 | 52 | 45 | 1 |

**Total Value Received:**

* Person 1: 25 + 40 = 65
* Person 2: 48 + 4 = 52
* Person 3: 52 + 45 = 97

As can be seen, this allocation results in the highest total value received by all three individuals.",0,1,3,1,2
90,"**Utilitarian Allocation:**

This allocation maximizes the total utility (value) of the goods for all individuals.

* Person 1: Good B (15) and Good C (40)
* Person 2: Good A (48) and Good D (4)
* Person 3: Good A (2) and Good D (1)

**Total Utility:** 15 + 40 + 48 + 4 + 2 + 1 = 110

**Nash Bargaining Solution:**

This allocation finds a solution that is fair to all individuals and ensures that no individual can improve their outcome by unilaterally changing their allocation.

* Person 1: Good A (25) and Good D (20)
* Person 2: Good B (45) and Good C (3)
* Person 3: Good B (52) and Good C (45)

**Negotiated Allocation:**

This allocation is based on negotiation between the individuals, considering their preferences and willingness to compromise.

* Person 1: Good A (25) and Good B (15)
* Person 2: Good D (4) and Good C (3)
* Person 3: Good B (52) and Good C (45)

**Equitable Allocation:**

This allocation gives each individual an equal share of the total value of the goods.

* Person 1: Good A (25) and Good B (15)
* Person 2: Good D (4) and Good C (3)
* Person 3: Good B (52) and Good C (45)

**Other Factors to Consider:**

In addition to the aforementioned allocations, other factors that could be considered include:

* **Needs:** Allocating goods based on individuals' essential needs.
* **Envy:** Avoiding allocations that create envy among individuals.
* **Equity:** Ensuring that individuals with similar preferences receive similar allocations.
* **Social Welfare:** Allocating goods in a way that promotes overall societal well-being.

**Choice of Allocation:**

Ultimately, the choice of allocation depends on the specific ethical values and preferences of the individuals involved and the decision-maker. It is important to weigh the fairness criteria and consider the potential consequences of each allocation.",0,1,3,3,2
91,"**Step 1: Calculate the total value of all goods for each individual**

Person 1: 25 (Good A) + 15 (Good B) + 40 (Good C) + 20 (Good D) = **100**
Person 2: 48 (Good A) + 45 (Good B) + 3 (Good C) + 4 (Good D) = **100**
Person 3: 2 (Good A) + 52 (Good B) + 45 (Good C) + 1 (Good D) = **100**

**Step 2: Determine the average value per good**

Average value per good = Total value of all goods / Number of goods
Average value per good = 100 / 4 = **25**

**Step 3: Allocate goods to individuals based on their relative values**

* Person 1's highest value is for Good C (40), which is above the average value of 25. Therefore, **Person 1 receives Good C**.
* Person 2's highest value is for Good A (48), which is also above the average value. Therefore, **Person 2 receives Good A**.
* Person 3's highest value is for Good B (52), which is significantly above the average value. Therefore, **Person 3 receives Good B**.

**Step 4: Allocate remaining goods**

This leaves us with Good D.

* Person 1's value for Good D is 20, which is also above the average value. However, we already gave Good C to Person 1.
* Person 2's value for Good D is only 4, which is significantly below the average value.
* Person 3's value for Good D is only 1, which is also far below the average value.

**Conclusion:**

Based on the relative values of the goods for each individual, the **fairest allocation** is as follows:

* **Person 1:** Good C
* **Person 2:** Good A
* **Person 3:** Good B
* **Not allocated:** Good D

This allocation ensures that each individual receives goods with a total value as close as possible to the average value of 25.",0,2,3,1,None
92,"To determine a fair allocation of the goods, I will use the following steps:

1. Calculate the total value of each good by summing the values of the three individuals for that good.
2. Allocate each good to the individual who values it the most.
3. If there are any goods that are not allocated, reallocate them to the individual with the second highest value for that good.
4. Repeat step 3 until all goods are allocated.

Using this approach, the following allocation is determined:

* Good A is allocated to Person 2, who values it at 48.
* Good B is allocated to Person 3, who values it at 52.
* Good C is allocated to Person 1, who values it at 40.
* Good D is allocated to Person 2, who values it at 4.

This allocation is fair because it gives each individual the good that they value the most. There are no goods that are not allocated, and there is no individual who is left out.",0,2,3,1,2
93,"**Maximin Allocation:**

The maximin allocation aims to maximize the minimum value received by any individual. In this case, the allocation would be:

* Person 1: Good B (value 15)
* Person 2: Good A (value 48)
* Person 3: Good C (value 45)
* Discard: Good D

**Nash Bargaining Solution:**

The Nash bargaining solution seeks to maximize the product of the individuals' utilities. In this case, the allocation would be:

* Person 1: Good C (value 40)
* Person 2: Good A (value 48)
* Person 3: Good B (value 52)
* Discard: Good D

**Kalai-Smorodinsky Allocation:**

The Kalai-Smorodinsky allocation aims to minimize the maximum difference in values between individuals. In this case, the allocation would be:

* Person 1: Good A (value 25)
* Person 2: Good B (value 45)
* Person 3: Good C (value 45)
* Discard: Good D

**Fair Allocation Using Proportional Values:**

This allocation method considers the proportion of each individual's total value for each good. The allocation would be:

* Person 1: Good C (value 10 = 40/100)
* Person 2: Good A (value 12 = 48/100)
* Person 3: Good B (value 13 = 52/100)
* Discard: Good D (value 5 = 25/100)

**My Proposed Fair Allocation:**

Considering the different values individuals have for each good, and the need to maximize the total value allocated, I propose the following allocation:

* Person 1: Good B (value 15) and Good C (value 40)
* Person 2: Good A (value 48)
* Person 3: Good D (value 1)

This allocation attempts to balance the values received by each individual while ensuring that the highest-valued good (Good A) is allocated to the person who values it the most. It also gives Person 3 a good (Good D) to avoid leaving them empty-handed.",0,2,1,1,3
94,"**Proposed Allocation:**

* **Person 1:** Good C
* **Person 2:** Good A
* **Person 3:** Good B

**Explanation:**

This allocation is considered fair because it maximizes the total value of the goods assigned to each individual:

* Person 1: Value of Good C = 40
* Person 2: Value of Good A = 48
* Person 3: Value of Good B = 52

Other possible fair allocations would be Good A to Person 3, Good B to Person 1, and Good C to Person 2.  This would give the following values:

* Person 1: Value of Good B = 15
* Person 2: Value of Good C = 3
* Person 3: Value of Good A = 2

**Justification for Discarding Remaining Goods:**

Goods B and D are discarded because they have lower values compared to the other goods.

* Person 1 values Good D lower than Good C and Good A.
* Person 2 values Good B slightly lower than Good A.
* Person 3 values Good D the lowest out of all the goods.

Therefore, discarding Goods B and D ensures that the remaining goods are allocated in a way that maximizes the total value for the individuals involved.",0,2,3,1,None
95,"I propose the following allocation:

- Person 1 receives Good C.
- Person 2 receives Good A and Good B.
- Person 3 receives Good D.

This allocation is fair because it gives each person the good that they value the most. Person 1 values Good C the most, Person 2 values Good A and Good B the most, and Person 3 values Good D the most.

Here is a summary of the allocation:

| Person | Good | Value |
|---|---|---|
| Person 1 | Good C | 40 |
| Person 2 | Good A | 48 |
| Person 2 | Good B | 45 |
| Person 3 | Good D | 1 |

This allocation is also fair because it is envy-free. This means that no person would rather have the goods that another person received. For example, Person 1 would not rather have Good A and Good B because they value Good C more.",0,2,2,1,3
96,"To determine a fair allocation of the goods, I will use the **Adjusted Winner Procedure**. This procedure is designed to allocate indivisible goods among multiple individuals in a way that is **fair**, **efficient**, and **strategy-proof**.

**Step 1: Create a matrix of values.**

The first step is to create a matrix of values that represents the value that each person places on each good.

| **Good** | **Person 1** | **Person 2** | **Person 3** |
|---|---|---|---|
| **A** | 25 | 48 | 2 |
| **B** | 15 | 45 | 52 |
| **C** | 40 | 3 | 45 |
| **D** | 20 | 4 | 1 |

**Step 2: Calculate the adjusted values.**

The next step is to calculate the adjusted values for each person. The adjusted value is the value that the person places on the good, divided by the number of people who have a positive value for that good.

| **Good** | **Person 1** | **Person 2** | **Person 3** |
|---|---|---|---|
| **A** | 25 / 3 = 8.33 | 48 / 3 = 16 | 2 / 3 = 0.67 |
| **B** | 15 / 3 = 5 | 45 / 3 = 15 | 52 / 3 = 17.33 |
| **C** | 40 / 3 = 13.33 | 3 / 3 = 1 | 45 / 3 = 15 |
| **D** | 20 / 3 = 6.67 | 4 / 3 = 1.33 | 1 / 3 = 0.33 |

**Step 3: Find the maximum adjusted value for each good.**

The next step is to find the maximum adjusted value for each good. This represents the value that the good has to the person who values it the most.

| **Good** | **Maximum Adjusted Value** |
|---|---|
| **A** | 16 |
| **B** | 17.33 |
| **C** | 15 |
| **D** | 6.67 |

**Step 4: Allocate the goods to the people who value them the most.**

The final step is to allocate the goods to the people who value them the most. This is done by assigning each good to the person who has the highest adjusted value for that good.

* **Good A:** Person 2
* **Good B:** Person 3
* **Good C:** Person 3
* **Good D:** Person 1

This allocation is fair because it gives each person the good that they value the most. It is also efficient because it maximizes the total value of the goods to the people who receive them. Finally, it is strategy-proof because there is no incentive for any person to misrepresent their values.",0,2,3,3,1
97,"**Fair Allocation:**

* **Good A:** Person 2
* **Good B:** Person 3
* **Good C:** Person 1
* **Good D:** Throw away

**Rationale:**

This allocation aims to maximize the total value derived by all individuals:

* **Person 1:** Value for Good A: 0 + Value for Good B: 0 + Value for Good C: 40 + Value for Good D: 0 = **40**
* **Person 2:** Value for Good A: 48 + Value for Good B: 0 + Value for Good C: 0 + Value for Good D: 4 = **52**
* **Person 3:** Value for Good A: 0 + Value for Good B: 52 + Value for Good C: 45 + Value for Good D: 1 = **98**

**Total Value:** 40 + 52 + 98 = **190**

**Explanation:**

* Good A goes to Person 2 because they value it the most (48).
* Good B goes to Person 3 because they value it the most (52) and already have a high value for Good C.
* Good C goes to Person 1 because they value it the most (40) and have the lowest value for Good B.
* Good D is not allocated because neither Person 2 nor Person 3 value it enough to justify taking it.

This allocation ensures that each person receives goods that they value highly, maximizing the overall satisfaction and fairness.",0,2,3,1,None
98,"**Fair Allocation of Goods**

After considering the values of each individual for each good, I have determined the following allocation to be fair:

* **Person 1:**
    * Good C
* **Person 2:**
    * Good A
    * Good B
* **Person 3:**
    * Good D

This allocation ensures that each person receives the good that they value the most.

* Person 1 values Good C the most (40)
* Person 2 values Good A the most (48) and Good B the second most (45)
* Person 3 values Good D the most (52)

**Explanation:**

* Person 1 receives Good C, which is their most valued good, even though they place a higher value on Good A (25). However, allocating Good A to Person 1 would mean that Person 2 would not receive any of their most valued goods.
* Person 2 receives Good A and Good B, which are their first and second most valued goods.
* Person 3 receives Good D, which is their most valued good.

This allocation takes into account the preferences of each individual and aims to distribute the goods in a way that maximizes overall satisfaction.",0,2,2,1,3
99,"**Fair Allocation:**

**Good A:** Person 2
**Good B:** Person 3
**Good C:** Person 1
**Good D:** Person 2

**Reasoning:**

This allocation maximizes the total value of the goods for the three individuals.

* Person 1 receives Good C, which they value the highest (40).
* Person 2 receives Good A and Good D, which they value together at 52.
* Person 3 receives Good B, which they value the highest (52).

**Total Value:** 144

**Explanation:**

* Giving Good A to Person 1 would result in a total value of 107 (25 + 15 + 40 + 21).
* Giving Good C to Person 2 would result in a total value of 129 (48 + 45 + 3 + 4).
* Giving Good A to Person 3 would result in a total value of 121 (2 + 52 + 45 + 1).

Therefore, the allocation given maximizes the total value and is considered a fair allocation.",0,2,3,1,2
