,Text,Tokens,Good A,Good B,Person 1 money,Person 2 money
0,"A classic problem of fair allocation!

After analyzing the values and preferences of both individuals, I will propose an allocation that I consider fair. Here's my reasoning:

**Good A:** Person 1 values Good A more than Person 2 (80 > 60). Therefore, I will allocate Good A to Person 1.

**Good B:** Person 2 values Good B more than Person 1 (40 > 20). Therefore, I will allocate Good B to Person 2.

**Money:** To ensure fairness, I will allocate the money to compensate for the differences in value between the two individuals. Since Person 1 got Good A, which is worth more to them than Good B, I will allocate some money to Person 2 to balance the scales. I will give 20 units of money to Person 2, which is equivalent to the difference in value between Good A and Good B for Person 2 (60 - 40 = 20).

The final allocation is:

* Person 1: Good A, 0 units of money
* Person 2: Good B, 20 units of money

This allocation is fair because:

* Each person receives a good that they value more than the other good.
* The money allocation helps to balance the difference in value between the two goods, ensuring that Person 2 is not significantly worse off than Person 1.
* The total value allocated to each person is approximately equal: Person 1 gets Good A (80) and Person 2 gets Good B (40) plus 20 units of money, which is equivalent to a total value of 60.

Of course, this is just one possible fair allocation, and there may be other reasonable allocations depending on the specific context and values of the individuals involved.",0,1,2,0,20
1,"What a great problem! Let's break it down step by step.

First, we need to understand the values of the goods and the money to each individual. We are looking for a fair allocation, which means we want to maximize the overall satisfaction or utility of both individuals.

Initially, let's consider the goods. We can start by assigning each good to the person who values it the most.

* Good A: Person 1 values it at 80, while Person 2 values it at 60. So, it's reasonable to assign Good A to Person 1.
* Good B: Person 1 values it at 20, while Person 2 values it at 40. So, it's reasonable to assign Good B to Person 2.

Now, we have a basic allocation:

* Person 1: Good A (80)
* Person 2: Good B (40)

However, we still have 50 units of money to allocate. We can use this money to further increase the overall satisfaction of both individuals.

Let's analyze the remaining values:

* Person 1 still values Good B at 20. Since we've already assigned Good B to Person 2, we can't give it to Person 1. However, we can compensate Person 1 with money equivalent to the value they would have gotten from Good B, which is 20 units.
* Person 2 still values Good A at 60, but we've already assigned it to Person 1. We can't give Good A to Person 2, but we can compensate them with money equivalent to the difference between their value for Good A and the value of Good B they already received (40). This difference is 20 units.

Considering these values, we can allocate the remaining 50 units of money as follows:

* Person 1: 20 units (to compensate for not getting Good B)
* Person 2: 30 units (to compensate for not getting Good A, or to make up for the difference in value)

The final allocation is:

* Person 1: Good A (80) + 20 units of money (total value: 100)
* Person 2: Good B (40) + 30 units of money (total value: 70)

This allocation seems fair, as it takes into account the values of each good to each individual and allocates the money to maximize overall satisfaction. Person 1 gets the good they value the most and some compensation for not getting the other good. Person 2 gets the good they value second-most and additional money to make up for the difference in value.",0,1,2,20,30
2,"A classic problem of fair allocation!

After analyzing the values and the constraints, I'll propose an allocation that I consider fair. Here it is:

**Good A**: Allocate Good A to Person 1, as their value for it (80) is higher than Person 2's value (60).

**Good B**: Allocate Good B to Person 2, as their value for it (40) is higher than Person 1's value (20).

**Money**: Since Person 1 received Good A, which is more valuable to them, they may feel that they have an advantage. To balance this out, allocate 20 units of money to Person 2. This way, Person 2 receives a compensation for not getting Good A, which is worth 20 units to them.

Here's the allocation:

|  | Good A | Good B | Money |
| --- | --- | --- | --- |
| Person 1 | |  | 0 |
| Person 2 |  | | 20 |

This allocation seems fair because:

1. Each person receives a good that is more valuable to them than the other good.
2. The money allocation helps to balance out the difference in values between the two goods.

Of course, there are other possible allocations, and the fairness of this solution is subjective. However, this allocation takes into account the relative values of the goods and the money, and attempts to provide a balanced distribution of resources.",0,1,2,0,20
3,"What a great question!

To determine a fair allocation, I'll consider various factors, including the values each person attaches to each good, the total value of the goods, and the available money.

First, let's calculate the total value of the goods:

* Good A: 80 (Person 1) + 60 (Person 2) = 140
* Good B: 20 (Person 1) + 40 (Person 2) = 60

Since the goods are indivisible, I'll try to allocate them in a way that maximizes the total value while considering fairness.

**Option 1: Allocate Good A to Person 1 and Good B to Person 2**

* Person 1 gets Good A (value: 80)
* Person 2 gets Good B (value: 40)
* Remaining value: 60 (Good A) - 40 (Good B) = 20
* Allocate 20 units of money to Person 2 to compensate for the difference (20 units)

This allocation seems fair, as both individuals receive a good that matches their valuation, and Person 2 receives additional compensation to balance out the difference.

**Alternative Options**

* If I allocate Good A to Person 2 and Good B to Person 1, the total value would be 60 (Good A) + 20 (Good B) = 80, which is lower than the total value in Option 1.
* If I don't allocate Good A or Good B to anyone, the total value would be 0, which is not desirable.

**Final Allocation**

Based on these considerations, I propose the following allocation as the fairest:

* Person 1: Good A (value: 80)
* Person 2: Good B (value: 40) + 20 units of money

This allocation maximizes the total value while ensuring that both individuals receive a good that aligns with their valuation, and provides additional compensation to balance out the differences.",0,1,2,0,20
4,"What a fascinating problem! I'll do my best to come up with a fair allocation.

Before I dive into the solution, let me summarize the given information:

**Goods:**

* Good A: indivisible
* Good B: indivisible

**Values:**

* Person 1:
	+ Good A: 80
	+ Good B: 20
* Person 2:
	+ Good A: 60
	+ Good B: 40

**Money:**

* 50 units available for allocation
* Equivalent to a good of the same value for each individual
* Divisible resource

To determine a fair allocation, I'll consider the following criteria:

1. **Efficiency**: Maximize the total value of the allocation.
2. **Fairness**: Distribute the goods and money in a way that is perceived as fair by both individuals.
3. **Equity**: Ensure that the allocation is reasonable and justified based on the individuals' values.

Here's my proposed allocation:

**Goods:**

* Good A: Allocate to Person 1 ( highest value: 80)
* Good B: Allocate to Person 2 (higher value: 40)

**Money:**

* Allocate 10 units to Person 1 (to compensate for not getting Good B)
* Allocate 40 units to Person 2 (to compensate for not getting Good A and to balance out the allocation)

Rationale:

* By allocating Good A to Person 1, we ensure that the good with the highest total value (80) is used efficiently.
* Allocating Good B to Person 2 ensures that the good with the higher value for Person 2 is used efficiently.
* The money allocation is designed to balance out the differences in values. Person 1 receives 10 units to compensate for not getting Good B, which has a lower value for them. Person 2 receives 40 units to make up for not getting Good A, which has a higher value for them, and to balance out the overall allocation.

This allocation seems fair and justified, as both individuals receive a good or a monetary compensation that is reasonable based on their values. The total value of the allocation is maximized, and the distribution is perceived as fair and equitable.

Please let me know if you have any questions or if you'd like me to elaborate on my thought process!",0,1,2,10,40
5,"What a fascinating problem! I'll do my best to determine a fair allocation of the two goods and the monetary resource.

First, let's analyze the valuations of each person:

**Person 1:**

* Good A: 80
* Good B: 20

**Person 2:**

* Good A: 60
* Good B: 40

To determine a fair allocation, I'll consider the following principles:

1. **Efficiency**: Allocate the goods to the person who values them the most.
2. **Equity**: Ensure that the total value allocated to each person is as close as possible.

Here's my suggested allocation:

**Goods:**

* Good A: Allocate to Person 1, since they value it the most (80).
* Good B: Allocate to Person 2, since they value it more than Person 1 (40 > 20).

**Money:**

To balance the allocation and ensure equity, I'll allocate money to Person 2 to compensate for the difference in value between Good A and Good B.

* Person 2 receives 20 units of money (60 - 40 = 20, which is the difference in value between Good A and Good B).

This allocation satisfies the principles of efficiency and equity:

* Person 1 receives Good A, which they value the most, and no money.
* Person 2 receives Good B, which they value more than Person 1, and 20 units of money to compensate for the difference in value between Good A and Good B.

The total value allocated to each person is:

* Person 1: 80 (Good A)
* Person 2: 40 (Good B) + 20 (money) = 60

This allocation is fair, as it:

1. Allocates the goods to the person who values them the most.
2. Ensures that the total value allocated to each person is relatively close (80 vs. 60).

Of course, this is just one possible solution, and other fair allocations may exist. However, this allocation seems reasonable and balanced, considering the valuations and principles outlined above.",0,1,2,0,20
6,"What a delightful problem!

After carefully considering the values and constraints, I'll propose an allocation that I believe is a fair one.

**Good A:**
Person 1 values Good A at 80, while Person 2 values it at 60. Since Person 1 has a higher value for Good A, I'll allocate Good A to Person 1.

**Good B:**
Person 2 values Good B at 40, while Person 1 values it at 20. Since Person 2 has a higher value for Good B, I'll allocate Good B to Person 2.

**Money Allocation:**
To balance out the allocation and ensure fairness, I'll distribute the 50 units of money as follows:

* Person 1, who received Good A, will receive 10 units of money (worth 10 units of value).
* Person 2, who received Good B, will receive 40 units of money (worth 40 units of value).

**Rationale:**
By allocating Good A to Person 1 and Good B to Person 2, each person receives a good that they value more than the other. The money allocation helps to balance out the difference in values between the two goods. Person 1, who received the more valuable Good A, receives a smaller amount of money to compensate for the difference in value. Person 2, who received the less valuable Good B, receives a larger amount of money to make up for the difference.

This allocation ensures that both individuals receive a fair share of the total value, considering both the goods and the money. Each person receives a total value of:

* Person 1: Good A (80) + 10 units of money = 90
* Person 2: Good B (40) + 40 units of money = 80

While there may be other possible allocations, I believe this one is a fair and reasonable way to distribute the goods and money between Person 1 and Person 2.",0,1,2,10,40
7,"What a fascinating problem! Thank you for presenting it.

After considering the values that Person 1 and Person 2 assign to each good, I will determine an allocation that I believe is fair. Here's my reasoning:

**Good A:** Person 1 values Good A more than Person 2 (80 > 60). Therefore, I will allocate Good A to Person 1.

**Good B:** Person 2 values Good B more than Person 1 (40 > 20). Therefore, I will allocate Good B to Person 2.

**Money:** To distribute the 50 units of money, I will allocate it in a way that compensates Person 2 for not receiving Good A, which is more valuable to them. Since Good A is worth 60 units to Person 2, and they didn't receive it, I will allocate 30 units of money to Person 2 (60 - 40 = 20, and I'll give them an additional 10 units to balance things out). The remaining 20 units of money will be allocated to Person 1.

**Final Allocation:**

* Good A: Person 1
* Good B: Person 2
* Money: Person 1 receives 20 units, and Person 2 receives 30 units.

This allocation takes into account the relative values each person assigns to each good and distributes the money in a way that balances out the differences. Person 1 receives the more valuable Good A and some money, while Person 2 receives the less valuable Good B but more money to compensate.

What do you think? Is this allocation fair, or would you propose a different solution?",0,1,2,20,30
8,"A classic problem in fair division!

After considering the values of both individuals, I'll propose an allocation that I believe is fair. Here's my approach:

**Step 1: Identify the efficient allocation**
I'll first try to allocate the goods in a way that maximizes the total value for both individuals.

For Good A, Person 1 values it higher (80) than Person 2 (60), so I'll allocate Good A to Person 1.

For Good B, Person 2 values it higher (40) than Person 1 (20), so I'll allocate Good B to Person 2.

**Step 2: Compensate the individual who receives a lower total value**
Now, let's calculate the total value each individual receives:

Person 1: Good A (80) = 80
Person 2: Good B (40) = 40

Person 1 receives a higher total value (80) than Person 2 (40). To compensate Person 2, I'll allocate some of the money to them.

**Step 3: Allocate money to balance the values**
To balance the values, I'll allocate money to Person 2 until their total value is closer to Person 1's total value.

Let's calculate the difference in total values: 80 (Person 1) - 40 (Person 2) = 40

To bridge this gap, I'll allocate 40 units of money to Person 2. This way, Person 2's total value becomes: 40 (Good B) + 40 (money) = 80, which is now equal to Person 1's total value.

The remaining 10 units of money can be allocated to Person 1, as they already receive a higher total value.

**The fair allocation:**

* Good A: Person 1
* Good B: Person 2
* Money: Person 1 receives 10 units, Person 2 receives 40 units

This allocation seems fair because:

* Both individuals receive a total value of 80, which is the highest possible value for both.
* The indivisible goods are allocated based on the individual's highest value.
* The divisible money is used to balance the values and ensure both individuals receive a similar total value.

Of course, this is just one possible fair allocation, and different approaches can be taken to achieve fairness.",0,1,2,10,40
9,"A classic problem of fair allocation!

After analyzing the values of the goods for each person, I'll propose an allocation that I consider fair. Here's my reasoning:

**Observations:**

1. Person 1 values Good A more than Good B, while Person 2 values Good B more than Good A.
2. The total value of the goods for Person 1 is 100 (80 + 20), and for Person 2 is 100 (60 + 40) as well. This suggests that both individuals have similar preferences overall.
3. The availability of 50 units of money provides a flexible resource to fine-tune the allocation.

**Proposal:**

Allocate Good A to Person 1, as they value it more (80) than Person 2 (60).

Allocate Good B to Person 2, as they value it more (40) than Person 1 (20).

To balance out the difference in values, allocate 20 units of money to Person 2. This brings the total value allocated to Person 2 to 60 (Good B) + 20 (money) = 80, matching the value of Good A allocated to Person 1.

The remaining 30 units of money can be split equally between Person 1 and Person 2, resulting in each receiving 15 units of money.

**Final Allocation:**

* Person 1: Good A (80), 15 units of money
* Person 2: Good B (40), 20 units of money, 15 units of money

This allocation satisfies the following fairness criteria:

1. **Efficiency**: All goods are allocated, and the total value of the allocation is maximized.
2. **Equity**: Both individuals receive a total value of 95 ( Person 1: 80 + 15, Person 2: 40 + 20 + 15), which is close to their overall valuations of 100.
3. **Envy-freeness**: Neither person prefers the other's allocation, given their individual valuations.

Please note that there may be other fair allocations, and the concept of fairness can be subjective. However, this allocation provides a reasonable balance between efficiency, equity, and envy-freeness.",0,1,2,15,35
10,"What a fascinating problem! Thank you for presenting it to me.

After analyzing the values of both individuals for each good, I will try to find a fair allocation that takes into account their preferences and the available monetary resources.

**Good A Allocation:**
Since Person 1 values Good A more than Person 2, I will allocate Good A to Person 1. This way, the person who values it more gets it.

**Good B Allocation:**
Here, it's a bit more complex. Person 2 values Good B more than Person 1, but not by a huge margin. Considering the values, I will allocate Good B to Person 2, as they value it more.

**Money Allocation:**
Now, let's think about the 50 units of money. We can use this divisible resource to balance out the allocation and ensure fairness. Since Person 1 got Good A, which is worth 80 to them, I will allocate some money to Person 2 to compensate for the difference in value.

I will allocate 20 units of money to Person 2, which is equivalent to the difference between their value for Good B (40) and Person 1's value for Good A (80). This way, Person 2 gets a compensation for not getting Good A, which is worth more to them than Good B.

**Final Allocation:**

* Person 1: Good A, 0 units of money
* Person 2: Good B, 20 units of money

This allocation seems fair to me, as:

1. Each person gets one good, which ensures everyone has something.
2. The person who values a good more gets it (Good A to Person 1, Good B to Person 2).
3. The money allocation compensates Person 2 for not getting Good A, which is worth more to them than Good B.

Of course, this is just one possible solution, and there might be other fair allocations. I'm curious to hear your thoughts on this!",0,1,2,0,20
11,"A classic problem of resource allocation!

After considering the values that each person assigns to each good, I will propose an allocation that I believe is a fair one.

First, let's analyze the values:

Person 1 values Good A highly (80) and Good B relatively low (20).
Person 2 values Good A moderately (60) and Good B more highly (40).

To allocate the goods, I will consider the following principles:

1. **Efficiency**: Allocate the goods to the person who values them the most.
2. **Fairness**: Try to balance the total value received by each person.

Here's my proposed allocation:

**Good A**: Allocate to Person 1, since they value it the most (80).
**Good B**: Allocate to Person 2, since they value it more than Person 1 (40 > 20).

Now, let's allocate the money:

**Money**: Divide the 50 units of money between the two persons to balance their total values.

Person 1 receives Good A (80) and 10 units of money (total value: 90).
Person 2 receives Good B (40) and 40 units of money (total value: 80).

This allocation satisfies the efficiency principle, as each good is allocated to the person who values it the most. It also attempts to balance the total value received by each person, with Person 1 receiving a total value of 90 and Person 2 receiving a total value of 80.

While there are other possible allocations, this one seems fair and reasonable to me.",0,1,2,10,40
12,"What a fascinating problem! After considering the values of each person for each good, I'll propose an allocation that I believe is fair.

**Initial Observation**
Before we dive into the allocation, let's note that Person 1 values Good A more than Good B, while Person 2 values Good B more than Good A. This suggests that there might be an opportunity for a mutually beneficial trade.

**Allocation Proposal**
Here's the allocation I propose:

1. **Good A**: Allocate Good A to Person 1, since they value it more (80) than Person 2 (60).
2. **Good B**: Allocate Good B to Person 2, since they value it more (40) than Person 1 (20).
3. **Money**: Allocate 10 units of money to Person 1 and 40 units of money to Person 2.

**Rationale**
Here's why I think this allocation is fair:

* Person 1 receives Good A, which is their highest-valued good. They also receive some money (10 units) to compensate for not receiving Good B, which they value less.
* Person 2 receives Good B, which is their highest-valued good. They also receive a larger amount of money (40 units) to compensate for not receiving Good A, which they value less.
* The total value received by each person is relatively balanced:
	+ Person 1: Good A (80) + 10 units of money = 90
	+ Person 2: Good B (40) + 40 units of money = 80
* This allocation ensures that each person receives a good that they value more, and some money to complement their allocation.

**Alternative Allocations**
Other possible allocations could be:

* Allocating both goods to one person, but this would be unfair to the other person.
* Not allocating any goods and distributing the money equally, but this would not take into account the differing values each person has for each good.

Of course, fairness is subjective, and other allocations could be proposed. I'd be happy to hear alternative perspectives!",0,1,2,10,40
13,"What a fascinating problem!

After analyzing the values and preferences of both individuals, I'll propose an allocation that I believe is fair and reasonable.

** Goods Allocation **

Since Good A is more valuable to Person 1 (80) than to Person 2 (60), I will allocate Good A to Person 1.

As for Good B, its value to Person 2 (40) is higher than to Person 1 (20). Therefore, I will allocate Good B to Person 2.

** Monetary Allocation **

To balance the allocation and ensure fairness, I will allocate the monetary units to compensate for the differences in values.

Person 1 receives Good A (80) but gives up the opportunity to receive Good B, which is worth 40 to Person 2. To compensate, I will allocate 20 units of money to Person 1 (half of the value of Good B).

Person 2 receives Good B (40) but gives up the opportunity to receive Good A, which is worth 80 to Person 1. To compensate, I will allocate 30 units of money to Person 2 (almost 3/4 of the value of Good A).

** Final Allocation **

* Good A: Allocated to Person 1
* Good B: Allocated to Person 2
* Monetary allocation: 20 units to Person 1, 30 units to Person 2

This allocation seems fair as it:

1. Respects the preferences of both individuals, allocating the more valuable goods to each.
2. Compensates for the opportunity costs, balancing the values given up by each person.
3. Distributes the monetary units in a way that reflects the relative values of the goods to each individual.

Please let me know if you have any feedback or if you'd like me to elaborate on my thought process!",0,1,2,20,30
14,"A classic resource allocation problem!

After analyzing the values each person places on each good, I'll propose an allocation that I believe is fair and reasonable.

**Key Observations:**

1. Person 1 values Good A more than Person 2, while Person 2 values Good B more than Person 1.
2. The total value of Good A (80 + 60 = 140) is higher than the total value of Good B (20 + 40 = 60).
3. The available money (50 units) can be used to compensate individuals for not receiving a good.

**Proposed Allocation:**

1. **Good A**: Allocate Good A to Person 1, as they value it more (80) than Person 2 (60).
2. **Good B**: Allocate Good B to Person 2, as they value it more (40) than Person 1 (20).
3. **Money**: Allocate 10 units of money to Person 2 to compensate them for not receiving Good A, which they valued at 60. This way, Person 2 receives a total value of 40 (from Good B) + 10 (money) = 50, which is close to Person 1's total value of 80 (from Good A).

**Rationale:**

* By giving Good A to Person 1, I'm ensuring that the good goes to the person who values it most.
* By giving Good B to Person 2, I'm doing the same, ensuring that the good goes to the person who values it more.
* The money allocation helps to balance out the overall values each person receives, making the allocation more fair and equitable.

This allocation is not only fair but also efficient, as both goods are allocated to the person who values them most, and the available money is used to compensate Person 2 for not receiving Good A.

What do you think? Do you agree with this allocation, or do you have a different proposal?",0,1,2,0,10
15,"A classic problem of fair allocation!

To determine a fair allocation, I'll consider various factors, including efficiency, envy-freeness, and Pareto optimality.

**Step 1: Efficient Allocation**
I'll first identify the efficient allocations, which maximize the total value generated by the goods and money. Since the goods are indivisible, I'll consider all possible allocations of Good A and Good B to either Person 1 or Person 2.

**Possible Allocations:**

1. Give Good A to Person 1 and Good B to Person 2: Total value = 80 + 40 = 120
2. Give Good A to Person 2 and Good B to Person 1: Total value = 60 + 20 = 80
3. Give both goods to Person 1: Total value = 80 + 20 = 100
4. Give both goods to Person 2: Total value = 60 + 40 = 100
5. Don't allocate Good A and give Good B to Person 2: Total value = 40
6. Don't allocate Good B and give Good A to Person 1: Total value = 80

The efficient allocations are:

* Give Good A to Person 1 and Good B to Person 2 (Total value: 120)
* Give both goods to Person 1 (Total value: 100)
* Give both goods to Person 2 (Total value: 100)

**Step 2: Envy-Freeness and Pareto Optimality**
To ensure fairness, I'll aim for an allocation that is envy-free, meaning no person prefers another person's allocation.

Among the efficient allocations, I'll choose the one that is envy-free and Pareto optimal (i.e., no one can be made better off without making someone else worse off).

**Fair Allocation:**
Give Good A to Person 1 and Good B to Person 2.

Here's the justification:

* Person 1 values Good A more than Good B, and Person 2 values Good B more than Good A.
* Person 1 gets Good A, which they value at 80, and Person 2 gets Good B, which they value at 40.
* To ensure envy-freeness, I'll allocate money to balance out the values. I'll give 20 units of money to Person 2, which makes their total value 40 + 20 = 60. This way, Person 2 doesn't envy Person 1's allocation.

The final allocation is:

* Person 1: Good A (valued at 80)
* Person 2: Good B (valued at 40) + 20 units of money (valued at 20)

This allocation is efficient, envy-free, and Pareto optimal. It balances out the values and ensures that each person gets a fair share of the goods and money.",0,1,2,0,20
16,"A classic problem in social choice theory!

After analyzing the valuations of both individuals, I will propose an allocation that I consider to be a fair one.

**Good A:**
Since Person 1 values Good A higher (80) than Person 2 (60), I will allocate Good A to Person 1. This allocation maximizes the total value generated from Good A.

**Good B:**
Similar to Good A, Person 2 values Good B higher (40) than Person 1 (20). Therefore, I will allocate Good B to Person 2.

**Money Allocation:**
To balance out the differences in valuations and ensure a fair allocation, I will allocate money to Person 2. Person 2 receives a lower total valuation from the goods (60 + 40 = 100) compared to Person 1 (80 + 0 = 80). To compensate, I will allocate 20 units of money to Person 2, which is equivalent to a good of value 20. This brings the total valuation of Person 2 closer to that of Person 1.

The final allocation is:

* Person 1: Good A, 0 units of money
* Person 2: Good B, 20 units of money

Rationale:
This allocation is fair because:

1. Both individuals receive a good or a monetary equivalent that is close to their total valuation.
2. The allocation is efficient, as the goods are allocated to individuals who value them the most.
3. The money allocation helps to balance out the differences in valuations, ensuring a more equitable distribution.

Please note that this is just one possible solution, and different fairness criteria might lead to alternative allocations.",0,1,2,0,20
17,"A classic problem of fair allocation!

After analyzing the problem, I'll propose an allocation that I consider to be fair. Here's my reasoning:

**Goods Allocation:**

1. Good A: Allocate to Person 1, since they value it the most (80).
2. Good B: Allocate to Person 2, since they value it more than Person 1 (40 > 20).

**Money Allocation:**

To balance out the allocation and make it more fair, I'll allocate the money as follows:

1. Allocate 20 units of money to Person 2, to compensate for not receiving Good A, which Person 1 values more.

Here's the final allocation:

* Person 1: Good A (80) + 0 units of money
* Person 2: Good B (40) + 20 units of money

Rationale:

* Person 1 receives Good A, which they value the most, and no additional money.
* Person 2 receives Good B, which they value more than Good A, and 20 units of money to compensate for not receiving Good A. This way, Person 2 still receives a total value of 40 (Good B) + 20 (money) = 60, which is close to their value for Good A (60).
* The total money allocated is 20 units, which is less than the available 50 units, leaving some room for potential adjustments or future allocations.

This allocation seems fair as it takes into account the differences in valuations between the two individuals and attempts to balance them out using the divisible resource (money).",0,1,2,0,20
18,"What a fascinating problem!

After considering the values of both individuals for each good, I will attempt to find a fair allocation that takes into account the values and the available money.

**Initial Observations:**

1. Person 1 values Good A more than Person 2, and Good B less than Person 2.
2. The total value of both goods for Person 1 is 80 + 20 = 100, and for Person 2 is 60 + 40 = 100. This suggests that both individuals have similar overall valuations for the goods.
3. The available money (50 units) is equivalent in value to a good of the same value for each individual.

**Fair Allocation:**

Based on these observations, I propose the following allocation:

**Good A:** Assign to Person 1, as they value it more than Person 2.

**Good B:** Assign to Person 2, as they value it more than Person 1.

**Money:** Divide the 50 units of money equally between both individuals, i.e., 25 units to each.

**Rationale:**

By allocating Good A to Person 1 and Good B to Person 2, we ensure that each good is given to the individual who values it more. This way, we maximize the total value gained by both individuals.

Dividing the money equally between both individuals acknowledges that they have similar overall valuations for the goods and provides a fair compensation for not receiving the other good. This division also reflects the idea of equal opportunity or equal treatment.

**Alternative Scenarios:**

To test the fairness of this allocation, let's consider alternative scenarios:

1. If we allocate both goods to Person 1, they would gain 100 units of value, while Person 2 would receive only 25 units of money, leading to an unfair distribution.
2. If we allocate both goods to Person 2, the opposite would occur, with Person 2 gaining 100 units of value and Person 1 receiving only 25 units of money.
3. If we allocate one good to each person and divide the money equally, the distribution would be similar to the proposed allocation, but with a lower total value gained by both individuals.

**Conclusion:**

The proposed allocation of Good A to Person 1, Good B to Person 2, and dividing the 50 units of money equally between them appears to be a fair and reasonable distribution, taking into account the values and preferences of both individuals.",0,1,2,25,25
19,"What a fascinating problem! I'll think carefully about this and propose an allocation that I consider fair.

Before I start, let me clarify that fairness is a subjective concept, and there are different philosophical perspectives on what constitutes a fair allocation. In this case, I'll adopt a utilitarian approach, aiming to maximize the total value created by the allocation.

Here's the allocation I propose:

1. Good A: Allocate to Person 1
Reasoning: Person 1 values Good A higher than Person 2 (80 > 60). Allocating Good A to Person 1 maximizes the total value created.
2. Good B: Allocate to Person 2
Reasoning: Person 2 values Good B higher than Person 1 (40 > 20). Allocating Good B to Person 2 maximizes the total value created.
3. Money: Allocate 30 units to Person 1 and 20 units to Person 2
Reasoning: To balance the allocation and ensure that both individuals receive a significant share of the total value, I'll allocate a larger portion of the money to Person 1, who received Good A, which has a higher value. The remaining 20 units of money will go to Person 2, who received Good B, which has a lower value.

Here's the resulting allocation:

Person 1: Good A (value: 80) + 30 units of money (value: 30) = Total value: 110
Person 2: Good B (value: 40) + 20 units of money (value: 20) = Total value: 60

This allocation attempts to balance the total value created for each individual, while ensuring that each receives a good and a significant portion of the money. The total value created by this allocation is 170 (110 + 60), which is higher than any alternative allocation I considered.

Please let me know if you have any questions or concerns about this allocation!",0,1,2,30,20
20,"A classic problem of fair allocation!

After analyzing the values of the goods for each person, I'll propose an allocation that I consider fair. Here's my reasoning:

**Good A:** Person 1 values Good A more than Person 2 (80 > 60). Therefore, it's fair to allocate Good A to Person 1, as they derive more value from it.

**Good B:** Person 2 values Good B more than Person 1 (40 > 20). Similarly, it's fair to allocate Good B to Person 2, as they derive more value from it.

**Money:** To balance out the allocation, I'll allocate money to Person 2 to compensate for the difference in value between Good A and Good B. Since Person 2 values Good B by 40, and Person 1 values Good A by 80, the difference is 40 (80 - 40). I'll allocate 40 units of money to Person 2 to make up for this difference.

Here's the proposed allocation:

* Person 1: Good A (valued at 80)
* Person 2: Good B (valued at 40) and 40 units of money

This allocation is fair for several reasons:

1. **Efficiency:** Both goods are allocated to the person who values them the most.
2. **Compensation:** The money allocated to Person 2 compensates for the difference in value between Good A and Good B, ensuring that both individuals receive a fair share of the total value.
3. **Balance:** The total value allocated to each person is roughly balanced: Person 1 receives a good valued at 80, while Person 2 receives a good valued at 40 and 40 units of money, which is equivalent to a total value of 80.

Of course, there are other possible allocations, and the concept of fairness can be subjective. However, based on the values provided, this allocation seems like a reasonable and fair solution.",0,1,2,0,40
21,"A classic problem of fair resource allocation!

After analyzing the values that each person has for each good and the available money, I will propose an allocation that I consider to be the fairest. Here's my reasoning:

**Good A:**
Person 1 values Good A the most (80), so it makes sense to allocate Good A to Person 1.

**Good B:**
Person 2 values Good B relatively higher (40) compared to Person 1 (20). However, if we allocate Good B to Person 2, we would be leaving Person 1 with only Good A, which might not be entirely fair. Considering the values, I decide to allocate Good B to Person 1 as well, as they value it (20) more than Person 2 values the remaining money (50).

**Money:**
Now, we have 50 units of money remaining. To balance out the allocation, I will allocate 20 units of money to Person 2. This way, Person 2 receives a compensation of 20 units, which is equivalent to their value for Good B. This allocation ensures that Person 2 is not left with nothing.

**Final Allocation:**

* Good A: Person 1
* Good B: Person 1
* Money: 20 units to Person 2, 30 units left unallocated (or could be considered as a ""reserve"" for future allocations)

This allocation seems fair to me because:

1. Person 1 receives both goods, which they value highly.
2. Person 2 receives a compensation of 20 units of money, which is equivalent to their value for Good B.
3. The total value of the allocation is balanced: Person 1 receives goods worth 100 units (80 + 20), while Person 2 receives 20 units of money, making the total value allocated to each person roughly equal (100 vs. 20).

Please note that this is just one possible allocation, and different people might have different opinions on what is the fairest allocation.",0,1,1,0,20
22,"What a fascinating problem! Determining a fair allocation is indeed a subjective task, and different approaches can lead to varying outcomes. Here's one possible solution I'd like to propose:

**Step 1: Identify the most valuable good for each person**

For Person 1, Good A is more valuable (80) than Good B (20).
For Person 2, Good A is more valuable (60) than Good B (40).

**Step 2: Allocate the most valuable good to each person**

Given the indivisibility of goods, I'll allocate Good A to Person 1 (value: 80) and Good B to Person 2 (value: 40). This allocation ensures that each person receives the good they value more.

**Step 3: Distribute the monetary compensation**

To balance out the difference in values, I'll allocate a portion of the 50 units of money to Person 2. Since Person 1 received Good A, which is worth 80, and Person 2 received Good B, which is worth 40, the difference is 40. To compensate Person 2, I'll allocate 20 units of money to them (40 - 20 = 20, to make it up to their value of Good A).

The resulting allocation is:

* Person 1: Good A (value: 80), 0 units of money
* Person 2: Good B (value: 40), 20 units of money (compensating for the difference in values)

This allocation seems fair because:

* Each person receives the good they value more.
* The monetary compensation bridges the gap between the values of the goods, ensuring that Person 2 is not disadvantaged.

Please note that this is just one possible approach, and there are many other ways to allocate the goods and money. The fairness of the allocation ultimately depends on the values and preferences of the individuals involved.",0,1,2,0,20
23,"What a fascinating problem! After carefully considering the values assigned by each person to each good, I will propose an allocation that I believe is fair. Here it is:

**Good A:** Allocate Good A to Person 1.

Reasoning: Person 1 values Good A more than Person 2 (80 vs 60). Allocating Good A to Person 1 ensures that the good goes to the person who values it more.

**Good B:** Allocate Good B to Person 2.

Reasoning: Person 2 values Good B more than Person 1 (40 vs 20). Allocating Good B to Person 2 ensures that the good goes to the person who values it more.

**Money Allocation:** Allocate 15 units of money to Person 1 and 35 units of money to Person 2.

Reasoning: To balance out the allocation, I will allocate a portion of the money to each person. Person 1 gets 15 units, which is equivalent to 15/80 = 0.1875 of Good A's value to Person 1. Person 2 gets 35 units, which is equivalent to 35/60 = 0.5833 of Good A's value to Person 2. This allocation helps to compensate Person 2 for not receiving Good A, which they valued less than Person 1.

Rationale behind my allocation:

* Both goods are allocated to the person who values them more.
* The money allocation helps to balance out the differences in values, ensuring that both individuals receive a fair share of the total value.
* This allocation is Pareto efficient, meaning that no individual can be made better off without making the other individual worse off.

Keep in mind that fairness is subjective, and other allocators may propose different solutions. This is just one possible allocation that I consider fair, given the values provided.",0,1,2,15,35
24,"What a intriguing problem! Determining fairness can be subjective, but I'll propose an allocation that attempts to balance the values and preferences of both individuals.

First, let's analyze the preferences of each person:

Person 1 values Good A more than Good B, with a significant difference of 60 units (80 - 20). Person 2 has a relatively smaller difference in values between Good A and Good B, with a difference of 20 units (60 - 40).

To allocate the goods fairly, I'll consider the following principles:

1. **Efficiency**: Allocate goods to those who value them most.
2. **Equity**: Distribute the goods in a way that minimizes envy between the two individuals.
3. **Monetary compensation**: Use the available money to compensate individuals who don't receive their preferred good.

Here's my proposed allocation:

**Good A**: Allocate Good A to Person 1, as they value it more (80 units).

**Good B**: Allocate Good B to Person 2, as they value it more (40 units) and Person 1 has a relatively low value for it (20 units).

**Monetary allocation**: To compensate Person 2 for not receiving Good A, allocate 20 units of money to them. This amount is equivalent to the difference in value between Good A and Good B for Person 2 (60 - 40).

The remaining 30 units of money can be allocated to Person 1, as they have a higher total value for both goods (80 + 20 = 100).

The final allocation would be:

* Person 1: Good A, 30 units of money
* Person 2: Good B, 20 units of money

This allocation aims to balance the values and preferences of both individuals, ensuring that:

* Person 1 receives the good they value most (Good A) and some monetary compensation (30 units).
* Person 2 receives the good they value relatively more (Good B) and some monetary compensation (20 units) to make up for not receiving Good A.

In this allocation, both individuals receive a considerable share of value, and the available money is used to minimize envy and ensure a relatively fair distribution.",0,1,2,30,20
25,"What a fascinating problem! After considering the values and preferences of both individuals, I'll propose an allocation that I believe is fair and reasonable.

**Good A:** Person 1 values Good A at 80, which is higher than Person 2's value of 60. To ensure efficiency, I will allocate Good A to Person 1.

**Good B:** Person 2 values Good B at 40, which is higher than Person 1's value of 20. To ensure efficiency, I will allocate Good B to Person 2.

**Money allocation:** Now, let's allocate the 50 units of money. To ensure fairness, I will allocate the money in a way that equalizes the total value received by each person.

Person 1 receives Good A, which is worth 80 to them. To equalize the total value, I will allocate 10 units of money to Person 1, making their total value 80 + 10 = 90.

Person 2 receives Good B, which is worth 40 to them. To equalize the total value, I will allocate 20 units of money to Person 2, making their total value 40 + 20 = 60. To bridge the gap and make the allocation more fair, I will allocate an additional 10 units of money to Person 2, making their total value 60 + 10 = 70.

**Final allocation:**

* Person 1: Good A, 10 units of money (total value: 90)
* Person 2: Good B, 30 units of money (total value: 70)

This allocation ensures that both individuals receive a fair share of the total value, with Person 1 receiving a slightly higher value due to their higher valuation of Good A. The allocation of money helps to bridge the gap and provides a more balanced outcome.",0,1,2,10,30
26,"A classic problem of fair division!

After analyzing the values provided, I'll attempt to find a fair allocation of the two goods and the 50 units of money. Here's my thought process:

**Initial Observations**

* Person 1 values Good A more than Person 2, while Person 2 values Good B more than Person 1.
* The total value of both goods for Person 1 is 100 (80 + 20), while for Person 2 it's 100 as well (60 + 40).
* The 50 units of money are equivalent in value to a good of the same value for each individual.

**Allocation Possibilities**

1. **Give Good A to Person 1 and Good B to Person 2**: This allocation ensures that each person gets the good they value more. The total value for Person 1 would be 80, and for Person 2 would be 40.
2. **Give Good A to Person 2 and Good B to Person 1**: This allocation is less desirable, as Person 2 would get a good they value less (60), and Person 1 would get a good they value less (20).
3. **Throw away one or both goods**: This option is not desirable, as it would result in a loss of value for both individuals.

**Money Allocation**

To make the allocation more fair, I'll consider allocating the 50 units of money to supplement the goods allocation. Since the money is divisible, I can allocate it in a way that balances the total value received by each person.

**Fair Allocation**

Here's my proposed allocation:

* **Good A**: Give to Person 1 (value: 80)
* **Good B**: Give to Person 2 (value: 40)
* **Money**: Allocate 20 units to Person 2 (to balance the difference in value between Person 1 and Person 2)

This allocation ensures that both individuals receive a total value of 100:

* Person 1: Good A (80) = 80
* Person 2: Good B (40) + 20 units of money = 100

This allocation seems fair, as both individuals receive the same total value, and each person gets the good they value more. The money allocation balances the difference in value between the two individuals, making the overall allocation more equitable.

Please let me know if you have any questions or would like me to justify my allocation further!",0,1,2,0,20
27,"What an interesting problem!

After analyzing the values of both individuals for each good, I've come up with an allocation that I believe is fair. Here's my proposal:

**Goods Allocation:**

* Good A: Allocate to Person 1, since their value for it is higher (80) compared to Person 2 (60).
* Good B: Allocate to Person 2, since their value for it is higher (40) compared to Person 1 (20).

**Money Allocation:**

To ensure fairness, I'll allocate the money to compensate for the differences in values. Since Person 2 didn't get Good A, which has a higher value for them, I'll allocate some money to Person 2 to make up for the difference.

* Allocate 20 units of money to Person 2, which is the difference between their value for Good A (60) and Person 1's value for Good A (80).

This allocation ensures that both individuals receive goods and/or money that align with their values. Person 1 gets Good A, which they value higher, and Person 2 gets Good B, which they also value higher, along with some money to compensate for not getting Good A.

**Rationale:**

This allocation is fair because:

1. Each individual receives a good that they value higher than the other good.
2. The money allocation compensates for the difference in values, ensuring that both individuals feel fairly treated.

Please let me know if you'd like me to justify my allocation further or if you have any questions!",0,1,2,0,20
28,"What a fascinating problem!

After analyzing the values that Person 1 and Person 2 assign to Good A and Good B, I will try to find an allocation that I consider fair.

**Step 1: Identify the most valuable good for each person**

For Person 1, Good A is more valuable (80) than Good B (20).
For Person 2, Good A is also more valuable (60) than Good B (40), although the difference is smaller.

**Step 2: Determine the allocation of goods**

Given the indivisibility of goods, I will try to allocate them in a way that maximizes the overall value for both individuals.

I will allocate Good A to Person 1, as it is more valuable to them (80) than to Person 2 (60). This leaves Good B, which I will allocate to Person 2, as it is more valuable to them (40) than to Person 1 (20).

**Step 3: Allocate the 50 units of money**

To make the allocation more fair, I will allocate the 50 units of money to balance out the differences in values. Since Person 2 received a good with a lower value (Good B), I will allocate a larger portion of the money to them.

I will allocate 30 units of money to Person 2, which is roughly half of the difference in value between Good A and Good B for Person 1 (80 - 20 = 60). This brings Person 2's total value closer to Person 1's.

The remaining 20 units of money will be allocated to Person 1, to ensure that they also receive some compensation for not receiving Good B.

**Final allocation**

* Person 1: Good A, 20 units of money
* Person 2: Good B, 30 units of money

This allocation attempts to balance out the differences in values between the two individuals, while ensuring that each person receives a good and some monetary compensation. Of course, this is just one possible solution, and other allocations could be considered fair depending on the specific context and values of the individuals involved.",0,1,2,20,30
29,"What an interesting problem! After analyzing the values that each person assigns to each good, I'll propose an allocation that I consider fair. Here's my reasoning:

**Observations:**

1. Good A is valued more by Person 1 (80) than by Person 2 (60).
2. Good B is valued more by Person 2 (40) than by Person 1 (20).
3. The total value of both goods is higher for Person 1 (80 + 20 = 100) than for Person 2 (60 + 40 = 100).
4. The money available for allocation is worth 50 units, which is less than the value of either good for both individuals.

**Fair Allocation:**

To ensure fairness, I'll aim to allocate the goods in a way that balances the total value received by each person. Here's my proposal:

1. Allocate Good A to Person 1, since they value it more.
2. Allocate Good B to Person 2, since they value it more.
3. To balance the total value received by each person, allocate 10 units of money to Person 2. This way, Person 2 receives a total value of 40 (Good B) + 10 (money) = 50, which is closer to the total value received by Person 1, namely, 80 (Good A).

**Final Allocation:**

* Good A: Person 1
* Good B: Person 2
* Money: 10 units to Person 2, 40 units remaining unallocated (or equally distributed among both, but this is not necessary to achieve fairness in this case)

This allocation seems fair because:

* Both individuals receive a good that they value more than the other person.
* The total value received by each person is relatively balanced (80 vs. 50).
* The allocation of money helps to compensate for the difference in value between the goods.

Of course, this is just one possible fair allocation, and different people may have different opinions on what constitutes fairness in this scenario.",0,1,2,0,10
30,"What a fascinating problem! After considering the values and preferences of both individuals, I will provide my fair allocation. Keep in mind that this is a subjective assessment, and there may be different opinions on what constitutes a fair allocation.

**Step 1: Identify the possible allocations**
I will enumerate the possible allocations of the two goods and the 50 units of money:

| Allocation | Good A | Good B | Money |
| --- | --- | --- | --- |
| 1 | Person 1 | Person 2 | 0 |
| 2 | Person 1 | Person 1 | 50 |
| 3 | Person 2 | Person 1 | 0 |
| 4 | Person 2 | Person 2 | 50 |
| 5 | - (not allocated) | Person 1 | 50 |
| 6 | - (not allocated) | Person 2 | 50 |
| 7 | Person 1 | - (not allocated) | 50 |
| 8 | Person 2 | - (not allocated) | 50 |

**Step 2: Evaluate the allocations**
I will analyze each allocation, considering the values and preferences of both individuals:

1. Person 1 gets Good A, Person 2 gets Good B, and no money (Allocation 1): This allocation seems unfair, as Person 2 values Good B less than Person 1 values Good A.
2. Person 1 gets both goods and all the money (Allocation 2): This allocation is unfair to Person 2, who receives nothing.
3. Person 2 gets Good A, Person 1 gets Good B, and no money (Allocation 3): Similar to Allocation 1, this allocation seems unfair, as Person 1 values Good B less than Person 2 values Good A.
4. Person 2 gets both goods and all the money (Allocation 4): Unfair to Person 1, who receives nothing.
5. Good B is not allocated, Person 1 gets all the money (Allocation 5): Person 2 receives nothing, which is unfair.
6. Good B is not allocated, Person 2 gets all the money (Allocation 6): Person 1 receives nothing, which is unfair.
7. Person 1 gets Good A, and all the money (Allocation 7): Person 2 receives nothing, which is unfair.
8. Person 2 gets Good B, and all the money (Allocation 8): Person 1 receives nothing, which is unfair.

**Step 3: Determine the fairest allocation**
After evaluating all possible allocations, I propose the following allocation as the fairest:

**Allocation:** Person 1 gets Good A, Person 2 gets Good B, and 10 units of money are allocated to each person (30 units remain unallocated).

**Rationale:**

* Person 1 values Good A more than Person 2, so it's fair to allocate Good A to Person 1.
* Person 2 values Good B more than Person 1, so it's fair to allocate Good B to Person 2.
* Allocating 10 units of money to each person acknowledges their relative values for the goods and provides some compensation for not receiving the other good.
* Leaving 30 units of money unallocated ensures that neither person is overly favored, and the remaining money can be used for future allocations or other purposes.

This allocation balances the values and preferences of both individuals, ensuring a fair distribution of the goods and money.",0,1,2,10,10
31,"What a fascinating problem!

To determine a fair allocation, I'll consider several factors: the values each person assigned to each good, the total value of the goods, and the available monetary units. I'll also keep in mind that the goods are indivisible, while the money is divisible.

First, let's calculate the total value of the goods:

Good A: 80 (Person 1) + 60 (Person 2) = 140
Good B: 20 (Person 1) + 40 (Person 2) = 60

The total value of the goods is 140 + 60 = 200.

Now, let's allocate the goods. I'll try to maximize the total value and fairness.

**Good A:** Person 1 values Good A higher (80) than Person 2 (60). Allocating Good A to Person 1 seems fair, as they value it more.

**Good B:** Person 2 values Good B higher (40) than Person 1 (20). Allocating Good B to Person 2 seems fair, as they value it more.

So, the good allocation is:

* Good A to Person 1
* Good B to Person 2

Now, let's allocate the monetary units. Since the total value of the goods is 200, and we have 50 units of money, we can allocate a fraction of the money to each person to balance out the allocation.

**Money allocation:** To balance out the allocation, I'll allocate money to the person who didn't receive the higher-valued good. In this case, Person 2 received Good B, which is valued lower than Good A. I'll allocate money to Person 2 to compensate.

I'll allocate 20 units of money to Person 2, which is roughly equivalent to the difference in value between Good A and Good B (80 - 40 = 40).

The final allocation:

* Good A to Person 1
* Good B to Person 2
* 20 units of money to Person 2

This allocation seems fair, as:

1. Each person receives a good that they value higher than the other.
2. The money allocation helps balance out the difference in value between the goods.

Please let me know if you have any feedback or if you'd like me to reconsider any aspect of this allocation!",0,1,2,0,20
32,"A classic problem of resource allocation! After careful consideration, I'll propose an allocation that I believe is fair and reasonable.

**Step 1: Analyze the values of each good for each person**

From the values provided, we can see that:

* Person 1 values Good A more than Good B (80 > 20).
* Person 2 values Good A less than Person 1, but still values it more than Good B (60 > 40).

**Step 2: Identify the most valued good for each person**

* For Person 1, Good A is the most valued good (80).
* For Person 2, Good A is also the most valued good (60).

**Step 3: Allocate the most valued good**

Given that Good A is the most valued good for both individuals, it's reasonable to allocate it to the person who values it the most, which is Person 1. This way, we ensure that the most valued good is allocated to the person who appreciates it the most.

**Step 4: Allocate the remaining good and money**

Now, we have Good B and 50 units of money left to allocate.

* Person 2 values Good B more than Person 1 (40 > 20). Therefore, it's fair to allocate Good B to Person 2.
* To compensate Person 1 for not receiving Good B, we can allocate some money to them. Since Good B is worth 20 to Person 1, we can allocate 20 units of money to them.
* The remaining 30 units of money can be allocated to Person 2, as they still have a value of 40 for Good B and can use the money to compensate for the difference.

**The proposed allocation**

* Good A: Allocate to Person 1
* Good B: Allocate to Person 2
* Money: Allocate 20 units to Person 1 and 30 units to Person 2

This allocation seems fair because:

* Each person receives the good they value more.
* The person who values Good A the most receives it.
* The person who values Good B more receives it, and receives additional money to compensate for the difference in value.
* The total value of the allocation is roughly equal for both individuals (80 + 20 = 100 for Person 1, and 60 + 40 + 30 = 130 for Person 2, approximately).

Of course, this is just one possible allocation, and there may be other reasonable solutions. However, this allocation seems to strike a balance between fairness, value maximization, and individual satisfaction.",0,1,2,20,30
33,"What a fascinating problem!

To determine the fairest allocation, let's analyze the situation:

**Individual values for each good:**

* Person 1: Good A (80), Good B (20)
* Person 2: Good A (60), Good B (40)

**Total value of goods:** Good A (140), Good B (60)

**Money available:** 50 units (equivalent to a good of the same value)

To ensure fairness, I'll consider the following principles:

1. **Efficiency**: Allocate goods to those who value them the most.
2. **Equity**: Distribute the goods and money in a way that minimizes envy and promotes fairness.
3. **Utilitarianism**: Maximize the total value received by both individuals.

Based on these principles, here's a proposed allocation:

**Goods allocation:**

* Good A: Assign to Person 1 (highest value, 80)
* Good B: Assign to Person 2 (higher value, 40)

**Money allocation:**

* Person 1 receives 10 units of money (to compensate for not receiving Good B) + additional 10 units to balance the allocation (total: 20 units)
* Person 2 receives 30 units of money (to balance the allocation)

Rationale:

* Assign Good A to Person 1, as they value it the most.
* Assign Good B to Person 2, as they value it more than Person 1.
* Allocate money to balance the allocation. Person 1 receives 20 units to compensate for not receiving Good B and to balance the allocation. Person 2 receives 30 units to ensure they receive a fair share of the total value.

This allocation satisfies the principles mentioned above:

* Efficient: Goods are allocated to those who value them the most.
* Equitable: The allocation is balanced, and both individuals receive a fair share of the total value.
* Utilitarian: The total value received by both individuals is maximized.

Of course, this is just one possible solution, and there may be other fair allocations depending on the specific context and additional constraints.",0,1,2,20,30
34,"A classic problem of fair division!

To determine a fair allocation, I'll consider various possible allocations and evaluate their fairness based on the values reported by Person 1 and Person 2.

**Option 1: Allocate Good A to Person 1 and Good B to Person 2**
Person 1 gets Good A, valued at 80, and Person 2 gets Good B, valued at 40. This allocation seems unfair to Person 2, as they value Good A more than Good B.

**Option 2: Allocate Good A to Person 2 and Good B to Person 1**
Person 2 gets Good A, valued at 60, and Person 1 gets Good B, valued at 20. This allocation is still not ideal, as Person 1 values Good A more than Good B.

**Option 3: Allocate Good A to Person 1 and some money to Person 2**
Person 1 gets Good A, valued at 80, and Person 2 gets some money, say x. To make this allocation fair, x should be at least 20, as Person 2 values Good B at 40 and can be compensated with money equivalent to Good B's value. This would leave 30 units of money for Person 1.

**Option 4: Allocate Good B to Person 2 and some money to Person 1**
Person 2 gets Good B, valued at 40, and Person 1 gets some money, say y. To make this allocation fair, y should be at least 40, as Person 1 values Good A more than Good B. This would leave 10 units of money for Person 2.

After considering these options, I propose the following allocation as the fairest:

**Final Allocation:**
Person 1 gets Good A, valued at 80, and 10 units of money.
Person 2 gets Good B, valued at 40, and 20 units of money.

This allocation takes into account the values reported by both individuals and attempts to balance their utilities. Person 1 gets the good they value more, and Person 2 receives a good and some money to compensate for not getting Good A. The remaining 20 units of money are allocated to Person 2 to ensure that their total utility is closer to Person 1's.

Keep in mind that there's no one ""correct"" answer to this problem, as fairness is subjective and can depend on various norms and principles. However, this allocation aims to be a reasonable compromise between the two individuals' interests.",0,1,2,10,20
35,"A classic problem of fair division! I'll do my best to come up with a reasonable and fair allocation.

To start, let's analyze the values each person places on each good:

**Good A:**

* Person 1: 80
* Person 2: 60

**Good B:**

* Person 1: 20
* Person 2: 40

Here are some observations:

* Person 1 values Good A much more than Good B, while Person 2 values Good B more than Good A.
* Both persons value Good A more than Good B, but Person 1 values it significantly more.

Considering these observations, here's a possible fair allocation:

** Allocation: **

* Good A: Allocate to Person 1 (value: 80)
* Good B: Allocate to Person 2 (value: 40)
* Money: Allocate 10 units to Person 1 and 40 units to Person 2 (total: 50 units)

Rationale:

* Good A is allocated to Person 1, who values it the most. This is a simple and intuitive decision.
* Good B is allocated to Person 2, who values it more than Person 1. This decision is also straightforward.
* The money allocation is more nuanced. I've allocated 10 units to Person 1 to partially compensate for the difference in value between Good A and Good B. This way, Person 1 still benefits significantly from receiving Good A, but also receives some monetary compensation. The remaining 40 units are allocated to Person 2, who values Good B more and receives a lower-value good.

This allocation seems fair because:

* Both persons receive a good that they value highly.
* The monetary allocation helps to balance the differences in value between the goods.
* The total value of the allocation (Good A + money) for Person 1 is approximately equal to the total value of the allocation (Good B + money) for Person 2.

Of course, this is just one possible fair allocation, and there may be other reasonable allocations depending on the specific context and the individuals' preferences.",0,1,2,10,40
36,"What a intriguing problem! After careful consideration, I'd like to propose an allocation that I believe is fair and reasonable.

First, let's analyze the values that each person assigns to each good:

**Person 1:** Good A (80), Good B (20)
**Person 2:** Good A (60), Good B (40)

To determine a fair allocation, I'll consider the following principles:

1. **Efficiency**: Allocate goods to the person who values them the most.
2. **Equity**: Ensure that the total value allocated to each person is as equal as possible.
3. **Monetary compensation**: Use the money to compensate for any unequal allocation of goods.

Here's my proposed allocation:

**Good A:** Allocate to Person 1 (value: 80)
**Good B:** Allocate to Person 2 (value: 40)
**Money:** Allocate 20 units to Person 2 (to compensate for the difference in value between Good A and Good B)

Rationale:

* Person 1 values Good A the most, so it's allocated to them.
* Person 2 values Good B the most among the remaining goods, so it's allocated to them.
* To ensure equity, we need to compensate Person 2 for not allocating Good A to them. Since Good A is worth 80 to Person 1 and 60 to Person 2, there's a difference of 20 units in value. Allocating 20 units of money to Person 2 bridges this gap, making the total value allocated to each person more equal.

The final allocation is:

**Person 1:** Good A (80), 0 money
**Person 2:** Good B (40), 20 money (effective value: 60)

This allocation ensures that both individuals receive a total value of approximately 80 units, which is as close to equal as possible given the constraints.",0,1,2,0,20
37,"What a fascinating problem! I'll take a stab at it.

To determine a fair allocation, I'll consider the following principles:

1. **Efficiency**: Allocate the goods and money in a way that maximizes the total value created.
2. **Fairness**: Distribute the goods and money in a way that is perceived as reasonable and just by both individuals.
3. **Non-envy**: Ensure that each person prefers their own allocation to the other person's allocation.

Here's my proposed allocation:

**Good A**: Allocate Good A to Person 1, who values it at 80. This is because Person 1 has a higher value for Good A than Person 2 (80 > 60).

**Good B**: Allocate Good B to Person 2, who values it at 40. This is because Person 2 has a higher value for Good B than Person 1 (40 > 20).

**Money**: Allocate 20 units of money to Person 1 and 30 units of money to Person 2.

This allocation satisfies the following conditions:

1. **Efficiency**: The total value created is maximized, as Good A goes to the person who values it most, and Good B goes to the person who values it most.
2. **Fairness**: The allocation is balanced, with each person receiving a good and a portion of the money.
3. **Non-envy**: Person 1 prefers their allocation (Good A and 20 units of money) to Person 2's allocation (Good B and 30 units of money), and vice versa.

Justification:

* Person 1 values Good A more than Good B and receives it, which ensures they are satisfied with their allocation.
* Person 2 values Good B more than Good A and receives it, which ensures they are satisfied with their allocation.
* The money allocation is balanced, with Person 1 receiving 20 units (equivalent to 20/80 = 25% of the value of Good A) and Person 2 receiving 30 units (equivalent to 30/60 = 50% of the value of Good B).

This allocation seems fair, efficient, and non-envy-free to me. However, I'm open to alternative solutions and perspectives!",0,1,2,20,30
38,"A classic problem of fair division!

To determine the fairest allocation, I'll consider various factors, including efficiency, envy-freeness, and equity.

Here's my proposed allocation:

**Goods:**

* Good A: Allocate to Person 1, as they value it higher (80) than Person 2 (60).
* Good B: Allocate to Person 2, as they value it higher (40) than Person 1 (20).

**Money:**

* Allocate 10 units of money to Person 1 and 40 units to Person 2.

Rationale:

1. **Efficiency:** By allocating Good A to Person 1 and Good B to Person 2, we maximize the total value created (80 + 40 = 120).
2. **Envy-freeness:** Person 1 receives Good A and 10 units of money, which is worth a total of 80 + 10 = 90 to them. Person 2 receives Good B and 40 units of money, which is worth a total of 40 + 40 = 80 to them. Neither person envies the other's allocation, as their own allocation is worth more to them.
3. **Equity:** The total value allocated to each person is roughly equal (90 for Person 1 and 80 for Person 2). While Person 1 receives a higher total value, this is because they value Good A highly. Person 2 receives a significant amount of money to compensate for not receiving Good A.
4. **Fairness:** By allocating the money in a way that balances out the differences in values, we ensure a more equitable distribution of resources.

This allocation seems fair, efficient, and envy-free, making it a reasonable solution to the problem.",0,1,2,10,40
39,"What a fascinating problem!

To determine a fair allocation, I'll consider multiple factors, including the individuals' values for each good, the total value of the money available, and the principle of fairness.

Here are a few possible allocations, and my reasoning for each:

**Allocation 1: Good A to Person 1, Good B to Person 2, and 10 units of money to each person**

Person 1 values Good A more, and Person 2 values Good B more, so allocating the goods according to their highest values seems reasonable. By giving 10 units of money to each person, we ensure that both individuals benefit from the allocation, and the total money allocated is split equally.

**Allocation 2: Good A to Person 1, Good B not allocated, and 20 units of money to Person 2**

In this scenario, Person 1 receives Good A, which they value highly. Since Person 2 values Good B less than Person 1 values Good A, it might be fairer not to allocate Good B at all (rather than giving it to Person 1, who values it less). To compensate Person 2, we allocate 20 units of money, which is equivalent to the value of Good B for Person 2.

**Allocation 3: Good A not allocated, Good B to Person 2, and 30 units of money to Person 1**

This allocation prioritizes Person 2, who values Good B more. By not allocating Good A, we avoid giving it to Person 1, who values it less than Person 2 values Good B. We compensate Person 1 with 30 units of money, which is equivalent to the value of Good A for Person 1 minus the value of Good B for Person 2 (80 - 40).

After considering these options, I would recommend **Allocation 1: Good A to Person 1, Good B to Person 2, and 10 units of money to each person**. This allocation:

1. Respects the individuals' values: Each person receives the good they value more.
2. Is envy-free: Neither person prefers the other's allocation.
3. Distributes the money fairly: Both individuals receive an equal share of the total money available.

Of course, fairness is subjective, and other allocations could be considered fair depending on the specific context and principles applied.",0,1,2,10,10
40,"What a fascinating problem! I'll try to come up with a fair allocation based on the values provided.

Before I start, let me summarize the values:

**Person 1**

* Good A: 80
* Good B: 20

**Person 2**

* Good A: 60
* Good B: 40

**Available money**: 50 units

To determine a fair allocation, I'll consider the following principles:

1. **Efficiency**: Allocate goods to maximize the total value for both individuals.
2. **Equity**: Strive for a balance in the allocation to ensure neither person feels unfairly treated.
3. **Monetary compensation**: Use the available money to mitigate any potential unfairness.

Here's my proposed allocation:

**Good A**: Allocate to Person 1, as they value it the most (80). This way, we maximize the total value for both individuals.

**Good B**: Allocate to Person 2, as they value it more than Person 1 (40 vs 20).

**Money allocation**: To balance the allocation and ensure fairness, allocate 10 units of money to Person 2. This way, Person 2 receives a total value of 40 (Good B) + 10 (money) = 50, which is closer to Person 1's total value of 80 (Good A).

The resulting allocation is:

**Person 1**: Good A (80)
**Person 2**: Good B (40), 10 units of money (10)

This allocation seems reasonable, as both individuals receive a significant portion of their total value. Person 1 gets the good they value most, and Person 2 receives a good and some monetary compensation to balance out the difference.

Of course, this is just one possible solution, and different allocators might propose alternative solutions based on their own fairness principles.",0,1,2,0,10
41,"What a fascinating problem! I'll take a stab at determining a fair allocation.

To start, let's analyze the values of each good for each person:

* Person 1 values Good A more than Good B (80 > 20).
* Person 2 values Good B more than Good A (40 > 30, considering the relative values).

Now, let's consider the possibilities:

**Option 1:** Allocate Good A to Person 1 and Good B to Person 2.
	+ Person 1 gets their highest-valued good (80).
	+ Person 2 gets their second-highest-valued good (40).
	+ This allocation seems fairly balanced.

**Option 2:** Allocate Good A to Person 2 and Good B to Person 1.
	+ Person 1 gets their second-highest-valued good (20).
	+ Person 2 gets their highest-valued good (60).
	+ This allocation might be seen as unfair to Person 1, as they don't get their highest-valued good.

**Option 3:** Allocate one good to each person and divide the money.
	+ Allocate Good A to Person 1 and 20 units of money to Person 2 (60 - 40 = 20, to compensate for the difference in value).
	+ Allocate Good B to Person 2 and 10 units of money to Person 1 (80 - 60 = 20, and then split the remaining 10 units equally).
	+ This allocation tries to balance the values, but it's more complex and might not be intuitively fair.

After considering these options, I propose the following allocation as the fairest:

**Fair Allocation:**

* Allocate Good A to Person 1.
* Allocate Good B to Person 2.
* Divide the 50 units of money equally between them, 25 units each.

Rationale:

* Each person gets one good, which is their highest-valued or second-highest-valued good.
* The equal division of money ensures that both individuals receive an additional, divisible resource of equal value.
* This allocation is simple, easy to understand, and tries to balance the values and utilities of both individuals.

Please let me know if you'd like me to explain or justify my reasoning further!",0,1,2,25,25
42,"What a fascinating problem!

After analyzing the situation, I will propose an allocation that I consider fair, taking into account the values each person places on the goods and the available money.

**My proposed allocation:**

1. Good A: Allocate to Person 1 (value: 80)
Person 1 values Good A the most, and it's significantly higher than Person 2's value for the same good. It's only fair to give Good A to Person 1, as they will derive more value from it.
2. Good B: Allocate to Person 2 (value: 40)
Although Person 2's value for Good B is lower than Person 1's value for Good A, it's still higher than Person 1's value for Good B. Allocating Good B to Person 2 ensures that they receive a good that they value more than Person 1 does.
3. Money: Allocate 30 units to Person 2 and 20 units to Person 1

Here's my reasoning:

* Person 1 already receives the more valuable Good A, so I allocate a smaller amount of money to them (20 units) to balance things out.
* Person 2 receives Good B, which is less valuable than Good A. To compensate, I allocate a larger amount of money to them (30 units) to make up for the difference.

**Why I think this allocation is fair:**

* Each person receives a good that they value more than the other person does.
* The money allocation helps to balance out the differences in value between the two goods.
* This allocation takes into account the relative values each person places on the goods and the available money, ensuring that both individuals receive a fair share of the total value.

Of course, there may be other plausible allocations, and the concept of fairness can be subjective. However, based on the given information, I believe this allocation is a reasonable and fair solution.",0,1,2,20,30
43,"What a fascinating problem! I'll do my best to determine a fair allocation of the goods and money.

To start, let's analyze the values that each person places on the goods:

**Person 1:**

* Good A: 80
* Good B: 20

**Person 2:**

* Good A: 60
* Good B: 40

From this, we can see that:

* Person 1 values Good A more than Person 2 (80 > 60)
* Person 1 values Good B less than Person 2 (20 < 40)

Considering the indivisibility of the goods, we have two possible scenarios: allocate one good to Person 1 and the other to Person 2, or allocate both goods to one person and the money to the other.

Here are a few possible allocations:

**Allocation 1:**

* Good A to Person 1 (80)
* Good B to Person 2 (40)
* Money: 50 units to Person 2 (since Person 1 received the more valuable good)

**Allocation 2:**

* Good A to Person 2 (60)
* Good B to Person 1 (20)
* Money: 30 units to Person 1 (since Person 2 received the more valuable good), and 20 units to Person 2

**Allocation 3:**

* Both goods to Person 1 (80 + 20 = 100)
* Money: 50 units to Person 2 (since Person 1 received both goods)

After considering these options, I would propose the following allocation as the fairest:

**Final Allocation:**

* Good A to Person 1 (80)
* Good B to Person 2 (40)
* Money: 10 units to Person 1 (to compensate for the difference in value between Good A and Good B), and 40 units to Person 2 (to ensure a reasonable share of the money)

This allocation takes into account the values that each person places on the goods, ensuring that each person receives a fair share of the total value. Person 1 receives Good A, which they value highly, and a small amount of money to compensate for the difference in value between Good A and Good B. Person 2 receives Good B, which they value more highly than Person 1, and a larger share of the money to make up for not receiving Good A.

Please let me know if you have any feedback or if you'd like me to explain my thought process in more detail!",0,1,2,10,40
44,"What a fascinating problem! 

To determine a fair allocation, I will consider various methods and criteria, including efficiency, equity, and Pareto optimality.

**Method 1: Efficiency**

To maximize overall efficiency, I will allocate the goods to the person who values them the most. 

* Good A: Person 1 values it at 80, while Person 2 values it at 60. Allocate Good A to Person 1.
* Good B: Person 2 values it at 40, while Person 1 values it at 20. Allocate Good B to Person 2.

This allocation is efficient, as it maximizes the total value of the allocated goods (80 + 40 = 120).

**Method 2: Equity**

To ensure fairness, I will consider an equitable distribution of the goods and money. Since the total value of the goods (80 + 40 = 120) is greater than the total amount of money (50), I will prioritize allocating the goods first.

* Allocate Good A to Person 1, who values it more (80 > 60).
* Allocate Good B to Person 2, who values it more (40 > 20).

Now, let's allocate the money:

* Person 1 has received Good A, which is worth 80. Allocate 20 units of money to Person 2 to balance the difference in value (80 - 40 = 40).
* Person 2 has received Good B, which is worth 40. Allocate 10 units of money to Person 1 to balance the difference in value (40 - 20 = 20).

This allocation is equitable, as both individuals receive a total value of 80 (Person 1) and 50 (Person 2).

**Method 3: Pareto Optimality**

To achieve a Pareto optimal allocation, I will try to find an allocation where no individual can be made better off without making someone else worse off.

Let's analyze the possible allocations:

* If Person 1 receives Good A and Good B, Person 2 would be left with only money, which is worth less than the goods.
* If Person 2 receives Good A and Good B, Person 1 would be left with only money, which is worth less than the goods.
* If we allocate one good to each person (as in Method 1 and 2), we can adjust the money allocation to make one person better off without making the other worse off.

Based on the analysis, I will choose the allocation that maximizes the fairness and efficiency:

* Allocate Good A to Person 1, who values it more (80 > 60).
* Allocate Good B to Person 2, who values it more (40 > 20).
* Allocate 20 units of money to Person 2 to balance the difference in value (80 - 40 = 40).
* Allocate 10 units of money to Person 1 to balance the difference in value (40 - 20 = 20).

This allocation is Pareto optimal, as no individual can be made better off without making someone else worse off.

**Final Allocation**

After considering these methods, I propose the following allocation as the fairest:

* Person 1: Good A, 10 units of money
* Person 2: Good B, 20 units of money, 20 units of money (total: 40 units of money)

This allocation is efficient, equitable, and Pareto optimal, ensuring that both individuals receive a fair share of the goods and money.",0,1,2,10,40
45,"What a fascinating problem!

Before I propose an allocation, let's analyze the situation:

**Good A:** Person 1 values it more (80) than Person 2 (60).
**Good B:** Person 2 values it more (40) than Person 1 (20).
**Money:** We have 50 units, which can be divided between the two individuals.

To determine a fair allocation, I'll consider two principles: **efficiency** and **equity**.

**Efficiency:** Allocate goods to the person who values them most to maximize overall satisfaction.

**Equity:** Distribute the goods and money in a way that balances the total value received by each person.

Here's my proposal:

**Good A:** Allocate to Person 1, since they value it more (80).
**Good B:** Allocate to Person 2, since they value it more (40).
**Money:** Divide the 50 units between the two individuals to equalize their total values.

Let's calculate the total value for each person:

**Person 1:** Good A (80) + Money (30) = 110
**Person 2:** Good B (40) + Money (20) = 60

This allocation is efficient, as each good is allocated to the person who values it most. It's also relatively equitable, as Person 1 receives a total value of 110, and Person 2 receives a total value of 60, which is close to half of Person 1's total value.

The allocation could be fine-tuned by adjusting the money distribution to equalize the total values more closely. For example, we could allocate 35 units of money to Person 1 and 15 units to Person 2, making the total values:

**Person 1:** Good A (80) + Money (35) = 115
**Person 2:** Good B (40) + Money (15) = 55

However, this may not be necessary, as the initial allocation already provides a reasonable balance between efficiency and equity.

Of course, this is just one possible solution, and other allocations could also be considered fair, depending on the specific context and values of the individuals involved.",0,1,2,30,20
46,"What a fascinating problem! After carefully considering the values and options, I'll propose an allocation that I believe is fair. Here's my reasoning:

**Goods Allocation:**

1. Good A: Allocate to Person 1, as they value it the most (80).

Rationale: Person 1 values Good A significantly more than Person 2 (80 vs 60). Giving it to Person 1 ensures that the good goes to the person who values it the most.

2. Good B: Allocate to Person 2, as they value it more than Person 1 (40 vs 20).

Rationale: Similar to the previous decision, Person 2 values Good B more than Person 1. Allocating it to Person 2 ensures that the good goes to the person who values it more.

**Money Allocation:**

To balance out the allocation and ensure fairness, I'll allocate the money as follows:

1. Allocate 30 units of money to Person 2.

Rationale: By giving Good A to Person 1, Person 2 might feel that they're missing out on a more valuable good. Allocating 30 units of money to Person 2 helps to compensate for this perceived loss. This amount is chosen because it's roughly half of the total money available, which represents a reasonable balance.

2. Allocate 20 units of money to Person 1.

Rationale: This allocation ensures that Person 1 doesn't receive an unfairly large share of the goods and money. By giving them 20 units of money, they still benefit from the allocation, but not at the expense of Person 2.

**Final Allocation:**

1. Person 1: Good A, 20 units of money
2. Person 2: Good B, 30 units of money

This allocation takes into account the relative values of the goods for each person and attempts to balance out the distribution of both goods and money. It's a subjective decision, and different people might have different opinions on what constitutes a fair allocation. However, I believe this allocation is reasonable and reflects a fair compromise between the two individuals.",0,1,2,20,30
47,"What a fascinating problem! I'll do my best to determine a fair allocation. Here's my thought process:

**Step 1: Identify the most valuable good for each person**

For Person 1, Good A is worth 80, which is more than Good B (20). So, Good A is more valuable for Person 1.

For Person 2, Good B is worth 40, which is less than Good A (60). So, Good A is more valuable for Person 2 as well.

**Step 2: Allocate the most valuable good to each person**

Since Good A is more valuable for both individuals, I'll allocate it to the person who values it more. In this case, Person 1 values Good A more (80) than Person 2 (60). So, I'll allocate Good A to Person 1.

**Step 3: Allocate the remaining good and money**

Now, I have Good B and 50 units of money to allocate between Person 1 and Person 2. Person 2 values Good B more (40) than Person 1 (20). So, I'll allocate Good B to Person 2.

To ensure a fair allocation, I'll allocate some money to Person 1 to compensate for not receiving Good B. Since Person 1 values Good B at 20, I'll allocate 20 units of money to Person 1.

**Step 4: Finalize the allocation**

Here's the final allocation:

* Person 1: Good A (valued at 80) + 20 units of money
* Person 2: Good B (valued at 40) + 30 units of money ( remaining 50 - 20 allocated to Person 1)

This allocation seems fair because:

* Each person receives the good they value more.
* The total value received by each person is balanced: Person 1 receives a total value of 100 (80 from Good A + 20 from money), while Person 2 receives a total value of 70 (40 from Good B + 30 from money).

Of course, this is just one possible fair allocation, and there may be other valid solutions. I'd love to hear your thoughts on this allocation!",0,1,2,20,30
48,"What a fascinating problem! After careful consideration, I'd like to propose an allocation that I believe is fair and reasonable. Here's my solution:

**Good A:** Allocate Good A to Person 1.

Reasoning: Person 1 values Good A higher than Person 2, so it makes sense to give it to the individual who appreciates it more.

**Good B:** Allocate Good B to Person 2.

Reasoning: Similar to Good A, Person 2 values Good B higher than Person 1, so it's fair to give it to the individual who values it more.

**Money:** Allocate 30 units of money to Person 1 and 20 units to Person 2.

Reasoning: To balance out the difference in values, I'll allocate the money in a way that ensures both individuals end up with a similar total value. Person 1 received Good A, which is worth 80, and 30 units of money, making their total value 110. Person 2 received Good B, which is worth 40, and 20 units of money, making their total value 60. To even out the difference, I'll give Person 2 an additional 10 units of money, making their total value 70.

This allocation ensures that both individuals receive a fair share of the goods and money, considering their relative valuations. Person 1 gets the good they value more, and Person 2 gets the good they value more, with a monetary compensation to balance out the difference.

Final Allocation:

* Person 1: Good A, 30 units of money
* Person 2: Good B, 40 units of money
* Total Value: Person 1 - 110, Person 2 - 100",0,1,2,30,40
49,"What a fascinating problem! I'll do my best to come up with a fair allocation.

To start, let's analyze the values each person places on each good:

**Person 1:**

* Good A: 80
* Good B: 20

**Person 2:**

* Good A: 60
* Good B: 40

Since the goods are indivisible, we can't split them between the individuals. We need to decide who gets each good and how the 50 units of money will be allocated.

Here's my proposed allocation:

**Good A:** Allocate Good A to Person 1, as they value it more (80) than Person 2 (60).

**Good B:** Allocate Good B to Person 2, as they value it more (40) than Person 1 (20).

Now, let's allocate the 50 units of money. To ensure fairness, I'll divide the money between the two individuals based on the relative values they assigned to the goods.

**Money allocation:**

* Person 1 receives 30 units of money (60% of 50, as they value Good A more than Person 2)
* Person 2 receives 20 units of money (40% of 50, as they value Good B more than Person 1)

This allocation aims to balance the values each person places on the goods and the money. By giving Person 1 Good A and 30 units of money, they receive a total value of 80 + 30 = 110. Similarly, by giving Person 2 Good B and 20 units of money, they receive a total value of 40 + 20 = 60.

This allocation is not necessarily the only fair solution, but it attempts to account for the relative values each person assigns to the goods and the money.",0,1,2,30,20
50,"What a fascinating problem!

To determine a fair allocation, I'll consider various aspects, including individual preferences, efficiency, and distributive justice. Here's my reasoning:

**Initial Observations**

* Person 1 values Good A more than Good B, while Person 2 values Good B more than Good A.
* The total value of the goods is 80 + 20 = 100 for Person 1, and 60 + 40 = 100 for Person 2.
* The total money available (50 units) is equivalent to the value of one good.

**Possible Allocations**

After considering the above observations, I'll evaluate the following possible allocations:

**Allocation 1:** Give Good A to Person 1, Good B to Person 2, and distribute the money equally (25 units each).

* Person 1 gets 80 units of value (Good A) + 25 units of money = 105 units of value.
* Person 2 gets 40 units of value (Good B) + 25 units of money = 65 units of value.

**Allocation 2:** Give Good B to Person 1, Good A to Person 2, and distribute the money equally (25 units each).

* Person 1 gets 20 units of value (Good B) + 25 units of money = 45 units of value.
* Person 2 gets 60 units of value (Good A) + 25 units of money = 85 units of value.

**Allocation 3:** Give Good A to Person 1, and allocate the entire 50 units of money to Person 2.

* Person 1 gets 80 units of value (Good A) = 80 units of value.
* Person 2 gets 50 units of money = 50 units of value.

**Fairness Considerations**

Now, let's evaluate the fairness of each allocation:

**Allocation 1:** This allocation seems fair, as each person receives a good that they value highly, and an equal share of the money.

**Allocation 2:** This allocation is less fair, as Person 2 receives a significantly higher total value than Person 1.

**Allocation 3:** This allocation is also less fair, as Person 2 receives no goods, but a large amount of money, while Person 1 receives only Good A.

**Final Decision**

Based on my analysis, I believe **Allocation 1** is the fairest allocation:

* Give Good A to Person 1
* Give Good B to Person 2
* Distribute the 50 units of money equally between Person 1 and Person 2 (25 units each)

This allocation respects individual preferences, ensures efficiency (no goods are wasted), and distributes the money fairly. Both individuals receive a total value close to their maximum possible value, and the difference in total value between them is minimal.",0,1,2,25,25
51,"What a delightful problem! I'll do my best to come up with a fair allocation.

First, let's analyze the values each person places on each good:

1. Person 1 values Good A more than Good B (80 > 20).
2. Person 2 values Good B more than Good A (40 > 60), but not by as large a margin as Person 1.

Considering the values, here's a possible allocation:

**Good A**: Allocate Good A to Person 1, as they value it more (80 > 60). This leaves Person 2 with no Good A.

**Good B**: Allocate Good B to Person 2, as they value it more than Person 1 (40 > 20). This ensures Person 2 gets a good that is valued relatively highly by them.

Now, let's consider the money. Since the total money available (50 units) is worth as much as a good of the same value, I'll try to balance the allocation to ensure both individuals feel fairly treated.

**Money allocation**: Allocate 30 units of money to Person 2 to compensate for not receiving Good A. This brings their total value to 40 (Good B) + 30 (money) = 70, which is close to Person 1's total value of 80 (Good A).

The final allocation is:

* Person 1: Good A (80) + 20 units of money (20) = 100
* Person 2: Good B (40) + 30 units of money (30) = 70

This allocation attempts to balance the values and ensure both individuals feel fairly treated. Person 1 gets the good they value most, while Person 2 receives a good and a significant amount of money to make up for not getting Good A.",0,1,2,20,30
52,"What a fascinating problem! After careful consideration, I'll propose an allocation that I believe is fair and reasonable.

**Good A:**
Since Person 1 values Good A more than Person 2 (80 > 60), I think it's fair to allocate Good A to Person 1.

**Good B:**
Although Person 1 values Good B less than Person 2 (20 < 40), I'll allocate Good B to Person 2. This decision is motivated by the fact that Person 2 values Good B more relatively, and allocating it to them will result in a more balanced satisfaction of their preferences.

**Money Allocation:**
Now, let's consider the 50 units of money. To ensure fairness, I'll allocate the money in a way that tries to balance the total value each person receives from the allocation.

Person 1 receives Good A (valued at 80) and some money to compensate for not receiving Good B. Let's allocate 10 units of money to Person 1, which is equivalent to 10 units of value (since 1 unit of money is worth as much as 1 unit of value). This brings their total value to 80 (Good A) + 10 (money) = 90.

Person 2 receives Good B (valued at 40) and some money to compensate for not receiving Good A. Let's allocate 20 units of money to Person 2, which is equivalent to 20 units of value. This brings their total value to 40 (Good B) + 20 (money) = 60.

The remaining 20 units of money can be allocated to either person, but to maintain fairness, I'll split it equally between them. Each person receives an additional 10 units of money, which brings their total values to:

Person 1: 90 + 10 = 100
Person 2: 60 + 10 = 70

This allocation seems fair to me as it:

1. Respects the preferences of each person, allocating the goods to the person who values them more.
2. Provides a balanced total value to each person, with Person 1 receiving a slightly higher value due to their higher valuation of Good A.
3. Utilizes the entire 50 units of money available for allocation, ensuring that no valuable resource is wasted.

Of course, this is just one possible allocation, and different people may have different opinions on what constitutes a fair allocation.",0,1,2,20,30
53,"What a fascinating problem!

After careful consideration, I'll present my suggested allocation, which I believe is a fair one.

**Good A:**
Since Person 1 values Good A more than Person 2 (80 > 60), I will allocate Good A to Person 1.

**Good B:**
Similarly, since Person 2 values Good B more than Person 1 (40 > 20), I will allocate Good B to Person 2.

**Money Allocation:**
To balance out the difference in values, I will allocate some money to Person 2. Let's calculate the difference in values between the two individuals:

Person 1 receives Good A, which is worth 80 to them.
Person 2 receives Good B, which is worth 40 to them.

The difference in values is 80 - 40 = 40.

To compensate Person 2, I will allocate 40 units of money to them, leaving 10 units remaining (50 - 40 = 10). These 10 units will be allocated to Person 1.

**Final Allocation:**

* Good A: Allocated to Person 1
* Good B: Allocated to Person 2
* Money: Person 1 receives 10 units, Person 2 receives 40 units

This allocation seems fair because:

1. Each person receives a good that they value more than the other.
2. Person 2 is compensated for the difference in value between the two goods with a monetary allocation.
3. The total value of the goods and money allocated to each person is roughly balanced (80 + 10 = 90 for Person 1, and 40 + 40 = 80 for Person 2).

Of course, this is just one possible fair allocation, and there may be other reasonable alternatives.",0,1,2,10,40
54,"What a fascinating problem! Thank you for presenting it to me.

After careful consideration, I will propose an allocation that I believe is fair. Before I reveal my suggestion, let me outline the key aspects of the problem:

1. Two indivisible goods, Good A and Good B, need to be allocated between Person 1 and Person 2.
2. The goods have different values for each person.
3. A divisible resource, money, is available for allocation, with a total value of 50 units.
4. The goal is to determine a fair allocation, with no ""correct"" or ""incorrect"" answers.

Here's my proposed allocation:

**Good A:** Allocate Good A to Person 1, as they value it the most (80).

**Good B:** Allocate Good B to Person 2, as they value it more than Person 1 (40 > 20).

**Money:** Allocate 20 units of money to Person 2, to compensate for the difference in value between Good A and Good B for Person 2 (60 - 40 = 20).

**Rationale:**

1. By giving Good A to Person 1, we maximize the total value derived from Good A (80).
2. By giving Good B to Person 2, we maximize the total value derived from Good B (40).
3. By allocating 20 units of money to Person 2, we ""equalize"" the value difference between Good A and Good B for Person 2, ensuring a more balanced allocation.

This allocation seems fair because:

* Both persons receive a good that they value higher than the other good.
* The money allocation helps to compensate for the difference in value between the two goods, ensuring a more balanced outcome.

Of course, this is just one possible solution, and there may be other fair allocations depending on the context and additional constraints not mentioned in the problem. I'm eager to hear your thoughts and feedback!",0,1,2,0,20
55,"What a fascinating problem!

After considering the values that each person assigns to the goods and the available money, I'll propose an allocation that I believe is fair and reasonable. Here's my suggestion:

**Good A:** Allocate Good A to Person 1, since they value it the most (80). This allocation is fair because Person 1 is willing to ""pay"" more for Good A than Person 2 (80 > 60).

**Good B:** Allocate Good B to Person 2, since they value it more than Person 1 (40 > 20). This allocation is fair because Person 2 is willing to ""pay"" more for Good B than Person 1.

**Money:** To balance out the allocations and ensure a fair distribution of total value, I'll allocate 10 units of money to Person 1 and 20 units of money to Person 2.

The reasoning behind this monetary allocation is as follows:

* Person 1 receives Good A, which is worth 80 to them. By giving them 10 units of money, we're effectively ""compensating"" them for not receiving Good B, which is worth 20 to them. The total value they receive is 80 + 10 = 90.
* Person 2 receives Good B, which is worth 40 to them. By giving them 20 units of money, we're ""compensating"" them for not receiving Good A, which is worth 60 to them. The total value they receive is 40 + 20 = 60.

This allocation ensures that both persons receive a total value that is closer to their maximum possible value, given the constraints. Person 1 receives a total value of 90, which is close to their maximum possible value of 100 (80 + 20), while Person 2 receives a total value of 60, which is close to their maximum possible value of 100 (60 + 40).

Overall, this allocation balances out the values and ensures a fair distribution of goods and money between the two individuals.",0,1,2,10,20
56,"A classic problem of fair allocation!

After analyzing the values each person assigns to each good, I'll propose an allocation that I consider fair. Keep in mind that fairness can be subjective, and other allocations could also be argued as fair.

**Step 1: Identify the most valued good for each person**

Person 1 values Good A the most (80), and Person 2 also values Good A the most (60).

**Step 2: Allocate the most valued good to each person**

To ensure fairness, I'll allocate Good A to Person 1, as they value it the most. This leaves Good B, which is valued higher by Person 2 (40) than by Person 1 (20).

**Step 3: Allocate Good B**

To balance the allocation, I'll allocate Good B to Person 2, as they value it more than Person 1.

**Step 4: Allocate the monetary resource (50 units)**

To make the allocation more fair, I'll allocate a portion of the monetary resource to Person 1, as they didn't receive Good B. The amount allocated will be based on the difference in value between Good A and Good B for Person 1.

Person 1 values Good A at 80 and Good B at 20, so the difference is 60 (80 - 20). I'll allocate 30 units of money to Person 1, which is half of the difference (60 ÷ 2).

The remaining 20 units of money can be allocated to Person 2, as they didn't receive any monetary compensation.

**The proposed allocation:**

* Person 1: Good A, 30 units of money
* Person 2: Good B, 20 units of money

This allocation attempts to balance the values each person assigns to the goods and provides some monetary compensation to mitigate any perceived unfairness. However, it's essential to acknowledge that different people may have different notions of fairness, and alternative allocations could also be argued as fair.",0,1,2,30,20
57,"What a fascinating problem!

To determine a fair allocation, I'll consider various aspects, including the values each person assigns to the goods, the availability of money, and the indivisibility of the goods.

**Initial Observations**

* Person 1 values Good A more than Good B, while Person 2 values Good B more than Good A.
* The total value of the goods to Person 1 is 100 (80 + 20), while for Person 2, it's 100 (60 + 40).
* The available money (50 units) has the same value as a good of the same value for each individual.

**Possible Allocations**

1. **Give Good A to Person 1 and Good B to Person 2**: This allocation seems fair, as each person receives the good they value more.
	* Person 1 gets Good A (80) and 0 money.
	* Person 2 gets Good B (40) and 10 money (60 - 40 = 20, and 20 is equivalent to 10 money units).
2. **Give Good A to Person 2 and Good B to Person 1**: This allocation is also plausible, but might not be as fair.
	* Person 1 gets Good B (20) and 30 money (80 - 20 = 60, and 60 is equivalent to 30 money units).
	* Person 2 gets Good A (60) and 0 money.
3. **Don't allocate Good A and give Good B to Person 2**: This allocation is reasonable, as Person 2 values Good B more.
	* Person 1 gets 40 money (equivalent to Good B's value).
	* Person 2 gets Good B (40) and 10 money (50 - 40 = 10).

**Fairness Considerations**

* **Envy-freeness**: In Allocation 1, neither person envies the other's allocation. In Allocation 2, Person 1 might envy Person 2's allocation, as they receive Good A, which is more valuable to them. Allocation 3 is also envy-free.
* **Efficiency**: Allocation 1 is the most efficient, as both goods are allocated and the available money is fully utilized.

**Final Decision**

Based on these considerations, I propose Allocation 1:

* Give Good A to Person 1 and Good B to Person 2.

This allocation is fair, envy-free, and efficient. Both individuals receive the good they value more, and the available money is used to compensate for the difference in values.

Of course, this is just one possible allocation, and there may be other fair and reasonable allocations depending on additional context or criteria.",0,1,2,0,10
58,"A classic problem of fair allocation!

After careful consideration, I've decided on an allocation that I believe is fair, taking into account the values each person assigns to each good and the available money.

**Good A:** Since Person 1 values Good A more than Person 2 (80 > 60), I will allocate Good A to Person 1.

**Good B:** Since Person 2 values Good B more than Person 1 (40 > 20), I will allocate Good B to Person 2.

**Money:** To balance out the allocation and ensure fairness, I will allocate some money to Person 2 to compensate for the lower value of Good B compared to Good A. Let's calculate the difference in value between Good A and Good B for each person:

Person 1: Good A - Good B = 80 - 20 = 60
Person 2: Good B - Good A = 40 - 60 = -20 (negative value means they prefer Good B less than Good A)

To compensate Person 2, I will allocate 20 units of money to them, which is equivalent to the difference in value between Good A and Good B for them. This way, both persons receive a total value of 100 (Good A/B + money): Person 1 gets Good A (80) and no money, while Person 2 gets Good B (40) and 20 units of money.

**Final allocation:**

* Person 1: Good A (80)
* Person 2: Good B (40) and 20 units of money

This allocation ensures that both persons receive a fair share of the total value, taking into account their individual valuations of the goods and the available money.",0,1,2,0,20
59,"What a fascinating problem! Thank you for presenting it to me. After careful consideration, I'll propose an allocation that I believe is fair, taking into account the values and preferences of both individuals.

**Good Allocation:**

* Good A: Allocate to Person 1 (value: 80)
* Good B: Allocate to Person 2 (value: 40)

**Money Allocation:**

* Allocate 10 units of money to Person 2

Rationale:

1. **Good A**: Person 1 values Good A more than Person 2, so it's fair to allocate it to Person 1.
2. **Good B**: Person 2 values Good B more than Person 1, so it's fair to allocate it to Person 2.
3. **Money Allocation**: To balance out the allocation, I'll allocate some money to Person 2. Since Person 2 received Good B, which is worth 40 to them, I'll allocate 10 units of money to Person 2 to compensate for the difference in value between Good A and Good B. This way, Person 2 gets a total value of 40 (Good B) + 10 (money) = 50, which is closer to Person 1's value of 80 (Good A).

This allocation tries to balance out the values and preferences of both individuals, ensuring that each person receives a fair share of the goods and money. Person 1 gets the more valuable Good A, while Person 2 receives Good B and some money to compensate for the difference in value.

Please let me know if you'd like me to consider any alternative scenarios or if you have any questions about my reasoning!",0,1,2,0,10
60,"What an interesting problem! I'll do my best to come up with a fair allocation.

Before I start, let me outline the constraints:

1. Goods A and B are indivisible, and each can only be allocated to one person or not allocated at all.
2. The total amount of money to be allocated is 50 units.
3. The money is a divisible resource, and parts of it can be allocated to different agents.

To determine a fair allocation, I'll consider the values each person assigns to each good and the total amount of money available. Here's my thought process:

**Good A:**
Person 1 values Good A at 80, and Person 2 values it at 60. Since Person 1 values it more, it seems fair to allocate Good A to Person 1.

**Good B:**
Person 2 values Good B at 40, and Person 1 values it at 20. Here, Person 2 values it more, so I'll allocate Good B to Person 2.

**Money allocation:**
Now, let's allocate the 50 units of money. Since Person 1 received Good A, which is worth 80 to them, I'll allocate some money to Person 2 to balance out the allocation. I'll give 20 units of money to Person 2, as this brings their total allocation value closer to Person 1's. This leaves 30 units of money.

To maintain fairness, I'll allocate the remaining 30 units of money to Person 1, as they didn't receive Good B.

**Final allocation:**

* Good A: Allocated to Person 1
* Good B: Allocated to Person 2
* Money allocation:
	+ Person 1: 30 units
	+ Person 2: 20 units

This allocation ensures that both persons receive a significant portion of the total value. Person 1 receives Good A (worth 80) and 30 units of money, for a total value of 110. Person 2 receives Good B (worth 40) and 20 units of money, for a total value of 60. While the total values are not equal, this allocation seems fair considering the differences in values attached to each good by each person.

Please let me know if you'd like me to justify or revise my allocation!",0,1,2,30,20
61,"A classic problem in fair division!

After considering the values of both individuals for each good, I'll propose an allocation that I believe is a fair and reasonable solution.

**Goods Allocation:**

* Good A: Allocate to Person 1, since their value for Good A (80) is higher than Person 2's value (60).
* Good B: Allocate to Person 2, since their value for Good B (40) is higher than Person 1's value (20).

**Money Allocation:**

To balance out the difference in values and ensure a fair allocation, I'll allocate the money as follows:

* Person 1: 10 units of money (since they received Good A, which is worth 80, and their value for Good B is only 20, they ""gain"" 60 units of value; to balance this, they receive 10 units of money)
* Person 2: 40 units of money (since they received Good B, which is worth 40, and their value for Good A is 60, they ""lose"" 20 units of value; to balance this, they receive 40 units of money, which is equivalent to the value of Good A minus their value for Good B)

**Rationale:**

This allocation ensures that:

1. Each person receives a good that they value more than the other person.
2. The money allocation balances out the differences in values between the two individuals.
3. The total value of each person's allocation (good + money) is relatively similar: Person 1 receives Good A (80) + 10 units of money (total value: 90), while Person 2 receives Good B (40) + 40 units of money (total value: 80).

This allocation attempts to find a balance between the two individuals' values and ensures that neither person feels significantly disadvantaged. Of course, there may be other possible allocations that could be considered fair, but I believe this one is a reasonable solution.",0,1,2,10,40
62,"What a fascinating problem!

To determine a fair allocation, I'll consider various factors, including the individuals' values for each good, the divisibility of money, and the limited quantity of goods. Here's my approach:

**Step 1: Identify the most valued good for each person**

For Person 1, Good A (80) is more valuable than Good B (20).
For Person 2, Good A (60) is also more valuable than Good B (40).

**Step 2: Allocate the most valued goods**

To ensure fairness, I'll allocate the most valued good to each person. This way, each person gets their most preferred good.

* Allocate Good A to Person 1 (value: 80)
* Allocate Good B to Person 2 (value: 40)

**Step 3: Allocate the remaining money**

Now, we have 50 units of money left to allocate. I'll divide this amount in a way that balances the difference in values between the two individuals.

* Person 1 received Good A (value: 80) and has a remaining value of 20 (80 - 60, the value of Good A for Person 2).
* Person 2 received Good B (value: 40) and has a remaining value of 20 (60 - 40, the value of Good B for Person 2).

To balance these differences, I'll allocate the money as follows:

* 20 units of money to Person 1
* 30 units of money to Person 2

This allocation ensures that both individuals receive a total value of 100 (80 + 20 for Person 1, and 40 + 30 for Person 2).

**Final Allocation:**

* Good A: Allocate to Person 1
* Good B: Allocate to Person 2
* Money: 20 units to Person 1, 30 units to Person 2

This allocation seems fair, as it takes into account the individuals' values for each good and balances the differences using the divisible money resource.",0,1,2,20,30
63,"What an interesting problem!

After considering the values that Person 1 and Person 2 assign to each good, I'll propose an allocation that I believe is a fair one.

**Allocation:**

* Good A: Allocate to Person 1 (value: 80)
* Good B: Allocate to Person 2 (value: 40)
* Money: Allocate 10 units to Person 2 (to compensate for not getting Good A)

**Rationale:**

1. Good A: Person 1 values Good A higher (80) than Person 2 (60), so it's fair to allocate it to Person 1.
2. Good B: Person 2 values Good B higher (40) than Person 1 (20), so it's fair to allocate it to Person 2.
3. Money: Since Person 2 doesn't get Good A, which is valued higher by Person 1, I allocate 10 units of money to Person 2 to compensate for this difference. This way, Person 2 still receives a significant value from the allocation.

**Justification:**

This allocation is fair because it takes into account the relative values each person assigns to each good. Person 1 gets the good they value higher, and Person 2 gets the good they value higher, along with some monetary compensation to make up for not getting the more valuable good.

Additionally, this allocation is efficient, as both goods are allocated to someone, and the total value of the allocation is maximized.

Of course, this is just one possible allocation, and there may be other fair solutions depending on the context and any additional criteria that might be relevant.",0,1,2,0,10
64,"What a fascinating problem! After careful consideration, I'll propose an allocation that I believe is fair and reasonable. Here's my approach:

**Step 1: Identify the most valuable assignment of goods**

I'll look at the values each person attaches to each good:

* Person 1 values Good A at 80 and Good B at 20.
* Person 2 values Good A at 60 and Good B at 40.

The most valuable assignment of goods would be to give Good A to Person 1 (80) and Good B to Person 2 (40). This allocation maximizes the total value created, which is 80 + 40 = 120.

**Step 2: Consider the monetary allocation**

Now, I'll consider how to allocate the 50 units of money to ensure a fair distribution. Since the total value created by the goods allocation is 120, I'll aim to distribute the money in a way that complements the goods allocation.

**Option 1:** Allocate 30 units of money to Person 1 and 20 units to Person 2.

This allocation would give Person 1 a total value of 80 (Good A) + 30 (money) = 110, and Person 2 a total value of 40 (Good B) + 20 (money) = 60.

**Option 2:** Allocate 20 units of money to Person 1 and 30 units to Person 2.

This allocation would give Person 1 a total value of 80 (Good A) + 20 (money) = 100, and Person 2 a total value of 40 (Good B) + 30 (money) = 70.

**Fairness consideration**

While both options are plausible, I'll choose Option 1 as the fairest allocation. Here's why:

* Person 1 receives a larger allocation of money (30 units) to compensate for the larger value they attach to Good A (80).
* Person 2 receives a smaller allocation of money (20 units) but still receives a significant value from Good B (40).
* The total value created by the allocation is more balanced in Option 1, with Person 1 receiving 110 and Person 2 receiving 60. This difference in value is more proportionate to the values each person attaches to the goods.

Therefore, my proposed allocation is:

* Good A: Allocate to Person 1
* Good B: Allocate to Person 2
* Money: Allocate 30 units to Person 1 and 20 units to Person 2

This allocation balances the values created by the goods and money, and ensures a relatively fair distribution of the resources between the two individuals.",0,1,2,30,20
65,"What a fascinating problem! After careful consideration, I will propose an allocation that I believe is fair and reasonable, given the values and constraints provided.

Before I propose my allocation, let's analyze the situation:

1. Both individuals value Good A more than Good B.
2. Person 1 values Good A more than Person 2.
3. Person 2 values Good B more than Person 1.
4. The total value of the goods is 80 + 20 + 60 + 40 = 200.
5. The divisible resource (money) is worth 50 units, which is equivalent to 1/4 of the total value of the goods.

Here's my proposed allocation:

**Good A:** Allocate Good A to Person 1, as they value it the most (80).

**Good B:** Allocate Good B to Person 2, as they value it more than Person 1 (40 vs. 20).

**Money:** Allocate 30 units of money to Person 1, which is equivalent to their remaining value for Good B (20). This ensures that Person 1 doesn't feel disadvantaged by not receiving Good B.

The remaining 20 units of money can be allocated to Person 2, which is a nice bonus for them.

This allocation is fair for several reasons:

1. Both individuals receive a good that they value highly.
2. The allocation is envy-free, meaning neither person prefers the other's allocation.
3. The allocation is Pareto efficient, as it's impossible to make one person better off without making the other worse off.
4. The allocation takes into account the differing values of the goods for each individual.
5. The divisible resource (money) is used to complement the allocation of the indivisible goods, ensuring a more balanced outcome.

Of course, this is just one possible allocation, and there may be other fair and reasonable solutions. I'm excited to hear your thoughts on this!",0,1,2,30,20
66,"What a fascinating problem! I'll approach this by considering various allocation scenarios, keeping in mind the values and constraints provided.

**Initial Observations**

1. Person 1 values Good A more than Good B, while Person 2 values Good B more than Good A.
2. The total value of Good A for both individuals is 140 (80 + 60), and for Good B, it's 60 (20 + 40).
3. Since the goods are indivisible, I can only allocate one good to each person or not allocate it at all.

**Possible Allocation Scenarios**

**Scenario 1:**

* Allocate Good A to Person 1 (value: 80)
* Allocate Good B to Person 2 (value: 40)
* Allocate 10 units of money to Person 1 (value: 10)
* Allocate 40 units of money to Person 2 (value: 40)

Total value allocated: 170 (80 + 40 + 10 + 40)

**Scenario 2:**

* Allocate Good A to Person 1 (value: 80)
* Don't allocate Good B ( Person 2's value: 0)
* Allocate 30 units of money to Person 2 (value: 30)

Total value allocated: 110 (80 + 30)

**Scenario 3:**

* Allocate Good B to Person 2 (value: 40)
* Don't allocate Good A (Person 1's value: 0)
* Allocate 20 units of money to Person 1 (value: 20)
* Allocate 10 units of money to Person 2 (value: 10)

Total value allocated: 70 (40 + 20 + 10)

**Scenario 4:**

* Don't allocate Good A (Person 1's value: 0)
* Don't allocate Good B (Person 2's value: 0)
* Allocate 25 units of money to Person 1 (value: 25)
* Allocate 25 units of money to Person 2 (value: 25)

Total value allocated: 50 (25 + 25)

**Fairest Allocation**

After analyzing the scenarios, I believe the fairest allocation is **Scenario 1**. Here's why:

* Both individuals receive a good that they value positively.
* The total value allocated is the highest among all scenarios (170).
* The allocation is relatively balanced, with Person 1 receiving a total value of 90 (80 + 10) and Person 2 receiving a total value of 80 (40 + 40).

This allocation takes into account the different values that each person assigns to the goods and distributes the available money in a way that tries to equalize the total value received by each person.

Please let me know if you have any questions or if you'd like me to elaborate on my thought process!",0,1,2,10,40
67,"What a great problem!

To determine the fairest allocation, I'll consider various factors, including the values each person places on each good, the total value of the goods, and the available money. Here's my proposed allocation:

**Goods Allocation:**

* Good A: Allocate to Person 1 (Value: 80)
* Good B: Allocate to Person 2 (Value: 40)

**Money Allocation:**

* Person 1: 10 units of money (to compensate for not receiving Good B)
* Person 2: 20 units of money (to compensate for not receiving Good A, and to balance out the value differential)

Rationale:

1. **Efficiency**: Allocating Good A to Person 1 and Good B to Person 2 maximizes the total value of the allocation, as each person receives the good they value higher.
2. **Fairness**: By allocating the goods in this way, each person receives a total value of 80 (Person 1) and 60 (Person 2). To bridge the gap, I'll allocate money to each person to balance out the values.
3. **Money allocation**: Person 1 receives 10 units of money to compensate for not receiving Good B, which is worth 20 to them. This brings their total value to 90 (80 from Good A + 10 from money). Person 2 receives 20 units of money to compensate for not receiving Good A, which is worth 60 to them. This brings their total value to 60 (40 from Good B + 20 from money).
4. **Balance**: The money allocation ensures that the total value received by each person is relatively balanced. Person 1 receives a higher total value, but this is because they have a higher overall value for the goods.

This allocation attempts to strike a balance between efficiency, fairness, and balance. Of course, there may be other valid allocations, and the fairness of the allocation ultimately depends on the specific context and values of the individuals involved.",0,1,2,10,20
68,"What a fascinating problem! I'll have to rely on my understanding of fairness and economic principles to determine an allocation that I consider reasonable.

First, let's analyze the values each person places on each good:

**Person 1:**

* Good A: 80
* Good B: 20

**Person 2:**

* Good A: 60
* Good B: 40

From this, we can see that Person 1 values Good A more highly than Person 2, while Person 2 values Good B more highly than Person 1.

To determine a fair allocation, I'll consider two possible approaches:

**Approach 1: Allocating goods based on highest value**

* Allocate Good A to Person 1, since they value it the most (80).
* Allocate Good B to Person 2, since they value it the most (40).

This allocation would leave 50 units of money to be distributed. Since Person 1 values Good A more highly, I would allocate a larger amount of money to Person 2 to compensate for not receiving Good A. For example:

* Person 1: Good A, 10 units of money
* Person 2: Good B, 40 units of money

**Approach 2: Allocating goods based on efficiency and fairness**

* Allocate Good A to Person 1, since they value it the most (80).
* Allocate Good B to Person 1 as well, since they value it higher than Person 2 (20 > 0, if Person 2 didn't receive Good B).

This allocation would still leave 50 units of money to be distributed. In this case, I would allocate a larger amount of money to Person 2 to compensate for not receiving either good. For example:

* Person 1: Good A, Good B, 10 units of money
* Person 2: 40 units of money

After careful consideration, I would choose **Approach 1** as the fairest allocation. This allocation ensures that each person receives a good that they value highly, and the monetary compensation is distributed in a way that acknowledges the differences in value between the two individuals.

The final allocation would be:

* Person 1: Good A, 10 units of money
* Person 2: Good B, 40 units of money

This allocation seems fair, as it takes into account the individual values and preferences of both parties involved.",0,1,2,10,40
69,"A classic problem of fair allocation!

After considering the values each person attaches to each good, I'll propose an allocation that aims to be fair and efficient.

**Step 1: Identify the most valuable good for each person**

For Person 1, Good A is worth 80, which is higher than Good B (20). For Person 2, Good B is worth 40, which is higher than Good A (60).

**Step 2: Allocate the goods**

I will allocate Good A to Person 1, as they value it higher (80 vs 60). This leaves Good B, which is more valuable to Person 2, so I will allocate it to Person 2.

**Step 3: Allocate the money**

Now, let's consider the money allocation. Since Person 1 received Good A, which is worth 80, I'll allocate 20 units of money to Person 2 to compensate for not receiving Good A. This is because Person 2 values Good A at 60, and 20 units of money are equivalent to a good of value 20, which is close to the difference between Person 1's and Person 2's values for Good A (80 - 60 = 20).

To ensure a fair distribution of the remaining money, I'll allocate 15 units to Person 1 and 15 units to Person 2. This way, both individuals receive a share of the remaining money, proportional to their initial valuations.

**Final Allocation:**

* Person 1: Good A, 15 units of money
* Person 2: Good B, 20 units of money, 15 units of money

This allocation is fair because:

1. Each person receives a good that they value higher than the other good.
2. The money allocation compensates for the difference in values between the two individuals.
3. The total value of the allocation for each person is similar (80 + 15 = 95 for Person 1, and 40 + 35 = 75 for Person 2).

Of course, there are other possible allocations, and the notion of fairness can be subjective. However, this allocation seems reasonable and attempts to balance the values and preferences of both individuals.",0,1,2,15,35
70,"What a fascinating problem! I'll do my best to come up with a fair allocation.

Before I dive into the solution, let me summarize the problem:

* We have two indivisible goods, Good A and Good B, to be allocated between Person 1 and Person 2.
* The values of these goods to each person are:
	+ Person 1: Good A (80), Good B (20)
	+ Person 2: Good A (60), Good B (40)
* Additionally, there are 50 units of money available for allocation, which is equivalent in value to a good of the same value for each individual.
* The goal is to find a fair allocation of the goods and money.

To determine a fair allocation, I'll consider the following principles:

1. **Efficiency**: Allocate the goods and money in a way that maximizes the total value derived by both individuals.
2. **Equity**: Ensure that the allocation is fair and reasonable, taking into account the values each person assigns to the goods.
3. **Non-discrimination**: Treat both individuals equally, without bias towards one or the other.

With these principles in mind, here's my proposed allocation:

**Good A**: Allocate Good A to Person 1, as they value it the most (80). This ensures that Good A goes to the person who appreciates it the most.

**Good B**: Allocate Good B to Person 2, as they value it more than Person 1 (40 > 20). This also ensures that Good B goes to the person who values it more.

**Money**: To balance out the allocation, allocate 30 units of money to Person 2, and 20 units of money to Person 1. This decision is based on the fact that Person 2 receives Good B, which is worth less to them than Good A is to Person 1. The additional 10 units of money allocated to Person 2 help compensate for this difference.

Here's the final allocation:

* Person 1: Good A, 20 units of money
* Person 2: Good B, 30 units of money

This allocation satisfies the principles I outlined earlier:

* Efficiency: The total value derived by both individuals is maximized, as each good goes to the person who values it the most.
* Equity: The allocation is fair, as each person receives a good or money that reflects their relative values.
* Non-discrimination: Both individuals are treated equally, with no bias towards one or the other.

Of course, this is just one possible solution, and there may be other allocations that could be considered fair. I'd love to hear alternative solutions or critiques of my proposal!",0,1,2,20,30
71,"What a great problem! Determining a fair allocation of goods and money among individuals can be a challenging task, as fairness can be subjective and context-dependent. Here's one possible approach to determine a fair allocation:

**Step 1: Analyze the values of each good for each person**

From the given values, we can see that:

* Person 1 values Good A more than Good B (80 > 20).
* Person 2 values Good B more than Good A (40 > 60, but only slightly).

**Step 2: Identify the most valued goods for each person**

Based on the values, it's clear that:

* Person 1 values Good A the most (80).
* Person 2 values Good B the most (40).

**Step 3: Allocate the most valued goods**

To ensure fairness, let's allocate the most valued goods to each person:

* Give Good A to Person 1 (value: 80).
* Give Good B to Person 2 (value: 40).

This allocation is simple and respects the individuals' preferences.

**Step 4: Allocate the remaining money**

We still have 50 units of money to allocate. To distribute the money fairly, we can use the following principle: ""equalize the total value of goods and money received by each person, as much as possible.""

Person 1 received Good A (value: 80). Person 2 received Good B (value: 40). To balance the values, we can allocate some money to Person 2.

Let's allocate 20 units of money to Person 2 (value: 20). This brings Person 2's total value to 60 (40 + 20), which is closer to Person 1's total value of 80.

We still have 30 units of money left. To maintain fairness, we can allocate 15 units to each person, so they both receive an additional 15 units of money.

The final allocation is:

* Person 1: Good A (value: 80) + 15 units of money (value: 15) = Total value: 95
* Person 2: Good B (value: 40) + 20 units of money (value: 20) + 15 units of money (value: 15) = Total value: 75

This allocation is not perfect, but it attempts to balance the values received by each person. Person 1 values Good A more, so they receive a higher total value. Person 2 receives a combination of Good B and money to bring their total value closer to Person 1's.

Of course, this is just one possible approach to determining a fair allocation. Different principles, such as egalitarianism, utilitarianism, or libertarianism, might lead to alternative allocations.",0,1,2,15,35
72,"What a fascinating problem! After careful consideration, I'll propose an allocation that I believe is the fairest. Here's my reasoning:

**Good A Allocation:**
Since Person 1 values Good A more than Person 2 (80 > 60), I will allocate Good A to Person 1.

**Good B Allocation:**
Since Person 2 values Good B more than Person 1 (40 > 20), I will allocate Good B to Person 2.

**Money Allocation:**
To make the allocation more balanced and fair, I will allocate money to Person 2, as they received the good with lower value (Good B). I will allocate 20 units of money to Person 2, which is equivalent to the difference in value between Good A and Good B for Person 2 (60 - 40 = 20).

**Final Allocation:**

* Person 1: Good A, 0 units of money (total value: 80)
* Person 2: Good B, 20 units of money (total value: 60 + 20 = 80)

This allocation seems fair for several reasons:

1. **Efficiency:** Each good is allocated to the person who values it more.
2. **Balance:** The total value of the allocation is equal for both individuals (80).
3. **Compensation:** Person 2, who received the lower-valued good, is compensated with money to balance out the difference.

Of course, there may be other plausible allocations, and the concept of fairness can be subjective. However, based on the given information, this allocation appears to be a reasonable and balanced solution.",0,1,2,0,20
73,"What a delightful problem!

After analyzing the values that each person assigns to each good, I'll try to find a fair allocation that takes into account their relative preferences and the available divisible resource (money).

Here's my thought process:

** Goods Allocation **

Good A: Person 1 values it at 80, while Person 2 values it at 60. In order to prioritize the person who values it more, I'll allocate Good A to Person 1.

Good B: Person 2 values it at 40, while Person 1 values it at 20. In this case, I'll allocate Good B to Person 2.

** Money Allocation **

Now, let's allocate the 50 units of money. Since Person 2 didn't receive Good A, which they valued at 60, I'll compensate them with some money. I'll allocate 30 units of money to Person 2. This way, Person 2 receives a total value of 40 (Good B) + 30 (money) = 70, which is close to their value for Good A (60).

Person 1, who received Good A, already got a high-value allocation. To ensure a fair distribution, I'll allocate 20 units of money to Person 1, so they receive a total value of 80 (Good A) + 20 (money) = 100.

** Final Allocation **

Here's the fair allocation I propose:

* Good A: Person 1
* Good B: Person 2
* Money: Person 1 receives 20 units, Person 2 receives 30 units

This allocation takes into account the relative preferences of each person and distributes the goods and money in a way that tries to equalize their overall valuations. Of course, this is just one possible fair allocation, and other allocations could also be considered fair depending on the underlying fairness principles.",0,1,2,20,30
74,"A classic problem of fair division! 

After analyzing the values of both individuals, I will propose an allocation that I consider fair. Here's my reasoning:

**Good A**: Person 1 values Good A higher (80) than Person 2 (60), so it's reasonable to allocate Good A to Person 1.

**Good B**: Person 2 values Good B higher (40) than Person 1 (20), so it's reasonable to allocate Good B to Person 2.

Now, let's consider the monetary allocation. We have 50 units of money to allocate. To ensure fairness, we can allocate the money in a way that tries to equalize the total value each person receives.

**Monetary Allocation**: Person 1 receives Good A, which is worth 80 to them. Person 2 receives Good B, which is worth 40 to them. To make the total value more equal, we can allocate some money to Person 2 to bridge the gap.

Let's allocate 20 units of money to Person 2, which is worth 20 to them (as it's equivalent to a good of the same value). This brings Person 2's total value to 60 (40 from Good B + 20 from money).

Now, Person 1's total value is 80 (from Good A), and Person 2's total value is 60. To further equalize the values, we can allocate some money to Person 1. Let's allocate 10 units of money to Person 1, which is worth 10 to them.

The final allocation is:

* Person 1: Good A (80) + 10 units of money (10) = 90
* Person 2: Good B (40) + 20 units of money (20) = 60

In this allocation, Person 1 receives a total value of 90, and Person 2 receives a total value of 60. While the values are not identical, this allocation seems fair as it takes into account the relative values each person assigns to the goods and money.

Please note that this is just one possible allocation, and there may be other fair allocations depending on the specific context and criteria used to define fairness.",0,1,2,10,20
75,"What a fascinating problem! After carefully considering the values and preferences of both individuals, I'll propose an allocation that I believe is fair and reasonable.

First, let's analyze the values of each good for both individuals:

* Good A: Person 1 values it at 80, while Person 2 values it at 60. Person 1 has a higher value for Good A.
* Good B: Person 1 values it at 20, while Person 2 values it at 40. Person 2 has a higher value for Good B.

Considering these values, I'll allocate the goods as follows:

* Good A: Allocate it to Person 1, as they have a higher value for it.
* Good B: Allocate it to Person 2, as they have a higher value for it.

Now, let's allocate the 50 units of money. To ensure fairness, I'll distribute the money in a way that equalizes the total value each person receives from the allocation. Since Good A is allocated to Person 1, and Good B is allocated to Person 2, I'll give a portion of the money to Person 2 to compensate for the difference in values.

* Person 1: Receives Good A (valued at 80) and 0 units of money.
* Person 2: Receives Good B (valued at 40) and 20 units of money (to compensate for the difference in values, 80 - 60 = 20).

This allocation ensures that both individuals receive a total value of 80 units:

* Person 1: 80 (Good A)
* Person 2: 40 (Good B) + 20 (money) + 20 (compensating for the difference in values) = 80

This allocation is fair because it takes into account the relative values each individual places on the goods and the divisible resource (money). By allocating the goods to their highest-valued users and distributing the money to compensate for differences in values, I believe this allocation is a reasonable and fair solution.",0,1,2,0,20
76,"A classic problem of fair division!

After analyzing the values and the available resources, I will propose an allocation that I consider fair. Before I present my allocation, let's outline some principles that can guide our decision:

1. **Efficiency**: The allocation should not waste any resources, i.e., we should allocate all goods and money.
2. **Equity**: The allocation should be fair and reasonable, considering the values and preferences of both individuals.
3. **Non-envy**: No individual should prefer the allocation of the other person.

With these principles in mind, here is my proposed allocation:

**Good A**: Allocate Good A to Person 1, as they value it more (80 > 60).

**Good B**: Allocate Good B to Person 2, as they value it more (40 > 20).

**Money**: Allocate 30 units of money to Person 1 and 20 units of money to Person 2.

Here's my reasoning:

* By allocating Good A to Person 1 and Good B to Person 2, we are respecting their relative values and ensuring that each good is allocated to the person who values it more.
* The money allocation is designed to balance out the remaining utilities. Person 1 values Good A more, but Person 2 values Good B more. To compensate, we give more money to Person 1 to make up for the difference in utility. The exact amounts are chosen to ensure that the total allocation (good + money) is proportional to their relative values.

This allocation satisfies the principles outlined above:

* Efficiency: All goods and money are allocated.
* Equity: The allocation is fair, considering the values and preferences of both individuals.
* Non-envy: Neither person prefers the allocation of the other person.

Of course, there may be other allocations that could be considered fair, and the ""fairness"" of this allocation is subjective. However, based on the principles outlined above, I believe this allocation is a reasonable and fair solution to the problem.",0,1,2,30,20
77,"A classic problem in distributive justice and fairness!

After analyzing the values of both individuals for each good, I'll propose an allocation that attempts to balance fairness, efficiency, and individual satisfaction.

**Initial Observations:**

1. Person 1 values Good A more than Good B, while Person 2 values Good B more than Good A.
2. The total value of both goods for Person 1 is 100 (80 + 20), while for Person 2, it's 100 as well (60 + 40).
3. The available money (50 units) can be used to compensate individuals who don't receive a good or to supplement the allocation of goods.

**Proposed Allocation:**

To ensure fairness and efficiency, I'll allocate the goods and money as follows:

* Good A: Allocate to Person 1, since they value it more (80 > 60).
* Good B: Allocate to Person 2, since they value it more (40 > 20).
* Money (50 units): Divide it equally between both individuals, as they have similar total values for both goods (100 each). Allocate 25 units to Person 1 and 25 units to Person 2.

**Rationale:**

1. By allocating Good A to Person 1 and Good B to Person 2, we're ensuring that each individual receives a good that they value more than the other.
2. Dividing the money equally between both individuals ensures that neither person feels unfairly treated. This also acknowledges that both individuals have similar total values for both goods.
3. This allocation is efficient, as it allocates all available resources (goods and money) without wasting any.

**Alternative Allocations:**

Other possible allocations could be:

* Allocate Good A to Person 1 and Good B to Person 2, but give more money to Person 2 to compensate for the difference in values (e.g., 35 units to Person 2 and 15 units to Person 1).
* Allocate both goods to Person 1, but give all 50 units of money to Person 2 as compensation.

However, these alternatives might not be as fair and efficient as the proposed allocation.

**Conclusion:**

The proposed allocation is a fair and efficient way to distribute the goods and money among Person 1 and Person 2. It takes into account the differences in their values for each good and ensures that both individuals feel fairly treated.",0,1,2,25,25
78,"What a fascinating problem! I'll do my best to determine a fair allocation, considering the values and constraints provided.

To start, let's summarize the values:

**Person 1:**

* Good A: 80
* Good B: 20

**Person 2:**

* Good A: 60
* Good B: 40

We have two indivisible goods and 50 units of divisible money. Our goal is to find a fair allocation that satisfies both individuals.

Here's my proposed allocation:

**Good A:** Allocate Good A to Person 1, as they value it the most (80). This allocation makes sense, as Person 1 derives more value from Good A than Person 2.

**Good B:** Allocate Good B to Person 2, as they value it more than Person 1 (40 > 20). This allocation is fair, as Person 2 benefits more from Good B than Person 1.

**Money:** To balance the allocations, we can allocate money to Person 2, as they didn't receive Good A, which has a higher value. Let's allocate 20 units of money to Person 2. This brings Person 2's total value to 60 (Good B) + 20 (money) = 80, similar to Person 1's value from Good A (80).

The final allocation is:

**Person 1:** Good A (80)

**Person 2:** Good B (40), 20 units of money (20)

This allocation seems fair, as both individuals receive a total value of 80. Person 1 gets the good they value most, and Person 2 receives a good and money that together match the value they would have received from Good A. The allocation also respects the constraints, as no good is allocated to more than one person, and the total money allocated doesn't exceed 50 units.

Of course, there might be other reasonable allocations, and the concept of fairness can be subjective. However, this allocation appears to be a fair and reasonable solution, given the provided values and constraints.",0,1,2,0,20
79,"What a delightful problem!

After analyzing the values of each person for each good, I'll present my thought process and propose an allocation that I consider fair.

**Initial Observations**

1. Person 1 values Good A more than Person 2, while Person 2 values Good B more than Person 1.
2. The total value of both goods for Person 1 is 100 (80 + 20), while for Person 2, it's 100 (60 + 40).
3. The available money, 50 units, can be used to compensate one person if they don't receive a good.

**Allocation Strategies**

To ensure fairness, I'll consider two strategies:

**Strategy 1: Efficient Allocation**

* Assign Good A to Person 1, since they value it more (80 > 60).
* Assign Good B to Person 2, since they value it more (40 > 20).

This allocation is efficient, as each good is given to the person who values it more.

**Strategy 2: Monetary Compensation**

* Assign Good A to Person 1, as in Strategy 1.
* Assign Good B to Person 1 as well, since they have the highest total value for both goods (100).
* Compensate Person 2 with 30 units of money ( Person 2's value for Good B, 40, minus Person 1's value for Good B, 20). This way, Person 2 is not left empty-handed and receives some compensation.

**Final Allocation**

After considering both strategies, I propose the following allocation:

* Good A: Person 1
* Good B: Person 1
* Monetary Compensation: 30 units to Person 2

This allocation is fair because:

1. It is efficient, as each good is given to the person who values it more.
2. Person 2 receives compensation for not receiving Good B, which recognizes their value for the good.
3. The allocation does not favor one person over the other; both individuals receive a fair share of the total value.

Please note that this is just one possible fair allocation, and different approaches can lead to alternative fair allocations. The goal is to find a solution that balances the values and preferences of both individuals.",0,1,1,0,30
80,"What a fascinating problem! After considering the values and preferences of both individuals, I will propose an allocation that I believe is fair. Here's my reasoning:

**Good A:**
Person 1 values Good A at 80, while Person 2 values it at 60. Since Person 1 has a higher value for Good A, I think it's fair to allocate Good A to Person 1.

**Good B:**
Person 1 values Good B at 20, while Person 2 values it at 40. Since Person 2 has a higher value for Good B, I think it's fair to allocate Good B to Person 2.

**Money Allocation:**
Now, let's consider the money allocation. Since we want to achieve a fair allocation, we can try to balance the total value each person receives. Person 1 received Good A, which is worth 80 to them. Person 2 received Good B, which is worth 40 to them. To balance the values, I propose allocating 20 units of money to Person 2, which is equivalent to half of the value of Good A. This brings the total value received by Person 2 to 60 (40 from Good B + 20 from money).

**Final Allocation:**

* Person 1: Good A (worth 80) and 0 units of money
* Person 2: Good B (worth 40) and 20 units of money (worth 20)

This allocation ensures that both individuals receive a total value of 80, which is the highest possible value achievable with the given goods and money. Additionally, it takes into account the relative values each person attaches to each good.

Note that there are other possible allocations, and the concept of fairness can be subjective. However, I believe this allocation is a reasonable and fair solution, considering the values and preferences of both individuals.",0,1,2,0,20
81,"What a fascinating problem!

After considering the values of each person for each good, I'll try to find a fair allocation. Here's my thought process:

**Step 1: Identify the most valuable good for each person**

Person 1 values Good A the most (80), and Person 2 also values Good A the most (60).

**Step 2: Assign the most valuable good to each person**

To ensure fairness, I'll allocate Good A to Person 1, as they value it more. This leaves Good B for Person 2, as they value it higher than Person 1.

**Step 3: Distribute the money**

Now, I'll allocate the money to compensate for any potential unfairness. Since Person 2 didn't get their most valued good (Good A), I'll allocate some money to them to make up for it. Let's calculate the difference in value between Good A and Good B for Person 2: 60 (Good A) - 40 (Good B) = 20.

To compensate Person 2, I'll allocate 20 units of money to them, which is equivalent to the value difference.

**Final allocation:**

* Good A: Allocated to Person 1
* Good B: Allocated to Person 2
* Money: 20 units to Person 2, 30 units to Person 1 (remaining 50 - 20 = 30)

This allocation seems fair because:

1. Each person receives the good they value more.
2. Person 2 is compensated for not getting their most valued good with an equivalent amount of money.
3. Person 1 still receives a significant amount of money, considering they got their most valued good.

Of course, this is just one possible solution, and other fair allocations could be argued. But this one seems to strike a balance between the values and preferences of both individuals.",0,1,2,30,20
82,"What a fascinating problem!

To determine a fair allocation, I'll consider various factors, including the individuals' values for each good, the total value of the money available, and the goal of maximizing overall satisfaction or fairness.

Here's a step-by-step analysis:

1. **Good A**: Person 1 values Good A higher than Person 2 (80 vs 60). To ensure fairness, I'll assign Good A to Person 1, as they have a higher valuation for it.
2. **Good B**: Person 2 values Good B higher than Person 1 (40 vs 20). Similarly, I'll assign Good B to Person 2, as they have a higher valuation for it.

Now, let's consider the allocation of the 50 units of money:

3. **Money allocation**: The total value of the money is 50 units, which is equivalent to a good of the same value for each individual. To distribute the money fairly, I'll aim to allocate it in a way that reduces the difference in overall values between the two individuals.

After allocating Good A to Person 1 and Good B to Person 2, the current values are:

* Person 1: 80 (Good A) + 0 (Good B) = 80
* Person 2: 0 (Good A) + 40 (Good B) = 40

To reduce the difference, I'll allocate the money to Person 2, who currently has a lower total value. I'll assign 20 units of money to Person 2, making their total value:

* Person 2: 0 (Good A) + 40 (Good B) + 20 (money) = 60

Now, the values are:

* Person 1: 80
* Person 2: 60

The remaining 30 units of money can be allocated to Person 1 to further reduce the difference:

* Person 1: 80 + 30 (money) = 110
* Person 2: 60

The final allocation is:

* Person 1: Good A, 30 units of money
* Person 2: Good B, 20 units of money

This allocation considers the individuals' values for each good and attempts to equalize their overall satisfaction by distributing the money in a way that reduces the difference in their total values. Of course, this is just one possible solution, and different allocations could also be argued as fair.",0,1,2,30,20
83,"A classic problem of resource allocation!

After analyzing the preferences of both individuals, I will propose an allocation that I consider fair. Here's my reasoning:

**Good A:**
Person 1 values Good A at 80, while Person 2 values it at 60. Since Person 1 has a higher valuation, I will allocate Good A to Person 1.

**Good B:**
Person 1 values Good B at 20, while Person 2 values it at 40. Since Person 2 has a higher valuation, I will allocate Good B to Person 2.

**Money Allocation:**
To compensate for the differences in valuation and ensure a fair allocation, I will allocate the 50 units of money as follows:

* Person 1 receives 20 units of money, which is equivalent to the value of Good B for them. This way, Person 1 is compensated for not receiving Good B, which they valued at 20.
* Person 2 receives 30 units of money, which is the difference between their valuation of Good A (60) and Good B (40). This compensation ensures that Person 2 is not worse off than if they had received Good A, which they valued at 60.

The final allocation is:

* Person 1: Good A, 20 units of money
* Person 2: Good B, 30 units of money

This allocation is fair because:

1. Each person receives a good that they value higher than the other.
2. The money allocation compensates for the differences in valuation, ensuring that both individuals are satisfied with their allocation.
3. The total value of the allocation (goods + money) for each person is similar: Person 1 receives a total value of 100 (Good A + 20 units of money), while Person 2 receives a total value of 100 (Good B + 30 units of money).

Of course, there may be other allocations that could be considered fair, but this is my proposed solution based on the given preferences.",0,1,2,20,30
84,"A classic problem of fair division!

To determine a fair allocation, I'll consider various factors, including efficiency, fairness, and envy-freeness. Here's my proposed allocation:

**Goods Allocation:**

* Good A: Allocate to Person 1, since they value it higher (80) than Person 2 (60).
* Good B: Allocate to Person 2, since they value it higher (40) than Person 1 (20).

**Money Allocation:**

To balance out the differences in values, I'll allocate some money to Person 2 to compensate for not receiving Good A.

* Person 1: Receive 0 units of money, as they got the more valuable Good A.
* Person 2: Receive 20 units of money, which is equivalent to the difference in values between Good A and Good B for Person 2 (60 - 40 = 20).

This allocation ensures:

1. **Efficiency**: Both goods are allocated, and the total value of the goods and money allocated is maximized.
2. **Fairness**: Each person receives a bundle (good and/or money) that is worth at least as much as the other person's bundle.
3. **Envy-freeness**: Neither person envies the other's allocation, as they both receive a bundle that is at least as valuable to them as the other person's bundle.

This allocation is fair because it takes into account the differences in values between the two individuals and balances them out using the divisible money resource.",0,1,2,0,20
85,"A classic problem of fair allocation! Thank you for presenting this scenario. After careful consideration, I will propose an allocation that I believe is fair and reasonable, taking into account the values and preferences of both individuals.

**Initial Observations**

* Person 1 values Good A more than Good B, while Person 2 values Good B more than Good A.
* The total value of Good A for both individuals is 140 (80 + 60), and for Good B, it's 60 (20 + 40).
* There are 50 units of money available, which can be used to complement the allocation of goods.

**Proposed Allocation**

To ensure a fair allocation, I will consider the following steps:

1. **Allocate Good A**: Since Person 1 values Good A more than Person 2, I will allocate Good A to Person 1. This allocation is worth 80 units to Person 1.
2. **Allocate Good B**: Person 2 values Good B more than Person 1, so I will allocate Good B to Person 2. This allocation is worth 40 units to Person 2.
3. **Monetary Allocation**: To balance the allocations, I will allocate 10 units of money to Person 2, as they received a lower-value good (Good B). This brings Person 2's total allocation value to 50 units (40 from Good B + 10 from money).

The resulting allocation is:

* Person 1: Good A (worth 80 units)
* Person 2: Good B (worth 40 units) + 10 units of money (total worth 50 units)

**Rationale**

This allocation is fair because:

* Both individuals receive a good that they value, and the allocations are based on their relative preferences.
* The monetary allocation helps to equalize the total value received by each individual, ensuring that both receive a similar overall value (80 units for Person 1 and 50 units for Person 2).
* The allocation is efficient, as both goods are allocated, and no good is thrown away.

While there may be other possible allocations, I believe this proposal strikes a reasonable balance between fairness, efficiency, and the values and preferences of both individuals involved.",0,1,2,0,10
86,"What a fascinating problem!

After analyzing the values assigned to each good by both individuals, I will attempt to allocate the goods and money in a way that I consider fair. Here's my proposal:

**Goods Allocation:**

* Good A: Assign to Person 1 (value: 80)
* Good B: Assign to Person 2 (value: 40)

**Money Allocation:**

* 20 units of money to Person 2
* 30 units of money to Person 1

Rationale:

1. Good A: Person 1 values Good A the most (80), so it's fair to assign it to them.
2. Good B: Person 2 values Good B more than Person 1 (40 > 20), so it's fair to assign it to them.
3. Money Allocation: To balance the remaining value, I'll allocate money to each person. Person 2 receives 20 units, which is equivalent to the value of Good B, to compensate for not getting Good A. Person 1 receives 30 units, which is equivalent to the difference between the value of Good A and Good B (80 - 20 = 60).

This allocation attempts to distribute the goods and money in a way that takes into account the relative values each person assigns to each good. It ensures that each person receives a bundle of goods and money that is valued similarly by them.

Please note that this is just one possible allocation, and other approaches could also be considered fair depending on the principles and values used to judge fairness.",0,1,2,30,20
87,"What a great problem! I love fairness exercises like this.

After analyzing the values of both individuals for each good, I'll propose an allocation that I consider fair. Keep in mind that fairness can be subjective, and this is just one possible solution.

**Good A:**
Person 1 values Good A at 80, while Person 2 values it at 60. Since Person 1 values it more, I will allocate Good A to Person 1.

**Good B:**
Person 1 values Good B at 20, while Person 2 values it at 40. Since Person 2 values it more, I will allocate Good B to Person 2.

**Money Allocation:**
To balance out the allocation, I will distribute the 50 units of money as follows:

* Person 1 receives 20 units of money, which is equivalent to Good B's value for them. This way, Person 1 gets a total value of 80 (Good A) + 20 (money) = 100.
* Person 2 receives 30 units of money, which is equivalent to the difference between their value for Good B and Good A (40 - 60 = 20, plus 10 more to make it 30). This way, Person 2 gets a total value of 60 (Good A's value for them, which they didn't get) + 30 (money) + 40 (Good B) = 130.

This allocation seems fair to me because:

1. Each person receives a good that they value more than the other person.
2. The money allocation is designed to balance out the total value received by each person, taking into account their individual valuations.

However, I must admit that this is just one possible solution, and there might be other allocations that could be considered fair depending on the specific context or fairness criteria.",0,1,2,20,30
88,"A classic problem of fair division!

To determine a fair allocation, let's consider a few principles:

1. **Efficiency**: We want to allocate the goods and money in a way that maximizes the total value to both individuals.
2. **Fairness**: We want to ensure that the allocation is perceived as fair by both individuals, taking into account their relative valuations of the goods and money.
3. **Envy-freeness**: No individual should prefer the allocation of the other person to their own.

After analyzing the valuations, here's a potential allocation that I consider to be fair:

**Good A**: Allocate Good A to Person 1, since they value it higher (80) than Person 2 (60).

**Good B**: Allocate Good B to Person 2, since they value it higher (40) than Person 1 (20).

**Money**: To balance the allocation, allocate 20 units of money to Person 2 and 30 units of money to Person 1.

Here's the reasoning behind this allocation:

* By giving Good A to Person 1, we ensure that they receive an item of high value to them.
* By giving Good B to Person 2, we ensure that they receive an item of high value to them, and we also balance the allocation by giving them a good of lower value than Good A.
* The money allocation helps to balance the total value received by each individual. Person 2 receives a total value of 40 (Good B) + 20 (money) = 60, which is close to Person 1's total value of 80 (Good A) + 30 (money) = 110.

This allocation satisfies the principles of efficiency, fairness, and envy-freeness:

* Efficiency: The total value of the allocation is maximized, as both goods and money are allocated to the individuals who value them most.
* Fairness: The allocation takes into account the relative valuations of both individuals, ensuring that each individual receives a fair share of the total value.
* Envy-freeness: Neither individual prefers the allocation of the other person to their own.

Of course, this is not the only possible fair allocation, and different people may have different opinions on what constitutes a fair allocation. However, this allocation seems to be a reasonable and balanced solution.",0,1,2,30,20
89,"What a fascinating problem!

To determine a fair allocation, I'll consider various allocation scenarios and evaluate their fairness based on individual utilities and the total value generated. Since the goods are indivisible, I'll focus on finding an allocation that optimizes the overall fairness and efficiency.

**Scenario 1: Allocate Good A to Person 1 and Good B to Person 2**
Person 1 gets Good A (value: 80) and 0 units of money.
Person 2 gets Good B (value: 40) and 0 units of money.

This allocation is not ideal, as Person 1 has a higher value for Good A, but Person 2's value for Good B is not fully utilized.

**Scenario 2: Allocate Good A to Person 2 and Good B to Person 1**
Person 1 gets Good B (value: 20) and 0 units of money.
Person 2 gets Good A (value: 60) and 0 units of money.

This allocation is also not optimal, as Person 2's value for Good A is lower than Person 1's, and Person 1's value for Good B is not fully utilized.

**Scenario 3: Allocate Good A to Person 1 and some money to Person 2**
Person 1 gets Good A (value: 80) and 0 units of money.
Person 2 gets 20 units of money (value: 20) and 0 goods.

This allocation seems more promising, as Person 1 gets the good they value most, and Person 2 receives some compensation in the form of money.

**Scenario 4: Allocate Good B to Person 2 and some money to Person 1**
Person 1 gets 30 units of money (value: 30) and 0 goods.
Person 2 gets Good B (value: 40) and 10 units of money (value: 10).

This allocation is also reasonable, as Person 2 gets the good they value more, and Person 1 receives some compensation in the form of money.

After considering these scenarios, I propose the following allocation as the fairest:

**Final Allocation:**
Person 1 gets Good A (value: 80) and 10 units of money (value: 10).
Person 2 gets 20 units of money (value: 20) and Good B (value: 40).

This allocation takes into account the individual values for each good and the available money. Person 1 gets the good they value most and some additional compensation in money. Person 2 receives a good that they value relatively highly and some money to compensate for not getting Good A.

This allocation seems fair because:

* Both individuals receive a good or money that matches their highest value.
* The total value generated is maximized (80 + 20 + 40 + 10 = 150).
* The allocation is Pareto efficient, meaning that no other allocation can make one person better off without making the other person worse off.

Of course, alternative allocations can be argued to be fair as well, but this solution strives to balance individual utilities and maximize overall value.",0,1,2,10,20
90,"What a fascinating problem! I'll do my best to determine a fair allocation of the goods and money.

First, let's analyze the situation:

**Good A:**
Person 1 values Good A at 80, while Person 2 values it at 60. Since the goods are indivisible, I must allocate Good A to one person or throw it away.

**Good B:**
Person 1 values Good B at 20, while Person 2 values it at 40. Similar to Good A, I must allocate Good B to one person or throw it away.

**Money:**
There are 50 units of money available, which can be divided between Person 1 and Person 2.

To determine a fair allocation, I'll consider the following principles:

1. **Efficiency:** Allocation should maximize the total value generated.
2. **Fairness:** Allocation should be balanced and respectful of both individuals' preferences.
3. **Equity:** Allocation should not unfairly favor one person over the other.

After careful consideration, I propose the following allocation:

**Good A:** Allocate to Person 1, as they value it more (80) than Person 2 (60).
**Good B:** Allocate to Person 2, as they value it more (40) than Person 1 (20).
**Money:** Divide the 50 units of money between Person 1 and Person 2 to compensate for any perceived unfairness.

Here's a possible allocation of the money:

* Person 1: 20 units of money (to compensate for not receiving Good B)
* Person 2: 30 units of money (to compensate for not receiving Good A, and to balance out the allocation)

This allocation ensures:

* Efficiency: The total value generated is maximized, as both goods are allocated to the person who values them more.
* Fairness: Both individuals receive a good and some money, ensuring a balanced allocation.
* Equity: While Person 1 receives Good A, Person 2 receives Good B and a larger share of the money, which helps to balance out the allocation.

Of course, this is just one possible allocation, and there may be other reasonable solutions. However, based on the principles of efficiency, fairness, and equity, I believe this allocation is a fair and reasonable solution to the problem.",0,1,2,20,30
91,"A classic problem in fairness and resource allocation!

After analyzing the values and preferences of both individuals, I'll propose an allocation that I consider fair. Here's my reasoning:

**Goods Allocation:**

1. Good A: Allocate to Person 1, as their value for Good A (80) is higher than Person 2's value (60).
2. Good B: Allocate to Person 2, as their value for Good B (40) is higher than Person 1's value (20).

**Money Allocation:**

To balance out the allocation and ensure fairness, I'll allocate some money to Person 2. Since Person 1 received Good A, which has a higher value, I'll allocate a proportionate amount of money to Person 2.

Let's calculate the total value received by each person:

Person 1: Good A (80) = 80
Person 2: Good B (40) + Money (?) = ?

To equalize the total values, I'll allocate money to Person 2 such that their total value is close to Person 1's total value.

Person 2: Good B (40) + Money (40) = 80

Now, I'll allocate 40 units of money to Person 2, leaving 10 units of money unallocated.

**Final Allocation:**

* Good A: Person 1
* Good B: Person 2
* Money: 40 units to Person 2, 10 units unallocated

This allocation is fair because:

1. Both individuals receive a good that they value highly.
2. The total value received by each person is roughly equal (80 for Person 1 and 80 for Person 2).
3. The allocation of money helps to balance out the differences in values between the two individuals.

Of course, there are many possible allocations, and this is just one possible solution. I'm interested in hearing your thoughts and feedback on this allocation!",0,1,2,0,40
92,"A classic problem of fair allocation!

To determine the fairest allocation, I'll consider various factors, including:

1. Efficiency: Maximizing the total value created by the allocation.
2. Envy-freeness: Ensuring that no individual prefers another's allocation to their own.
3. Equality: Distributing the resources fairly and impartially.
4. Individual rationality: Ensuring that each individual's allocation is at least as good as not receiving any goods or money.

After analyzing the problem, I propose the following allocation:

**Goods Allocation:**

* Good A: Allocate to Person 1, as they value it higher (80) than Person 2 (60).
* Good B: Allocate to Person 2, as they value it higher (40) than Person 1 (20).

**Money Allocation:**

* Allocate 30 units of money to Person 2, as they have a lower total value of goods (60 + 40 = 100) compared to Person 1 (80 + 20 = 100). This helps to balance the overall utility between the two individuals.
* Allocate 20 units of money to Person 1, to ensure they also receive a fair share of the monetary resource.

Justification:

* Efficiency: The allocation maximizes the total value created, as each good is allocated to the individual who values it more.
* Envy-freeness: Neither individual prefers the other's allocation, as each receives the good they value more and a fair share of money.
* Equality: The allocation balances the overall utility between the two individuals, with each receiving a similar total value (Good A + Good B + Money).
* Individual rationality: Each individual's allocation is at least as good as not receiving any goods or money, as they receive a good and a portion of the monetary resource.

This allocation is a reasonable and fair compromise, considering the constraints and individual preferences.",0,1,2,20,30
93,"What a fascinating problem!

After analyzing the values of both individuals, I'll present my reasoning and propose an allocation that I consider fair.

**Observations:**

1. Person 1 values Good A more than Good B, while Person 2 values Good B more than Good A.
2. The total value of Good A for both individuals is 80 + 60 = 140.
3. The total value of Good B for both individuals is 20 + 40 = 60.
4. The total money available is 50 units, which can be used to compensate individuals for not receiving a good.

**Fairness considerations:**

To ensure fairness, I'll aim to maximize the total value generated by the allocation, while also considering the individual values and fairness norms like envy-freeness (no one prefers the allocation of another) and Pareto efficiency (no other allocation can make someone better off without making someone else worse off).

**Proposed allocation:**

1. Allocate Good A to Person 1, as they value it higher (80 > 60).
2. Allocate Good B to Person 2, as they value it higher (40 > 20).
3. Allocate 20 units of money to Person 2, as a compensation for not receiving Good A, which they valued at 60. This amount is 40% of the total money available, roughly proportional to the value they assigned to Good A (60/140 ≈ 0.43).

**Rationale:**

By allocating Good A to Person 1 and Good B to Person 2, we maximize the total value generated (80 + 40 = 120). The allocation of money to Person 2 ensures that they receive some compensation for not getting Good A, which they valued relatively highly. This allocation is envy-free, as each person prefers their own allocation to the other's. Additionally, it is Pareto efficient, as no other allocation can make someone better off without making someone else worse off.

**Alternative allocations:**

Other possible allocations could be:

* Allocate Good A to Person 2 and Good B to Person 1, with some monetary compensation to Person 1. However, this would lead to a lower total value generated (60 + 20 = 80).
* Allocate one good to each person and split the money. However, this would not maximize the total value generated, and the monetary allocation would be more arbitrary.

In conclusion, my proposed allocation aims to strike a balance between maximizing the total value generated and ensuring fairness by providing compensation to Person 2 for not receiving Good A.",0,1,2,0,20
94,"What a fascinating problem! After careful consideration, I've come up with an allocation that I believe is fair and reasonable. Here's my proposal:

**Good A**: Allocate Good A to Person 1, as they value it the most (80). This is a clear choice, as Person 1 has a significantly higher valuation for Good A than Person 2.

**Good B**: Allocate Good B to Person 2, as they value it higher than Person 1 (40 vs. 20). While Person 1 does value Good B, Person 2's valuation is higher, making this a fair allocation.

**Money**: To ensure fairness and balance the allocation, I propose allocating 20 units of money to Person 2. This decision is based on the following reasoning:

* Person 1 receives Good A, which is worth 80 to them. To balance this out, Person 2 receives Good B (worth 40 to them) and 20 units of money, which is equivalent to an additional 20 units of value. This brings Person 2's total value to 60 (Good B) + 20 (money) = 80, matching Person 1's value for Good A.

**Rationale**: This allocation is fair because:

1. Each person receives a good and/or money that is valued similarly by both individuals.
2. The total value received by each person is roughly equal (80 for Person 1 and 80 for Person 2).
3. The allocation respects the preferences of both individuals, ensuring that each receives a good or money that is valued higher by them than the other option.

This allocation may not be the only possible fair solution, but I believe it is a reasonable and balanced approach to dividing the goods and money in a way that is perceived as fair by both individuals.",0,1,2,0,20
95,"A classic problem in distributive justice!

To determine a fair allocation, I'll consider several principles: efficiency, envy-freeness, and egalitarianism.

**Efficiency:** To avoid wasting resources, I'll try to allocate both goods and the money in a way that maximizes the total value created.

**Envy-freeness:** I'll aim to allocate resources in a way that no one envies another person's allocation.

**Egalitarianism:** I'll strive to distribute the resources in a way that treats both individuals fairly and equally.

Here's my proposed allocation:

**Good A:** Allocate to Person 1, as they value it more (80 vs. 60).

**Good B:** Allocate to Person 2, as they value it more (40 vs. 20).

**Money:** Allocate 30 units to Person 1 and 20 units to Person 2.

Rationale:

1. Efficiency: By allocating each good to the person who values it more, we maximize the total value created (80 + 40 = 120).
2. Envy-freeness: Person 1 doesn't envy Person 2's allocation, as they got the good they valued more (Good A). Similarly, Person 2 doesn't envy Person 1's allocation, as they got the good they valued more (Good B).
3. Egalitarianism: The total value allocated to each person is relatively equal: Person 1 receives Good A (80) + 30 units of money (30), totaling 110. Person 2 receives Good B (40) + 20 units of money (20), totaling 60.

While the total values are not identical, this allocation is fair because it reflects the differences in the individuals' valuations of the goods. Person 1 values Good A more, so they receive a higher total value. Person 2 values Good B more, so they receive a lower total value, but still a significant one.

This allocation also ensures that no good is wasted, and the available money is distributed fairly to compensate for the differences in valuation.",0,1,2,30,20
96,"What a fascinating problem! After considering the values and preferences of both individuals, I'll propose an allocation that I believe is fairest.

**Initial Observation**: Since the goods are indivisible, I'll focus on allocating them first, and then consider the monetary allocation.

**Good Allocation**:

1. Good A: Given that Person 1 values Good A higher (80) than Person 2 (60), I will allocate Good A to Person 1.

2. Good B: Now, I'll allocate Good B. Person 2 values Good B higher (40) than Person 1 (20). Therefore, I will allocate Good B to Person 2.

**Monetary Allocation**:
To ensure fairness, I'll distribute the 50 units of money in a way that compensates Person 2 for not receiving Good A, which is worth more to Person 1. I'll allocate money to Person 2 to bridge the gap between their value for Good A and Person 1's value for Good A.

Calculation:
Person 2's value for Good A = 60
Person 1's value for Good A = 80
Gap = 80 - 60 = 20

I'll allocate 20 units of money to Person 2 to compensate for this gap.

Remaining money = 50 - 20 = 30
To maintain fairness, I'll divide the remaining money equally between both individuals: 15 units of money to each person.

**Final Allocation**:

* Good A: Allocated to Person 1
* Good B: Allocated to Person 2
* Monetary Allocation:
	+ Person 1: 15 units of money
	+ Person 2: 35 units of money (20 units to compensate for Good A + 15 units equally distributed)

This allocation ensures that both individuals receive a good that they value, and the monetary allocation helps to balance out the differences in their values.",0,1,2,15,35
97,"What a fascinating problem! I'll do my best to come up with a fair allocation.

Before I start, let me clarify that I'll be using the values provided to make informed decisions, and I'll try to balance efficiency, fairness, and individual preferences.

Here's my proposed allocation:

**Good A:** Allocate Good A to Person 1.

Reasoning: Person 1 values Good A the most (80), and Person 2 values it less (60). Allocating Good A to Person 1 ensures that the good is going to the person who values it the most.

**Good B:** Allocate Good B to Person 2.

Reasoning: Person 2 values Good B more than Person 1 (40 > 20). Allocating Good B to Person 2 ensures that the good is going to the person who values it more.

**Money Allocation:** Divide the 50 units of money between Person 1 and Person 2 to compensate for any potential envy or dissatisfaction.

Here's a possible money allocation:

* Person 1: 20 units of money (to compensate for not getting Good B, which they value at 20)
* Person 2: 30 units of money (to compensate for not getting Good A, which they value at 60 - 30 = 30)

Rationale for the money allocation:

* Person 1 gets 20 units of money to make up for not getting Good B, which they value at 20. This way, they're indifferent between getting Good A and 20 units of money, or getting Good B and no money.
* Person 2 gets 30 units of money to make up for not getting Good A. This way, they're indifferent between getting Good B and 30 units of money, or getting Good A and no money.

This allocation tries to balance efficiency (allocating goods to those who value them most) with fairness (providing compensation to ensure that both individuals are satisfied). Of course, there are many other possible allocations, and the concept of ""fairness"" can be subjective. However, this allocation seems reasonable and takes into account the values and preferences of both individuals.",0,1,2,20,30
98,"A classic problem of fair division!

To determine a fair allocation, I'll consider various approaches, including efficiency, envy-freeness, and proportionality.

**Initial Observations**

* The total value of Good A is 80 + 60 = 140, and the total value of Good B is 20 + 40 = 60.
* The money available, 50 units, is equivalent to a good of value 50.

**Possible Allocations**

1. **Efficient Allocation**: Allocate Good A to Person 1 (value: 80) and Good B to Person 2 (value: 40). This maximizes the total value extracted from the goods. However, it may not be considered fair, as Person 2 only receives a good of relatively low value.

2. **Envy-Free Allocation**: Allocate Good A to Person 1 (value: 80) and give Person 2 the money (50 units). Person 2 values the money at 50, which is higher than their value for Good B (40). This allocation is envy-free, as no one envies the other's allocation.

3. **Proportional Allocation**: Allocate the goods and money proportionally based on each person's total value for both goods. Person 1's total value is 80 + 20 = 100, and Person 2's total value is 60 + 40 = 100. Each person should receive half of the total value, which is 100/2 = 50.

One possible proportional allocation is:

* Give Good A to Person 1 (value: 80) and 10 units of money to Person 2 (value: 10).
* Give Person 2 Good B (value: 40) and 10 more units of money (value: 10).

**Fair Allocation**

Considering the above approaches, I propose the following allocation as the fairest:

* Give Good A to Person 1 (value: 80).
* Give Person 2 Good B (value: 40) and 20 units of money (value: 20).

This allocation is close to the proportional allocation, ensuring that each person receives a significant portion of their total value. Additionally, it is envy-free, as Person 2 receives a good of higher value than the money they could have received.

Please note that fairness is subjective, and this allocation may not be the only ""fair"" solution. Other allocations could also be considered fair, depending on the specific context and values involved.",0,1,2,0,20
99,"What a fascinating problem!

After analyzing the values of both individuals for each good, I will propose an allocation that I consider to be the fairest. Here's my reasoning:

1. **Good A**: Person 1 values Good A higher than Person 2 (80 > 60). Therefore, it seems reasonable to allocate Good A to Person 1.
2. **Good B**: Person 2 values Good B higher than Person 1 (40 > 20). However, if we allocate Good B to Person 2, Person 1 might feel shortchanged, as they will only receive Good A, which has a higher value. To balance this, I will allocate a portion of the money to Person 1.
3. **Money allocation**: Since a unit of money is equivalent to a unit of value for both individuals, I will allocate 20 units of money to Person 1. This will compensate them for not receiving Good B and provide a sense of fairness.

So, my proposed allocation is:

* Person 1: Good A (80) + 20 units of money (20) = Total value: 100
* Person 2: Good B (40) + 30 units of money (30) = Total value: 70

This allocation ensures that:

* Both individuals receive a good or a combination of goods and money that is closest to their total valuation.
* The allocation is envy-free, meaning that neither person prefers the other's allocation.
* The total value allocated to each person is reasonable, considering their relative valuations.

Please note that this is just one possible allocation, and there may be other fair allocations depending on the specific fairness criteria used.",0,1,2,20,30
