,Text,Tokens,Good A,Good B,Good C,Good D
0,"After analyzing the values each person has for each good, I believe the fairest allocation is Allocation-1: Person 1 gets Good B, Person 2 gets Good C, and Person 3 gets Goods A and D.

Here's my reasoning:

1. **Efficiency**: This allocation ensures that each good is assigned to the person who values it the most. Person 1 values Good B the most (47), Person 2 values Good C the most (48), and Person 3 values Good A the second-most (23) and Good D the most among the remaining options (20).
2. **Fairness**: This allocation distributes the total value of the goods fairly among the three individuals. The total value each person receives is:
	* Person 1: 47 (Good B)
	* Person 2: 48 (Good C)
	* Person 3: 23 (Good A) + 20 (Good D) = 43
	These values are relatively balanced, and no one receives a significantly higher or lower total value than the others.
3. **Minimizing envy**: In this allocation, each person receives a good that they value highly, reducing the likelihood of envy towards others. For example, Person 1 doesn't envy Person 2 for getting Good C, as they value Good B even more.
4. **No waste**: All goods are allocated to someone, and none are discarded, which is a desirable outcome in a fair allocation.

While other allocations may also be considered fair, Allocation-1 stands out for its efficiency, fairness, and minimization of envy, making it the fairest allocation in this scenario.",0,3,1,2,3
1,"After analyzing the values assigned by each person to each good, I conclude that the fairest allocation is Allocation-1: Person 1 gets Good B, Person 2 gets Good C, and Person 3 gets Goods A and D.

Here's my reasoning:

1. **Efficient allocation**: Allocation-1 ensures that each good is allocated to the person who values it the most. Person 1 values Good B the most (47), Person 2 values Good C the most (48), and Person 3 values Good A the most (23) among the remaining goods. This allocation maximizes the total value created.
2. **Fairness**: Allocation-1 is also fair because it allows each person to receive at least one good that they value relatively highly. Person 1 gets their second-highest valued good (Good B), Person 2 gets their highest valued good (Good C), and Person 3 gets two goods that they value decently (Goods A and D).
3. **Minimizing envy**: This allocation minimizes envy among the individuals. For example, Person 1 might envy Person 2 for getting Good C, but Person 2 values Good C more than Person 1. Similarly, Person 3 gets two goods, but they are not as highly valued by the other two individuals.
4. **Comparing with other allocations**: I considered the other allocations, but they don't seem as fair or efficient. For instance, Allocation-2 allocates Good A to Person 2, who values it less than Person 3. Allocation-3 discards Good D, which is valued by Person 3. Allocation-4 allocates two goods to Person 2, leaving Person 1 with only one good, and Allocation-5 discards Good D, which is valued by Person 3.

Overall, Allocation-1 strikes a balance between efficiency, fairness, and minimizing envy, making it the fairest allocation in this scenario.",0,3,1,2,3
2,"Based on the values provided, I consider Allocation-1 to be the fairest: Person 1 gets Good B, Person 2 gets Good C, and Person 3 gets Goods A and D.

My reasoning is as follows:

1. **Maximizing total value**: Allocation-1 results in the highest total value across all individuals. Person 1 gets Good B, which is worth 47 to them, Person 2 gets Good C, worth 48 to them, and Person 3 gets Goods A and D, worth 23 and 20 to them, respectively. The total value of this allocation is 47 + 48 + 23 + 20 = 138.
2. **Efficient allocation**: Allocation-1 allocates each good to the individual who values it the most. Good B is allocated to Person 1, who values it the most (47). Good C is allocated to Person 2, who values it the most (48). Good A is allocated to Person 3, who values it the second-most (23), and Good D is also allocated to Person 3, who values it the second-most (20).
3. **Fairness**: Allocation-1 ensures that each person receives at least one good that they value highly. Person 1 gets their highest-valued good (Good B), Person 2 gets their highest-valued good (Good C), and Person 3 gets two goods that they value highly (Good A and Good D).
4. **No envy**: Allocation-1 satisfies the no-envy criterion, meaning that no person prefers another person's allocation to their own. Each person receives an allocation that they value highly, and none of them would prefer to swap with another person.

While other allocations, such as Allocation-2 and Allocation-3, also have merits, Allocation-1 stands out as the fairest due to its ability to maximize total value, allocate goods efficiently, ensure fairness, and satisfy the no-envy criterion.",0,3,1,2,3
3,"A classic problem of fair allocation!

After analyzing the values assigned by each person to each good, I have determined that the fairest allocation is Allocation-1:

Person 1 gets Good B, Person 2 gets Good C, and Person 3 gets Goods A and D.

Here's why:

1. **Maximizing total value**: Allocation-1 achieves the highest total value among all persons. The sum of values for each person is: Person 1 (47), Person 2 (48), and Person 3 (43), totaling 138. This is the highest total value among all possible allocations.
2. **Efficient allocation**: This allocation ensures that each good is allocated to the person who values it the most. Person 1 values Good B the most, Person 2 values Good C the most, and Person 3 values Good A and Good D the most.
3. **Fairness**: Allocation-1 is fair because it takes into account the diversity of values among individuals. Person 1 and Person 2 both receive a good that is highly valued by them, while Person 3, who has more moderate values, receives two goods that are still valuable to them.
4. **No envy**: In this allocation, no person envies another person's allocation. Each person is satisfied with their allocation, as they receive the good(s) they value the most.

The other allocations, while reasonable, do not achieve the same level of efficiency, fairness, and total value as Allocation-1.

Well, it's interesting to see that human respondents also chose Allocation-1 as one of the most preferred allocations, with 26.2% of responses!",0,3,1,2,3
4,"What a fascinating problem! After analyzing the values of each person for each good, I have come to the conclusion that the fairest allocation is Allocation-1: Person 1 gets Good B, Person 2 gets Good C, and Person 3 gets Goods A and D.

Here's my reasoning:

1. **Maximum total value**: Allocation-1 yields the highest total value among all possible allocations. Person 1 gets Good B, which is worth 47 to them, Person 2 gets Good C, worth 48 to them, and Person 3 gets Goods A and D, worth 23 and 20 to them, respectively. The total value of this allocation is 47 + 48 + 43 = 138.

2. **Efficiency**: This allocation is efficient, meaning that each good is allocated to the person who values it the most. Person 1 values Good B the most, Person 2 values Good C the most, and Person 3 values Good A and Good D more than the others.

3. **Fairness**: Allocation-1 can be considered fair because it distributes the goods in a way that each person receives a significant value. Person 1 gets the good with the highest value to them, Person 2 gets the good with the second-highest value to them, and Person 3 gets two goods with relatively high values to them.

4. **Comparison to other allocations**: While Allocation-2 also yields a high total value, it is not as efficient as Allocation-1, as Person 1 would be getting Good C, which is not their highest-valued good. The other allocations (3, 4, and 5) yield lower total values and are less efficient or even lead to waste (e.g., Good D is discarded in Allocation-5).

In conclusion, Allocation-1 is the fairest allocation because it maximizes the total value, is efficient, and distributes the goods in a way that each person receives a significant value.",0,3,1,2,3
5,"After analyzing the values each person assigns to each good, I believe the fairest allocation is Allocation-1: Person 1 gets Good B, Person 2 gets Good C, and Person 3 gets Goods A and D.

Here's why:

1. **Efficiency**: This allocation ensures that each good is allocated to the person who values it the most. Person 1 values Good B the most (47), Person 2 values Good C the most (48), and Person 3 values Good A and Good D the most among the remaining goods (23 and 20, respectively).

2. **Maximum total value**: This allocation results in the highest total value among all possible allocations. The total value of this allocation is 47 (Good B) + 48 (Good C) + 43 (Goods A and D) = 138.

3. **Fairness**: This allocation is also fair in the sense that each person gets a good that they value highly. Person 1 gets their second-highest valued good, Person 2 gets their highest valued good, and Person 3 gets their two highest valued goods.

4. **Comparison to other allocations**: Allocation-1 outperforms other allocations in terms of total value and fairness. For example, Allocation-2 has a lower total value (45 + 23 + 40 = 108) and Allocation-3 has a lower total value (47 + 45 + 32 = 124). Allocation-4 is inefficient, as Person 2 gets Good A, which is not their highest valued good, and Allocation-5 is unfair, as Good D is discarded, which means Person 3 does not get a good they value highly.

In conclusion, Allocation-1 is the fairest because it is efficient, maximizes total value, and is fair to all individuals involved.",0,3,1,2,3
6,"What a fascinating problem! After analyzing the values of each person for each good, I have decided that Allocation-1 is the fairest allocation. Here's why:

**Efficiency**: Allocation-1 maximizes the total value of the goods allocated across all individuals. Let's calculate the total value for each person:

* Person 1: Good B (47)
* Person 2: Good C (48)
* Person 3: Goods A (23) and D (20) = 43

The total value of this allocation is 47 + 48 + 43 = 138.

**Comparing allocations**: I compared the total values of the other allocations, and Allocation-1 has the highest total value. For example:

* Allocation-2: 45 + 45 + 42 = 132 (lower than Allocation-1)
* Allocation-3: 47 + 45 + 32 = 124 (lower than Allocation-1)
* Allocation-4: 47 + 90 + 20 = 157 (appears higher, but note that Person 2 receives two goods, which is not fair)
* Allocation-5: 47 + 45 + 32 = 124 (lower than Allocation-1, and Good D is discarded)

**Fairness**: Allocation-1 ensures that each person receives a good that is valued relatively highly by them. Person 1 gets their second-highest valued good (Good B), Person 2 gets their highest valued good (Good C), and Person 3 gets two goods that are valued reasonably highly (Goods A and D). This allocation balances individual satisfaction with overall efficiency.

**No envy**: In Allocation-1, no person prefers another person's allocation. Each person receives a good that is valued higher by them than the good allocated to another person.

While other allocations may have similar efficiency or fairness, Allocation-1 strikes a balance between these two factors, making it the fairest allocation in my opinion.",0,3,1,2,3
7,"A classic problem of fair division!

After analyzing the values of each person for each good, I conclude that Allocation-1 is the fairest allocation:

Person 1 gets Good B, Person 2 gets Good C, and Person 3 gets Goods A and D.

Here's why:

1. **Efficiency**: This allocation utilizes all four goods, ensuring that no good is discarded (unlike Allocation-5).
2. **Individual rationality**: Each person receives at least one good that is valuable to them. Person 1 gets Good B, which is their highest-valued good (47). Person 2 gets Good C, which is their highest-valued good (48). Person 3 gets Goods A and D, which have a combined value of 43, higher than their value for any single good.
3. **Fairness**: This allocation balances the total value received by each person:

Person 1: 47 (Good B)
Person 2: 48 (Good C)
Person 3: 43 (Goods A and D)

The difference in total value between the highest (Person 2) and lowest (Person 3) is relatively small (5).
4. **Comparability**: Compare the allocations. Allocation-1 is similar to Allocation-2, but with a more balanced distribution of values. Allocation-3 is less balanced, and Allocation-4 is even more skewed. Allocation-5 discards a good, making it less desirable.

By considering these factors, I believe Allocation-1 is the fairest allocation, as it optimizes the distribution of values among the three individuals, ensuring each person receives a reasonable share of the goods.

Interestingly, this allocation was also chosen by the human respondents in 26.2% of the cases, making it one of the most popular choices.",0,3,1,2,3
8,"What a fascinating problem! After analyzing the values each person assigns to each good, I believe the fairest allocation is Allocation-1: Person 1 gets Good B, Person 2 gets Good C, and Person 3 gets Goods A and D.

Here's my reasoning:

1. **Maximizing total value**: Allocation-1 achieves the highest total value among all possible allocations. By giving Good B to Person 1 (value: 47), Good C to Person 2 (value: 48), and Goods A and D to Person 3 (total value: 23 + 20 = 43), the total value of the allocation is 47 + 48 + 43 = 138. No other allocation comes close to this total value.
2. **Efficiency**: Allocation-1 is efficient because each good is allocated to the person who values it the most. This ensures that the goods are not wasted and are used by those who appreciate them the most.
3. **Fairness**: Allocation-1 distributes the goods in a way that is fair and balanced among the three individuals. Person 1 gets their second-most preferred good (Good B), Person 2 gets their most preferred good (Good C), and Person 3 gets two goods that are valued similarly by them (Goods A and D).
4. **Least waste**: Allocation-1 does not result in any wasted goods. Every good is allocated to someone who values it, minimizing the potential waste.

While other allocations may also seem reasonable, they do not achieve the same level of efficiency, fairness, and total value as Allocation-1. For example, Allocation-2 and Allocation-3 both result in lower total values, and Allocation-4 and Allocation-5 lead to wasted goods or inefficient allocations.

In conclusion, based on the values provided, I believe Allocation-1 is the fairest and most efficient way to allocate the four goods among Person 1, Person 2, and Person 3.",0,3,1,2,3
9,"After analyzing the values of each person for each good, I conclude that the fairest allocation is Allocation-1: Person 1 gets Good B, Person 2 gets Good C, and Person 3 gets Goods A and D.

Here are the reasons behind my choice:

1. **Maximizing total value**: This allocation results in the highest total value among all possible allocations. Person 1 gets Good B, which is their highest-valued good (47). Person 2 gets Good C, which is their highest-valued good (48). Person 3 gets Goods A and D, which are their second- and third-highest valued goods, respectively (23 and 20).

2. **Matching goods with highest values**: This allocation ensures that each person receives the good(s) they value the most. Person 1's highest value is for Good B, Person 2's highest value is for Good C, and Person 3's highest values are for Goods A and D.

3. **Fair distribution of goods**: Each person receives at least one good, and no single person dominates the allocation. This allocation distributes the goods in a way that respects the diversity of values among the individuals.

4. **Comparing with other allocations**: While other allocations may also seem reasonable, this one excels in terms of maximizing total value and matching goods with highest values. For instance, Allocation-2 would result in a lower total value, as Person 1 would receive Good C (45) instead of Good B (47).

Therefore, based on these criteria, I believe that Allocation-1 is the fairest allocation of the goods among the three individuals.",0,3,1,2,3
10,"After analyzing the values assigned by each person to each good, I believe the fairest allocation is Allocation-1: Person 1 gets Good B, Person 2 gets Good C, and Person 3 gets Goods A and D. Here's why:

1. **Efficiency**: This allocation maximizes the total value assigned to the goods by all three individuals. Person 1 gets Good B, which is their highest-value good (47). Person 2 gets Good C, which is their highest-value good (48). Person 3 gets Goods A and D, which are their second- and third-highest-value goods (23 and 20, respectively).

2. **Fairness**: This allocation distributes the goods in a way that each person receives at least one good that is highly valued by them. Person 1 gets their highest-value good, Person 2 gets their highest-value good, and Person 3 gets two goods that are valuable to them.

3. **Comparative Advantage**: This allocation takes into account the concept of comparative advantage, which suggests that goods should be allocated to the individuals who value them the most relative to others. In this case, Person 1 values Good B more than anyone else, Person 2 values Good C more than anyone else, and Person 3 values Goods A and D more than anyone else.

4. **Balance**: This allocation maintains a balance between the total value received by each person. While Person 1 and Person 2 receive a single good of high value, Person 3 receives two goods of relatively lower value, ensuring that the total value received by each person is more or less equal.

The other allocations do not satisfy these criteria as well as Allocation-1. For example, Allocation-2 and Allocation-3 do not maximize the total value assigned to the goods, while Allocation-4 and Allocation-5 may lead to envy or dissatisfaction among the individuals (e.g., Person 2 receiving two goods in Allocation-4, or Good D being discarded in Allocation-5).

Overall, Allocation-1 appears to be the fairest and most efficient allocation, aligning with the principles of economic fairness and efficiency.",0,3,1,2,3
11,"What a fascinating problem!

After analyzing the values each person assigns to each good, I believe the fairest allocation is Allocation-1: Person 1 gets Good B, Person 2 gets Good C, and Person 3 gets Goods A and D.

Here's why:

1. **Maximum total value**: This allocation yields the highest total value among all possible allocations. The total value of this allocation is 47 (Person 1) + 48 (Person 2) + 43 (Person 3) = 138.
2. **Efficient allocation**: Each good is allocated to the person who values it the most. Person 1 values Good B the most, Person 2 values Good C the most, and Person 3 values Good A the most and Good D second-most.
3. **Fair distribution**: This allocation ensures that each person receives a significant portion of the total value. Person 1 gets 47, which is approximately 34% of the total value. Person 2 gets 48, which is approximately 35% of the total value. Person 3 gets 43, which is approximately 31% of the total value.
4. **No envy**: In this allocation, no person envies another person's allocation. Each person receives a bundle of goods that they value higher than the bundles allocated to others.

While other allocations may seem reasonable, they have drawbacks. For example, Allocation-2 (the second-most popular response) allocates Good C to Person 1, who does not value it as highly as Person 2. Similarly, Allocation-3 allocates Good A to Person 2, who values it less than Person 3.

In conclusion, Allocation-1 is the fairest allocation because it maximizes the total value, allocates goods efficiently, distributes value fairly, and eliminates envy among the individuals involved.",0,3,1,2,3
12,"After analyzing the values that each person has for each good, I believe the fairest allocation is Allocation-1: Person 1 gets Good B, Person 2 gets Good C, and Person 3 gets Goods A and D.

Here's why:

1. **Efficiency**: This allocation maximizes the total value generated by the allocation. The total value of this allocation is:
	* Person 1: 47 (Good B)
	* Person 2: 48 (Good C)
	* Person 3: 23 (Good A) + 20 (Good D) = 43
	Total value: 47 + 48 + 43 = 138
2. **Individual rationality**: Each person receives a good that is valued more by them than by the others. This ensures that each person is better off with their allocation than without it.
3. **Envy-freeness**: Person 1 does not envy Person 2 or Person 3, as they value Good B more than any other good. Similarly, Person 2 does not envy Person 1 or Person 3, as they value Good C more than any other good. Person 3 does not envy Person 1 or Person 2, as they value Goods A and D more than any other combination of goods.
4. **Fairness**: The allocation is balanced in terms of the total value each person receives. Person 1 and Person 2 receive a single good with a high value, while Person 3 receives two goods with lower values, but still a significant total value.

The other allocations do not satisfy these conditions as well as Allocation-1. For example, Allocation-2 gives Person 3 Goods B and D, which have a lower total value than Goods A and D in Allocation-1. Allocation-3 gives Person 2 Good A, which they value less than Good C in Allocation-1. Allocation-4 and Allocation-5 are even less efficient and fair.

It's interesting to note that the human respondents also chose Allocation-1 as one of the most frequent allocations, which suggests that humans also tend to prefer allocations that maximize efficiency, individual rationality, envy-freeness, and fairness.",0,3,1,2,3
13,"After analyzing the values provided by each person for each good, I would choose Allocation-1 (Person 1 gets Good B, Person 2 gets Good C, and Person 3 gets Goods A and D) as the fairest allocation. Here's why:

1. **Maximum total value**: This allocation results in the highest total value for all three individuals. Person 1 gets Good B, which is their most valued good (47). Person 2 gets Good C, which is their most valued good (48). Person 3 gets Goods A and D, which are their second- and fourth-most valued goods, respectively.
2. **Efficient allocation**: In this allocation, each good is assigned to the person who values it the most. This ensures that the total value of the allocation is maximized, as each person receives the good that provides them with the highest utility.
3. **Fair distribution of value**: Allocation-1 distributes the total value relatively evenly among the three individuals. Person 1 receives a total value of 47, Person 2 receives a total value of 48, and Person 3 receives a total value of 43 (23 + 20). While there is some variation, the differences are relatively small, ensuring a fair distribution of value.
4. **Minimizing waste**: In this allocation, all four goods are allocated to the individuals, ensuring that no good is wasted or discarded.

In comparison to the other allocations, Allocation-1 stands out as the fairest because it balances individual values, maximizes total value, and ensures a relatively even distribution of value among the three individuals.",0,3,1,2,3
14,"After analyzing the valuations of each person for each good, I believe the fairest allocation is Allocation-1: Person 1 gets Good B, Person 2 gets Good C, and Person 3 gets Goods A and D.

Here's the reasoning behind my choice:

1. **Maximum total valuation**: Allocation-1 achieves the highest total valuation among all possible allocations. Person 1 values Good B at 47, Person 2 values Good C at 48, and Person 3 values Goods A and D at 23 + 20 = 43. This allocation yields a total valuation of 47 + 48 + 43 = 138.
2. **Efficient allocation**: Allocation-1 allocates each good to the person who values it the most. Person 1 values Good B the highest, Person 2 values Good C the highest, and Person 3 values Goods A and D more than the other two individuals.
3. **Fairness**: Allocation-1 is more balanced in terms of the total valuation each person receives. Person 1 gets a good valued at 47, Person 2 gets a good valued at 48, and Person 3 gets goods valued at 43. This allocation is more equitable compared to other allocations, where one person might receive a significantly higher or lower total valuation.
4. **No envying**: In Allocation-1, no person envies another person's allocation. Each person receives the good or goods they value the most, so they do not prefer another person's allocation.

In conclusion, Allocation-1 is the fairest allocation because it achieves the highest total valuation, is efficient, fair, and satisfies the no-envy criterion. It is not surprising that 26.2% of human respondents also chose this allocation as the fairest.",0,3,1,2,3
15,"After analyzing the problem, I consider Allocation-1 (26.2% responses) to be the fairest: Person 1 gets Good B, Person 2 gets Good C, and Person 3 gets Goods A and D. Here's why:

1. **Maximum total value**: This allocation achieves the highest total value among all possible allocations. Person 1 values Good B at 47, Person 2 values Good C at 48, and Person 3 values Goods A and D at 23 and 20, respectively. This allocation yields a total value of 47 + 48 + 23 + 20 = 138.

In contrast, the other allocations have lower total values:
	* Allocation-2: 45 + 25 + 32 + 20 = 122
	* Allocation-3: 47 + 45 + 32 + 20 = 144 ( similar to Allocation-1, but with a slightly higher total value)
	* Allocation-4: 47 + 90 + 20 = 157 ( highest total value, but Person 2 gets two goods, which might be considered unfair)
	* Allocation-5: 47 + 45 + 32 = 124 (Good D is discarded, reducing the total value)

2. **Efficient allocation of goods**: Allocation-1 ensures that each good is allocated to the person who values it the most. This is an efficient allocation, as it maximizes the overall utility of the goods.
3. **Fairness**: Allocation-1 appears to be fair because each person receives a good that they value highly. Person 1 gets Good B, which they value the most; Person 2 gets Good C, which they value the most; and Person 3 gets Goods A and D, which they value relatively highly.
4. **Consideration of individual values**: This allocation takes into account the individual values of each person. It doesn't only focus on the total value but also considers the distribution of values among the individuals.

While Allocation-4 has a slightly higher total value, it seems less fair because Person 2 receives two goods, which might be seen as an unfair advantage. Allocation-1 strikes a better balance between total value, efficient allocation, and fairness.",0,3,1,2,3
16,"After analyzing the values of each person for each good, I think the fairest allocation is Allocation-1: Person 1 gets Good B, Person 2 gets Good C, and Person 3 gets Goods A and D.

Here's why:

1. **Maximizing total value**: This allocation maximizes the total value of the goods allocated. Person 1 gets Good B, which is their highest-valued good (47). Person 2 gets Good C, which is their highest-valued good (48). Person 3 gets Goods A and D, which have a combined value of 23 + 20 = 43, which is higher than their value for any single good.
2. **Efficient allocation**: This allocation ensures that each good is given to the person who values it the most. Good B is given to Person 1, who values it the most (47). Good C is given to Person 2, who values it the most (48). Good A is given to Person 3, who values it more than Person 1. Good D is also given to Person 3, who values it more than the others.
3. **Fairness**: This allocation is fair because it gives each person a significant portion of the total value of the goods. Person 1 gets a good worth 47, Person 2 gets a good worth 48, and Person 3 gets goods worth a combined 43. No one is left with a significantly lower value than the others.
4. **Comparing with other allocations**: Compared to the other allocations, Allocation-1 is more efficient and fair. For example, in Allocation-2, Person 1 gets Good C, which is not their highest-valued good. In Allocation-3, Person 2 gets Good A, which is not their highest-valued good. In Allocation-4, Person 3 only gets Good D, which is not a fair allocation. Allocation-5 is even worse, as Good D is discarded, which means the total value of the goods allocated is lower.

Overall, Allocation-1 is the fairest because it maximizes the total value of the goods allocated, ensures an efficient allocation, and provides a fair distribution of value among the three individuals.",0,3,1,2,3
17,"What a fascinating problem! 

After carefully analyzing the values provided by each person, I have decided that the fairest allocation is Allocation-1: Person 1 gets Good B, Person 2 gets Good C, and Person 3 gets Goods A and D.

Here's my reasoning:

1. **Efficiency**: This allocation maximizes the total value generated by the goods. Person 1 values Good B the most (47), Person 2 values Good C the most (48), and Person 3 values Good A (23) and Good D (20) the most. By allocating the goods in this way, we ensure that each good is given to the person who values it the most.
2. **Fairness**: This allocation is also fair because it gives each person a significant share of the total value. Person 1 gets 47, Person 2 gets 48, and Person 3 gets 43 (23 + 20). This distribution is relatively balanced, ensuring that no one person dominates the others.
3. **Comparing alternatives**: Let's examine the other allocations:
	* Allocation-2 is similar, but Person 1 gets Good C instead of Good B, which is not their top choice. This reduces the overall efficiency.
	* Allocation-3 is less efficient than Allocation-1, as Person 1 gets Good B, but Person 2 gets Good A, which is not their top choice.
	* Allocation-4 is poor, as Person 2 gets two goods (A and C), while Person 3 only gets one good (D).
	* Allocation-5 is the worst, as Good D is discarded, and Person 3 only gets one good (C).

In conclusion, Allocation-1 is the fairest because it balances efficiency, fairness, and individual preferences. It ensures that each good is allocated to the person who values it the most, and each person receives a significant share of the total value.",0,3,1,2,3
18,"Based on the given information, I believe Allocation-1 is the fairest allocation:

Allocation-1: Person 1 gets Good B, Person 2 gets Good C, and Person 3 gets Goods A and D.

Here's why:

1. **Efficiency**: This allocation maximizes the total value achieved by the individuals. Person 1 gets Good B, which is their most-valued good (47), Person 2 gets Good C, which is their most-valued good (48), and Person 3 gets Goods A and D, which are their second- and third-most valued goods, respectively.

2. **Fairness**: This allocation is fair because each person gets a significant share of their most-valued goods. It also ensures that no person gets significantly more value than others. For example, Person 1 gets Good B (47), but Person 2 gets Good C (48), which is only slightly more valuable. Similarly, Person 3 gets two goods (A and D) with a combined value of 43, which is comparable to the values received by Person 1 and Person 2.

3. **Comparing with other allocations**: When comparing Allocation-1 with the other options, it becomes clear that it is the most efficient and fair. For instance, Allocation-2 is similar, but Person 3 only gets one good (B) instead of two (A and D), making it less desirable. Allocation-3 is less efficient because Person 1 gets a lower-valued good (C), and Person 3 gets a lower-valued combination (C and D). Allocation-4 is less fair because Person 2 gets two high-valued goods (A and C), leaving less for others. Allocation-5 is the least desirable because Good D is discarded, resulting in wasted value.

In conclusion, Allocation-1 is the fairest allocation because it balances efficiency and fairness, ensuring that each person receives a significant share of their most-valued goods.",0,3,1,2,3
19,"After analyzing the valuation data, I believe the fairest allocation is Allocation-1: Person 1 gets Good B, Person 2 gets Good C, and Person 3 gets Goods A and D. Here's why:

1. **Efficiency**: This allocation maximizes the total value generated by the goods. Person 1 values Good B the most (47), Person 2 values Good C the most (48), and Person 3 values Good A the most (23) and Good D (20) together. This allocation ensures that each good is allocated to the person who values it the most.
2. **Fairness**: The allocation is fair because each person receives a bundle of goods that they value highly. Person 1 gets their second-highest valued good (Good B), Person 2 gets their highest valued good (Good C), and Person 3 gets their highest valued good (Good A) and a second good (Good D) that they also value relatively highly.
3. **Pareto Optimality**: This allocation is Pareto optimal, meaning that it is impossible to make one person better off without making someone else worse off. Any other allocation would require taking a good away from someone who values it highly and giving it to someone who values it less, which would reduce overall welfare.
4. **Envy-freeness**: This allocation is envy-free, meaning that no person envies the bundle of goods allocated to another person. Each person receives a bundle that they value highly, and there is no reason to prefer someone else's allocation.

While other allocations, like Allocation-2, may also seem reasonable, they don't quite meet the criteria of efficiency, fairness, and envy-freeness as well as Allocation-1 does. For instance, in Allocation-2, Person 1 gets Good C, which is not their highest valued good, and Person 3 gets Goods B and D, which is not their highest valued bundle.

In conclusion, Allocation-1 is the fairest allocation because it maximizes efficiency, is fair, Pareto optimal, and envy-free.",0,3,1,2,3
20,"What a fascinating problem!

After analyzing the values each person assigns to each good, I've come to the conclusion that the fairest allocation is:

**Allocation-1:** Person 1 gets Good B, Person 2 gets Good C, and Person 3 gets Goods A and D.

Here's why:

1. **Maximizing total value**: Allocation-1 maximizes the total value generated across all three individuals. By allocating Good B to Person 1 (value: 47), Good C to Person 2 (value: 48), and Goods A and D to Person 3 (total value: 23 + 20 = 43), we achieve the highest total value of 138. This allocation ensures that the goods are allocated to the individuals who value them the most.
2. **Fairness in distribution**: Allocation-1 distributes the goods fairly among the three individuals. Each person receives at least one good that they value highly. Person 1 gets the good they value most (Good B), Person 2 gets the good they value most (Good C), and Person 3 gets two goods they value moderately (Goods A and D).
3. **Minimizing envy**: In Allocation-1, no person envies another person's allocation. Each person is satisfied with their allocation, as they receive goods that are valuable to them.

While other allocations may also seem reasonable, they have some drawbacks. For example, Allocation-2 and Allocation-3 allocate two goods to one person, which might be seen as unfair. Allocation-4 discards Good C, which has a high value for Person 2. Allocation-5 discards Good D, which has a significant value for Person 3.

By choosing Allocation-1, we ensure a fair and efficient allocation that maximizes the total value created while minimizing envy and dissatisfaction among the individuals involved.",0,3,1,2,3
21,"After analyzing the given values, I think the fairest allocation is Allocation-1: Person 1 gets Good B, Person 2 gets Good C, and Person 3 gets Goods A and D.

My reasons for choosing this allocation are as follows:

1. **Efficiency**: This allocation ensures that each good is allocated to the person who values it the most. Person 1 values Good B the most (47), Person 2 values Good C the most (48), and Person 3 values Good A (23) and Good D (20) more than the others.
2. **Fair distribution of total value**: The total value received by each person is relatively balanced. Person 1 gets 47, Person 2 gets 48, and Person 3 gets 43 (23 + 20). This allocation distributes the total value relatively evenly among the three individuals.
3. **Minimizing envy**: In this allocation, each person receives the good(s) they value the most, minimizing the likelihood of envy towards others. For example, Person 1 does not envy Person 2 or Person 3 for getting Good A or Good D, as they value Good B more.
4. **No wastage**: This allocation ensures that all goods are allocated, and none are discarded, which is a more desirable outcome than Allocation-5, where Good D is discarded.

While the other allocations also have some merits, Allocation-1 stands out as the fairest due to its efficiency, balanced distribution of total value, minimization of envy, and lack of wastage. Its high frequency of response (26.2%) among human respondents also suggests that it is a widely accepted fair allocation.",0,3,1,2,3
22,"A classic problem of fair allocation!

After analyzing the values each person assigns to each good, I have decided that the fairest allocation is:

**Allocation-1: Person 1 gets Good B, Person 2 gets Good C, and Person 3 gets Goods A and D.**

Here's why:

1. **Maximum Total Value**: This allocation results in the highest total value among all possible allocations. Person 1 gets Good B, which is worth 47 to them. Person 2 gets Good C, worth 48 to them. Person 3 gets Goods A and D, worth 23 and 20, respectively, to them. The total value of this allocation is 47 + 48 + 23 + 20 = 138.
2. **Efficient Allocation**: Each good is allocated to the person who values it the most. Good B is allocated to Person 1, who values it the most (47). Good C is allocated to Person 2, who values it the most (48). Good A is allocated to Person 3, who values it the second-most (23). Good D is also allocated to Person 3, who values it the second-most (20).
3. **Fairness**: This allocation is fair because each person receives a good that is valued highly by them. Person 1 gets their highest-valued good (Good B). Person 2 gets their highest-valued good (Good C). Person 3 gets two goods that are highly valued by them (Goods A and D).
4. **Comparison to Other Allocations**: While other allocations come close, Allocation-1 stands out. Allocation-2, for example, has a total value of 135, which is lower than Allocation-1. Allocation-3 has a total value of 132, which is also lower.

In conclusion, Allocation-1 is the fairest allocation because it maximizes the total value, is efficient, fair, and superior to other allocations.",0,3,1,2,3
23,"What a fascinating problem! After analyzing the values of each person for each good, I have decided that Allocation-1 is the fairest allocation. Here's why:

Allocation-1: Person 1 gets Good B, Person 2 gets Good C, and Person 3 gets Goods A and D.

My reasons for choosing this allocation are as follows:

1. **Efficiency**: This allocation ensures that each good is allocated to the person who values it the most. Person 1 values Good B the most (47), Person 2 values Good C the most (48), and Person 3 values Good A the most (23) among the remaining goods.
2. **Balance**: The total value of goods allocated to each person is relatively balanced. Person 1 gets a good worth 47, Person 2 gets a good worth 48, and Person 3 gets goods worth 23 + 20 = 43. This balance ensures that no one person is significantly better off than the others.
3. **Fairness**: This allocation considers the relative valuations of each person. For example, Person 2 values Good A very highly (45), but since Person 3 values it relatively highly (23) and has no other high-valued goods, it's fair to allocate Good A to Person 3.
4. **Minimizing waste**: This allocation ensures that all goods are allocated to someone, thereby minimizing waste. Good D, which is valued relatively low by all parties, is still allocated to Person 3, who values it the most.

In contrast, other allocations, such as Allocation-2, may seem appealing at first, but they don't necessarily prioritize the most valuable goods for each person. Allocation-4, for instance, allocates Good B to Person 1, but Person 2 values Good A very highly and would be better off with it.

Ultimately, the fairest allocation is one that balances efficiency, fairness, and minimizes waste. Allocation-1 achieves this delicate balance, making it the fairest allocation in this scenario.",0,3,1,2,3
24,"What a fascinating problem! After analyzing the values each person attaches to each good, I have decided that the fairest allocation is Allocation-1: Person 1 gets Good B, Person 2 gets Good C, and Person 3 gets Goods A and D.

My reasoning is based on the principle of maximizing overall welfare while ensuring a sense of fairness and balance among the individuals. Here's why I chose Allocation-1:

1. **Person 1**: Good B is the most valuable to Person 1, with a value of 47. By allocating Good B to Person 1, we are maximizing their welfare.
2. **Person 2**: Good C is the most valuable to Person 2, with a value of 48. Allocating Good C to Person 2 maximizes their welfare as well.
3. **Person 3**: Although Good A is not the most valuable to Person 3 (that would be Good C, which is already allocated to Person 2), it still has a relatively high value (23). Allocating Good A to Person 3 ensures that they receive a good that is still valuable to them. Additionally, Good D has a moderate value (20) to Person 3, and allocating it to them provides an additional benefit.

This allocation strikes a balance between efficiency (maximizing overall welfare) and fairness (ensuring each person receives a good that is relatively valuable to them). It also leaves no goods unallocated, which would be a waste of resources.

While other allocations, such as Allocation-2, might also be considered fair, Allocation-1 stands out as the most balanced and efficient choice. By allocating the most valuable goods to each person, we are ensuring that the overall satisfaction and welfare of all individuals are maximized.",0,3,1,2,3
25,"After analyzing the values of each person for each good, I believe that Allocation-1 is the fairest allocation.

Here's the allocation:

* Person 1 gets Good B (value: 47)
* Person 2 gets Good C (value: 48)
* Person 3 gets Goods A and D (total value: 23 + 20 = 43)

My reasons for choosing this allocation are as follows:

1. **Maximizing total value**: Allocation-1 yields the highest total value across all individuals. The total value of this allocation is 47 + 48 + 43 = 138. In contrast, the total value of the other allocations is lower: Allocation-2 (125), Allocation-3 (124), Allocation-4 (122), and Allocation-5 (115).
2. **Fairness in terms of individual values**: Allocation-1 ensures that each person receives a good (or goods) that they value highly. Person 1 gets Good B, which is their highest-valued good. Person 2 gets Good C, which is their highest-valued good. Person 3 gets Goods A and D, which have a combined value close to their highest-valued good (Good B).
3. **Efficient allocation**: Allocation-1 allocates all four goods to the individuals, leaving none discarded. This is in contrast to Allocation-5, which discards Good D.
4. **Balance in individual utilities**: Allocation-1 distributes the goods in a way that each person's total utility is relatively balanced. Person 1 gets 47, Person 2 gets 48, and Person 3 gets 43. This balance is not achieved in the other allocations.

While there may be other criteria to evaluate fairness, Allocation-1 seems to strike a good balance between maximizing total value, fairness in terms of individual values, efficient allocation, and balance in individual utilities.",0,3,1,2,3
26,"After analyzing the values assigned by each person to each good, I consider Allocation-1 to be the fairest: Person 1 gets Good B, Person 2 gets Good C, and Person 3 gets Goods A and D.

Here's why:

1. **Efficient allocation**: This allocation maximizes the total value obtained by all individuals. Person 1 gets Good B, which is their most valued good (47). Person 2 gets Good C, which is their most valued good (48). Person 3 gets Goods A and D, which are their next most valued goods (23 and 20, respectively).
2. **Fair distribution of value**: This allocation distributes the total value fairly across individuals. Person 1 receives a value of 47, Person 2 receives a value of 48, and Person 3 receives a total value of 43 (23 + 20). The difference in value received by each person is minimized, ensuring a relatively equal distribution of value.
3. **No envy**: In this allocation, no person envies another person's allocation. Each person receives their most preferred good(s) or a bundle of goods that is more valuable to them than what others have received.
4. **No waste**: All goods are allocated, and none are discarded, which ensures that the total value of the goods is utilized efficiently.

While other allocations may also be considered fair, Allocation-1 stands out due to its efficiency, fairness in value distribution, and the absence of envy and waste. It is not surprising that this allocation was chosen by 26.2% of human respondents, making it the most frequently chosen allocation.",0,3,1,2,3
27,"After analyzing the values assigned by each person to each good, I conclude that the fairest allocation is Allocation-1:

Person 1 gets Good B, Person 2 gets Good C, and Person 3 gets Goods A and D.

Here's my reasoning:

1. **Maximizing total value**: Allocation-1 achieves the highest total value among all possible allocations. Person 1 gets Good B, which is their highest-valued good (47). Person 2 gets Good C, which is their highest-valued good (48). Person 3 gets Goods A and D, which have a total value of 43 (23 + 20), which is relatively close to their highest-valued good (Good B, 25).

2. **Fairness in distribution**: Allocation-1 distributes the goods in a way that each person gets a good that is among their top two most-valued goods. Person 1 gets their highest-valued good, Person 2 gets their highest-valued good, and Person 3 gets two goods that are among their top three most-valued goods. This allocation ensures that each person receives a fair share of goods based on their individual preferences.

3. **Efficiency**: Allocation-1 does not result in any good being discarded, which means that all goods are allocated efficiently.

4. **Comparison to other allocations**: While Allocation-2 is similar to Allocation-1, it assigns Good A to Person 2, which is not their highest-valued good. Allocation-3 is less efficient, as it discards Good D. Allocation-4 is also less efficient, as it discards Good C. Allocation-5 is the least efficient, as it discards Good D and does not maximize the total value.

In conclusion, Allocation-1 is the fairest because it maximizes the total value, distributes the goods fairly, is efficient, and is supported by a significant percentage of human respondents (26.2%).",0,3,1,2,3
28,"What a great problem!

After analyzing the values of each person for each good, I will choose Allocation-1 as the fairest allocation:

Person 1 gets Good B, Person 2 gets Good C, and Person 3 gets Goods A and D.

Here's why:

**Efficiency**: This allocation maximizes the total value of goods allocated. Person 1 values Good B the most (47), Person 2 values Good C the most (48), and Person 3 values Goods A and D the most (23 + 20 = 43). This allocation ensures that each good is allocated to the person who values it the most.

**Fairness**: Allocation-1 is also fair because it balances the total value of goods allocated to each person. Person 1 gets a good worth 47, Person 2 gets a good worth 48, and Person 3 gets goods worth 43 in total. While the values are not exactly equal, they are relatively close, ensuring that no person is significantly disadvantaged.

**Comparison to other allocations**: I compared Allocation-1 with the other options and found that it is superior. For example, Allocation-2 would leave Person 1 with a lower total value (45 + 20 = 65) compared to Person 2 (45 + 48 = 93), which would be unfair. Allocation-3 would leave Person 3 with a lower total value (32 + 20 = 52) compared to Person 1 (47) and Person 2 (45), which would also be unfair.

**Human respondents' preferences**: Interestingly, Allocation-1 was the most popular choice among human respondents, with 26.2% of responses. This suggests that my analysis aligns with human intuition about fairness in this allocation problem.

In conclusion, based on efficiency, fairness, and human respondents' preferences, I believe Allocation-1 is the fairest allocation of the four goods among the three individuals.",0,3,1,2,3
29,"What a fascinating problem! After analyzing the values of each person for each good, I have come to the conclusion that Allocation-1 is the fairest. Here's why:

**Efficient allocation**: Allocation-1 ensures that each good is allocated to the person who values it the most. Person 1 values Good B the most (47), Person 2 values Good C the most (48), and Person 3 values Good A the most (23) and Good D the most (20) among the remaining goods.

**Maximizing total value**: Allocation-1 results in the highest total value across all three individuals. The total value of this allocation is:
Person 1: 47 (Good B)
Person 2: 48 (Good C)
Person 3: 23 (Good A) + 20 (Good D) = 43
Total value: 47 + 48 + 43 = 138

**Fairness**: Allocation-1 is also fair because it distributes the goods in a way that each person receives a significant value. Person 1 gets their second-highest valued good (Good B), Person 2 gets their highest valued good (Good C), and Person 3 gets their highest and third-highest valued goods (Good A and Good D).

**Comparison with other allocations**: Upon examining the other allocations, I found that they either result in lower total values or are less fair in terms of distributing significant values to each person. For instance, Allocation-2 has a lower total value (135) and allocates Good C to Person 1, who values it less than Person 2. Allocation-3 has an even lower total value (133) and discards Good D, which is valued by Person 3.

In conclusion, Allocation-1 is the fairest because it efficiently allocates goods to the individuals who value them the most, maximizes the total value, and distributes significant values to each person.",0,3,1,2,3
30,"After analyzing the values of each person for each good, I believe that Allocation-1 is the fairest allocation. Here's why:

1. Highest total value: Allocation-1 gives the highest total value to the individuals. Person 1 gets Good B, which is worth 47 to them. Person 2 gets Good C, which is worth 48 to them. Person 3 gets Goods A and D, which are worth 23 and 20, respectively. The total value of this allocation is 47 + 48 + 23 + 20 = 138.

2. Efficient allocation: Allocation-1 is an efficient allocation because it assigns each good to the person who values it the most. Good B is worth more to Person 1 than to anyone else, Good C is worth more to Person 2 than to anyone else, and Person 3 values Goods A and D the most.

3. Fairness: Allocation-1 is also a fair allocation because it gives each person a good that they highly value. Person 1 gets a good worth 47, Person 2 gets a good worth 48, and Person 3 gets two goods worth 23 and 20, respectively. This allocation does not favor one person over the others.

4. Comparison to other allocations: Allocation-1 is preferred over other allocations because it provides a higher total value and is more efficient. For example, Allocation-2 has a total value of 45 + 23 + 25 + 20 = 113, which is lower than Allocation-1. Allocation-3 has a total value of 47 + 45 + 32 + 20 = 144, but it is not as efficient as Allocation-1 because it assigns Good A to Person 2, who does not value it as highly as Person 3.

Overall, Allocation-1 is the fairest allocation because it provides the highest total value, is efficient, and is fair to all individuals involved.",0,3,1,2,3
31,"A classic problem of fair allocation!

After analyzing the values assigned by each person to each good, I believe the fairest allocation is Allocation-1: Person 1 gets Good B, Person 2 gets Good C, and Person 3 gets Goods A and D.

Here's my reasoning:

1. **Maximizing total value**: Allocation-1 achieves the highest total value among all possible allocations. The total value of this allocation is: 47 (Person 1's value for Good B) + 48 (Person 2's value for Good C) + 43 (Person 3's values for Goods A and D) = 138.
2. **Efficient allocation**: Each person receives the good that they value the most, ensuring that the allocation is efficient. Person 1 values Good B the most, Person 2 values Good C the most, and Person 3 values Goods A and D the most.
3. **Fairness**: Allocation-1 distributes the goods in a way that is perceived as fair by the individuals. Person 3 receives two goods, but their total value is lower than the value of the single good received by Person 1 and Person 2. This allocation avoids situations where one person receives a disproportionately high value of goods.
4. **No envy**: In Allocation-1, no person envies another person's allocation. Each person is happy with the goods they receive, as they value them more than the goods allocated to others.

While other allocations may also be considered fair, Allocation-1 stands out due to its ability to maximize total value, ensure efficient allocation, and promote fairness and lack of envy among the individuals involved.",0,3,1,2,3
32,"After analyzing the values each person assigns to each good, I think the fairest allocation is Allocation-1: Person 1 gets Good B, Person 2 gets Good C, and Person 3 gets Goods A and D.

My reasons for choosing this allocation are as follows:

1. **Maximum total value**: This allocation maximizes the total value assigned to the goods by the individuals. Person 1 values Good B at 47, Person 2 values Good C at 48, and Person 3 values Goods A and D at 23 and 20, respectively. This allocation results in a total value of 138, which is the highest among all possible allocations.

2. **Efficient allocation**: This allocation is efficient because each good is assigned to the person who values it the most. Good B is valued the most by Person 1, Good C is valued the most by Person 2, and Person 3 values Good A the most among the remaining goods.

3. **Fair distribution**: This allocation distributes the goods fairly among the individuals. Each person receives at least one good that they value highly. Person 1 gets their second-highest valued good, Person 2 gets their highest valued good, and Person 3 gets two goods that they value reasonably highly.

4. **Reduced envy**: In this allocation, each person is likely to be satisfied with their allocation, reducing the possibility of envy towards others. Person 1 might have preferred Good C, but they still receive a highly valued good. Person 2 gets their top choice, and Person 3 receives two goods that they value reasonably highly.

While other allocations may also be considered fair, Allocation-1 stands out due to its ability to maximize the total value, allocate goods efficiently, distribute them fairly, and reduce envy among the individuals involved.",0,3,1,2,3
33,"After analyzing the values that each person assigns to each good, I believe that Allocation-1 is the fairest allocation.

Here's why:

1. **Maximizing total value**: Allocation-1 maximizes the total value that the goods bring to the individuals. Person 1 gets Good B, which is worth 47 to them. Person 2 gets Good C, which is worth 48 to them. Person 3 gets Goods A and D, which are worth 23 and 20 to them, respectively. This allocation yields a total value of 47 + 48 + 43 = 138.
2. **Efficient allocation**: Allocation-1 allocates each good to the person who values it the most. This ensures that each good is going to the person who will derive the most value from it.
3. **Fairness**: Allocation-1 appears to be fair because each person gets a good that is worth a significant amount to them. Person 1 gets the good they value the most (Good B). Person 2 gets the good they value the most (Good C). Person 3 gets two goods that, together, are worth a significant amount to them (43).
4. **Comparison to other allocations**: When comparing Allocation-1 to the other possible allocations, it becomes clear that it is the fairest. For example, Allocation-2 would give Person 1 Good C, which is worth less to them than Good B. Allocation-3 would give Person 1 Good B, but would allocate Good C to Person 3, who values it less than Person 2.

Overall, Allocation-1 is the fairest because it maximizes the total value, allocates goods efficiently, and appears to be fair to each individual.",0,3,1,2,3
34,"What a fascinating problem! After analyzing the values that each person attributes to each good, I have decided that the fairest allocation is Allocation-1 (26.2% responses): Person 1 gets Good B, Person 2 gets Good C, and Person 3 gets Goods A and D.

Here's my reasoning:

1. **Efficiency**: This allocation maximizes the total value derived by all individuals. Person 1 values Good B the highest (47), Person 2 values Good C the highest (48), and Person 3 values Good A and Good D relatively highly (23 and 20, respectively). By allocating these goods to each person, we ensure that each good is given to the person who values it the most.
2. **Fairness**: This allocation is also fair because it ensures that each person receives a good that is valued highly by them. Person 1 gets their second-highest valued good (Good B), Person 2 gets their highest valued good (Good C), and Person 3 gets two goods that are valued relatively highly (Goods A and D). No one is left with a good that they don't value much.
3. **Distributional fairness**: Allocation-1 also ensures a relatively even distribution of goods among the three individuals. Each person receives at least one good, and Person 3 receives two goods, which helps to balance out the allocation.
4. **No-envy**: In this allocation, no person envies another person's allocation. For example, Person 1 might prefer Good C, but they already have their second-highest valued good, Good B. Similarly, Person 2 might prefer Good A, but they already have their highest valued good, Good C.

While the other allocations may also be considered fair, Allocation-1 stands out as the most efficient, fair, and balanced allocation. It's interesting to note that human respondents also chose this allocation most frequently, which suggests that there is a intuitive aspect to this allocation that resonates with people's sense of fairness.",0,3,1,2,3
35,"After analyzing the problem, I believe the fairest allocation is Allocation-1 (Person 1 gets Good B, Person 2 gets Good C, and Person 3 gets Goods A and D).

Here's why:

1. **Efficiency**: This allocation maximizes the total value of goods allocated. Person 1 gets Good B, which is their highest-valued good (47). Person 2 gets Good C, which is their highest-valued good (48). Person 3 gets Goods A and D, which are their second-highest and fourth-highest valued goods, respectively.

2. **Fairness**: This allocation is fair because it ensures that each person receives a good that is of significant value to them. Person 1 gets a good worth 47, Person 2 gets a good worth 48, and Person 3 gets two goods worth a total of 23 + 20 = 43.

3. **Comparing utilities**: If we compare the utilities (values) of each person in this allocation, we see that Person 1 and Person 2 get their highest-valued goods, while Person 3 gets a significant total value. This allocation balances the utilities of all three persons relatively well.

4. **Comparison to other allocations**: Compared to other allocations, Allocation-1 is more efficient and fair. For example, in Allocation-2, Person 1 gets Good C, which is their second-highest valued good, whereas in Allocation-1, they get their highest-valued good, Good B. Similarly, in Allocation-3, Person 2 gets Good A, which is their second-highest valued good, whereas in Allocation-1, they get their highest-valued good, Good C.

Given these reasons, I believe Allocation-1 is the fairest and most efficient allocation of the four goods among the three individuals.",0,3,1,2,3
36,"After analyzing the values assigned by each person to each good, I believe the fairest allocation is Allocation-1: Person 1 gets Good B, Person 2 gets Good C, and Person 3 gets Goods A and D.

Here's why:

1. **Efficiency**: Allocation-1 maximizes the total value assigned to the goods by all individuals. Person 1 values Good B the most (47), Person 2 values Good C the most (48), and Person 3 values Good A (23) and Good D (20) more than the other two individuals.
2. **Fairness**: This allocation ensures that each person receives a good that they value highly. Person 1 gets their second-highest valued good (Good B), Person 2 gets their highest valued good (Good C), and Person 3 gets two goods that they value relatively highly (Goods A and D).
3. **Balance**: Allocation-1 provides a balance in the total value received by each person. Person 1 receives a good worth 47, Person 2 receives a good worth 48, and Person 3 receives goods worth a total of 43 (23 + 20). This balance is important for fairness, as it ensures that no one person is significantly disadvantaged compared to others.
4. **Pareto Optimality**: Allocation-1 is Pareto optimal, meaning that it is impossible to make one person better off without making another person worse off. Given the indivisibility of the goods, this allocation is the best possible compromise.

While other allocations may also be considered fair, Allocation-1 stands out due to its efficiency, fairness, balance, and Pareto optimality. The fact that 26.2% of human respondents also chose this allocation suggests that it is a intuitive and reasonable solution to the problem.",0,3,1,2,3
37,"What a fascinating problem!

After analyzing the valuations of each person for each good, I conclude that Allocation-1 is the fairest allocation:

**Allocation-1:** Person 1 gets Good B, Person 2 gets Good C, and Person 3 gets Goods A and D.

Here's why I think this allocation is the fairest:

**Efficiency:** This allocation ensures that each good is allocated to the person who values it the most. Person 1 values Good B the most (47), Person 2 values Good C the most (48), and Person 3 values Good A the most among Goods A and D (23).

**Fairness:** The allocation is also fair in terms of the total value each person receives. Person 1 receives a good worth 47, Person 2 receives a good worth 48, and Person 3 receives goods worth 23 + 20 = 43. While Person 3 receives a slightly lower total value, this is because the values are not perfectly comparable across individuals.

**No Envy:** In this allocation, no person envies another person's allocation. Each person receives the good(s) they value the most, so they have no reason to prefer another person's allocation.

**Pareto Optimality:** Allocation-1 is also Pareto optimal, meaning that there is no other allocation that can make one person better off without making another person worse off.

While human respondents may have chosen other allocations, Allocation-1 stands out as the fairest due to its efficiency, fairness, and envy-freeness.",0,3,1,2,3
38,"After analyzing the values each person has for each good, I believe the fairest allocation is Allocation-1: Person 1 gets Good B, Person 2 gets Good C, and Person 3 gets Goods A and D.

My reasons for this choice are as follows:

1. **Efficiency**: This allocation maximizes the total value received by all individuals. Person 1 values Good B the most (47), Person 2 values Good C the most (48), and Person 3 values Good A and Good D highly (23 and 20, respectively).
2. **Fairness**: Each person receives at least one good that they value highly. Person 1 and Person 2 each receive their most preferred good, while Person 3 receives two goods that they value relatively highly.
3. **No envy**: In this allocation, no person envies another person's allocation. Each person is satisfied with their own allocation and does not prefer someone else's allocation.
4. **Pareto optimality**: This allocation is Pareto optimal, meaning that it is impossible to reallocate the goods to make one person better off without making someone else worse off.

Comparing this allocation to the other options, I can see why it is the most frequently chosen by human respondents (26.2% responses). Allocation-2, which is also popular, is very similar to Allocation-1, but it swaps the goods allocated to Person 1 and Person 2. While this allocation is also efficient and fair, I prefer Allocation-1 because it gives each person their most preferred good.

The other allocations have some drawbacks. Allocation-3, for example, gives Person 2 two goods (A and C), which may be considered unfair to Person 3, who only receives one good. Allocation-4 gives Person 2 two goods again, and Allocation-5 discards one good, which is not efficient.

Overall, Allocation-1 is the fairest because it balances efficiency, fairness, and no envy, while also being Pareto optimal.",0,3,1,2,3
39,"After analyzing the values each person assigns to each good, I believe the fairest allocation is Allocation-1: Person 1 gets Good B, Person 2 gets Good C, and Person 3 gets Goods A and D.

My reasons for choosing this allocation are as follows:

1. **Efficiency**: This allocation maximizes the total value created for all individuals. Person 1 gets Good B, which they value the most (47). Person 2 gets Good C, which they value the most (48). Person 3 gets Goods A and D, which they value at 23 and 20, respectively. This allocation ensures that each good is assigned to the person who values it the most or close to it.
2. **Fairness**: This allocation is fair because it takes into account the relative values each person assigns to each good. For example, Person 1 values Good B much more than Good A, so it's fair to give them Good B. Similarly, Person 2 values Good C more than Good A, so it's fair to give them Good C. Person 3 gets Goods A and D, which are their second- and third-most valued goods, respectively.
3. **No envy**: In this allocation, no person envies another person's allocation. Each person gets the good(s) they value the most, or close to it, so they don't prefer someone else's allocation to their own.
4. **Pareto optimality**: This allocation is Pareto optimal, meaning that it is impossible to make one person better off without making another person worse off.

While other allocations, such as Allocation-2, may also seem reasonable, they don't maximize the total value created for all individuals as much as Allocation-1 does. For example, in Allocation-2, Person 1 gets Good C, which they value less than Good B.

Overall, Allocation-1 is the fairest because it balances efficiency, fairness, and the absence of envy, while also being Pareto optimal.",0,3,1,2,3
40,"After analyzing the values of each person for each good, I believe the fairest allocation is Allocation-1: Person 1 gets Good B, Person 2 gets Good C, and Person 3 gets Goods A and D.

My reasons for choosing this allocation are as follows:

1. **Maximizing total value**: Allocation-1 maximizes the total value allocated to all three individuals. Person 1 values Good B at 47, Person 2 values Good C at 48, and Person 3 values Goods A and D at 23 + 20 = 43. This allocation gives a total value of 47 + 48 + 43 = 138.

2. **Giving each person their most valued good**: Allocation-1 ensures that each person receives at least one good that they value highly. Person 1 gets Good B, which they value the most (47). Person 2 gets Good C, which they value the most (48). Person 3 gets Goods A and D, which they value significantly (23 and 20, respectively).

3. **Minimizing envy**: In this allocation, no person can reasonably envy another person's allocation. Person 1 values Good B more than any other good, so they are satisfied with their allocation. Person 2 values Good C more than any other good, so they are satisfied with their allocation. Person 3 values Goods A and D more than any other combination of goods, so they are satisfied with their allocation.

4. **Fairness**: Allocation-1 can be seen as a fair allocation because it does not favor one person over another. Each person receives a bundle of goods that is valuable to them, and the total value allocated to each person is relatively balanced (47 for Person 1, 48 for Person 2, and 43 for Person 3).

Overall, Allocation-1 seems to strike a good balance between maximizing total value, giving each person their most valued good, minimizing envy, and ensuring fairness.",0,3,1,2,3
41,"After analyzing the given valuations, I would recommend Allocation-1: Person 1 gets Good B, Person 2 gets Good C, and Person 3 gets Goods A and D. Here's why:

1. **Efficiency**: This allocation maximizes the total value generated, as each good is allocated to the person who values it the most. Person 1 values Good B the most (47), Person 2 values Good C the most (48), and Person 3 values Good A the most (23) among the remaining goods. Good D is also allocated to Person 3, who values it the most (20) among the remaining individuals.
2. **Fairness**: This allocation can be considered fair because it provides a relatively balanced distribution of total value across individuals. Person 1 receives a good worth 47, Person 2 receives a good worth 48, and Person 3 receives goods worth a total of 43 (23 + 20). This distribution is relatively equitable, considering the differences in individual valuations.
3. **Comparing alternatives**: I considered the other allocations, but they seem less optimal. For example, Allocation-2 (Person 1 gets Good C, Person 2 gets Good A, and Person 3 gets Goods B and D) is not as efficient, as Person 1 values Good B more than Good C, and Person 2 values Good C more than Good A. Similarly, Allocation-3 and Allocation-4 have some mismatches between the goods and the individuals who value them the most. Allocation-5 discards Good D, which is not necessary, as Person 3 values it positively.

In conclusion, Allocation-1 seems to be the fairest and most efficient allocation, as it maximizes the total value generated and provides a relatively balanced distribution of value across individuals.",0,3,1,2,3
42,"After analyzing the values of each person for each good, I think the fairest allocation is Allocation-1: Person 1 gets Good B, Person 2 gets Good C, and Person 3 gets Goods A and D.

Here's my reasoning:

1. **Maximizing total value**: I aim to allocate the goods to maximize the total value created across all individuals. In this allocation, Person 1 gets Good B, which is their highest-valued good (47). Person 2 gets Good C, which is their highest-valued good (48). Person 3 gets Goods A and D, which have a combined value of 43 (23 + 20), which is their highest possible total value.
2. **Efficiency**: This allocation ensures that each good is allocated to the person who values it the most. Good B is most valued by Person 1, Good C by Person 2, and Good A and Good D are most valued by Person 3.
3. **Fairness**: While it's challenging to define fairness in this context, this allocation seems to distribute the goods in a way that respects each person's preferences. No person is allocated a good that is significantly less valuable to them than another person. For example, Person 1 gets Good B, which is worth 47, while Good A, which Person 3 gets, is worth 23 to Person 1.
4. **Comparison to other allocations**: Allocation-1 outperforms the other options in terms of total value creation and efficiency. For instance, in Allocation-2, Person 2 gets Good A, which is worth 45, while Person 3 gets Goods B and D, which have a combined value of 45 (25 + 20). This allocation is less efficient, as Good B is more valuable to Person 1.

Overall, Allocation-1 balances efficiency, fairness, and total value creation, making it the fairest allocation in this scenario.",0,3,1,2,3
43,"After analyzing the values of each person for each good, I believe the fairest allocation is Allocation-1: Person 1 gets Good B, Person 2 gets Good C, and Person 3 gets Goods A and D.

Here's why:

1. **Maximum total value**: This allocation maximizes the total value generated among all individuals. Person 1 gets Good B, which is worth 47 to them, Person 2 gets Good C, which is worth 48 to them, and Person 3 gets Goods A and D, which are worth 23 and 20 to them, respectively. The total value generated is 47 + 48 + 23 + 20 = 138.

2. **Efficient allocation**: This allocation ensures that each good is allocated to the person who values it the most. Good B is allocated to Person 1, who values it the most, Good C is allocated to Person 2, who values it the most, and Good A and Good D are allocated to Person 3, who values them more than the others.

3. **Fairness**: Although fairness can be subjective, this allocation appears to be fair because each person gets at least one good that they value highly. Person 1 gets their second-highest valued good, Person 2 gets their highest-valued good, and Person 3 gets two goods that they value relatively highly.

4. **Comparison to other allocations**: When I analyzed the other allocations, I noticed that they either don't maximize the total value or don't ensure an efficient allocation. For example, Allocation-2 allocates Good A to Person 2, who values it less than Person 3, and Allocation-3 discards Good D, which could have been allocated to Person 3.

In conclusion, Allocation-1 is the fairest because it maximizes the total value, ensures an efficient allocation, and appears to be fair to each individual.",0,3,1,2,3
44,"After analyzing the values assigned by each person to each good, I believe the fairest allocation is Allocation-1: Person 1 gets Good B, Person 2 gets Good C, and Person 3 gets Goods A and D.

Here's why:

1. **Efficiency**: This allocation ensures that each good is allocated to the person who values it the most. Good B is worth 47 to Person 1, Good C is worth 48 to Person 2, Good A is worth 23 to Person 3, and Good D is worth 20 to Person 3. By allocating each good to the person who values it the most, we maximize the overall satisfaction or utility of the individuals.
2. **Fairness**: Allocation-1 can be considered fair because each person receives a good that they highly value. Person 1 gets their second-highest valued good (Good B), Person 2 gets their highest valued good (Good C), and Person 3 gets their second-highest and fourth-highest valued goods (Good A and Good D).
3. **Distribution**: Allocation-1 distributes the goods in a way that balances the satisfaction of each person. Person 1 gets a high-value good (Good B), Person 2 gets an even higher-value good (Good C), and Person 3 gets two goods that are moderately valued.
4. **Comparison to other allocations**: Allocation-1 outperforms other allocations in terms of efficiency and fairness. For example, Allocation-2 allocates Good C to Person 1, who values it less than Person 2. Allocation-3 allocates Good A to Person 2, who values it less than Person 3. Allocation-4 and Allocation-5 discard goods or allocate them to persons who value them less, reducing overall satisfaction.

In conclusion, Allocation-1 is the fairest allocation because it maximizes overall satisfaction, ensures each good is allocated to the person who values it the most, and distributes the goods in a way that balances the satisfaction of each person.",0,3,1,2,3
45,"After analyzing the values assigned by each person to each good, I consider Allocation-1 (26.2% responses) to be the fairest: Person 1 gets Good B, Person 2 gets Good C, and Person 3 gets Goods A and D.

Here's the reasoning behind my choice:

1. **Maximum Total Value**: Allocation-1 yields the highest total value among all possible allocations. The total value of Allocation-1 is:
	* Person 1: 47 (Good B)
	* Person 2: 48 (Good C)
	* Person 3: 23 (Good A) + 20 (Good D) = 43
	Total value: 47 + 48 + 43 = 138
2. **Efficient Allocation**: In Allocation-1, each good is allocated to the person who values it the most. This is evident from the values assigned:
	* Good B is allocated to Person 1, who values it the most (47).
	* Good C is allocated to Person 2, who values it the most (48).
	* Good A is allocated to Person 3, who values it the second-most (23).
	* Good D is allocated to Person 3, who values it the second-most (20).
3. **Fairness**: Allocation-1 ensures that each person receives a significant portion of the total value. While Person 1 and Person 2 receive a single good with high value, Person 3 receives two goods with moderate values. This distribution avoids leaving any person with a significantly lower total value than others.
4. **Comparative Analysis**: When comparing Allocation-1 with other options, it becomes clear that it is the most balanced and efficient allocation. For instance, Allocation-2 and Allocation-3 both have lower total values than Allocation-1, and Allocation-4 and Allocation-5 discard goods, reducing the overall efficiency of the allocation.

In conclusion, Allocation-1 is the fairest allocation because it maximizes the total value, ensures an efficient allocation, and provides a reasonably balanced distribution of goods among the three individuals.",0,3,1,2,3
46,"After analyzing the given data, I think the fairest allocation is Allocation-1: Person 1 gets Good B, Person 2 gets Good C, and Person 3 gets Goods A and D.

Here's the reasoning behind my choice:

1. **Maximizing total value**: Allocation-1 results in the highest total value among all individuals. Person 1 gets Good B worth 47, Person 2 gets Good C worth 48, and Person 3 gets Goods A and D worth 23 and 20, respectively, making the total value 47 + 48 + 23 + 20 = 138.

2. **Efficient allocation**: Allocation-1 ensures that each good is allocated to the person who values it the most. Good B is allocated to Person 1, who values it the most (47). Similarly, Good C is allocated to Person 2, who values it the most (48). Goods A and D are allocated to Person 3, who values them more than the others.

3. **Fair distribution of utility**: Allocation-1 provides a relatively fair distribution of utility among individuals. Person 1 gets a good worth 47, Person 2 gets a good worth 48, and Person 3 gets goods worth 43 in total. Although the values are not identical, they are relatively close, ensuring a sense of fairness.

4. **Comparison to other allocations**: When comparing Allocation-1 to the other options, it stands out as the fairest. Allocation-2 has a lower total value (134), and Allocation-3 has an even lower total value (131). Allocation-4 and Allocation-5 waste utility by discarding Good D or allocating goods to individuals who value them less.

Based on these criteria, Allocation-1 is the fairest allocation, as it maximizes total value, ensures an efficient allocation, provides a relatively fair distribution of utility, and outperforms the other options.",0,3,1,2,3
47,"A classic problem of fair allocation!

After analyzing the values that each person assigns to each good, I believe that the fairest allocation is Allocation-1: Person 1 gets Good B, Person 2 gets Good C, and Person 3 gets Goods A and D.

Here's why:

1. **Efficiency**: This allocation maximizes the total value generated by the allocation. Person 1 values Good B the most (47), Person 2 values Good C the most (48), and Person 3 values Goods A and D the most (23 + 20 = 43).
2. **Fairness**: Each person receives a bundle of goods that is close to their maximum achievable value. Person 1 gets their second-highest valued good, Person 2 gets their highest valued good, and Person 3 gets two goods that together are worth more than their highest valued single good.
3. **No envy**: In this allocation, no person prefers another person's bundle over their own. Each person is satisfied with their allocation, and no one feels envious of others.

While other allocations, such as Allocation-2, also seem reasonable, Allocation-1 stands out for its efficiency and fairness. It's interesting to note that human respondents also chose this allocation most frequently (26.2% of the time).

In conclusion, I believe that Allocation-1 is the fairest allocation of the goods to Person 1, Person 2, and Person 3, as it balances efficiency, fairness, and no envy.",0,3,1,2,3
48,"After analyzing the values each person has for each good, I believe the fairest allocation is Allocation-1: Person 1 gets Good B, Person 2 gets Good C, and Person 3 gets Goods A and D.

Here's my reasoning:

**Efficiency**: Allocation-1 maximizes the total value of the allocation. Person 1 gets Good B, which is their most valued good (47). Person 2 gets Good C, which is also their most valued good (48). Person 3 gets Goods A and D, which are their second and third most valued goods, respectively.

**Parity**: Allocation-1 ensures that each person gets a good that is relatively close in value to their most valued good. Person 1 gets their top choice, Person 2 gets their top choice, and Person 3 gets their second and third choices.

**Fairness**: This allocation is fair because it takes into account the relative values each person has for each good. It doesn't favor one person over another, and each person gets a good that is meaningful to them.

**Comparison to other allocations**: Allocation-1 is a more efficient and fair allocation compared to others. For example, Allocation-2 and Allocation-3 don't maximize the total value of the allocation, and Allocation-4 and Allocation-5 leave some goods unallocated or discarded, which is not an optimal use of resources.

Overall, Allocation-1 is a well-rounded and fair allocation that balances efficiency, parity, and fairness.",0,3,1,2,3
49,"What a delightful problem!

After analyzing the values each person assigns to each good, I have concluded that the fairest allocation is Allocation-1: Person 1 gets Good B, Person 2 gets Good C, and Person 3 gets Goods A and D.

Here's why:

1. **Maximize total value**: This allocation maximizes the total value achieved by the allocation. Person 1 gets Good B, which they value at 47, Person 2 gets Good C, which they value at 48, and Person 3 gets Goods A and D, which they value at 23 and 20, respectively. The total value achieved is 47 + 48 + 23 + 20 = 138.
2. **Efficiency**: This allocation is efficient, as each good is allocated to the person who values it the most. Person 1 values Good B the most, Person 2 values Good C the most, and Person 3 values Goods A and D the most.
3. **Fairness**: This allocation is fair because it distributes the goods in a way that respects each person's preferences. Each person receives the good(s) they value the most, and no person is left with a good they value significantly less than others.
4. **Comparison to other allocations**: When comparing this allocation to the other options, I found that Allocation-1 consistently maximizes the total value and is the most efficient. For example, Allocation-2 has a total value of 132, Allocation-3 has a total value of 129, and so on.

In conclusion, Allocation-1 is the fairest allocation because it maximizes the total value, is efficient, and respects each person's preferences.",0,3,1,2,3
50,"After analyzing the preferences and values of each person, I conclude that the fairest allocation is Allocation-1: Person 1 gets Good B, Person 2 gets Good C, and Person 3 gets Goods A and D.

Here's my reasoning:

1. **Maximizing total value**: Allocation-1 achieves the highest total value for all three individuals. By allocating Good B to Person 1 (valued at 47), Good C to Person 2 (valued at 48), and Goods A and D to Person 3 (valued at 23 + 20 = 43), the total value of the allocation is 47 + 48 + 43 = 138. This is the highest total value among all possible allocations.
2. ** Fairness in individual values**: Allocation-1 ensures that each person receives goods that are relatively close in value to their highest-ranked good. Person 1 gets their second-highest valued good (Good B), Person 2 gets their highest-valued good (Good C), and Person 3 gets two goods with values close to their highest-valued good (Good A and Good D). This allocation avoids situations where one person receives a significantly lower-valued good compared to their highest-ranked good.
3. **No dominated allocations**: Allocation-1 is not dominated by any other allocation, meaning that it is not possible to find another allocation that makes one person better off without making another person worse off.
4. **Pareto efficiency**: Allocation-1 is Pareto efficient, as it is not possible to reallocate the goods to make one person better off without making another person worse off.
5. **Human intuition**: Allocation-1 is also one of the most frequently chosen allocations by human respondents (26.2% responses), indicating that it aligns with human intuition about fairness in this scenario.

While other allocations may also be considered fair, Allocation-1 stands out as the fairest due to its ability to maximize total value, ensure fairness in individual values, and avoid dominated allocations.",0,3,1,2,3
51,"After analyzing the values of each person for each good, I consider Allocation-1 to be the fairest: Person 1 gets Good B, Person 2 gets Good C, and Person 3 gets Goods A and D.

Here's my reasoning:

1. **Maximizing total value**: Allocation-1 results in the highest total value among all the possible allocations. Person 1 values Good B at 47, Person 2 values Good C at 48, and Person 3 values Goods A and D at 23 and 20, respectively, which adds up to a total value of 138. No other allocation comes close to this total value.

2. **Efficient allocation**: Allocation-1 ensures that each good is allocated to the person who values it the most. Person 1 values Good B the most, Person 2 values Good C the most, and Person 3 values Goods A and D more than the others.

3. **Fair distribution of goods**: Allocation-1 distributes the goods fairly among the three persons. Each person receives goods that they value highly, and no one person dominates the allocation.

4. **Least waste**: Allocation-1 does not result in any good being discarded, which means that there is no waste. Every good is allocated to someone who values it positively.

While other allocations, such as Allocation-2 and Allocation-3, may seem similar, they do not quite reach the same level of efficiency and fairness as Allocation-1. Allocation-4 and Allocation-5 are less desirable as they result in lower total values and more waste.

In conclusion, Allocation-1 is the fairest because it maximizes the total value, allocates goods efficiently, distributes them fairly, and minimizes waste.",0,3,1,2,3
52,"After analyzing the valuations of each person for each good, I believe the fairest allocation is Allocation-1: Person 1 gets Good B, Person 2 gets Good C, and Person 3 gets Goods A and D.

Here's the reasoning behind my choice:

1. **Efficiency**: This allocation maximizes the total value of the goods allocated. Person 1 values Good B the most (47), Person 2 values Good C the most (48), and Person 3 values Good A the most (23) among the remaining goods. Assigning Good D to Person 3 also makes sense, as they value it the highest (20).
2. **Fairness**: This allocation ensures that each person receives at least one good that they value highly. Person 1 gets their second-highest valued good (Good B), Person 2 gets their highest valued good (Good C), and Person 3 gets two goods that they value relatively highly (Good A and Good D).
3. **Envy-freeness**: No person envies another person's allocation. Person 1 doesn't want Good A or Good C more than Good B, Person 2 doesn't want Good B or Good A more than Good C, and Person 3 doesn't want Good B or Good C more than Goods A and D.
4. **Pareto optimality**: It's impossible to reallocate the goods to make someone better off without making someone else worse off. This allocation is stable, and no other allocation can be found that would make all individuals better off.

While other allocations may also seem reasonable, Allocation-1 stands out for its efficiency, fairness, envy-freeness, and Pareto optimality. It's no surprise that 26.2% of human respondents chose this allocation, making it one of the most popular choices.",0,3,1,2,3
53,"After analyzing the values of each person for each good, I believe the fairest allocation is Allocation-1: Person 1 gets Good B, Person 2 gets Good C, and Person 3 gets Goods A and D.

Here's why:

1. **Maximizing total value**: This allocation maximizes the total value across all individuals. Person 1 gets Good B, which they value at 47, the highest value among all goods for Person 1. Person 2 gets Good C, which they value at 48, the highest value among all goods for Person 2. Person 3 gets Goods A and D, which they value at 23 and 20, respectively, making a total of 43.
2. **Efficient allocation**: This allocation ensures that each good is allocated to the person who values it the most. Good B is allocated to Person 1, who values it the highest (47). Good C is allocated to Person 2, who values it the highest (48). Good A is allocated to Person 3, who values it the highest among the remaining options (23).
3. **Fairness**: This allocation distributes the goods in a way that is perceived as fair by the individuals. Person 1 gets the good they value the most (Good B). Person 2 gets the good they value the most (Good C). Person 3 gets two goods that they value relatively highly (Goods A and D).
4. **Comparison to other allocations**: When comparing Allocation-1 to the other options, it becomes clear that it is the fairest. For example, in Allocation-2, Person 2 gets Good A, which they value less than Good C. In Allocation-3, Person 3 gets Goods C and D, but Person 2 values Good C more highly. Allocation-4 and Allocation-5 also have similar inefficiencies.

In conclusion, Allocation-1 is the fairest allocation because it maximizes the total value, ensures an efficient allocation, and distributes the goods in a way that is perceived as fair by the individuals.",0,3,1,2,3
54,"After analyzing the values of each person for each good, I consider Allocation-1 to be the fairest: Person 1 gets Good B, Person 2 gets Good C, and Person 3 gets Goods A and D.

Here's why:

1. **Maximizing total value**: Allocation-1 results in the highest total value among all possible allocations. Person 1 gets Good B, which is worth 47 to them, Person 2 gets Good C, which is worth 48 to them, and Person 3 gets Goods A and D, which are worth 23 + 20 = 43 to them. This allocation yields a total value of 47 + 48 + 43 = 138.
2. **Efficient allocation**: Allocation-1 ensures that each good is allocated to the person who values it the most. Good B is allocated to Person 1, who values it the most (47). Good C is allocated to Person 2, who values it the most (48). Good A is allocated to Person 3, who values it second-highest (23), and Good D is allocated to Person 3, who values it third-highest (20).
3. **Fairness**: Allocation-1 is fair because it distributes the goods in a way that each person receives a bundle of goods that is worth a significant amount to them. Person 1 gets a good worth 47, Person 2 gets a good worth 48, and Person 3 gets a bundle of goods worth 43.
4. **Minimal waste**: Allocation-1 does not result in any good being discarded, which means that all goods are allocated to someone who values them.

While other allocations may also seem reasonable, Allocation-1 stands out as the fairest due to its ability to maximize total value, allocate goods efficiently, ensure fairness, and minimize waste.",0,3,1,2,3
55,"What a fascinating problem! After analyzing the values each person places on each good, I've come to the conclusion that Allocation-1 is the fairest. Here's why:

**Efficient allocation**: Allocation-1 maximizes the total value derived from the goods. By giving Good B to Person 1 (47), Good C to Person 2 (48), and Goods A and D to Person 3 (23 + 20 = 43), the total value is 138. No other allocation comes close to this total value.

**Fairness**: Each person receives a bundle of goods that is closest to their highest-valued options. Person 1 gets their second-highest valued good (Good B), Person 2 gets their highest valued good (Good C), and Person 3 gets two goods that are relatively high on their value scale (Goods A and D).

**Comparability**: Allocation-1 is also fair in terms of comparability. Each person's bundle of goods has a similar total value compared to the others. Person 1 gets 47, Person 2 gets 48, and Person 3 gets 43. This allocation minimizes envy and ensures that each person feels they've received a fair share.

**Minimizing waste**: Allocation-1 does not involve discarding any goods, which means that all goods are allocated, ensuring that the resources are utilized efficiently.

In contrast, the other allocations have flaws. Allocation-2, for instance, gives Person 3 Goods B and D, which are relatively low-valued goods for them. Allocation-3 gives Person 3 Goods C and D, which are not their highest-valued options. Allocation-4 gives Person 2 two goods, but Good C is relatively low-valued for them. Allocation-5 discards Good D, wasting a valuable resource.

Overall, Allocation-1 strikes a balance between efficiency, fairness, and comparability, making it the fairest allocation of the four goods among Person 1, Person 2, and Person 3.",0,3,1,2,3
56,"What a fascinating problem!

After analyzing the values assigned by each person to each good, I have decided that the fairest allocation is Allocation-1: Person 1 gets Good B, Person 2 gets Good C, and Person 3 gets Goods A and D.

Here's my reasoning:

1. **Maximizing total value**: In Allocation-1, the total value assigned to the allocated goods is the highest among all possible allocations. Specifically, the total value is: 47 (Person 1, Good B) + 48 (Person 2, Good C) + 23 (Person 3, Good A) + 20 (Person 3, Good D) = 138.
2. **Fair distribution of highest-valued goods**: Allocation-1 ensures that each person receives the good they value the most (or very close to it). Person 1 values Good B the most, Person 2 values Good C the most, and Person 3 values Good A and Good D highly.
3. **Minimizing envy**: In this allocation, no person is likely to envy another person's allocation. Each person receives a good that they value highly, and the differences in values are reasonable.
4. **Efficiency**: Allocation-1 is an efficient allocation, as all goods are allocated, and no good is discarded.

While other allocations may seem reasonable, they do not meet the above criteria as well as Allocation-1. For example, Allocation-2 and Allocation-3 do not maximize the total value as much as Allocation-1, and Allocation-4 and Allocation-5 result in wasted value (e.g., discarding Good D or underutilizing Goods A and C).

Overall, Allocation-1 strikes a good balance between fairness, efficiency, and total value, making it the fairest allocation in my opinion.",0,3,1,2,3
57,"After analyzing the values assigned by each person to each good, I think the fairest allocation is Allocation-1: Person 1 gets Good B, Person 2 gets Good C, and Person 3 gets Goods A and D.

Here's my reasoning:

1. **Maximizing total value**: This allocation maximizes the total value created for all three individuals. Person 1 values Good B the most (47), Person 2 values Good C the most (48), and Person 3 values Goods A (23) and D (20) the most among the remaining options.

2. **Efficient allocation**: This allocation is efficient because each good is allocated to the person who values it the most. Good B is allocated to Person 1, who values it at 47, rather than Person 2 or Person 3, who value it at 5 and 25, respectively. Similarly, Good C is allocated to Person 2, who values it at 48, rather than Person 1 or Person 3, who value it at 45 and 32, respectively.

3. **Fair distribution of value**: This allocation distributes the value relatively fairly among the three individuals. Person 1 gets a good worth 47, Person 2 gets a good worth 48, and Person 3 gets two goods worth a total of 43 (23 + 20). While the values are not exactly equal, they are relatively close, suggesting a fair distribution.

4. **Comparison to other allocations**: In comparison to the other allocations, Allocation-1 appears to be the fairest. For example, Allocation-2 allocates Good C to Person 1, who values it less than Person 2. Allocation-3 discards Good D, which is valued by Person 3, and Allocation-4 allocates two goods to Person 2, which may be seen as unfair.

Overall, Allocation-1 is the fairest because it maximizes total value, is efficient, distributes value relatively fairly, and is a more reasonable allocation compared to the other options.",0,3,1,2,3
58,"What a fascinating problem! After analyzing the values provided, I believe the fairest allocation is Allocation-1: Person 1 gets Good B, Person 2 gets Good C, and Person 3 gets Goods A and D.

Here's why:

1. **Efficient allocation**: Allocation-1 allocates each good to the person who values it the most. Person 1 values Good B the most (47), Person 2 values Good C the most (48), and Person 3 values Good A the most (23) among the remaining goods. This allocation maximizes the total value generated.
2. **Envy-freeness**: In this allocation, each person receives a bundle of goods that they value more than the bundles received by the other two persons. For example, Person 1 values Good B more than the bundle of Goods A and D received by Person 3. This ensures that no one person envies another's allocation.
3. **Pareto optimality**: It's not possible to reallocate the goods to make one person better off without making another person worse off. This allocation is Pareto optimal because any other allocation would lead to a decrease in overall value or make someone worse off.
4. **Fairness**: Allocation-1 distributes the goods in a way that respects the diversity of preferences among the three persons. Each person receives a significant allocation that reflects their relative values.
5. **Simple and intuitive**: This allocation is easy to understand and explain, which is important for fairness and transparency.

In contrast, other allocations may not satisfy these conditions as well. For example, Allocation-2 allocates Good A to Person 2, who doesn't value it the most, and Allocation-3 leaves Person 3 with a lower total value than Allocation-1.

While human respondents may have chosen other allocations due to varying interpretations of fairness, I believe Allocation-1 is the fairest allocation based on the provided values and the principles mentioned above.",0,3,1,2,3
59,"After analyzing the values each person assigns to each good, I believe the fairest allocation is Allocation-1: Person 1 gets Good B, Person 2 gets Good C, and Person 3 gets Goods A and D.

My reasons for choosing this allocation are as follows:

1. **Maximizing total value**: This allocation maximizes the total value generated by the allocation. Person 1 values Good B the most (47), Person 2 values Good C the most (48), and Person 3 values Goods A and D a total of 43 (23 + 20). This allocation generates a total value of 138, which is the highest among all possible allocations.

2. **Efficiency**: This allocation is Pareto efficient, meaning that it is impossible to make one person better off without making someone else worse off. In other words, this allocation is optimal in the sense that it cannot be improved upon without hurting someone.

3. **Fairness**: This allocation can be considered fair because each person receives a good that they value highly. Person 1 gets their second-highest valued good, Person 2 gets their highest valued good, and Person 3 gets two goods that are valued relatively highly.

4. **Consistency with human responses**: This allocation was the most frequently chosen by human respondents (26.2%), which suggests that it is a reasonable and intuitive allocation.

While other allocations may also be considered fair, Allocation-1 stands out due to its efficiency, maximization of total value, and consistency with human responses.",0,3,1,2,3
60,"A classic problem of fair allocation!

After analyzing the values of each person for each good, I think the fairest allocation is:

**Allocation-1: Person 1 gets Good B, Person 2 gets Good C, and Person 3 gets Goods A and D.**

Here's why:

1. **Efficiency**: This allocation ensures that each good is allocated to the person who values it the most. Good B is allocated to Person 1, who values it the highest (47). Good C is allocated to Person 2, who values it the highest (48). Good A is allocated to Person 3, who has a relatively higher value for it (23). Good D is also allocated to Person 3, who values it relatively higher (20).
2. **Fairness**: This allocation distributes the goods in a way that each person receives a bundle of goods that they value relatively highly. Person 1 gets Good B, which is their highest-valued good. Person 2 gets Good C, which is their highest-valued good. Person 3 gets Goods A and D, which are their second- and third-highest valued goods, respectively.
3. **Equality**: While it's not possible to achieve perfect equality in terms of the total value each person receives, this allocation comes close. The total value received by each person is: Person 1 (47), Person 2 (48), and Person 3 (43). The difference in total value is relatively small, indicating a more equal distribution.

In contrast, other allocations may lead to inefficiencies or unfairness. For example, Allocation-2 allocates Good C to Person 1, who values it lower than Person 2. Allocation-4 allocates Goods A and C to Person 2, leaving Person 3 with only Good D, which is not their highest-valued good.

Overall, Allocation-1 strikes a good balance between efficiency, fairness, and equality, making it the fairest allocation in my opinion.",0,3,1,2,3
61,"After analyzing the values assigned by each person to each good, I believe the fairest allocation is Allocation-1: Person 1 gets Good B, Person 2 gets Good C, and Person 3 gets Goods A and D.

Here are the reasons behind my choice:

1. **Efficiency**: This allocation ensures that each good is allocated to the person who values it the most. Person 1 values Good B the most (47), Person 2 values Good C the most (48), and Person 3 values Good A the most (23) among the remaining goods. This allocation maximizes the total value of the goods allocated.
2. **Fairness**: Each person receives at least one good that they highly value. Person 1 gets Good B, which they value highly (47). Person 2 gets Good C, which they value highly (48). Person 3 gets two goods, Good A and Good D, which they value moderately (23 and 20, respectively). No one is left without a good or feels significantly disadvantaged.
3. **Balance**: The allocation is balanced in the sense that each person's total value from the allocated goods is relatively similar. Person 1 gets 47, Person 2 gets 48, and Person 3 gets 43 (23 + 20). This balance ensures that no one person is significantly better off or worse off than the others.
4. **Minimal waste**: This allocation minimizes waste by allocating all four goods, rather than discarding one as in Allocation-5.

While the other allocations may seem reasonable, they do not achieve the same level of efficiency, fairness, balance, and minimal waste as Allocation-1. For example, Allocation-2 and Allocation-3 allocate goods to persons who do not value them the most, leading to inefficiencies. Allocation-4 allocates two goods to Person 2, which may be seen as unfair to the other two persons.",0,3,1,2,3
62,"After analyzing the values of each person for each good, I would choose Allocation-1 as the fairest allocation.

Here's the allocation: Person 1 gets Good B, Person 2 gets Good C, and Person 3 gets Goods A and D.

My reasons for choosing this allocation are as follows:

1. **Efficiency**: This allocation maximizes the total value of the goods to the individuals. Person 1 gets Good B, which is their highest-valued good (47). Person 2 gets Good C, which is their highest-valued good (48). Person 3 gets Goods A and D, which are their second- and third-highest valued goods, respectively.

2. **Fairness**: This allocation provides a fair distribution of the total value among the individuals. Person 1 gets a total value of 47 (Good B), Person 2 gets a total value of 48 (Good C), and Person 3 gets a total value of 43 (Goods A and D). This distribution is relatively even, considering the differences in values among the individuals.

3. **No envy**: In this allocation, no person envies the bundle of goods received by another person. Each person receives the good(s) that are most valuable to them, or a combination of goods that are still highly valued.

4. **Discarding minimal value**: This allocation discards no goods, which means that all goods are allocated to individuals who value them. This minimizes waste and ensures that the goods are utilized to their maximum potential value.

In conclusion, Allocation-1 is the fairest allocation because it maximizes efficiency, fairness, and no envy, while minimizing waste.",0,3,1,2,3
63,"After analyzing the valuations provided by each person, I consider Allocation-1 to be the fairest: Person 1 gets Good B, Person 2 gets Good C, and Person 3 gets Goods A and D.

Here's why:

1. **Maximizing total value**: This allocation maximizes the total value created across all individuals. The total value of this allocation is 47 (Good B to Person 1) + 48 (Good C to Person 2) + 43 (Good A to Person 3) + 20 (Good D to Person 3) = 158.
2. **Efficient allocation**: Each good is allocated to the person who values it the most. Good B is allocated to Person 1, who values it the most (47), Good C is allocated to Person 2, who values it the most (48), and Good A is allocated to Person 3, who values it relatively high (23). Good D is also allocated to Person 3, who values it relatively high (20).
3. **Fairness**: This allocation is fair because each person receives at least one good that they value significantly. Person 1 gets their highest-valued good (Good B), Person 2 gets their highest-valued good (Good C), and Person 3 gets two goods that they value relatively high (Good A and Good D).
4. **Comparison to other allocations**: When comparing Allocation-1 to the other options, it stands out as the most efficient and fair. Allocation-2, for example, allocates Good B to Person 3, who values it less than Person 1. Allocation-3 allocates Good C to Person 3, who values it less than Person 2.Allocation-4 and Allocation-5 have lower total values and less efficient allocations.

In conclusion, Allocation-1 is the fairest because it maximizes total value, is an efficient allocation, and is fair to all individuals involved.",0,3,1,2,3
64,"After analyzing the valuations of each person for each good, I believe the fairest allocation is Allocation-1: Person 1 gets Good B, Person 2 gets Good C, and Person 3 gets Goods A and D.

Here's why:

1. **Efficiency**: This allocation maximizes the total value generated by the allocation. Person 1 values Good B the most (47), Person 2 values Good C the most (48), and Person 3 values Good A (23) and Good D (20) the most. By allocating the goods in this way, we maximize the total value generated, which is 47 + 48 + 23 + 20 = 138.
2. **Fairness**: This allocation is also fair because each person gets at least one good that they value highly. Person 1 gets their second-highest valued good (Good B), Person 2 gets their highest valued good (Good C), and Person 3 gets two goods that they value highly (Good A and Good D).
3. **Envy-freeness**: In this allocation, no person envies another person's allocation. Each person is satisfied with their allocation and doesn't prefer someone else's allocation over their own.
4. **Comparability**: This allocation is also comparable to the other allocations in terms of fairness. Allocation-2, for example, has a similar value to Allocation-1, but it's not as efficient as Allocation-1. Allocation-3 is less efficient, and Allocation-4 and Allocation-5 are even less efficient and less fair.

Overall, Allocation-1 strikes a good balance between efficiency, fairness, envy-freeness, and comparability, making it the fairest allocation in this scenario.",0,3,1,2,3
65,"What a fascinating problem!

After analyzing the values assigned by each person to each good, I have decided that the fairest allocation is Allocation-1: Person 1 gets Good B, Person 2 gets Good C, and Person 3 gets Goods A and D.

Here's my reasoning:

1. **Maximizing total value**: Allocation-1 maximizes the total value generated by the allocation. Person 1 gets Good B, which they value at 47, the highest value among all individuals for that good. Person 2 gets Good C, which they value at 48, again the highest value among all individuals for that good. Person 3 gets Goods A and D, which they value at 23 and 20, respectively, which are still reasonable values.
2. **Efficiency**: Allocation-1 is efficient in the sense that each good is allocated to the person who values it the most. This ensures that the goods are not wasted, and each person receives a good that they value highly.
3. **Distributive fairness**: Allocation-1 distributes the goods in a way that is fair and balanced among the three individuals. Each person receives at least one good that they value highly, and no one is left without a good or with a good that they do not value highly.
4. **Comparing to other allocations**: When comparing Allocation-1 to the other allocations, I notice that it is the only one that allocates Goods B and C to the individuals who value them the most (Person 1 and Person 2, respectively). This suggests that Allocation-1 is more efficient and fair than the other allocations.

In conclusion, based on the values assigned by each person to each good, I believe that Allocation-1 is the fairest allocation. It maximizes the total value generated, is efficient, distributes the goods fairly, and is the only allocation that allocates Goods B and C to the individuals who value them the most.",0,3,1,2,3
66,"What a fascinating problem! After carefully examining the values of each person for each good, I conclude that Allocation-1 is the fairest allocation. Here's why:

**Efficiency:** Allocation-1 maximizes the total value achieved by allocating the goods. Person 1 gets Good B, which they value at 47, Person 2 gets Good C, which they value at 48, and Person 3 gets Goods A and D, which they value at 23 and 20, respectively. This allocation yields a total value of 47 + 48 + 23 + 20 = 138.

**Fairness:** Allocation-1 is also fair because it respects the relative preferences of each person. Person 1 values Good B the most, Person 2 values Good C the most, and Person 3 values Goods A and D relatively highly compared to the other two persons.

**Comparative analysis:** Let's compare Allocation-1 with the other allocations:

* Allocation-2 is similar, but it swaps the assignments of Goods B and C between Person 1 and Person 2, which doesn't change the overall value significantly.
* Allocation-3 assigns Good A to Person 2, which is not their highest-valued good, and Good C to Person 3, which is not their highest-valued good either. This allocation is less efficient and fair.
* Allocation-4 assigns two goods (A and C) to Person 2, which may seem unfair to Person 1 and Person 3. It also discards part of the total value.
* Allocation-5 discards Good D, which is valued by Person 3, and assigns only one good to Person 1 and Person 2, which is not efficient.

In conclusion, Allocation-1 stands out as the fairest allocation because it maximizes the total value and respects the relative preferences of each person, ensuring a more efficient and equitable distribution of the goods.",0,3,1,2,3
67,"What a fascinating problem!

After analyzing the values of each person for each good, I believe the fairest allocation is Allocation-1: Person 1 gets Good B, Person 2 gets Good C, and Person 3 gets Goods A and D.

Here's my reasoning:

1. **Efficiency**: This allocation maximizes the total value generated by the goods. Person 1 values Good B the most (47), Person 2 values Good C the most (48), and Person 3 values Good A (23) and Good D (20) more than the other two persons.
2. **Fairness**: This allocation distributes the goods in a way that each person receives a good that they value relatively highly. Person 1 gets their second-highest valued good, Person 2 gets their highest valued good, and Person 3 gets two goods that they value higher than the others.
3. **Equity**: While the values are not identical across persons, this allocation ensures that each person receives a bundle of goods with a total value that is relatively close to the others. The total values for each person are: Person 1 (47), Person 2 (48), and Person 3 (43).

In contrast, the other allocations either leave some goods unallocated (e.g., Allocation-5) or allocate goods to persons who do not value them as highly (e.g., Allocation-2).

It's interesting to see that human respondents also favored Allocation-1, with 26.2% of responses.",0,3,1,2,3
68,"Based on the given information, I consider Allocation-1: Person 1 gets Good B, Person 2 gets Good C, and Person 3 gets Goods A and D to be the fairest allocation. Here's why:

1. **Maximum Total Value**: This allocation results in the highest total value among all possible allocations. Person 1 gets Good B with a value of 47, Person 2 gets Good C with a value of 48, and Person 3 gets Goods A and D with a total value of 23 + 20 = 43. The total value of this allocation is 47 + 48 + 43 = 138.

2. **Efficient Allocation**: This allocation ensures that each good is allocated to the person who values it the most. Good B is allocated to Person 1, who values it the most (47). Good C is allocated to Person 2, who values it the most (48). Good A is allocated to Person 3, who values it the second-most (23), and Good D is also allocated to Person 3, who values it the second-most (20).

3. **Distributive Fairness**: This allocation is also fair in terms of the distribution of goods among the three persons. Each person gets at least one good, and no one is left empty-handed.

4. **Consistency with Human Respondents**: This allocation is also the most frequently chosen allocation by human respondents, with 26.2% of the responses favoring this allocation.

While other allocations might have similar total values, Allocation-1 stands out due to its efficient allocation, distributive fairness, and consistency with human respondents' preferences.",0,3,1,2,3
69,"After analyzing the valuations of each person for each good, I would argue that Allocation-1 is the fairest allocation. This allocation is:

* Person 1 gets Good B
* Person 2 gets Good C
* Person 3 gets Goods A and D

Here's why I think this allocation is the fairest:

1. **Efficiency**: This allocation ensures that each good is assigned to the person who values it the most. Person 1 values Good B the highest (47), Person 2 values Good C the highest (48), and Person 3 values Good A the highest among the remaining goods (23).
2. **Maximizing total value**: By allocating the goods in this way, the total value generated is maximized. The total value of this allocation is: 47 (Person 1, Good B) + 48 (Person 2, Good C) + 23 (Person 3, Good A) + 20 (Person 3, Good D) = 138.
3. **Fair distribution of goods**: Each person receives a good that they value relatively highly. Person 1 gets their second-highest valued good, Person 2 gets their highest valued good, and Person 3 gets their highest and second-highest valued goods.
4. **No envy**: This allocation does not create envy among the individuals. Each person receives a bundle of goods that they value more than the bundles received by the others.
5. **Consistency with human respondents' choices**: As mentioned, 26.2% of human respondents also chose this allocation, which suggests that it is a intuitive and fair allocation.

Overall, Allocation-1 strikes a good balance between efficiency, fairness, and maximizing total value, making it the fairest allocation in this scenario.",0,3,1,2,3
70,"After analyzing the values assigned by each person to each good, I believe that Allocation-1 is the fairest allocation. Here's why:

**Efficient allocation**: This allocation maximizes the total value generated by the allocation. Person 1 gets Good B, which is their highest-valued good (47). Person 2 gets Good C, their highest-valued good (48). Person 3 gets Goods A and D, which are their second- and third-highest valued goods, respectively (23 and 20).

**Fairness in terms of total value**: Allocation-1 ensures that each person receives a total value that is relatively close to their total value for all goods. Person 1 gets a total value of 47, Person 2 gets a total value of 48, and Person 3 gets a total value of 43 (23 + 20). This allocation comes closest to achieving a balanced distribution of total value among the three individuals.

**Minimizing envy**: In this allocation, each person can reasonably argue that they have received a fair share. Person 1 might envy Person 2's allocation of Good C, but they still receive their highest-valued good (Good B). Person 2 might envy Person 1's allocation of Good B, but they still receive their highest-valued good (Good C). Person 3 receives two goods that are close in value to their highest-valued good (Good B), which they cannot receive in this allocation.

**Comparison to other allocations**: While other allocations may seem reasonable, they have drawbacks. Allocation-2, for instance, would give Person 1 Good C, which is not their highest-valued good. Allocation-3 would give Person 1 Good B, but Person 2 would receive Good A, which is not their highest-valued good. Allocation-4 would give Person 2 two goods, which might be seen as unfair by the other two individuals. Allocation-5 would discard Good D, which would reduce the overall efficiency of the allocation.

In conclusion, Allocation-1 is the fairest allocation because it maximizes total value, achieves a relatively balanced distribution of value among individuals, minimizes envy, and is more efficient than other allocations.",0,3,1,2,3
71,"What a fascinating problem!

After analyzing the values each person assigns to each good, I would argue that the fairest allocation is Allocation-1: Person 1 gets Good B, Person 2 gets Good C, and Person 3 gets Goods A and D.

Here are the reasons behind my choice:

1. **Efficiency**: This allocation maximizes the total value generated by the goods. Person 1 values Good B the most (47), Person 2 values Good C the most (48), and Person 3 values Good A and Good D together more than any other individual (23 + 20 = 43).
2. **Fairness**: Each person receives a good that is most valuable to them, relativeto the others. This ensures that each individual is satisfied with their allocation, as they get the good that provides them with the highest utility.
3. **Pareto Optimality**: It's difficult to improve the allocation for one person without making someone else worse off. In this allocation, if we try to give Good B to Person 2 or Person 3, they would be worse off, as they value Good C and Good A higher, respectively.
4. **No envy**: No person envies another person's allocation. Each individual has a good that is most valuable to them, making them content with their allocation.

While the other allocations also have some merits, they have drawbacks. For example, Allocation-2 has Person 2 getting Good A, which is not their most valuable good (Good C). Allocation-3 has Person 2 getting Good A, which is not their most valuable good, and Person 3 getting Good D, which is not their most valuable good either. Allocation-4 has Person 2 getting two goods, which might be seen as unfair. Allocation-5 has Good D being discarded, which is inefficient.

Overall, Allocation-1 balances efficiency, fairness, and no envy, making it the fairest allocation in this scenario.",0,3,1,2,3
72,"After analyzing the values each person has for each good, I believe Allocation-1 is the fairest allocation:

Allocation-1: Person 1 gets Good B, Person 2 gets Good C, and Person 3 gets Goods A and D.

Here's why:

1. **Efficiency**: This allocation maximizes the total value generated by the goods. Person 1 gets Good B, which they value highly (47). Person 2 gets Good C, which they value highly (48). Person 3 gets Goods A and D, which they value reasonably (23 and 20, respectively). The total value generated by this allocation is 47 + 48 + 23 + 20 = 138.
2. **Proportionality**: Each person gets a share of the goods that is roughly proportional to their overall valuation of the goods. Person 1 has the highest total valuation (150), and they get Good B, which is their most valued good. Person 2 has the second-highest total valuation (95), and they get Good C, which is their most valued good. Person 3 has the lowest total valuation (100), but they still get two goods, which is reasonable given their values.
3. **Fairness**: This allocation considers the relative values each person has for each good. For example, Person 1 values Good B much more than Good A, so it's fair to give them Good B. Similarly, Person 2 values Good C more than Good A, so it's fair to give them Good C. Person 3 values Good A more than Good D, so it's fair to give them Good A along with Good D.
4. **No envy**: In this allocation, no person envies another person's bundle of goods. Each person gets a bundle that is at least as good as the others in their eyes.

While other allocations may also be reasonable, Allocation-1 best balances efficiency, proportionality, fairness, and the absence of envy. It is not surprising that it received the highest percentage of responses (26.2%) from human respondents.",0,3,1,2,3
73,"What a fascinating problem! After analyzing the values each person assigns to each good, I'm inclined to choose Allocation-1 as the fairest allocation. Here's why:

**Efficiency**: Allocation-1 ensures that each good is allocated to the person who values it the most. Person 1 gets Good B, which they value at 47, the highest value for that good. Person 2 gets Good C, which they value at 48, again, the highest value for that good. Person 3 gets Goods A and D, which they value at 23 and 20, respectively, the highest values for those goods among the three individuals.

**Fairness**: This allocation also appears to distribute the goods in a way that's fair in terms of overall value received by each person. Person 1 gets a good worth 47, Person 2 gets a good worth 48, and Person 3 gets goods worth 23 and 20, totaling 43. While the values aren't identical, they're relatively close, indicating a reasonable balance.

**Comparing with other allocations**: If we look at the other allocations, we can see why Allocation-1 stands out. For example, in Allocation-2, Person 1 gets Good C, which they value less than Good B. Similarly, in Allocation-3, Person 2 gets Good A, which they value less than Good C. Allocation-4 is less efficient, as Person 2 gets two goods (A and C), while Person 3 gets only one good (D). Allocation-5 is even less desirable, as Good D is discarded, making it a wasted opportunity.

**Human respondents' preferences**: It's interesting to note that Allocation-1 was chosen by 26.2% of human respondents, making it one of the two most popular allocations. This suggests that many people also perceive this allocation as fair and efficient.

In conclusion, based on the values provided, I believe Allocation-1 is the fairest allocation, as it maximizes efficiency, balances overall value received by each person, and aligns with human respondents' preferences.",0,3,1,2,3
74,"After analyzing the valuations provided, I believe the fairest allocation is Allocation-1: Person 1 gets Good B, Person 2 gets Good C, and Person 3 gets Goods A and D.

Here's why:

1. **Efficient allocation**: This allocation ensures that each good is allocated to the person who values it the most. Person 1 values Good B the most (47), Person 2 values Good C the most (48), and Person 3 values Good A (23) and Good D (20) more than the others.
2. **Maximizing total value**: This allocation maximizes the total value achieved by the three individuals. The total value of this allocation is: 47 (Good B) + 48 (Good C) + 23 (Good A) + 20 (Good D) = 138.
3. **Fairness**: This allocation distributes the goods in a way that each person receives a bundle of goods that they value relatively evenly. Person 3, who has lower valuations overall, still receives two goods that they value relatively highly.
4. **Comparing to other allocations**: Allocation-1 is the only allocation where each person receives a good that they value more than 20. In contrast, Allocation-2, Allocation-3, and Allocation-4 have at least one person receiving a good they value less than 10. Allocation-5 discards Good D, which is not an ideal outcome.

While there may not be a unique ""optimal"" allocation, Allocation-1 is a fair and efficient allocation that maximizes the total value and considers the relative valuations of each individual.",0,3,1,2,3
75,"After analyzing the valuations of each person for each good, I believe the fairest allocation is Allocation-1: Person 1 gets Good B, Person 2 gets Good C, and Person 3 gets Goods A and D.

Here's my reasoning:

1. **Maximizing total value**: Allocation-1 results in the highest total value among all possible allocations. Person 1 gets Good B, which they value at 47, Person 2 gets Good C, which they value at 48, and Person 3 gets Goods A and D, which they value at 23 and 20, respectively. This allocation yields a total value of 47 + 48 + 43 = 138.

2. **Ensuring each person gets a good they value highly**: In Allocation-1, each person receives a good that they value highly. Person 1 gets Good B, which is their highest-valued good. Person 2 gets Good C, which is their highest-valued good. Person 3 gets Goods A and D, which are their second- and third-highest valued goods, respectively.

3. **Fair distribution of goods**: Allocation-1 distributes the goods fairly among the three individuals. Each person receives at least one good, and Person 3, who has relatively lower valuations for each good, receives two goods to compensate.

4. **No envy**: In Allocation-1, no person envies another person's allocation. Each person is happy with the goods they receive, as they value them highly.

While the other allocations also have some merits, Allocation-1 stands out as the fairest due to its ability to maximize total value, ensure each person gets a good they value highly, distribute goods fairly, and avoid envy.

It's interesting to note that the human respondents also chose Allocation-1 as one of the most popular allocations, with 26.2% of responses. This suggests that human intuition aligns with the principles of fairness I used to evaluate the allocations.",0,3,1,2,3
76,"After analyzing the valuations of the individuals, I believe the fairest allocation is Allocation-1: Person 1 gets Good B, Person 2 gets Good C, and Person 3 gets Goods A and D.

Here's why:

1. **Efficiency**: This allocation maximizes the total value across all individuals. Person 1 gets Good B, which is their highest-valued good (47). Person 2 gets Good C, their highest-valued good (48). Person 3 gets Goods A and D, which are their second- and third-highest valued goods (23 and 20, respectively). This allocation results in the highest aggregate value across all individuals.
2. **Fairness**: Each individual receives goods that are highly valued by them. Person 1 gets their top choice (Good B), Person 2 gets their top choice (Good C), and Person 3 gets two goods that are valued relatively high by them (Goods A and D).
3. **Balanced fairness**: The allocation distributes the goods in a way that each individual receives a significant share of the total value. Person 1 gets approximately 47% of their total value (47/100), Person 2 gets approximately 48% of their total value (48/100), and Person 3 gets approximately 43% of their total value (23 + 20 = 43/100).
4. **Lack of envy**: In this allocation, it's unlikely that any individual will envy the allocation of another person. Each person has received goods that are highly valued by them, and no one has received a significantly better allocation than anyone else.

While other allocations may also be considered fair, Allocation-1 stands out due to its efficiency, fairness, and balance. It's interesting to note that 26.2% of human respondents also chose this allocation, which suggests that it may be a widely accepted notion of fairness in this context.",0,3,1,2,3
77,"What a fascinating problem! After analyzing the values that each person assigns to each good, I have decided that the fairest allocation is Allocation-1: Person 1 gets Good B, Person 2 gets Good C, and Person 3 gets Goods A and D.

Here's why:

1. **Efficiency**: This allocation ensures that each good is allocated to the person who values it the most. Person 1 values Good B the most (47), Person 2 values Good C the most (48), and Person 3 values Goods A and D the most (23 and 20, respectively). This allocation maximizes the total value of goods allocated.
2. **Fairness**: Each person receives at least one good that they value highly. Person 1 gets their second-highest valued good (Good B), Person 2 gets their highest valued good (Good C), and Person 3 gets two goods that they value relatively highly (Goods A and D).
3. **Balancing values**: This allocation balances the total values received by each person. Person 1 receives a total value of 47, Person 2 receives a total value of 48, and Person 3 receives a total value of 43 (23 + 20). While the values are not identical, they are relatively close, indicating a fair distribution.
4. **No dominated allocations**: Allocation-1 is not dominated by any other allocation, meaning that it is not possible to find another allocation that makes one person better off without making someone else worse off.

The other allocations, while still reasonable, do not quite meet these criteria as well as Allocation-1. For example, Allocation-2 and Allocation-3 have similar efficiency and fairness properties, but they don't balance the total values received by each person as well as Allocation-1. Allocation-4 and Allocation-5 have some inefficiencies, such as allocating multiple goods to one person while leaving others with fewer goods.

Of course, fairness is subjective, and different people may have different opinions on what constitutes a fair allocation. However, based on the values provided, I believe that Allocation-1 is the fairest and most reasonable allocation.",0,3,1,2,3
78,"After analyzing the values assigned to each good by each person, I would recommend Allocation-1: Person 1 gets Good B, Person 2 gets Good C, and Person 3 gets Goods A and D.

Here's my reasoning:

1. **Maximizing Total Value**: Allocation-1 maximizes the total value across all individuals. Person 1 gets Good B, which is their highest-valued good (47). Person 2 gets Good C, which is their highest-valued good (48). Person 3 gets Goods A and D, which have a combined value of 43 (23 + 20), which is their highest possible combined value.
2. **Fair Distribution**: This allocation distributes the goods in a way that each person receives at least one good that they highly value. Person 1 gets their top choice, Person 2 gets their top choice, and Person 3 gets two goods that they value relatively highly.
3. **Efficiency**: This allocation ensures that no good is wasted or discarded, as every good is allocated to someone who values it.
4. **Comparing Alternative Allocations**: While Allocation-2 and Allocation-3 are similar, they don't quite match the efficiency and fairness of Allocation-1. Allocation-4 and Allocation-5 have lower total values and less efficient allocations.

In conclusion, Allocation-1 is the fairest because it maximizes the total value, provides a fair distribution of goods, and ensures that no good is wasted.",0,3,1,2,3
79,"After analyzing the values assigned by each person to each good, I believe the fairest allocation is Allocation-1: Person 1 gets Good B, Person 2 gets Good C, and Person 3 gets Goods A and D.

Here's why:

1. **Maximizing overall value**: Allocation-1 maximizes the total value generated by the allocation. Person 1 gets Good B, which they value at 47, the highest value among all individuals for that good. Person 2 gets Good C, which they value at 48, the highest value among all individuals for that good. Person 3 gets Goods A and D, which they value at 23 + 20 = 43, a relatively high total value.

2. **Efficiency**: Allocation-1 is an efficient allocation because each good is assigned to the person who values it the most. This ensures that the goods are not wasted and that the total value generated is maximized.

3. **Fairness**: Allocation-1 can be considered fair because each person gets a significant share of the total value. Person 1 gets 47, Person 2 gets 48, and Person 3 gets 43, which are relatively close values.

4. **Comparison to other allocations**: Allocation-1 is more efficient and fair compared to other allocations. For example, Allocation-2 assigns Good C to Person 1, who values it less than Person 2, reducing the overall value generated. Allocation-3 is also less efficient, as Person 2 values Good A less than Person 3. Allocation-4 and Allocation-5 are even less efficient, as they result in lower total values generated and less fair distributions.

In conclusion, Allocation-1 is the fairest allocation because it maximizes the overall value generated, is efficient, and ensures a relatively fair distribution of value among the three individuals.",0,3,1,2,3
80,"What a fascinating problem!

After analyzing the valuations of each person for each good, I have determined that Allocation-1 is the fairest allocation. Here's why:

**Efficiency**: Allocation-1 ensures that each good is allocated to the person who values it the most. Person 1 gets Good B, which they value at 47, the highest valuation for that good. Person 2 gets Good C, which they value at 48, the highest valuation for that good. Person 3 gets Goods A and D, which they value at 23 and 20, respectively, which are the highest valuations among the remaining goods.

**Fairness**: Allocation-1 distributes the goods in a way that is perceived as fair by the participants. Each person receives at least one good that they value highly, and no one is left with a good that they value very low. This allocation balances the satisfaction of each person's preferences.

**Comparative reasoning**: By comparing the valuations of each person, we can see that Allocation-1 is a more balanced allocation than the others. For example, in Allocation-2, Person 1 gets Good C, but Person 2 values it more highly (48 vs. 45). Similarly, in Allocation-3, Person 2 gets Goods A and C, but Person 1 values Good B more highly (47 vs. 45).

**Human respondents' preference**: Allocation-1 is also the most popular choice among human respondents, with 26.2% of responses, which suggests that it is a intuitive and reasonable allocation.

In conclusion, Allocation-1 is the fairest allocation because it is efficient, fair, and balanced, and it is also the most popular choice among human respondents.",0,3,1,2,3
81,"A classic problem of fair allocation!

After analyzing the values each person assigns to each good, I believe the fairest allocation is Allocation-1: Person 1 gets Good B, Person 2 gets Good C, and Person 3 gets Goods A and D.

Here's why:

1. **Maximizing total value**: This allocation results in the highest total value for the three individuals. Person 1 gets Good B, which is worth 47 to them. Person 2 gets Good C, which is worth 48 to them. Person 3 gets Goods A and D, which are worth 23 and 20, respectively, totaling 43. The total value of this allocation is 138 (47 + 48 + 43).
2. **Efficient allocation**: Each good is allocated to the person who values it the most. Good B is most valuable to Person 1, Good C is most valuable to Person 2, and Goods A and D are most valuable to Person 3 (combined).
3. **Fair distribution of values**: The allocation is relatively balanced in terms of the values each person receives. Person 1 gets a high-value good (Good B), Person 2 gets an equally high-value good (Good C), and Person 3 gets two lower-value goods that still provide a substantial total value (Goods A and D).
4. **No envy**: In this allocation, no person envies another person's allocation. Each person is satisfied with their assigned goods, as they are the ones who value them the most.

While other allocations, like Allocation-2, also seem reasonable, they don't quite match the optimality of Allocation-1. Allocation-1 strikes a good balance between maximizing total value, efficient allocation, and fairness, making it the fairest allocation in my opinion.",0,3,1,2,3
82,"After analyzing the values of each person for each good, I consider Allocation-1: Person 1 gets Good B, Person 2 gets Good C, and Person 3 gets Goods A and D, to be the fairest allocation.

Here's why:

1. **Efficient allocation**: Allocation-1 ensures that each good is allocated to the person who values it the most. Person 1 values Good B the most (47), Person 2 values Good C the most (48), and Person 3 values Good A the most (23) among the remaining goods. Allocating Good D to Person 3 also makes sense, as they value it more than the others (20).
2. **Fair distribution of total value**: The total value received by each person in Allocation-1 is relatively balanced:
	* Person 1: 47 (Good B)
	* Person 2: 48 (Good C)
	* Person 3: 43 (Good A) + 20 (Good D) = 63
This allocation ensures that no one person dominates the others in terms of total value received.
3. **Minimal waste**: Allocation-1 does not result in any good being discarded, unlike Allocation-5, which leaves Good D unallocated.
4. **Consistency with human respondent preferences**: As mentioned, Allocation-1 was chosen by 26.2% of human respondents, which suggests that it is a widely accepted fair allocation.

Overall, Allocation-1 strikes a balance between efficient allocation, fair distribution of total value, and minimal waste, making it the fairest allocation in this scenario.",0,3,1,2,3
83,"What a fascinating problem! After analyzing the values each person places on each good, I'll explain why I think Allocation-1 is the fairest.

**Fairness criteria:** In the absence of explicit fairness criteria, I'll rely on the principles of efficiency, envy-freeness, and equal treatment. A fair allocation should:

1. Maximize the total value generated (efficiency).
2. Ensure that no person envies another person's allocation, i.e., each person prefers their own allocation to anyone else's.
3. Treat all individuals equally, without arbitrary discrimination.

**Analysis:**

1. **Efficiency:** Let's calculate the total value of each allocation:

Allocation-1: 47 (Good B) + 48 (Good C) + 23 (Good A) + 20 (Good D) = 138
Allocation-2: 45 (Good C) + 45 (Good A) + 25 (Good B) + 20 (Good D) = 135
Allocation-3: 47 (Good B) + 45 (Good A) + 32 (Good C) + 20 (Good D) = 134
Allocation-4: 47 (Good B) + 45 (Good A) + 48 (Good C) + 20 (Good D) = 140 ( highest total value, but not chosen frequently)
Allocation-5: 47 (Good B) + 45 (Good A) + 32 (Good C) + 0 (Good D) = 124 (low total value, and Good D is discarded)

Based on efficiency, Allocation-4 seems the best choice, but it's not the most frequently chosen allocation. This might be because it's not envy-free or doesn't treat individuals equally.

2. **Envy-freeness and equal treatment:** Let's examine each allocation in more detail:

Allocation-1: Each person gets a good that is highly valued by them, and the total value of each person's allocation is relatively balanced (47, 48, and 43).
Allocation-2: Person 1 values Good C less than Good B, and Person 2 values Good A less than Good C. This allocation may lead to envy.
Allocation-3: Person 1 values Good B more than Good A, and Person 3 values Good C more than Good D. This allocation may also lead to envy.
Allocation-4: Person 2 gets two goods, which may be seen as unfair by others.
Allocation-5: Good D is discarded, which is inefficient, and Person 3 only gets one good.

Considering the above analysis, I believe **Allocation-1 is the fairest:**

* It maximizes the total value (although not the highest, it's close).
* It is envy-free, as each person gets a good that is highly valued by them.
* It treats individuals equally, without arbitrary discrimination.

In summary, Allocation-1 is a fair and efficient allocation that satisfies the principles of envy-freeness and equal treatment.",0,3,1,2,3
84,"After analyzing the values of each person for each good, I consider Allocation-1 (Person 1 gets Good B, Person 2 gets Good C, and Person 3 gets Goods A and D) to be the fairest allocation.

My reasons for choosing this allocation are as follows:

1. **Maximizing total value**: Allocation-1 achieves the highest total value across all individuals. Good B is allocated to Person 1, who values it the most (47), Good C is allocated to Person 2, who values it the most (48), and Goods A and D are allocated to Person 3, who values them highly (23 and 20, respectively). This allocation generates a total value of 47 + 48 + 23 + 20 = 138.

2. **Fairness**: Allocation-1 ensures that each person receives a good (or goods) that they value highly. Person 1 gets Good B, their most preferred good, Person 2 gets Good C, their most preferred good, and Person 3 gets Goods A and D, which are their second- and third-most preferred goods, respectively.

3. **Efficiency**: Allocation-1 is efficient in the sense that no good is wasted or discarded. Every good is allocated to someone who values it, ensuring that the total value generated is maximized.

4. **Comparative analysis**: While other allocations, such as Allocation-2 and Allocation-3, may also seem reasonable, they do not achieve the same level of total value as Allocation-1. Allocation-4 and Allocation-5 are less desirable because they result in lower total values and may lead to waste (Good D is discarded in Allocation-5).

In conclusion, Allocation-1 is the fairest allocation because it maximizes total value, ensures fairness, is efficient, and outperforms other possible allocations.",0,3,1,2,3
85,"What a fascinating problem!

After analyzing the values of each person for each good, I have decided that Allocation-1 is the fairest allocation. Here's why:

**Efficiency:** Allocation-1 maximizes the total value realized by the three individuals. The sum of the values of the goods allocated to each person is:

* Person 1: Good B (47)
* Person 2: Good C (48)
* Person 3: Goods A and D (23 + 20 = 43)

The total value realized is 47 + 48 + 43 = 138, which is the highest among all possible allocations.

**Fairness:** Allocation-1 is also fair because each person receives a bundle of goods that is closest to their highest valued good. Person 1 values Good B the most, Person 2 values Good C the most, and Person 3 values Good A the most among the remaining goods after allocating Good B and Good C. This allocation respects the relative preferences of each individual.

**Pareto Optimality:** Allocation-1 is Pareto optimal, meaning that there is no other allocation that can make one person better off without making another person worse off.

While the other allocations have some intuitive appeal, they do not maximize overall value or respect individual preferences as well as Allocation-1. For example, Allocation-2 allocates Good A to Person 2, who values it less than Person 3. Similarly, Allocation-3 and Allocation-4 have lower total values than Allocation-1.

In conclusion, Allocation-1 is the fairest because it optimizes the total value realized, respects individual preferences, and is Pareto optimal.",0,3,1,2,3
86,"After analyzing the values of each person for each good, I conclude that the fairest allocation is Allocation-1: Person 1 gets Good B, Person 2 gets Good C, and Person 3 gets Goods A and D.

Here's my reasoning:

1. **Maximize total value**: Allocation-1 yields the highest total value among all possible allocations. Person 1 gets Good B, which they value at 47, Person 2 gets Good C, which they value at 48, and Person 3 gets Goods A and D, which they value at 23 + 20 = 43. This allocation maximizes the total value of the goods allocated, which is 138 (47 + 48 + 43).
2. **Efficient allocation**: Allocation-1 is also an efficient allocation, meaning that each good is allocated to the person who values it the most. Good B is allocated to Person 1, who values it the most (47). Good C is allocated to Person 2, who values it the most (48). Good A is allocated to Person 3, who values it the second-most (23). Good D is also allocated to Person 3, who values it the most (20).
3. **Fairness**: Allocation-1 distributes the goods in a way that is perceived as fair by the majority of respondents (26.2% responses). This allocation takes into account the relative values of each person for each good and tries to balance their gains.
4. **Comparing alternatives**: While other allocations, such as Allocation-2 and Allocation-3, also seem reasonable, they do not maximize the total value or allocate goods as efficiently as Allocation-1. Allocation-4 and Allocation-5 are less desirable since they lead to Good D being allocated to Person 3, who values it less than Person 1, or Good D being discarded, which is inefficient.

In conclusion, Allocation-1 is the fairest allocation because it maximizes the total value, allocates goods efficiently, and distributes them in a way that is perceived as fair by the majority of respondents.",0,3,1,2,3
87,"After analyzing the valuations of each person for each good, I believe Allocation-1 is the fairest: Person 1 gets Good B, Person 2 gets Good C, and Person 3 gets Goods A and D.

Here's my reasoning:

1. **Efficiency**: Allocation-1 ensures that each good is allocated to the person who values it the most. Good B is allocated to Person 1, who values it at 47, the highest valuation among all three individuals. Similarly, Good C is allocated to Person 2, who values it at 48, the highest valuation for that good. Good A is allocated to Person 3, who values it at 23, higher than Person 1's valuation of 5. Good D is also allocated to Person 3, who values it at 20, higher than Person 1's valuation of 3 and Person 2's valuation of 2.
2. **Fairness**: Allocation-1 ensures that each person receives a bundle of goods that is roughly equivalent in value to their overall valuation. Person 1 receives Good B, which is worth 47 to them, a significant portion of their total valuation (3 + 45 + 47 + 5 = 100). Person 2 receives Good C, which is worth 48 to them, a significant portion of their total valuation (2 + 45 + 48 + 5 = 100). Person 3 receives Goods A and D, which are worth 43 to them (23 + 20), a significant portion of their total valuation (23 + 25 + 32 + 20 = 100).
3. **No envy**: Allocation-1 is likely to reduce envy among the three individuals. Each person receives a bundle of goods that they value highly, reducing the likelihood of feeling envious of another person's allocation.
4. **Comparability to other allocations**: While other allocations, such as Allocation-2 and Allocation-3, also seem reasonable, they may not be as efficient or fair. For example, in Allocation-2, Person 1 receives Good C, which is not their most valued good, and Person 3 receives Goods B and D, which may not be their most valued combination. Allocation-1 appears to strike a better balance among the three individuals.

Overall, Allocation-1 is the fairest because it ensures efficiency, fairness, and reduces envy among the individuals involved.",0,3,1,2,3
88,"What a fascinating problem!

After analyzing the values that each person attaches to each good, I have arrived at a conclusion about the fairest allocation. In my opinion, the fairest allocation is:

**Allocation-1: Person 1 gets Good B, Person 2 gets Good C, and Person 3 gets Goods A and D.**

Here's my reasoning:

1. **Maximizing total value**: This allocation yields the highest total value among all possible allocations. Person 1 gets Good B, which is worth 47 to them. Person 2 gets Good C, which is worth 48 to them. Person 3 gets Goods A and D, which are worth 23 and 20, respectively. The total value of this allocation is 47 + 48 + 23 + 20 = 138.
2. **Efficient allocation**: In this allocation, each good is assigned to the person who values it the most. Good B is most valuable to Person 1, Good C is most valuable to Person 2, and Good A is most valuable to Person 3 (among Goods A and D).
3. **Fairness**: This allocation is fair because each person receives a bundle of goods that is meaningful to them. Person 1 gets their second-highest-valued good (Good B), Person 2 gets their highest-valued good (Good C), and Person 3 gets two goods that are relatively valuable to them (Goods A and D).
4. **Minimizing envy**: While it's not possible to completely eliminate envy in this problem, Allocation-1 minimizes it. Each person can feel that they have received a fair share, considering the values they attached to each good.

I found it interesting that my chosen allocation (Allocation-1) was also the most popular choice among human respondents, with 26.2% of the responses.

In conclusion, Allocation-1 balances efficiency, fairness, and minimizes envy, making it the fairest allocation of the four goods among the three individuals.",0,3,1,2,3
89,"What a wonderful problem!

After analyzing the values each person places on each good, I have concluded that the fairest allocation is Allocation-1: Person 1 gets Good B, Person 2 gets Good C, and Person 3 gets Goods A and D.

Here's why:

1. **Maximizing total value**: Allocation-1 results in the highest total value among all individuals. The total value is 47 (Person 1's value for Good B) + 48 (Person 2's value for Good C) + 43 (Person 3's value for Goods A and D) = 138.
2. **Efficient allocation**: Each good is allocated to the person who values it the most. Person 1 values Good B the most, Person 2 values Good C the most, and Person 3 values Goods A and D the most.
3. **Fair distribution of goods**: Each person receives at least one good, and the allocation is balanced in the sense that no one person receives all the high-value goods.
4. **Minimizing envy**: In this allocation, it's difficult for anyone to argue that another person has received a significantly better allocation. The values are well-distributed, and each person has received goods that they value reasonably highly.

While other allocations may also seem reasonable, Allocation-1 stands out as the fairest due to its efficiency, balance, and maximization of total value.

Interestingly, human respondents also favored this allocation, with 26.2% of responses choosing Allocation-1. This suggests that there is a strong intuitive appeal to this allocation, which is supported by the analytical reasoning outlined above.",0,3,1,2,3
90,"After analyzing the values of each person for each good, I conclude that the fairest allocation is Allocation-1: Person 1 gets Good B, Person 2 gets Good C, and Person 3 gets Goods A and D.

Here's my reasoning:

1. **Efficiency**: In Allocation-1, each good is allocated to the person who values it the most. Person 1 values Good B the most (47), Person 2 values Good C the most (48), and Person 3 values Good A the most among the remaining goods (23). Allocating Good D to Person 3 is also reasonable, as they value it the most among the remaining persons (20).
2. **Fairness**: Allocation-1 ensures that each person receives at least one good that they value highly. Person 1 gets their second-most valued good (Good B), Person 2 gets their most valued good (Good C), and Person 3 gets their most valued good (Good A) and another good they value moderately (Good D).
3. **Comparison to other allocations**: Allocation-1 outperforms other allocations in terms of efficiency and fairness. For example, in Allocation-2, Person 1 gets Good C, which is not their most valued good, and Person 3 gets Good B, which is not their most valued good either. Similarly, Allocation-3 and Allocation-4 have inefficiencies in their allocations.
4. **Discarding goods**: Allocation-5 discards Good D, which is not desirable, as it means a good is not being utilized. Allocation-1 ensures that all goods are allocated to individuals who value them positively.

Overall, Allocation-1 balances efficiency and fairness, ensuring that each person receives at least one good they value highly, and all goods are allocated to individuals who appreciate them.",0,3,1,2,3
91,"What a fascinating problem!

After analyzing the values of each person for each good, I have decided that the fairest allocation is Allocation-1: Person 1 gets Good B, Person 2 gets Good C, and Person 3 gets Goods A and D.

Here's my reasoning:

1. **Maximizing total value**: I aimed to allocate the goods in a way that maximizes the total value across all three individuals. In Allocation-1, the total value is:
	* Person 1: 47 (Good B)
	* Person 2: 48 (Good C)
	* Person 3: 43 (Good A) + 20 (Good D) = 63
	Total value: 47 + 48 + 63 = 158
This allocation achieves the highest total value among all possible allocations.
2. **Fairness and balance**: I considered the relative values of each good for each person and aimed to balance the allocations to ensure fairness. In Allocation-1:
	* Person 1 gets their second-highest valued good (Good B).
	* Person 2 gets their highest valued good (Good C).
	* Person 3 gets two goods, Good A and Good D, which are their second- and third-highest valued goods, respectively.
3. **Minimizing disappointment**: I tried to minimize the disappointment or dissatisfaction of each person by allocating goods that are relatively close to their highest valued goods. In Allocation-1, no person is allocated a good with a very low value to them.

While the other allocations also have merits, Allocation-1 stands out as the fairest due to its ability to maximize total value, balance the allocations, and minimize disappointment.",0,3,1,2,3
92,"What a fascinating problem!

After analyzing the values of each person for each good, I think the fairest allocation is Allocation-1 (Person 1 gets Good B, Person 2 gets Good C, and Person 3 gets Goods A and D). Here's why:

**Efficiency**: This allocation maximizes the total value of the goods allocated to each person. Let's calculate the total value for each person in this allocation:

* Person 1: Good B (47)
* Person 2: Good C (48)
* Person 3: Good A (23) + Good D (20) = 43

The total value of this allocation is 47 + 48 + 43 = 138, which is higher than any other allocation.

**Fairness**: This allocation is also fair because each person receives a good that is highly valued by them. Person 1 values Good B the most, Person 2 values Good C the most, and Person 3 values Good A and Good D relatively highly.

**Comparing alternatives**: Let's look at the other allocations:

* Allocation-2 is similar, but Person 3 gets a lower total value (25 + 20 = 45).
* Allocation-3 is less efficient, with a total value of 45 + 45 + 43 = 133.
* Allocation-4 is also less efficient, with a total value of 47 + 50 + 20 = 117.
* Allocation-5 is the least efficient, with a total value of 47 + 45 + 20 = 112, and Good D is discarded, which is wasteful.

Overall, Allocation-1 strikes a good balance between efficiency and fairness, making it the fairest allocation in my opinion.

(Note: I'm aware that the concept of fairness can be subjective, and different individuals may have different opinions on what is fair. However, based on the given values, I believe Allocation-1 is a compelling choice.)",0,3,1,2,3
93,"What a fascinating problem!

After analyzing the values of each person for each good, I concluded that the fairest allocation is Allocation-1: Person 1 gets Good B, Person 2 gets Good C, and Person 3 gets Goods A and D.

Here are the reasons behind my choice:

1. **Maximum total value**: This allocation maximizes the total value of the goods allocated to each person. Person 1 values Good B the most (47), Person 2 values Good C the most (48), and Person 3 values Good A (23) and Good D (20) the most. By allocating these goods to each person, we maximize the total value of the goods allocated, which is 47 + 48 + 23 + 20 = 138.

2. **Efficiency**: This allocation is efficient because it allocates each good to the person who values it the most. This means that no good is allocated to a person who values it less than someone else.

3. **Fairness**: Allocation-1 is also fair because it ensures that each person gets at least one good that they value highly. Person 1 gets their second-highest valued good (Good B), Person 2 gets their highest-valued good (Good C), and Person 3 gets two goods that they value relatively highly (Goods A and D).

4. **Comparison with other allocations**: While other allocations, such as Allocation-2 and Allocation-3, also allocate goods efficiently, they do not maximize the total value of the goods allocated or ensure that each person gets at least one good they value highly. Allocation-4 and Allocation-5 have lower total values and are less fair, as they leave some people with lower-valued goods or no goods at all.

In conclusion, Allocation-1 is the fairest allocation because it maximizes the total value of the goods allocated, is efficient, and ensures that each person gets at least one good they value highly.",0,3,1,2,3
94,"After analyzing the values each person has for each good, I think the fairest allocation is Allocation-1 (26.2%): Person 1 gets Good B, Person 2 gets Good C, and Person 3 gets Goods A and D.

Here's my reasoning:

1. **Efficiency**: This allocation maximizes the total value of the goods allocated. Person 1 gets Good B, which they value the most (47). Person 2 gets Good C, which they value the most (48). Person 3 gets Goods A and D, which they value highly (23 and 20, respectively).
2. **Fairness**: The allocation is fair in the sense that each person gets a good that they value highly. Person 1 gets their highest-valued good, Person 2 gets their highest-valued good, and Person 3 gets two goods that they value relatively highly.
3. **Envy-freeness**: This allocation is envy-free, meaning that no person would prefer another person's allocation. Person 1 wouldn't want Person 2's or Person 3's allocation because they value Good B more than any other good. Similarly, Person 2 and Person 3 wouldn't prefer each other's or Person 1's allocation because they value their own allocated goods more highly.
4. **No dominant person**: This allocation doesn't favor one person over the others. Each person gets a significant allocation, and no person dominates the others in terms of the total value of their allocation.

While other allocations may also be acceptable, I believe Allocation-1 satisfies the criteria of efficiency, fairness, envy-freeness, and non-dominance, making it the fairest allocation in this scenario.",0,3,1,2,3
95,"After analyzing the valuations of each person for each good, I believe the fairest allocation is Allocation-1: Person 1 gets Good B, Person 2 gets Good C, and Person 3 gets Goods A and D.

Here's the reasoning behind my choice:

1. **Maximize total utility**: Allocation-1 results in the highest total utility among all possible allocations. Person 1 gets Good B, which is valued at 47, the highest value among all person-good pairs. Person 2 gets Good C, which is valued at 48, the second-highest value. Person 3 gets Goods A and D, which are valued at 23 and 20, respectively, resulting in a total utility of 43.

2. **Efficient allocation**: Allocation-1 allocates each good to the person who values it the most. Person 1 values Good B the most, Person 2 values Good C the most, and Person 3 values Good A and Good D the most among the remaining goods.

3. **Fairness**: Allocation-1 distributes the goods in a way that is fair and reasonable. Person 1 gets the good they value the most, Person 2 gets the good they value the most, and Person 3 gets two goods that they value relatively highly. This allocation recognizes the differences in valuations and allocates goods accordingly.

4. **Comparison to other allocations**: Allocation-1 dominates the other allocations in terms of total utility and fairness. For instance, Allocation-2 has a lower total utility (43 + 45 + 25 = 113) compared to Allocation-1 (47 + 48 + 43 = 138). Allocation-3 is also inferior to Allocation-1, and Allocation-4 and Allocation-5 discard one good, which is inefficient.

In conclusion, Allocation-1 is the fairest allocation because it maximizes total utility, is efficient, and distributes the goods in a fair and reasonable manner.",0,3,1,2,3
96,"What a fascinating problem!

After analyzing the values each person assigns to each good, I've arrived at a conclusion. I think the fairest allocation is Allocation-1: Person 1 gets Good B, Person 2 gets Good C, and Person 3 gets Goods A and D.

Here's my reasoning:

1. **Efficiency**: Allocation-1 ensures that each good is allocated to the person who values it the most. Person 1 values Good B the most (47), Person 2 values Good C the most (48), and Person 3 values Good A the most (23) among the remaining goods.
2. **Fairness**: This allocation is fair because each person receives a good that they value significantly. Person 1 gets their second-highest valued good (Good B), Person 2 gets their highest valued good (Good C), and Person 3 gets two goods that they value relatively highly (Good A and Good D).
3. **Balance**: The allocation balances the total values received by each person. Person 1 receives a total value of 47, Person 2 receives a total value of 48, and Person 3 receives a total value of 43 (23 + 20). This balance suggests that each person is relatively satisfied with their allocation.
4. **Lack of envy**: In this allocation, it's unlikely that any person would envy another person's allocation. Each person receives a good (or goods) that they value highly, making it less likely for them to feel envious of someone else's allocation.

While other allocations may also seem reasonable, Allocation-1 stands out as the fairest due to its efficiency, fairness, balance, and lack of envy.

It's interesting to note that human respondents also chose Allocation-1 as one of the most popular options, with 26.2% of responses. This suggests that humans and AI can sometimes converge on similar solutions to complex problems!",0,3,1,2,3
97,"After analyzing the values of each person for each good, I believe that Allocation-1 is the fairest allocation. Here's why:

Allocation-1: Person 1 gets Good B, Person 2 gets Good C, and Person 3 gets Goods A and D.

In this allocation, each person receives the goods that they value the most or close to the most. Person 1 values Good B the most (47), so it's assigned to them. Person 2 values Good C the most (48), so it's assigned to them. Person 3 values Good A and Good D relatively highly (23 and 20, respectively), so they receive both.

This allocation seems to maximize the overall satisfaction or happiness of the individuals. By giving each person the goods they value the most, we are ensuring that they receive the highest possible utility or benefit.

Another reason I chose Allocation-1 is that it is a Pareto-efficient allocation, meaning that it is impossible to make one person better off without making someone else worse off. This is because any other allocation would require taking a good away from someone who values it highly and giving it to someone who values it less.

Additionally, Allocation-1 is the most frequent allocation chosen by human respondents (26.2% responses), which suggests that many people also intuitively find it to be the fairest allocation.

Overall, Allocation-1 seems to strike a good balance between fairness, utility, and Pareto efficiency, making it the fairest allocation in this problem.",0,3,1,2,3
98,"What a fascinating problem!

After carefully examining the values each person attaches to each good, I have decided that the fairest allocation is Allocation-1: Person 1 gets Good B, Person 2 gets Good C, and Person 3 gets Goods A and D.

Here's my reasoning:

1. **Efficiency**: I aimed to allocate goods to individuals who value them the most. In Allocation-1, Person 1 gets Good B, which they value at 47, the highest value among all individuals. Similarly, Person 2 gets Good C, which they value at 48, the highest value among all individuals. Person 3 gets Goods A and D, which they value at 23 and 20, respectively, which are also relatively high values.
2. **Distributive fairness**: I considered the total value each person receives in the allocation. In Allocation-1, the total values are:
	* Person 1: 47 (Good B)
	* Person 2: 48 (Good C)
	* Person 3: 43 (Good A + Good D)
These values are relatively balanced, ensuring that no single person receives an unfair advantage.
3. **Comparing alternatives**: I evaluated the other allocations and found that Allocation-1 is the most efficient and fair. For example, in Allocation-2, Person 1 gets Good C, which they value less than Good B, and Person 3 gets Goods B and D, which may not be the best combination for them. Similarly, Allocation-3 and Allocation-4 lead to inefficient allocations, where some goods are not allocated to the person who values them the most.
4. **Good D**: I considered the option of not allocating Good D at all, as in Allocation-5. However, since Person 3 values Good D at 20, it is reasonable to allocate it to them, ensuring that the good is utilized and not wasted.

Overall, Allocation-1 is the fairest allocation because it maximizes efficiency, distributes values relatively evenly among individuals, and takes into account the unique preferences of each person.

Do you agree with my choice?",0,3,1,2,3
99,"What a great problem!

After analyzing the values each person has for each good, I'm going to choose Allocation-1 (26.2% responses): Person 1 gets Good B, Person 2 gets Good C, and Person 3 gets Goods A and D.

Here's my reasoning:

1. ** Efficiency**: This allocation ensures that each good is allocated to the person who values it the most. Person 1 values Good B the most (47), Person 2 values Good C the most (48), and Person 3 values Good A the most (23) among the remaining goods.
2. **Fairness**: This allocation provides a relatively balanced distribution of goods among the three individuals. Each person gets at least one good that they value highly. Person 1 gets their second-highest valued good, Person 2 gets their highest valued good, and Person 3 gets two goods that they value relatively highly.
3. **Minimizing waste**: This allocation avoids discarding any goods, which is important since the goods are indivisible and cannot be split. By allocating all four goods, we ensure that each good is utilized to its maximum potential.
4. **Comparing with other allocations**: While other allocations may also be fair, Allocation-1 stands out as it provides the most balanced distribution of goods. For example, Allocation-2 is similar, but it gives Person 2 two goods with high values, while Person 3 gets lower-valued goods. Allocation-3 and Allocation-4 have fewer balanced distributions, and Allocation-5 discards Good D, which is not an optimal use of resources.

Overall, Allocation-1 seems to strike a fair balance between efficiency, fairness, and minimizing waste, making it the fairest allocation in my opinion.",0,3,1,2,3
