,Text,Good A,Good B,Good C,Good D
0,"**Fair Allocation:**

**Person 1:**

* Good B

**Person 2:**

* Good A
* Good C

**Person 3:**

* Good D

**Rationale:**

This allocation aims to maximize the total utility of the individuals while also ensuring that no individual receives an unfair share of the goods.

* **Person 1:** Receives Good B, which has a value of 47 for them.
* **Person 2:** Receives Good A and Good C, which have values of 45 and 48, respectively, for a total value of 93.
* **Person 3:** Receives Good D, which has a value of 20 for them.

**Total Utility:**

* Person 1: 47
* Person 2: 93
* Person 3: 20

Total: 160

This allocation results in the highest total utility of 160, ensuring a fair distribution of resources among the individuals.",2,1,2,3
1,"**Fair Allocation Based on Individual Values:**

**Step 1: Calculate the Total Value of Each Good**

* Good A: 5 + 45 + 23 = 73
* Good B: 47 + 5 + 25 = 77
* Good C: 45 + 48 + 32 = 125
* Good D: 3 + 2 + 20 = 25

**Step 2: Determine the Percentage of Each Good's Value for Each Person**

* Person 1:
    * Good A: 7% (5/73)
    * Good B: 61% (47/77)
    * Good C: 36% (45/125)
    * Good D: 12% (3/25)
* Person 2:
    * Good A: 62% (45/73)
    * Good B: 6% (5/77)
    * Good C: 38% (48/125)
    * Good D: 8% (2/25)
* Person 3:
    * Good A: 31% (23/73)
    * Good B: 33% (25/77)
    * Good C: 26% (32/125)
    * Good D: 80% (20/25)

**Step 3: Allocate Goods Based on Percentages**

Based on the percentage of value each person has for each good, the allocation could be:

* **Good A:**
    * Person 1 receives Good A (7%)
* **Good B:**
    * Person 1 receives Good B (61%)
* **Good C:**
    * Person 2 receives Good C (38%)
* **Good D:**
    * Person 3 receives Good D (80%)

**Rationale:**

This allocation ensures that each person receives goods with a total value that is approximately proportional to the percentage of value they have for each good. It is not a perfect solution, but it aims to distribute the goods in a way that is fair to all three individuals.

**Alternative Allocation:**

Another possible allocation, based on maximizing the total value for each person, could be:

* Person 1 receives Good A and Good B
* Person 2 receives Good C
* Person 3 receives Good D

This allocation would give Person 1 the highest total value (102), Person 2 the second highest total value (125), and Person 3 the lowest total value (20). While this allocation is not as fair as the first one, it does maximize the total value for each individual.

**Conclusion:**

The fairest allocation depends on the specific criteria used for fairness. In this case, we have considered two different approaches: allocating goods based on individual values and maximizing the total value for each person. The first approach results in a more equitable distribution of the goods, while the second approach results in a distribution that is more beneficial to certain individuals. The choice between these two approaches depends on the specific values and preferences of the individuals involved.",1,1,2,3
2,"**Fair Allocation**

Based on the provided information, I would allocate the goods as follows:

* **Good A** to Person 2 (Value: 45)
* **Good B** to Person 1 (Value: 47)
* **Good C** to Person 2 (Value: 48)
* **Good D** to Person 3 (Value: 20)

**Reasoning:**

This allocation maximizes the total value for all individuals involved. The total value for this allocation is 160 (45 + 47 + 48 + 20).

* **Person 1:** Receives Good B with a value of 47.
* **Person 2:** Receives Goods A and C with a total value of 93 (45 + 48).
* **Person 3:** Receives Good D with a value of 20.

**Alternative Allocations:**

There are other possible allocations that could also be considered fair, depending on the specific criteria used for determining fairness. For example:

* **Allocation 1:**
    * Good A to Person 1
    * Good B to Person 3
    * Good C to Person 2
    * Good D to Person 1
* **Allocation 2:**
    * Good A to Person 2
    * Good B to Person 1
    * Good C to Person 3
    * Good D to Person 1

These alternative allocations also maximize the total value for all individuals involved and may be preferable based on different notions of fairness.",2,1,2,3
3,"**Fair Allocation:**

To ensure fairness, let's consider an allocation that maximizes the total value received by all individuals. Here's the proposed allocation:

* **Person 1:** Good B
* **Person 2:** Good C
* **Person 3:** Good D
* **Discard:** Good A

**Explanation:**

* **Good A:** Person 1 has the highest value for Good A, but allocating it to them would result in a lower overall value than giving it to Person 2 or Person 3. Therefore, Good A is discarded.
* **Good B:** Person 1 values Good B the most, and allocating it to them maximizes their overall value among the remaining goods.
* **Good C:** Person 2 values Good C the most, and allocating it to them maximizes their overall value.
* **Good D:** Person 3 values Good D the most, and allocating it to them maximizes their overall value among the remaining goods.

**Justification for Fairness:**

This allocation ensures that each person receives the good they value the most. Additionally, it results in the highest total value received by all individuals:

* Person 1: 47 (Good B)
* Person 2: 48 (Good C)
* Person 3: 20 (Good D)
* Total: 115

By discarding Good A, we maximize the value received by the remaining individuals and achieve a fair allocation.",None,1,2,3
4,"**Fair Allocation:**

* **Person 1:** Good A
* **Person 2:** Good C
* **Person 3:** Good D

**Rationale:**

This allocation maximizes the overall social welfare, as it assigns the goods to the individuals who value them the most.

* Person 1 values Good A the most out of all individuals, with a value of 5.
* Person 2 values Good C the most, with a value of 48.
* Person 3 values Good D the most, with a value of 20.

Allocating these goods accordingly ensures that the individuals receive the goods that provide them with the highest utility.

**Additional Considerations:**

* **Equity:** This allocation may not be considered equitable, as Person 1 receives only one good, while Person 2 receives two goods.
* **Envy:** Person 1 may still envy Person 2 for receiving Good B, which Person 1 values more (47) than Good A.
* **Strategy-proofness:** This allocation is not strategy-proof, as Person 2 could have strategically reported a higher value for Good B to receive it, even though their true value is only 5.

Ultimately, determining the fairest allocation depends on the specific criteria and values that are considered important. In this case, we prioritized maximizing overall social welfare, but other considerations may lead to different allocations.",1,None,2,3
5,"**Fair Allocation:**

* **Good A:** Person 2 (value: 45)
* **Good B:** Person 1 (value: 47)
* **Good C:** Person 2 (value: 48)
* **Good D:** Person 3 (value: 20)

**Rationale:**

This allocation ensures that each person receives the good that they value the most.

* Person 1 receives Good B, which they value the highest.
* Person 2 receives Goods A and C, which they value the second and third most, respectively.
* Person 3 receives Good D, which they value the highest out of the remaining goods.

**Total Value:**

The total value of the allocation is:

* Person 1: 47 (Good B)
* Person 2: 93 (Good A + Good C)
* Person 3: 20 (Good D)

**Fairness Considerations:**

This allocation is considered fair for the following reasons:

* **Equity:** Each person receives goods that roughly equate to their individual values.
* **Efficiency:** The allocation maximizes the total value received by all individuals.
* **No Envy:** No person would prefer to have the allocation of another person.

It's important to note that fairness is a subjective concept, and different people may have different opinions on what constitutes a fair allocation. However, the allocation presented above is based on widely accepted principles of equity, efficiency, and no envy.",2,1,2,3
6,"One possible fair allocation of the goods could be:

- Good A to Person 2
- Good B to Person 1
- Good C to Person 2
- Good D to Person 3

This allocation gives a total value of 97 to Person 1, 100 to Person 2, and 75 to Person 3. While Person 2 receives the highest total value, the allocation is still considered fair because each person receives goods that they value highly.

For example, Person 1 values Good B the most, so they receive that good. Person 2 values Good A and Good C the most, so they receive those goods. Person 3 values Good D the most, so they receive that good.

Another possible fair allocation could be:

- Good A to Person 1
- Good B to Person 2
- Good C to Person 3
- Good D to Person 1

This allocation gives a total value of 75 to Person 1, 52 to Person 2, and 55 to Person 3. While Person 1 receives the highest total value, the allocation is still considered fair because each person receives at least one good that they value highly.

For example, Person 1 values Good A and Good D the most, so they receive those goods. Person 2 values Good B the most, so they receive that good. Person 3 values Good C the most, so they receive that good.

Ultimately, the fairest allocation depends on the individual preferences of the people involved. There is no one-size-fits-all solution.",2,1,2,3
7,"**Utilitarian Allocation:**

This allocation aims to maximize the total value obtained by all individuals.

* Person 1: Good B
* Person 2: Good C
* Person 3: Good A and Good D

Total value: 47 + 48 + 23 + 20 = **138**

**Egalitarian Allocation:**

This allocation aims to ensure that all individuals receive an equal value.

* Person 1: Good B
* Person 2: Good C
* Person 3: Good A and Good D

Total value for each person: **44**

**Envy-Free Allocation:**

This allocation aims to ensure that no individual envies any other individual's allocation.

* Person 1: Good A
* Person 2: Good C
* Person 3: Good B and Good D

**Leximin Allocation:**

This allocation aims to maximize the value of the worst-off individual.

* Person 1: Good A
* Person 2: Good B
* Person 3: Good C and Good D

Value of the worst-off individual (Person 3): **32**

**Nash Bargaining Allocation:**

This allocation aims to find the allocation that maximizes the product of each individual's utility.

* Person 1: Good A (value = 5)
* Person 2: Good C (value = 48)
* Person 3: Good B and Good D (value = 45)

Product of utilities: 5 * 48 * 45 = **108,000**

**Chosen Allocation:**

The most fair allocation depends on the individual's preferences and the criteria used. Based on the provided information:

* The utilitarian allocation maximizes the total value obtained, but it does not ensure fairness among individuals.
* The egalitarian allocation is fair but it may not be efficient.
* The envy-free allocation is fair but it may not maximize the total value.
* The leximin allocation is fair to the worst-off individual but it may not be efficient.
* The Nash bargaining allocation takes into account the preferences of all individuals but it may not be considered fair to everyone.

Considering all these factors, I would choose the **egalitarian allocation** as it ensures that all individuals receive an equal value, which is a fundamental principle of fairness.",3,1,2,3
8,"**Fair Allocation:**

**Person 1:**
* Good A
* Good C

**Person 2:**
* Good B

**Person 3:**
* Good D

**Rationale:**

This allocation aims to maximize the total value obtained by all three individuals while ensuring a fair distribution of goods.

* **Person 1:** Receives 50 units of value (5 from Good A + 45 from Good C).
* **Person 2:** Receives 5 units of value (from Good B).
* **Person 3:** Receives 20 units of value (from Good D).

This allocation is considered fair because:

* **Equity:** All individuals receive goods they value relatively highly.
* **Efficiency:** The total value obtained is 75 units, which is the highest possible given the available goods and their values to the individuals.
* **Non-waste:** All goods were allocated, ensuring no value was lost.

**Alternative Allocation:**

An alternative allocation could be:

**Person 1:**
* Good A
* Good B

**Person 2:**
* Good C

**Person 3:**
* Good D

This allocation also has a total value of 75 units, but it may not be considered as fair as the previous one. Person 1 receives a very large share of the value (52 units), while Person 3 receives a relatively low share (20 units).

**Conclusion:**

The allocation presented above is one possible fair distribution of the goods. There are other potential allocations that could be considered fair, depending on the specific criteria and considerations used.",1,2,1,3
9,"**Fair Allocation of Goods:**

**Step 1: Calculate Total Value for Each Good**

* Good A: 5 + 45 + 23 = 73
* Good B: 47 + 5 + 25 = 77
* Good C: 45 + 48 + 32 = 125
* Good D: 3 + 2 + 20 = 25

**Step 2: Determine the Fair Share for Each Person**

* Total value of all goods: 73 + 77 + 125 + 25 = 300
* Fair share for each person: 300 / 3 = 100

**Step 3: Allocate Goods to Maximize Fairness**

Based on the values provided and the fair share of 100 for each person, the following allocation is considered fair:

* **Person 1:**
    * Good B (value: 47)
* **Person 2:**
    * Good C (value: 48)
    * Good D (value: 2)
* **Person 3:**
    * Good A (value: 23)
    * Good D (value: 20)

**Rationale:**

This allocation gives each person a total value of approximately 100. Person 1 receives the good they value the most (Good B) and one of the lower-valued goods (Good D). Person 2 receives the highest-valued good (Good C) and one of the lowest-valued goods (Good D). Person 3 receives the two remaining goods, which have values that are closest to their fair share.

**Alternative Allocations:**

There are other allocations that could also be considered fair, such as:

* Person 1: Good A, Good D
* Person 2: Good B, Good C
* Person 3: None

This allocation would give each person a total value of 70, which is lower than the fair share of 100. However, it may be considered fair if the goods are not perfectly divisible and there is a need to minimize waste.

**Conclusion:**

The allocation presented above is one example of a fair allocation of goods that considers the values of the individuals involved. The fairness of an allocation depends on the criteria used and the specific circumstances of the situation.",3,1,2,3
10,"**Allocation:**

* **Good A:** Person 2
* **Good B:** Person 1
* **Good C:** Person 2
* **Good D:** Person 3

**Rationale:**

This allocation maximizes the total value of the goods for the three individuals:

* Person 1: 47 + 0 + 0 + 0 = 47
* Person 2: 45 + 48 + 0 + 0 = 93
* Person 3: 0 + 0 + 0 + 20 = 20

**Total value:** 47 + 93 + 20 = 160

**Other considerations:**

* **Equitable distribution:** This allocation ensures that each person receives at least one good.
* **Maximizing individual values:** This allocation gives Person 1 their highest-valued good (Good B), Person 2 their two highest-valued goods (Good A and Good C), and Person 3 their highest-valued good (Good D).
* **Considerations for indivisibility:** Since the goods are indivisible, it is not possible to allocate them perfectly to each person's exact value. However, this allocation minimizes the ""waste"" value of the goods by giving them to individuals who value them the most.

It is important to note that fairness is subjective and can depend on individual perspectives. This allocation is just one possible solution that aims to distribute the goods equitably and maximize overall value.",2,1,2,3
11,"**Fair Allocation:**

* **Person 1:** Good A (value: 5)
* **Person 2:** Good C (value: 48)
* **Person 3:** Good D (value: 20)

**Total Value for Each Person:**

* Person 1: 5
* Person 2: 48
* Person 3: 20

**Rationale:**

This allocation is fair because it results in the following values for each person:

* Person 1 gets the good they value the most (Good A) and has a total value of 5.
* Person 2 gets the good they value the most (Good C) and has a total value of 48.
* Person 3 gets the good they value the most (Good D) and has a total value of 20.

This allocation maximizes the total value for all three individuals and ensures that each person receives at least one good that they highly value. It also prevents any one person from receiving a disproportionately large share of the goods.

**Alternative Allocations:**

Other possible allocations that could be considered fair include:

* **Allocation 1:**
    * Person 1: Good A, Good B
    * Person 2: Good C
    * Person 3: Good D
* **Allocation 2:**
    * Person 1: Good B, Good C
    * Person 2: Good A
    * Person 3: Good D

However, these allocations may not be as fair as the one proposed above because they do not maximize the total value for all individuals or ensure that each person receives at least one good that they highly value.",1,None,2,3
12,"**Step 1: Calculate the total value of each allocation for each person**

* Person 1:
    * Good A: 5
    * Good B: 47
    * Good C: 45
    * Good D: 3
    * Total: 100
* Person 2:
    * Good A: 45
    * Good B: 5
    * Good C: 48
    * Good D: 2
    * Total: 100
* Person 3:
    * Good A: 23
    * Good B: 25
    * Good C: 32
    * Good D: 20
    * Total: 100

**Step 2: Calculate the average value of each allocation for each person**

* Person 1: 100 / 4 = 25
* Person 2: 100 / 4 = 25
* Person 3: 100 / 4 = 25

**Step 3: Choose the allocation that maximizes the minimum average value**

In this case, all three allocations have the same minimum average value of 25. Therefore, any of these allocations could be considered fair.

**Possible Fair Allocations:**

**Allocation 1:**

* Person 1: Good A, Good C
* Person 2: Good B
* Person 3: Good D

**Allocation 2:**

* Person 1: Good B, Good D
* Person 2: Good A
* Person 3: Good C

**Allocation 3:**

* Person 1: Good A
* Person 2: Good C
* Person 3: Good B, Good D

**Rationale:**

These allocations ensure that all individuals receive goods that they value highly, such that the minimum average value for any individual is maximized. This is a common approach to fair allocation in situations where goods are indivisible.",1,3,2,1
13,"**Fair Allocation of Goods**

**Values:**

* Person 1: A (5), B (47), C (45), D (3)
* Person 2: A (45), B (5), C (48), D (2)
* Person 3: A (23), B (25), C (32), D (20)

**Allocation:**

* **Good A:** Person 2
* **Good B:** Person 1
* **Good C:** Person 3
* **Good D:** Person 1

**Rationale:**

This allocation aims to maximize the total value assigned to the goods by all individuals.

* Person 2 values Good A the highest (45), and Person 1 and Person 3 value it the least (5 and 23, respectively).
* Person 1 values Good B the highest (47), and Person 2 and Person 3 value it the lowest (5 and 25, respectively).
* Person 3 values Good C the highest (32), and Person 1 and Person 2 value it the least (45 and 48, respectively).
* Person 1 values Good D the highest (3), and Person 2 and Person 3 value it the lowest (2 and 20, respectively).

By allocating the goods in this way, we assign a total value of 120 to the individuals:

* Person 1: 5 (A) + 47 (B) + 3 (D) = 55
* Person 2: 45 (A) + 5 (B) + 48 (C) = 98
* Person 3: 23 (A) + 25 (B) + 32 (C) = 80

This allocation results in the highest possible total value and is therefore considered fair.",2,1,3,1
14,"**Step 1: Calculate the total value of each good**

Total value of Good A = 5 + 45 + 23 = 73
Total value of Good B = 47 + 5 + 25 = 77
Total value of Good C = 45 + 48 + 32 = 125
Total value of Good D = 3 + 2 + 20 = 25

**Step 2: Determine the average value of each good**

Average value of Good A = 73 / 3 = 24.33
Average value of Good B = 77 / 3 = 25.67
Average value of Good C = 125 / 3 = 41.67
Average value of Good D = 25 / 3 = 8.33

**Step 3: Allocate the goods based on the average values**

- Good A should go to Person 2, who values it the most (45 > 24.33).
- Good B should go to Person 1, who values it the most (47 > 25.67).
- Good C should go to Person 2, who values it the most (48 > 41.67).
- Good D should go to Person 3, who values it the most (20 > 8.33).

**Conclusion**

The fairest allocation of the goods is:

- Person 1: Good B
- Person 2: Good A and Good C
- Person 3: Good D",2,1,2,3
15,"**Fair Allocation Method:** Nash Bargaining Solution

**Steps:**

1. **Find the disagreement point:** The disagreement point is the outcome that would be reached if no agreement is reached. In this case, we assume that each person gets nothing, so the disagreement point is (0, 0, 0, 0).

2. **Find the feasible set:** The feasible set is the set of all possible allocations that satisfy the constraints of the problem. In this case, the feasible set is the set of all allocations where each good is given to exactly one person.

3. **Compute the Nash product:** The Nash product is a measure of the relative bargaining power of each person. It is calculated as the product of the values of the goods that each person gets. In this case, the Nash product is:

   - Person 1: 5 * 47 * 45 * 3 = 356,400
   - Person 2: 45 * 5 * 48 * 2 = 21,600
   - Person 3: 23 * 25 * 32 * 20 = 368,000

4. **Find the allocation that maximizes the Nash product:** The allocation that maximizes the Nash product is the fairest allocation according to the Nash Bargaining Solution. In this case, the allocation that maximizes the Nash product is:

   - Person 1: Good A and Good C
   - Person 2: Good B
   - Person 3: Good D

**Justification:**

This allocation maximizes the Nash product because it gives each person the goods that they value the most. Person 1 gets Good A, which they value the most, and Good C, which they value the second most. Person 2 gets Good B, which they value the most. Person 3 gets Good D, which they value the most.

This allocation is also Pareto efficient, meaning that there is no other allocation that would make one person better off without making someone else worse off.",1,2,1,3
16,"**Fair Allocation:**

* **Person 1:** Good B, Good C
* **Person 2:** Good A, Good D
* **Person 3:** Throw away Good D

**Reasoning:**

This allocation maximizes the total value of the goods to the individuals:

* Person 1 receives goods worth 47 + 45 = 92
* Person 2 receives goods worth 45 + 2 = 47
* Person 3 receives goods worth 23 + 25 + 32 = 80

All other allocations result in a lower total value.

**Alternative Considerations:**

* **Nash Bargaining Solution:** This solution considers the bargaining power of each individual and is not always possible to calculate in practice.
* **Utilitarian Allocation:** This solution allocates goods to maximize the overall utility of the group, but it may not result in a fair distribution for all individuals.
* **Equal Allocation:** This solution allocates goods equally among all individuals, but it does not consider individual preferences.",2,1,1,None
17,"**Consideration of possible allocation options:**

* **Option 1: Maximize the total value for all three individuals.**

This option would allocate the goods as follows:

* Good A: Person 2
* Good B: Person 1
* Good C: Person 2
* Good D: Person 3

Total value: 120

* **Option 2: Minimize the difference between the highest and lowest value for each person.**

This option would allocate the goods as follows:

* Good A: Person 3
* Good B: Person 1
* Good C: Person 2
* Good D: Person 3

Total value: 95

* **Option 3: Allocate the goods based on fairness.**

This option would consider not only the value of the goods for each individual but also their overall situation and need. For example, if Person 3 has a lower income or fewer resources than the other two individuals, they may be given a slightly higher value allocation.

Based on these considerations, **I recommend Option 3 as the fairest allocation**. The specific allocation under this option could be as follows:

* Good A: Person 3
* Good B: Person 1
* Good C: Person 2
* Good D: Person 3

**Explanation:**

* Person 3 receives Good A because they have the lowest overall value for the goods.
* Person 1 receives Good B because they have the highest value for it.
* Person 2 receives Good C because they have the highest value for it.
* Person 3 also receives Good D because they have a lower income and fewer resources than the other two individuals.

This allocation ensures that all three individuals receive goods that they value, while also considering their overall situation and need. It minimizes the difference between the highest and lowest value for each person, resulting in a more equitable distribution.",3,1,2,3
18,"**Step 1: Calculate the Total Value for Each Good**

| Good | Person 1 | Person 2 | Person 3 | Total Value |
|---|---|---|---|---|
| Good A | 5 | 45 | 23 | 73 |
| Good B | 47 | 5 | 25 | 77 |
| Good C | 45 | 48 | 32 | 125 |
| Good D | 3 | 2 | 20 | 25 |

**Step 2: Determine the Minimum Total Value**

The minimum total value is 25, which is the total value of Good D.

**Step 3: Allocate Goods Sequentially**

Starting with the person with the highest total value, allocate the goods in the following order:

**Round 1:** Person 2 wins Good C (total value: 125).

**Round 2:** Person 1 wins Good B (total value: 77).

**Round 3:** Person 1 wins Good A (total value: 73).

**Round 4:** Person 3 wins Good D (total value: 25).

**Final Allocation:**

| Person | Good |
|---|---|
| Person 1 | Good A, Good B |
| Person 2 | Good C |
| Person 3 | Good D |

**Rationale:**

This allocation achieves a fair distribution by prioritizing the individuals with the highest total value. It also ensures that all goods are allocated and that the minimum total value of 25 is met.

In this particular case, Person 1 values Good B and Good A the most. By allocating both of these goods to Person 1, they receive a total value of 52, which is the highest total value among the three individuals.

Person 2 values Good C the most. By allocating Good C to Person 2, they receive a total value of 50, which is higher than Person 3's total value of 25.

Person 3 values Good D the most. By allocating Good D to Person 3, they receive a total value of 25, which is the minimum total value.

This allocation strikes a balance between maximizing the total value for each individual while also ensuring that all goods are allocated and that the minimum total value is met.",1,1,2,3
19,"To determine a fair allocation of the goods, I consider the following principles:

* **Equity:** Each person should receive a share of the goods that is proportional to their value for them.
* **Efficiency:** The allocation should maximize the total value of the goods to the individuals involved.
* **Envy-freeness:** No person should prefer the allocation of any other person.

Based on these principles, I propose the following allocation:

* Person 1 receives Good B and Good C (total value: 92)
* Person 2 receives Good A and Good D (total value: 48)
* Person 3 receives nothing (total value: 0)

This allocation is equitable because each person receives a share of the goods that is proportional to their value for them. It is efficient because it maximizes the total value of the goods to the individuals involved. It is also envy-free because no person prefers the allocation of any other person.

It is important to note that this is just one possible fair allocation of the goods. There are other allocations that would also satisfy the principles of equity, efficiency, and envy-freeness. The specific allocation that is chosen should be based on the preferences of the individuals involved.",2,1,1,2
20,"Based on the values that each person has for the different goods, here's one possible allocation that could be considered fair:

Person 1: Good B and Good C
Person 2: Good A
Person 3: Good D

In this allocation, Person 1 receives the two goods that they value the most (Good B and Good C). Person 2 receives the good that they value the most (Good A). And Person 3 receives the good that they value the most out of the remaining goods (Good D).

Here is the calculation for the total value received by each person:

Person 1: Value of Good B (47) + Value of Good C (45) = 92
Person 2: Value of Good A (45) = 45
Person 3: Value of Good D (20) = 20

As you can see, each person receives a total value of goods that is close to the other two people. This allocation could be considered fair because it takes into account the individual preferences of each person and ensures that everyone receives a fair share of the goods.",2,1,1,3
21,"**Fair Allocation:**

* **Person 1:** Good C
* **Person 2:** Good A
* **Person 3:** Good B, Good D

**Reasoning:**

This allocation aims to maximize the total value for all individuals while ensuring that each person receives at least one good.

* **Person 1:** Values Good C the most (45) and receives it, resulting in a value of 45.
* **Person 2:** Values Good A the most (45) and receives it, resulting in a value of 45.
* **Person 3:** Receives Goods B and D, which have the remaining highest values (25 and 20), resulting in a total value of 45.

This allocation leads to each person receiving a similar level of value: 45 for Person 1, 45 for Person 2, and 45 for Person 3. It also results in a total value of 135, which is the highest possible given the values provided.

**Alternative Allocation:**

An alternative allocation could be:

* **Person 1:** Good A, Good B
* **Person 2:** Good C
* **Person 3:** Good D

This allocation also aims to maximize the total value while considering the individuals' preferences. Person 1 receives the two goods they value most, resulting in a total value of 52. Person 2 receives Good C, which they value the most, resulting in a value of 48. Person 3 receives Good D, resulting in a value of 20.

Overall, the fairness of an allocation depends on the specific criteria used and the values assigned to the goods. The allocations presented above aim to strike a balance between maximizing the total value and ensuring that each person receives a fair share.",2,3,1,3
22,"**Envy-Free Allocation:**

In an envy-free allocation, no person would prefer the allocation of another person. This can be achieved by assigning each person the good that they value the most, provided that it has not already been allocated to someone else.

* Person 1 values Good B the most (47), so they receive Good B.
* Person 2 values Good C the most (48), so they receive Good C.
* Person 3 values Good D the most (20), so they receive Good D.

This leaves Good A unassigned. Since no one values Good A more than any other good, it can be thrown away.

**Allocation:**

* Person 1: Good B
* Person 2: Good C
* Person 3: Good D

**Remaining:**

* Good A: Discarded

**Analysis:**

This allocation is envy-free because no person would prefer the allocation of another person. Each person has received the good they value the most.

It is important to note that this allocation is not unique. Other allocations could also be considered fair, depending on the specific criteria used.",None,1,2,3
23,"**Proposed Fair Allocation:**

* **Good A:** Person 1
* **Good B:** Person 2
* **Good C:** Person 3
* **Good D:** Person 1

**Reasoning:**

This allocation aims to maximize the **total value** obtained by the individuals while ensuring a **fair distribution** among them.

**Step 1: Calculate Total Value:**

Total Value = Value for Person 1 + Value for Person 2 + Value for Person 3

* Total Value with this allocation = 5 + 47 + 32 + 3 = 87

**Step 2: Compare with Other Allocations:**

Consider an alternative allocation:

* Good A: Person 2
* Good B: Person 1
* Good C: Person 1
* Good D: Person 3

Total Value with this alternative allocation = 45 + 47 + 5 + 20 = 117

The proposed allocation results in a lower total value (87 vs. 117). However, it ensures a more equitable distribution of value among the individuals.

**Step 3: Consider Fairness:**

In the alternative allocation, Person 2 gains significantly (45 + 47 = 92), while Person 1 and Person 3 receive much less (5 + 20 = 25 and 32, respectively).

The proposed allocation, on the other hand, provides a more balanced distribution:

* Person 1: 5 + 3 = 8
* Person 2: 47
* Person 3: 32

**Conclusion:**

While the alternative allocation might yield a higher total value, the proposed allocation is considered fairer as it ensures a more equitable distribution of benefits among the individuals. By giving Good A to Person 1 and Good D to Person 3, it balances the values received by each individual and promotes a sense of justice.",1,2,3,1
24,"**Fair Allocation**

**Goal:** Distribute the goods among Person 1, Person 2, and Person 3 in a way that maximizes overall fairness.

**Allocation:**

* **Good A:** Person 2
* **Good B:** Person 1
* **Good C:** Person 3
* **Good D:** Not allocated

**Rationale:**

This allocation aims to balance the overall value obtained by each person.

* Person 1 receives Good B, valued at 47, which is their highest-valued good.
* Person 2 receives Good A, valued at 45, their second-highest valued good.
* Person 3 receives Good C, valued at 32, their third-highest valued good.

Good D is not allocated because no one values it significantly. Discarding Good D ensures that the overall value obtained by each person is as high as possible.

**Overall Value:**

* Person 1: 47 (Good B)
* Person 2: 45 (Good A)
* Person 3: 32 (Good C)

This allocation maximizes the overall value obtained by the three individuals and ensures that each person receives at least one good that they value highly.",2,1,3,None
25,"**Nash Bargaining Solution**

The Nash Bargaining Solution is a method for finding a fair allocation in cooperative game theory. It takes into account the individual preferences of the players and aims to find an allocation that maximizes the product of the players' utilities.

In this case, the Nash Bargaining Solution would allocate the goods as follows:

* Person 1: Good B
* Person 2: Good C
* Person 3: Good A and Good D

This allocation maximizes the product of the players' utilities:

* Person 1: Utility = 47 * 0 * 0 * 0 = 0
* Person 2: Utility = 0 * 48 * 0 * 0 = 0
* Person 3: Utility = 23 * 0 * 32 * 20 = 14,720

**Utilitarian Allocation**

The utilitarian allocation is the allocation that maximizes the total utility of all the players. In this case, the utilitarian allocation would be:

* Person 1: Good A and Good B
* Person 2: Good C
* Person 3: Good D

This allocation maximizes the total utility:

* Person 1: Utility = 5 + 47 = 52
* Person 2: Utility = 48
* Person 3: Utility = 20
* Total Utility = 120

**Egalitarian Allocation**

The egalitarian allocation is the allocation that gives each player an equal share of the total value of the goods. In this case, the egalitarian allocation would be:

* Person 1: Good B and Good D
* Person 2: Good A and Good C
* Person 3: Nothing

This allocation ensures that each player receives the same total value (49).

**Which Allocation is the Fairest?**

The fairness of an allocation depends on the preferences of the individuals involved. There is no single allocation that is fair to everyone in every situation.

In this case, the Nash Bargaining Solution and the utilitarian allocation both maximize the total utility of the players. The egalitarian allocation ensures that each player receives an equal share of the total value. The fairest allocation would depend on the preferences of the individuals involved and the importance they place on maximizing total utility versus ensuring equality.",3,1,2,3
26,"**Fair Allocation of Goods:**

**Person 1:**
* Good A (value: 5)
* Good C (value: 45)

**Person 2:**
* Good B (value: 5)
* Good D (value: 2)

**Person 3:**
* Good A (value: 23)
* Good B (value: 25)

**Rationale:**

This allocation is based on the following principles:

* **Equity:** Each person receives a total value of goods that is approximately equal.
    * Person 1: 50
    * Person 2: 7
    * Person 3: 48

* **Efficiency:** The value of the allocated goods is maximized.
    * Total value: 50 + 7 + 48 = 105

* **Individual preferences:** The allocation considers the values that each person assigns to the goods.
    * Person 1 has a high value for Good A and Good C.
    * Person 2 has a low value for Good A and Good D.
    * Person 3 has a moderate value for all goods.

* **Indivisibility:** The goods cannot be divided, so they are allocated to the individuals who value them the most.
    * Good A is allocated to both Person 1 and Person 3 due to their high values.
    * Good B is allocated to Person 3 due to their moderate value.

This allocation may not be universally considered the fairest, but it provides a reasonable and equitable distribution of goods based on the given values and constraints.",3,3,1,2
27,"**Fair Allocation:**

* **Person 1:** Good B (value: 47)
* **Person 2:** Good C (value: 48)
* **Person 3:** Good A (value: 23) and Good D (value: 20)

**Rationale:**

This allocation balances the total value of goods received by each person:

* Person 1: 47
* Person 2: 48
* Person 3: 43

This approach aims to ensure that everyone receives a fair share of the available goods while also considering their individual preferences.

* Person 1 highly values Good B, so allocating it to them maximizes their overall value.
* Person 2 values Good C the most, so assigning it to them satisfies their highest priority.
* Person 3's highest value is for Good A, but allocating it to them alone would leave them with a relatively low total value. By also giving them Good D, which they value less but still prefer to not receiving any goods, their total value is increased while still maintaining overall fairness.",3,1,2,3
28,"**Fair Allocation:**

* Person 1 receives: Good A (value: 5) and Good C (value: 45)
* Person 2 receives: Good B (value: 47) and Good D (value: 20)
* Person 3 receives: Good D (value: 32)

**Rationale:**

The allocation is based on the following considerations:

* **Maximizing total value:** The allocation maximizes the total value obtained by the individuals. The total value for Person 1 is 5 + 45 = 50, for Person 2 is 47 + 20 = 67, and for Person 3 is 32 = 32.
* **Fairness in distribution:** The allocation ensures that each individual receives at least one good that they value highly. Person 1 receives Good A, which they value the most, and Good C, which they value the second most. Person 2 receives Good B, which they value highly, and Good D, which they value less. Person 3 receives Good D, which they value the highest of the remaining goods.
* **Avoidance of waste:** All goods are allocated, ensuring that none of them are wasted.

This allocation strikes a balance between maximizing the total value and ensuring fairness in the distribution. It also prevents any goods from being discarded.",1,2,1,3
29,"Based on the information provided, the fairest allocation of the goods could be:

* Person 1: Good B and Good C
* Person 2: Good A
* Person 3: Good D

This allocation takes into account the values that each person has assigned to the goods and tries to maximize the total value for all individuals involved.

Here is the calculation of the total value for each person under this allocation:

* Person 1: Value of Good B (47) + Value of Good C (45) = Total Value of 92
* Person 2: Value of Good A (45) = Total Value of 45
* Person 3: Value of Good D (20) = Total Value of 20

The total value for all individuals under this allocation is 92 + 45 + 20 = 157.

It's important to note that other allocations could also be considered fair, depending on the specific preferences and values of the individuals involved and the criteria used to determine fairness.",2,1,1,3
30,"**Fair Allocation:**

* **Person 1:** Good A and Good C
* **Person 2:** Good B
* **Person 3:** Good D

**Rationale:**

This allocation is fair because it:

* **Maximizes Total Value:** The total value of the allocation is 152 (5 + 47 + 45 + 3 + 48 + 5 + 32 + 20), which is the highest possible value that can be achieved without giving any person more than one good.
* **Equitable Distribution:** Each person receives a bundle of goods that they value highly. Person 1 receives Goods A and C, which they value at 50 and 45, respectively. Person 2 receives Good B, which they value at 47. Person 3 receives Good D, which they value at 20.
* **Minimal Waste:** Every good is allocated to a person who values it, so no goods are wasted.

**Alternative Allocations:**

Another possible allocation could be:

* **Person 1:** Good A and Good D
* **Person 2:** Good B and Good C

This allocation also maximizes total value (152) and is equitable, but it gives Person 1 a slightly higher value (5 + 3 = 8) than Person 3 (20).

Ultimately, the choice of allocation depends on the specific fairness criteria that are considered most important. The allocation suggested above prioritizes total value, equitable distribution, and minimal waste.",1,2,1,3
31,"**Fair Allocation:**

* **Person 1:** Good C
* **Person 2:** Good A
* **Person 3:** Good D
* **Discard:** Good B

**Rationale:**

This allocation maximizes the total utility (sum of values) for the individuals while ensuring fairness:

* **Person 1:** Values Good C the most (45) out of all three individuals.
* **Person 2:** Values Good A the most (45) out of all three individuals.
* **Person 3:** Values Good D the most (20) out of all three individuals.

Discarding Good B is necessary to achieve this fair allocation, as it prevents any individual from having more than one good.

**Total Utility:**

* Person 1: 45
* Person 2: 45
* Person 3: 20
* Total: 110

This allocation results in a higher total utility compared to other possible allocations, ensuring fairness for all individuals involved.",2,None,1,3
32,"**Fair Allocation of Goods**

**Problem:**

* Four individuals (Person 1, Person 2, Person 3) are vying for the allocation of four indivisible goods (Good A, Good B, Good C, Good D).
* Each individual has a different value for each good.

**Values:**

| Individual | Good A | Good B | Good C | Good D |
|---|---|---|---|---|
| Person 1 | 5 | 47 | 45 | 3 |
| Person 2 | 45 | 5 | 48 | 2 |
| Person 3 | 23 | 25 | 32 | 20 |

**Proposed Allocation:**

To determine a fair allocation, we can use the following steps:

1. **Identify the most valuable goods:** Good B and Good C are the most valuable goods for both Person 1 and Person 2.

2. **Allocate these goods to the individuals who value them the most:**
    - Good B: Person 1 values Good B more than Person 2 (47 > 5), so Good B is allocated to Person 1.
    - Good C: Person 2 values Good C more than Person 1 (48 > 45), so Good C is allocated to Person 2.

3. **Allocate the remaining goods based on the individuals' values:**
    - Good A: Person 2 values Good A more than Person 3 (45 > 23), so Good A is allocated to Person 2.
    - Good D: Person 3 values Good D more than Person 1 (20 > 3), so Good D is allocated to Person 3.

**Final Allocation:**

| Individual | Good A | Good B | Good C | Good D |
|---|---|---|---|---|
| Person 1 | N/A | Good B | N/A | N/A |
| Person 2 | Good A | N/A | Good C | N/A |
| Person 3 | N/A | N/A | N/A | Good D |

**Justification:**

This allocation is fair because it maximizes the total value of the goods allocated to each individual. Person 1 receives Good B, which they value the most. Person 2 receives Good C, which they value the most. Person 3 receives Good D, which they value the most.

Additionally, it is fair because it avoids allocating goods to individuals who value them the least. For example, Good A is not allocated to Person 3, who values it the least.",2,1,2,3
33,"**Fair Allocation**

To determine a fair allocation of the goods, we can use a method called the **serial dictatorship**. In this method, the individuals take turns proposing an allocation of the goods. The first individual to make a proposal is considered the ""dictator"", and they can propose any allocation they want. The other individuals then vote on the proposal. If a majority of the individuals approve of the proposal, it is accepted and the goods are allocated accordingly. If the proposal is rejected, the next individual in the order becomes the dictator and makes a proposal. This process continues until a proposal is accepted.

In this case, the individuals have the following values for the goods:

| Individual | Good A | Good B | Good C | Good D |
|---|---|---|---|---|
| Person 1 | 5 | 47 | 45 | 3 |
| Person 2 | 45 | 5 | 48 | 2 |
| Person 3 | 23 | 25 | 32 | 20 |

Using the serial dictatorship method, Person 1 is the first dictator. They propose the following allocation:

* Person 1 gets Good B.
* Person 2 gets Good C.
* Person 3 gets Good A.
* Good D is discarded.

The individuals vote on the proposal, and it is accepted by a majority of the individuals. Therefore, this allocation is considered to be the fairest.",3,1,2,None
34,"**Allocation:**

* Person 1 receives Good B.
* Person 2 receives Good A and Good C.
* Person 3 receives Good D.

**Rationale:**

This allocation maximizes the total value for all individuals while also considering fairness in distribution.

**Total Value:**

* Person 1: 47 (Good B)
* Person 2: 49 (Good A + Good C)
* Person 3: 20 (Good D)
* **Total Value:** 116

**Fairness:**

* Person 1 receives the good with the highest value for them (Good B), which partially compensates for their lower value for the other goods.
* Person 2 receives two goods, including the good with the highest overall value (Good C), which balances out their lower value for Good B.
* Person 3 receives the good with the lowest value overall (Good D), but this is still a significant value for them compared to the other individuals.

**Additional Considerations:**

* This allocation does not leave any goods unallocated and therefore ensures equitable distribution.
* It also avoids any extreme disparities in value distribution, with all individuals receiving a fair share of the total value.
* While other allocations may have different trade-offs in terms of total value and fairness, this allocation strikes a reasonable balance between these considerations.",2,1,2,3
35,"To determine a fair allocation of the goods, I consider the following principles:

**Equity:** Each person should receive goods that are of approximately equal value to them.
**Efficiency:** The allocation should maximize the total value of the goods to all individuals.

Based on these principles, I propose the following allocation:

**Person 1:** Good A (value: 5) and Good C (value: 45)
**Person 2:** Good B (value: 5) and Good D (value: 2)
**Person 3:** Good B (value: 25) and Good D (value: 20)

This allocation ensures that:

* **Equity:** The total value of the goods received by each person is approximately equal:
    * Person 1: 5 + 45 = 50
    * Person 2: 5 + 2 = 7
    * Person 3: 25 + 20 = 45
* **Efficiency:** The total value of the goods to all individuals is maximized:
    * Total value = 5 + 45 + 5 + 2 + 25 + 20 = 102

**Explanation:**

* Person 1 receives Good A because it has the highest value for them, and Good C because it complements Good A well.
* Person 2 receives Good B because it is their highest-valued good, and Good D because it is the only remaining good.
* Person 3 receives Good B because it is their second-highest-valued good, and Good D because it is their third-highest-valued good.

This allocation satisfies both equity and efficiency, ensuring that each person receives a fair share of the goods while maximizing the overall value to all individuals.",1,1,2,3
36,"**Allocation 1:**

* **Person 1:** Good A (5)
* **Person 2:** Good C (48)
* **Person 3:** Good D (20)

**Remaining:** Good B

**Rationale:**

This allocation maximizes the total value of the goods allocated: 5 + 48 + 20 = 73. Person 1 receives the good they value most, Person 2 receives the good they value second most, and Person 3 receives the good they value third most. Good B is discarded as it is not valued highly by any individual.

**Allocation 2:**

* **Person 1:** Good C (45)
* **Person 2:** Good A (45)
* **Person 3:** Good B (25)

**Remaining:** Good D

**Rationale:**

This allocation ensures that each person receives a good that they value at least as much as the other goods. This promotes fairness by guaranteeing a minimum level of satisfaction for all individuals. Good D is discarded as it is the least valued good for all three individuals.

**Allocation 3:**

* **Person 1:** Good A (5)
* **Person 2:** Good B (5)
* **Person 3:** Good C (32)
* **Good D:** Discarded

**Rationale:**

This allocation emphasizes egalitarianism by assigning goods of equal value to each individual. All three individuals receive goods that they value at least 5 units, which promotes a sense of equality and fairness. Good D is discarded as it does not add significant value to the allocation.

**Choice:**

Ultimately, the ""fairest"" allocation depends on the specific values and preferences of the individuals involved. Based on the information provided, any of the three allocations presented could be considered fair and equitable.",1,None,2,3
37,"**Fair Allocation:**

**Person 1:**

* Good A (Value: 5)
* Good C (Value: 45)

**Person 2:**

* Good B (Value: 5)
* Good D (Value: 2)

**Person 3:**

* Good A (Value: 23)
* Good B (Value: 25)

**Explanation:**

This allocation aims to maximize the total value of the goods allocated to each person.

* **Person 1** receives Good A, which has the lowest value for Person 2 and Person 3, and Good C, which has the highest value for Person 1.
* **Person 2** receives Good B, which has the lowest value for Person 1 and Person 3, and Good D, which has the lowest value for Person 1.
* **Person 3** receives the remaining Good A and Good B, which have the highest values for Person 3.

**Total Values:**

* Person 1: 50 (5 + 45)
* Person 2: 7 (5 + 2)
* Person 3: 48 (23 + 25)

This allocation ensures that Person 1 receives goods with a total value higher than Person 2 and Person 3, which is considered fair given their higher values for the goods.",3,3,1,2
38,"To determine a fair allocation of the goods, I will use the Adjusted Winner Procedure. It is a procedure that aims to find a fair allocation by taking into account the opportunity cost of each good for each person. The opportunity cost of a good is the value of the best alternative that is given up when choosing that good.

**Step 1: Calculate the opportunity cost of each good for each person.**

The opportunity cost of a good for a person is the value of the best alternative good that the person gives up when choosing that good. To calculate the opportunity cost, we subtract the value of the chosen good from the value of the best alternative good.

| Person | Good | Value | Opportunity Cost |
|---|---|---|---|
| Person 1 | Good A | 5 | 47 - 5 = 42 |
| Person 1 | Good B | 47 | 45 - 47 = -2 |
| Person 1 | Good C | 45 | 47 - 45 = 2 |
| Person 1 | Good D | 3 | 45 - 3 = 42 |
| Person 2 | Good A | 45 | 48 - 45 = 3 |
| Person 2 | Good B | 5 | 45 - 5 = 40 |
| Person 2 | Good C | 48 | 45 - 48 = -3 |
| Person 2 | Good D | 2 | 45 - 2 = 43 |
| Person 3 | Good A | 23 | 32 - 23 = 9 |
| Person 3 | Good B | 25 | 32 - 25 = 7 |
| Person 3 | Good C | 32 | 25 - 32 = -7 |
| Person 3 | Good D | 20 | 25 - 20 = 5 |

**Step 2: Find the good with the highest opportunity cost for each person.**

The good with the highest opportunity cost for each person is the good that the person values the most.

| Person | Good with Highest Opportunity Cost |
|---|---|
| Person 1 | Good A |
| Person 2 | Good D |
| Person 3 | Good A |

**Step 3: Allocate the good with the highest opportunity cost to each person.**

| Person | Good Allocated |
|---|---|
| Person 1 | Good A |
| Person 2 | Good D |
| Person 3 | Good A |

**Step 4: Repeat steps 2 and 3 until all goods have been allocated.**

Since there is only Good B and Good C left to be allocated, we repeat steps 2 and 3:

| Person | Good with Highest Opportunity Cost |
|---|---|
| Person 1 | Good C |
| Person 2 | Good B |
| Person 3 | Good B |

**Step 5: Allocate the remaining goods to each person.**

| Person | Goods Allocated |
|---|---|
| Person 1 | Good A, Good C |
| Person 2 | Good D, Good B |
| Person 3 | None |

**Conclusion:**

Using the Adjusted Winner Procedure, the fairest allocation of the goods is as follows:

* Person 1 gets **Good A** and **Good C**.
* Person 2 gets **Good D** and **Good B**.
* Person 3 gets **nothing**.

This allocation is fair because it takes into account the opportunity cost of each good for each person and ensures that each person gets the goods that they value the most.",1,2,1,2
39,"**Fair Allocation Based on Individual Values:**

To determine a fair allocation, we can consider the total value each person receives from the goods. By comparing these values, we can identify the allocation that maximizes the overall fairness.

**Total Value for Each Person:**

* Person 1: 5 + 47 + 45 + 3 = 100
* Person 2: 45 + 5 + 48 + 2 = 100
* Person 3: 23 + 25 + 32 + 20 = 100

**Fair Allocation:**

Since all individuals have the same total value (100), any allocation that gives each person one of the goods is considered fair. For example:

* Person 1: Good A
* Person 2: Good D
* Person 3: Good C

**Alternative Fair Allocation:**

Another possible fair allocation is based on each person's highest-valued good. In this case:

* Person 1: Good B
* Person 2: Good C
* Person 3: Good D

**Additional Considerations:**

* **Equity:** This allocation ensures that each person receives a good with a value equal to their highest-valued good.
* **Efficiency:** This allocation maximizes the total value for the group as a whole.
* **Envy-Freeness:** This allocation prevents any individual from preferring the goods allocated to another individual.

**Conclusion:**

Ultimately, the fairest allocation depends on the specific values and preferences of the individuals involved. The two allocations presented above satisfy different fairness criteria and are both considered fair. The individuals can decide which allocation they prefer based on their own priorities.",1,2,3,None
40,"**1. Calculate the Nash Bargaining Solution:**

The Nash Bargaining Solution (NBS) is a method for finding fair allocations in cooperative games. It maximizes the product of the individuals' utilities:

Person 1: P(NBS) = (5 * 47 * 45 * 3) = 30,375
Person 2: P(NBS) = (45 * 5 * 48 * 2) = 21,600
Person 3: P(NBS) = (23 * 25 * 32 * 20) = 36,800

**Allocation (NBS):**

* Person 1: Good B
* Person 2: Good C
* Person 3: Goods A and D

**2. Kalai-Smorodinsky Bargaining Solution:**

The Kalai-Smorodinsky Bargaining Solution (KSBS) is another method for cooperative games. It maximizes the sum of the individuals' minimax regrets:

Person 1: R(KSBS) = 45 - 3 = 42
Person 2: R(KSBS) = 48 - 2 = 46
Person 3: R(KSBS) = 32 - 20 = 12

**Allocation (KSBS):**

* Person 1: Good A
* Person 2: Good C
* Person 3: Goods B and D

**3. Fair Division Method**:

This method aims to allocate goods so that each individual receives a share that is ""above the threshold"" of what they would receive if the allocation were random.

* **Threshold:** (Total Value / Number of Individuals) = (5 + 47 + 45 + 3 + 45 + 5 + 48 + 2 + 23 + 25 + 32 + 20) / 3 = 24
* **Allocation:**

* Person 1: Goods A and C
* Person 2: Good B
* Person 3: Good D

**4. Equitable Allocation Method:**

This method aims to find an allocation that minimizes the inequality between the individuals' utilities.

* **Allocation:**

* Person 1: Good A
* Person 2: Goods B and C
* Person 3: Good D

**Conclusion:**

Depending on the fairness criterion used, different allocations may be considered fair. The most equitable allocation is the one that minimizes inequality, while the most efficient allocation is the one that maximizes the total value received by the individuals. The most appropriate allocation for this situation will depend on the specific preferences and values of the individuals involved.",1,2,2,3
41,"**Fair Allocation:**

**Person 1:**
* Good B (Value: 47)

**Person 2:**
* Good A (Value: 45)
* Good C (Value: 48)

**Person 3:**
* Good D (Value: 20)

**Rationale:**

This allocation maximizes the total value for all three individuals, which is calculated as follows:

* Person 1: Value (Good B) = 47
* Person 2: Value (Good A + Good C) = 45 + 48 = 93
* Person 3: Value (Good D) = 20

**Total Value:** 160

This allocation is fair because it:

* Gives each person at least one good.
* Assigns goods to individuals who value them the most.
* Prevents any individual from receiving multiple goods, while others receive none.
* Maximizes the overall value for the group.",2,1,2,3
42,"Based on the provided information, I would allocate the goods as follows:

**Person 1:**
* Good B

**Person 2:**
* Good A
* Good C

**Person 3:**
* Good D

**Not Allocated:**
* None

**Justification:**

This allocation has a total value of 122 for Person 1, 98 for Person 2, and 45 for Person 3. It is the fairest allocation because it provides the highest total value for the group as a whole.

* Person 1 receives Good B, which is their highest-valued good.
* Person 2 receives Good A and Good C, which are their two highest-valued goods.
* Person 3 receives Good D, which is their highest-valued good that has not already been allocated.

This allocation also ensures that all goods are allocated, and none are wasted. It is a fair and equitable solution that considers the preferences of all three individuals involved.",2,1,2,3
43,"To determine a fair allocation of the goods, we can use the Adjusted Winner procedure. This procedure is designed to find an allocation that is envy-free. An allocation is envy-free if no individual prefers the allocation of another individual.

Here are the steps of the Adjusted Winner procedure:

1. Find the individual with the highest value for each good.
2. Allocate each good to the individual with the highest value for that good.
3. If there are any goods that were not allocated, allocate them to the individual with the second highest value for that good.
4. Repeat step 3 until all goods have been allocated.

Using this procedure, we can find the following allocation:

* Good A: Person 2
* Good B: Person 1
* Good C: Person 2
* Good D: Person 3

To check whether this allocation is envy-free, we can compare the value that each individual receives from the allocation to the value that they would receive from any other allocation.

* Person 1 receives a value of 47 from the allocation. If they were to receive Good A instead of Good B, they would receive a value of 5. Therefore, they do not envy Person 2's allocation.
* Person 2 receives a value of 92 from the allocation. If they were to receive Good B instead of Good C, they would receive a value of 95. Therefore, they do not envy Person 1's allocation.
* Person 3 receives a value of 20 from the allocation. If they were to receive any other good, they would receive a lower value. Therefore, they do not envy Person 1's or Person 2's allocation.

Since no individual envies the allocation of another individual, this allocation is envy-free.",2,1,2,3
44,"**Fair Allocation of Goods**

To determine a fair allocation of the goods, we will use the following procedure:

1. **Calculate the Total Value of Goods:**
   - Sum the values of all goods for each individual:
     - Person 1: 5 + 47 + 45 + 3 = 100
     - Person 2: 45 + 5 + 48 + 2 = 100
     - Person 3: 23 + 25 + 32 + 20 = 100

2. **Calculate the Average Value per Good:**
   - Divide the total value of all goods by the number of goods:
     - Average Value = 100 / 4 = 25

3. **Allocate Goods to Individuals:**
   - Start by allocating goods with the highest values.
   - Allocate Good B (value 47) to Person 1, who has the highest value for it.
   - Allocate Good C (value 48) to Person 2, who has the highest value for it.

4. **Allocate Remaining Goods:**
   - Subtract the value of the allocated goods from the individuals' total values:
     - Person 1: 100 - 47 = 53
     - Person 2: 100 - 48 = 52
     - Person 3: 100 - 0 = 100

   - Allocate Good A (value 23) to Person 3, as they have the lowest remaining value.

5. **Allocate Final Good:**
   - Allocate Good D (value 20) to Person 1, who now has the lowest remaining value.

**Final Allocation:**

* Person 1: Good B, Good D
* Person 2: Good C
* Person 3: Good A

**Rationale:**

This allocation ensures that each individual receives a fair share of the total value of the goods, as determined by their individual preferences. Each person receives goods with a total value of approximately 25, which is the average value per good.",3,1,2,1
45,"**Equitable Allocation:**

This allocation aims to maximize the total value derived by all individuals from the goods.

* Person 1: Good B (value: 47)
* Person 2: Good C (value: 48)
* Person 3: Good D (value: 20)
* **Good A** is discarded as it has the lowest overall value.

Total value: 115

**Envy-Free Allocation:**

This allocation ensures that no individual would prefer another individual's allocation to their own.

* Person 1: Good A (value: 5)
* Person 2: Good C (value: 48)
* Person 3: Good D (value: 20)
* **Good B** is discarded as it causes envy between Person 1 and Person 2.

Total value: 73

**Proportional Allocation:**

This allocation divides the goods based on the individuals' relative preferences.

* Person 1: Good A (value: 5) and Good B (value: 47)
* Person 2: Good C (value: 48)
* Person 3: Good D (value: 20)
* **Good B** is allocated to Person 1 to balance the allocations.

Total value: 120

**Maximum Nash Welfare Allocation:**

This allocation maximizes the product of the individuals' values for the goods they receive.

* Person 1: Good C (value: 45)
* Person 2: Good A (value: 45)
* Person 3: Good D (value: 20)
* **Good B** is discarded as it reduces the overall product.

Total value: 4500

**Compromise Allocation:**

This allocation combines aspects of the Equitable, Envy-Free, and Proportional allocations to create a compromise solution.

* Person 1: Good B (value: 47)
* Person 2: Good C (value: 48)
* Person 3: Good D (value: 20)
* **Good A** is allocated to Person 1 to avoid envy and discard.

Total value: 115

**Choice of Allocation:**

The choice of the fairest allocation depends on the specific criteria and values considered. In this case:

* The **Equitable Allocation** maximizes the total value for all individuals.
* The **Envy-Free Allocation** eliminates envy, but may not be as efficient as other methods.
* The **Proportional Allocation** balances the allocations based on preferences.
* The **Maximum Nash Welfare Allocation** maximizes the joint value of the goods.
* The **Compromise Allocation** balances multiple criteria and provides a reasonable solution.

Ultimately, the most appropriate allocation should be determined in consultation with the individuals involved, considering their preferences and the specific context of the problem.",None,1,2,3
46,"**Fair Allocation:**

* **Good A:** Person 1
* **Good B:** Person 2
* **Good C:** Person 3
* **Good D:** Person 1

**Reasoning:**

This allocation maximizes the total value for the individuals involved:

* Person 1 receives Goods A and D, with a total value of 5 + 3 = 8.
* Person 2 receives Good B, with a value of 5.
* Person 3 receives Good C, with a value of 32.

This allocation also ensures that each person receives at least one good they highly value:

* Person 1 values Good A and Good D the most.
* Person 2 values Good B the most.
* Person 3 values Good C the most.

Furthermore, this allocation avoids giving any individual two goods, which could lead to disproportionate benefits.

**Alternative Considerations:**

Other possible allocations could be considered, depending on the specific fairness criteria desired. For example:

* **Maximizing the minimum value:** Allocate Goods B, C, and D to Person 2, who has the lowest values for Goods A, C, and D. This would result in an allocation with a minimum value of 48 (for Person 2).
* **Balancing the values:** Allocate Goods A and B to Person 1, Good C to Person 2, and Good D to Person 3. This would result in an allocation with a total value of 50, evenly distributed among the individuals.",1,2,3,1
47,"**Fair Allocation of Goods**

Given the individuals' values for the goods, I propose the following allocation as the fairest:

* **Person 1:** Good A
* **Person 2:** Good C
* **Person 3:** Good B and Good D

**Rationale:**

This allocation maximizes the total value of the goods to the individuals involved:

* Person 1 receives Good A (value = 5)
* Person 2 receives Good C (value = 48)
* Person 3 receives Good B (value = 25) + Good D (value = 20) = 45

Total value: 5 + 48 + 45 = 98

**Justification for Fairness:**

* **No Envy:** Each person receives at least one good that they value more than any good received by another person.
* **High Total Value:** The allocation maximizes the total value of the goods to the individuals, ensuring that everyone benefits from the distribution.
* **Individual Importance:** Each person's values are taken into account in determining the allocation, ensuring that their preferences are considered.
* **Indivisibility:** The allocation ensures that all goods are utilized and not discarded.

**Alternative Allocations:**

Other possible allocations could include:

* Person 1: Good A, Good B
* Person 2: Good C, Good D
* Person 3: None (all goods discarded)

However, these allocations would result in lower total value and potential envy among the individuals.

**Conclusion:**

The proposed allocation is considered fair because it maximizes the total value of the goods, eliminates envy, and accounts for the individual preferences and indivisibility of the goods.",1,3,2,3
48,"Based on the provided information, the fairest allocation of the goods would be as follows:

* Person 1 receives Good B.
* Person 2 receives Good C.
* Person 3 receives Goods A and D.

This allocation is fair because it maximizes the total value for all three individuals. The total value for Person 1 is 47 (the value of Good B), for Person 2 is 48 (the value of Good C), and for Person 3 is 43 (the value of Goods A and D).

Here is a breakdown of the values for each person under this allocation:

* Person 1: Good B (47)
* Person 2: Good C (48)
* Person 3: Good A (23) + Good D (20) = 43

This allocation is also fair because it treats all three individuals equally. Each person receives two goods, and the total value of the goods that each person receives is roughly the same.",3,1,2,3
49,"**Allocation:**

**Person 1:**
* Good B

**Person 2:**
* Good A
* Good C

**Person 3:**
* Good D

**Rationale:**

To determine a fair allocation, we consider the following principles:

* **Equity:** Each person should receive a portion of goods that is proportional to their overall value for them.
* **Envy-Freeness:** No person should prefer the allocation of any other person over their own.
* **Pareto Efficiency:** It is not possible to reallocate goods to make one person better off without making another person worse off.

**Implementation:**

1. **Sort goods by value for each person:**

* Person 1: B (47), C (45), A (5), D (3)
* Person 2: C (48), A (45), B (5), D (2)
* Person 3: D (20), C (32), B (25), A (23)

2. **Allocate goods starting with the highest value for each person:**

* Person 1 receives Good B (their highest value).
* Person 2 receives Good C (their highest value).
* Person 3 receives Good D (their highest value).

3. **Continue allocating goods until the remaining goods are exhausted or all persons have received at least one good:**

* Good A is not allocated to Person 1 because they already have Good B, which they value more.
* Good A is allocated to Person 2 because it is their next highest value.

**Envy-Freeness:**

* Person 1 prefers their allocation (Good B) to Person 2's (Good A and Good C) because they value Good B more.
* Person 2 prefers their allocation (Good A and Good C) to Person 3's (Good D) because they have a higher total value for their goods.
* Person 3 prefers their allocation (Good D) to Person 1's (Good B) because they value Good D more.

Therefore, this allocation satisfies the principles of equity, envy-freeness, and Pareto efficiency and can be considered a fair allocation.",2,1,2,3
50,"**Fair Allocation:**

**Person 1:**

* Good B: 47

**Person 2:**

* Good C: 48

**Person 3:**

* Good A: 23
* Good D: 20

**Rationale:**

This allocation aims to maximize the collective utility of the individuals while ensuring fairness.

* **Person 1:** Receives the good with the highest value for them (Good B). This allows them to attain the highest possible satisfaction from the allocation.
* **Person 2:** Receives the good with the second-highest value for them (Good C). While Person 1 valued Good C slightly higher, Person 2's considerably lower value for Good B warrants giving Good C to them.
* **Person 3:** Receives the two goods with the lowest values for the other individuals (Good A and Good D). This ensures that they receive a fair share of the allocation despite having lower preferences for the high-value goods.

By distributing the goods in this manner, we achieve a balance where all individuals receive goods that align with their preferences, while preventing any one person from receiving a disproportionately large share of the total value.",3,1,2,3
51,"**Fair Allocation Method:** Egalitarian Allocation with Priority to High-Value Goods

**Allocation:**

* **Person 1:** Good B
* **Person 2:** Good C
* **Person 3:** Good A, Good D

**Explanation:**

* This allocation ensures that each person receives one good.
* The goods with the highest total value (Good B and Good C) are allocated to the individuals who value them the most (Person 1 and Person 2).
* Person 3 receives the remaining two goods, which have the lowest total value.

**Justification:**

* **Fairness:** Every individual receives at least one good.
* **Efficiency:** The allocation maximizes the total value of the goods to the recipients.
* **Equity:** Persons who value certain goods more highly than others are given priority in receiving those goods.

**Note:**

Other fair allocation methods could also be considered, such as proportional allocation based on total value or random allocation.",3,1,2,3
52,"**Step 1: Determine the total value of the goods for each person.**

| Person | Good A | Good B | Good C | Good D | Total Value |
|---|---|---|---|---|---|
| Person 1 | 5 | 47 | 45 | 3 | 100 |
| Person 2 | 45 | 5 | 48 | 2 | 100 |
| Person 3 | 23 | 25 | 32 | 20 | 100 |

**Step 2: Find the minimum total value for all three people.**

The minimum total value is 100.

**Step 3: Allocate the goods to the person who values them the most, up to the minimum total value.**

| Person | Good A | Good B | Good C | Good D | Total Value |
|---|---|---|---|---|---|
| Person 1 | 5 | 47 | **45** | **3** | 100 |
| Person 2 | **45** | **5** | 48 | 2 | 100 |
| Person 3 | 23 | 25 | 32 | **20** | 100 |

**Step 4: If there are any remaining goods, allocate them to the next highest value person.**

There are no remaining goods.

**Therefore, the fairest allocation of the goods is:**

* Person 1: Good A and Good D
* Person 2: Good B and Good A
* Person 3: Good C and Good D",1,2,3,1
53,"**Fair Allocation:**

Allocate:
* **Good A to Person 2:** (Value: 45)
* **Good B to Person 1:** (Value: 47)
* **Good C to Person 2:** (Value: 48)
* **Good D to Person 3:** (Value: 20)

**Rationale:**

This allocation is considered fair because it maximizes the total value of the goods for all three individuals:

* **Person 1:** Total value = 47 (Good B)
* **Person 2:** Total value = 93 (Good A + Good C)
* **Person 3:** Total value = 20 (Good D)

**Additional Considerations:**

* **Marginal Utility:** This allocation ensures that each individual receives the goods for which they have the highest marginal utility.
* **Equity:** The allocation is equitable in that each individual receives at least one good.
* **Envy-Freeness:** None of the individuals would prefer the bundle of any other individual to their own.
* **Alternatives:** Alternative allocations could be considered, such as:
    * Allocating Good A to Person 3 and Good D to Person 1, which would result in a higher total value for Person 3.
    * Allocating Good C to Person 1 and Good D to Person 2, which would result in a higher total value for Person 1.
* **Complexity:** The allocation process is relatively simple and easy to implement.",2,1,2,3
54,"One possible fair allocation of the goods is as follows:

* Give Good A to Person 2.
* Give Good B to Person 1.
* Give Good C to Person 2.
* Give Good D to Person 3.

This allocation is fair because it gives each person their most preferred good. Person 1 gets Good B, which they value the most at 47. Person 2 gets Good A and Good C, which they value at 45 and 48, respectively. Person 3 gets Good D, which they value the most at 20.

Another possible fair allocation is as follows:

* Give Good A to Person 2.
* Give Good B to Person 1.
* Give Good C to Person 2.
* Throw Good D away.

This allocation is also fair because it gives each person their most preferred goods. Person 1 gets Good B, which they value the most at 47. Person 2 gets Good A and Good C, which they value at 45 and 48, respectively. Good D is thrown away because no one values it very highly.

Ultimately, the fairest allocation is the one that the individuals involved agree to. There is no one right answer, and the best way to determine a fair allocation is to discuss it with the people involved and find a solution that everyone can agree on.",2,1,2,3
55,"**Fair Allocation of Goods:**

Based on the provided information, I propose the following fair allocation of goods:

* **Person 1:**
    * Good B
    * Good C
* **Person 2:**
    * Good A
    * Good D
* **Person 3:** N/A

**Reasoning:**

To ensure fairness, I have considered the following principles:

**1. Value Maximization:**
I have attempted to maximize the total value for all individuals. This allocation gives Person 1 a total value of 92 (47 + 45), Person 2 a total value of 47 (45 + 2), and Person 3 a total value of 0 (since they receive no goods).

**2. Equity:**
I have tried to ensure that each person receives goods that align with their preferences. Person 1 values Good B and Good C the most, while Person 2 values Good A the most.

**3. Efficiency:**
I have allocated all four goods to the individuals who value them the most. This prevents any goods from being wasted or undervalued.

**4. Envy Prevention:**
This allocation prevents any individual from envying the allocation of another person. Each person receives goods that they value more than the remaining goods that have been allocated.

**Justification:**

Person 1 has a higher value for Good B and Good C than Person 2. Therefore, it is fair to allocate these goods to Person 1.

Person 2 has a significantly higher value for Good A than the other individuals. Giving them Good A ensures that they have the good they value the most.

Person 3's values for the goods are significantly lower than the other individuals. Therefore, it is fair to allocate the remaining goods (Good D) to Person 2 instead of Person 3.

**Conclusion:**

I believe that this allocation is fair and equitable, as it maximizes value, considers individual preferences, prevents envy, and efficiently allocates all goods. However, it is important to note that fairness is subjective, and different individuals may have different interpretations of what constitutes a fair allocation.",2,1,1,2
56,"**Proposed Allocation:**

* Person 1: Good B
* Person 2: Good C
* Person 3: Good A, Good D

**Justification:**

This allocation considers both the individual values and the overall fairness of the distribution.

* **Individual Values:**

   * Person 1 values Good B the most among all goods.
   * Person 2 values Good C the most among all goods.
   * Person 3 values Good A and Good D more than the other two goods.

* **Fairness:**

   * Each person receives at least one good they value relatively highly.
   * The allocation maximizes the overall value for the group.

**Explanation:**

* **Person 1**: They receive Good B, which they value the most. This ensures that they receive a significant value from the allocation.
* **Person 2**: They receive Good C, which they value the most. This ensures that they also receive a fair share.
* **Person 3**: They receive both Good A and Good D, which are the next best goods after Good B and Good C. This ensures that they receive a fair and balanced allocation.

This allocation takes into account both the individual preferences and the overall fairness of the distribution. It provides a reasonable and equitable outcome that respects the values of all three individuals.",3,1,2,3
57,"**Fair Allocation:**

* **Person 1:** Good B, Good C
* **Person 2:** Good A, Good D
* **Not Allocated:** Good A

**Rationale:**

This allocation is considered fair because it maximizes the total value assigned to the goods by the individuals involved.

* **Total Value for Person 1:** 47 + 45 = 92
* **Total Value for Person 2:** 45 + 2 = 47
* **Total Value for Person 3:** 25 + 32 + 20 = 77

**Discussion:**

* Person 1 receives the goods they value most, Good B and Good C.
* Person 2 receives the goods that have the highest value for them, Good A and Good D.
* Good A is not allocated to Person 3 because they value it less than Person 2, and allocating it to Person 3 would result in a lower total value for the goods.
* This allocation is equitable because it gives each individual a fair share of the total value, based on their preferences.

**Alternative Allocations:**

Other allocations could also be considered fair, depending on the priorities and values of the individuals involved. For example:

* **Person 1:** Good A, Good C
* **Person 2:** Good B, Good D
* **Person 3:** Not allocated

This allocation would maximize the total value for Person 1 and Person 2, while still giving Person 3 a fair share of the remaining goods.

Ultimately, the fairness of an allocation is subjective and depends on the specific circumstances and preferences of the individuals involved.",2,1,1,2
58,"**Allocation:**

* Person 1: Good B (value: 47)
* Person 2: Good C (value: 48)
* Person 3: Good A (value: 23), Good D (value: 20)

**Rationale:**

This allocation aims to maximize the total value for all individuals while ensuring a relatively equal distribution. Here's how it was determined:

1. **Rank Goods by Value:** For each person, rank the goods in descending order of value.

| Person | Good A | Good B | Good C | Good D |
|---|---|---|---|---|
| 1 | 5 | 47 | 45 | 3 |
| 2 | 45 | 5 | 48 | 2 |
| 3 | 23 | 25 | 32 | 20 |

2. **Allocate Highest-Value Goods:** First, allocate the highest-valued good for each person: Good B to Person 1, Good C to Person 2, and Good A to Person 3.

3. **Allocate Remaining Goods:** For the remaining goods, Good D goes to Person 3 because it has the highest value for them (20) compared to Person 1 (3) and Person 2 (2).

4. **Ensure Fairness:** This allocation ensures that each person receives at least two goods, with values totaling 67 for Person 1, 53 for Person 2, and 43 for Person 3. These values are relatively close, promoting fairness.

While there may be other allocation schemes, this one aims to maximize the total value while ensuring an equitable distribution among the individuals.",3,1,2,3
59,"**Fair Allocation of Goods:**

**Step 1: Calculate the Total Value of the Goods for Each Individual**

* Person 1: 5 + 47 + 45 + 3 = 100
* Person 2: 45 + 5 + 48 + 2 = 100
* Person 3: 23 + 25 + 32 + 20 = 100

**Step 2: Divide the Total Value of the Goods Evenly**

* Average total value: 100/3 = 33.33

**Step 3: Allocate Goods Based on Value**

* **Good A:** Person 1 (value: 5)
* **Good B:** Person 2 (value: 5)
* **Good C:** Person 2 (value: 48)
* **Good D:** Person 3 (value: 20)

**Explanation:**

This allocation results in each individual receiving a total value of approximately 33.33.

* Person 1 receives Good A (value: 5) and Good B (value: 47). Total value: 52
* Person 2 receives Good C (value: 48) and Good D (value: 2). Total value: 50
* Person 3 receives Good D (value: 20). Total value: 20

**Note:**

* This allocation is not the only fair solution.
* It is also possible to distribute the goods based on other criteria, such as need or equity.
* The solution provided is one that balances the values assigned by each individual for the different goods.",1,2,2,3
60,"**Fair Allocation Method:**

**1. Equal Division:** Allocate each person an equal number of goods.

**2. Shapley Value:** Calculate the value each person receives from each possible allocation, and then take the average value for each person.

**3. Nucleolus:** Find the allocation that minimizes the maximum dissatisfaction among the individuals. Dissatisfaction is calculated as the difference between what a person receives and what they would receive in the best possible outcome (given that they receive at least one good).

**4. Proportional Allocation:** Allocate goods to each person in proportion to their total value for all the goods.

**5. Envy-Free Allocation:** Allocate goods such that no person envies any other person's allocation. This may not always be possible.

**Solution:**

Using the **Equal Division** method, each person would receive one good:

* Person 1: Good A
* Person 2: Good B
* Person 3: Good C

Good D would not be allocated.

The **Shapley Value** allocation is as follows:

* Person 1: 33 (Average of values received in all possible allocations)
* Person 2: 37 (Average of values received in all possible allocations)
* Person 3: 30 (Average of values received in all possible allocations)

Therefore, Person 1 would receive Good A, Person 2 would receive Good B and Good D, and Person 3 would receive Good C.

The **Nucleolus** allocation is the same as the Shapley Value allocation.

The **Proportional Allocation** is as follows:

* Person 1: 125 (Total value: 5 + 47 + 45 + 3 = 125)
* Person 2: 100 (Total value: 45 + 5 + 48 + 2 = 100)
* Person 3: 75 (Total value: 23 + 25 + 32 + 20 = 75)

Therefore, Person 1 would receive Good B, Person 2 would receive Good A and Good D, and Person 3 would receive Good C.

An **Envy-Free Allocation** is not possible in this case, as any allocation would result in at least one person envying another person's allocation.

**Conclusion:**

Based on these different fairness criteria, the **fairest** allocation would be:

* Person 1: Good A
* Person 2: Good B and Good D
* Person 3: Good C",1,2,3,2
61,"**Nash Bargaining Solution:**

The Nash Bargaining Solution is a game theory solution concept that aims to find a fair allocation that maximizes the product of the utilities of the individuals involved. In this case, we can calculate the product of utilities for each possible allocation and choose the allocation with the highest product.

**Possible Allocations and Utilities:**

| Allocation | Person 1 Utility | Person 2 Utility | Person 3 Utility | Product of Utilities |
|---|---|---|---|---|
| (A, B, C, D) | 5 + 47 + 45 + 3 = 100 | 45 + 5 + 48 + 2 = 100 | 23 + 25 + 32 + 20 = 100 | 1,000,000 |
| (A, B, C, D) | 5 + 47 + 45 + 3 = 100 | 45 + 5 + 32 + 20 = 102 | 23 + 25 + 48 + 2 = 98 | 1,019,900 |

**Optimal Allocation:**

The allocation with the highest product of utilities is (A, B, C, D) | 5 + 47 + 45 + 3 = 100 | 45 + 5 + 32 + 20 = 102 | 23 + 25 + 48 + 2 = 98 | 1,019,900. Therefore, this is the allocation that I consider to be the fairest.

**Explanation:**

This allocation maximizes the product of utilities, which means that it is a fair compromise that takes into account the values of all three individuals. Person 1 gets their highest-valued good (B) and another good (A) that they value reasonably. Person 2 gets two of their highest-valued goods (C and D). Person 3 gets their lowest-valued goods (A and D), but they also get Good C, which they value more than Person 1 or Person 2. Overall, this allocation balances the utilities of the individuals and provides a fair and equitable distribution of the goods.",1,2,3,2
62,"**One possible fair allocation is:**

* Person 1 receives Good B and Good C
* Person 2 receives Good A and Good D
* Person 3 receives nothing

**Justification:**

This allocation aims to maximize the total value of goods received by the individuals while ensuring that no individual receives more than two goods.

* Person 1's total value: 47 + 45 = 92
* Person 2's total value: 45 + 2 = 47
* Person 3's total value: 0

This allocation results in the highest total value of 92, which is the sum of the values of the goods received by Person 1.

**Another possible fair allocation is:**

* Person 1 receives Good A and Good D
* Person 2 receives Good B and Good C
* Person 3 receives nothing

**Justification:**

This allocation also maximizes the total value, with Person 1 receiving the two goods that they value the most.

* Person 1's total value: 5 + 3 = 8
* Person 2's total value: 47 + 45 = 92
* Person 3's total value: 0

This allocation results in the same total value of 92 as the previous allocation.

**Ultimately, the ""fairest"" allocation depends on the specific values and preferences of the individuals involved. There is no objectively correct answer, and any allocation that aims to maximize the total value or ensure some level of equity could be considered fair.**",2,1,1,2
63,"**Fair Allocation of Goods**

**Consider the following allocation:**

* **Person 1:** Good A, Good B
* **Person 2:** Good C
* **Person 3:** Good D

**Evaluation:**

* **Person 1:**
    * Total value: 5 + 47 = 52
    * Average value: 52 / 2 = 26
* **Person 2:**
    * Total value: 48
    * Average value: 48 / 1 = 48
* **Person 3:**
    * Total value: 20
    * Average value: 20 / 1 = 20

**Justification for Fairness:**

* This allocation results in an equitable distribution of value among the three individuals.
* Person 1 receives two goods with a combined value that is close to the average value of all goods (26 vs. 29.25).
* Person 2 receives one good with a value slightly above the average value of all goods (48).
* Person 3 receives one good with a value that is lower than the average but still has significant value to them (20).
* This allocation also considers the relative importance of the goods to each individual. For example, Person 1 highly values Good B, while Person 2 highly values Good C.
* By assigning these goods to the individuals who value them the most, we maximize the overall utility (satisfaction) of the allocation.

**Note:** It is important to consider that fairness is a subjective concept and what is considered fair may vary depending on the perspective of the individuals involved. This allocation is just one possible solution that aims to achieve a balance between equity and individual preferences.",1,1,2,3
64,"**Fair Allocation:**

* Person 1 receives Good B and Good C.
* Person 2 receives Good A and Good D.
* Person 3 receives nothing.

**Rationale:**

This allocation is fair because it maximizes the total value of the goods for the three individuals. The total value for Person 1 is 47 + 45 = 92, for Person 2 is 45 + 2 = 47, and for Person 3 is 0.

* **Person 1:** This allocation gives Person 1 their two highest-valued goods, which are worth a total of 92. This is the highest total value among the three individuals.
* **Person 2:** Person 2 receives their two highest-valued goods as well, but their total value is 47, which is lower than Person 1's. However, it is still a fair allocation because Person 2's values for Good B and Good D are considerably lower than Person 1's values for Good B and Good C.
* **Person 3:** Person 3 does not receive any goods because their values for the goods are significantly lower than those of Person 1 and Person 2. Giving them a good that they value less than the other individuals would not be fair.

This allocation ensures that the most valuable goods are given to the individuals who value them the most, while also ensuring that no individual receives multiple goods while others receive nothing.",2,1,1,2
65,"**Proposed Allocation:**

* **Person 1:** Good B
* **Person 2:** Good C
* **Person 3:** Good A, Good D

**Justification:**

This allocation aims to achieve fairness by maximizing the total value for the individuals involved.

* **Total value for Person 1:** 47
* **Total value for Person 2:** 48
* **Total value for Person 3:** 45

The total value for all individuals combined is 140.

**Explanation:**

* Person 1 values Good B the most (47), so allocating it to them maximizes their benefit.
* Person 2 values Good C the most (48), so allocating it to them also maximizes their benefit.
* Person 3 has a relatively lower value for Good B and Good C compared to the other individuals. Therefore, allocating Good A and Good D to them (which they value higher than Person 1 and Person 2) distributes the benefits more evenly.

This allocation also takes into account the indivisible nature of the goods. Not allocating any goods would result in a loss of value for all individuals, so assigning the goods based on the highest value each person has for a particular good is a fair way to distribute the benefits.

It's important to note that this allocation may not be preferred by everyone, as individuals may have different ideas of fairness. However, it is an allocation that considers each individual's preferences and aims to maximize the overall value for the group as a whole.",3,1,2,3
66,"**Allocation:**

* Person 1: Good B
* Person 2: Good C
* Person 3: Good A and Good D

**Justification:**

Using a simple utilitarian approach, this allocation maximizes the total value of the goods to the individuals:

* Person 1's total value: 47 (Good B)
* Person 2's total value: 48 (Good C)
* Person 3's total value: 43 (Good A + Good D)

**Total value:** 138

This allocation also ensures that each person receives at least one good. Additionally, it considers the following factors:

* **Person 1:** Has the highest value for Good B and the lowest value for Good D. Giving them Good B and discarding Good D is a fair solution.
* **Person 2:** Has the highest value for Good C and the lowest value for Good B. Allocating Good C to them is appropriate.
* **Person 3:** Has a relatively lower total value. Giving them both Good A and Good D ensures they receive a fair share.

**Alternative Allocations:**

* **Person 1: Good A, Person 2: Good C, Person 3: Good B, Good D discarded:** This allocation would maximize the total value, but Person 3 would receive no goods.
* **Person 1: Good B, Person 2: Good C, Person 3: Good A, Good D discarded:** Similar to the above, this allocation would maximize the total value but leave Person 3 without any goods.

These alternative allocations may not be considered fair by some individuals, especially Person 3.",3,1,2,3
67,"To determine a fair allocation of the goods among the three individuals, I would consider using the following approach:

1. **Calculate the total value of the goods for each individual:**

   - Person 1: 5 + 47 + 45 + 3 = 100
   - Person 2: 45 + 5 + 48 + 2 = 100
   - Person 3: 23 + 25 + 32 + 20 = 100

2. **Determine the average value of the goods:**

   - Average value = (100 + 100 + 100) / 3 = 100

3. **Allocate the goods to each individual based on their value for each good:**

   - **Good A:**
     - Person 2 values Good A the most (45).
     - Allocated to Person 2.

   - **Good B:**
     - Person 1 values Good B the most (47).
     - Allocated to Person 1.

   - **Good C:**
     - Person 2 values Good C the most (48).
     - Allocated to Person 2.

   - **Good D:**
     - Person 3 values Good D the most (20).
     - Allocated to Person 3.

**Final Allocation:**

- Person 1: Good B
- Person 2: Good A, Good C
- Person 3: Good D

**Evaluation of Fairness:**

This allocation is fair because it considers the individual values of each person for the goods. Each person receives goods that they value the most, which results in an equitable distribution of benefits. Additionally, the total value of the goods received by each person is equal to the average value, ensuring that no one person receives a disproportionately large share.",2,1,2,3
68,"**Fair Allocation:**

**Person 1:**
* Good A (value: 5)
* Good B (value: 47)

**Person 2:**
* Good C (value: 48)
* Good D (value: 2)

**Person 3:**
* Good A (value: 23)
* Good B (value: 25)

**Explanation:**

This allocation is fair because it maximizes the sum of the individual values for the allocated goods:

* Person 1: 5 + 47 = 52
* Person 2: 48 + 2 = 50
* Person 3: 23 + 25 = 48

Additionally, this allocation ensures that each person receives their highest-valued good (except for Person 3, who has two equally valued goods).

**Justification:**

* Good A is allocated to both Person 1 and Person 3 because it has a relatively high value for them.
* Good B is allocated to Person 1 because it has the highest value for them.
* Good C is allocated to Person 2 because it has the highest value for them.
* Good D is allocated to Person 2 because it has the second-highest value for them, and Person 1 and Person 3 already received two goods each.

This allocation is subject to the constraint that the goods are indivisible and cannot be split among individuals. It is also important to note that this is just one possible fair allocation, and other reasonable allocations could be made depending on the specific preferences and values of the individuals involved.",1,1,2,2
69,"**Fair Allocation:**

**Person 1:**
* Good A
* Good C

**Person 2:**
* Good B
* Good D

**Person 3:**
* Nothing

**Rationale:**

This allocation achieves fairness by balancing the following principles:

* **Individual Equity:** Each person receives goods that they value highly. Person 1 values Goods A and C the most, Person 2 values Goods B and D the most, and Person 3 has the lowest values for all goods.
* **Pareto Efficiency:** No other allocation can make one person better off without making another person worse off. By giving the most valued goods to each person, we ensure that no one can be made better off without taking away from someone else.
* **Simplicity:** The allocation is straightforward and easy to implement, with no fractional shares or complicated divisions.

**Additional Considerations:**

* **Equal Distribution:** An alternative allocation that prioritizes equal distribution would give each person one good. However, this would not reflect the individuals' different valuations for the goods.
* **Maximin Rule:** The maximin rule aims to maximize the minimum value received by any person. In this case, giving Person 3 nothing does not satisfy this rule. However, since their values are significantly lower than the other individuals, and an equal allocation would not be fair, we prioritize individual equity and Pareto efficiency in this allocation.",1,2,1,2
70,"**Fair Allocation:**

* **Person 1:** Good B (47) and Good C (45)
* **Person 2:** Good A (45) and Good D (20)
* **Person 3:** Good D (2)

**Rationale:**

This allocation maximizes the total value of the goods for all individuals:

* Person 1: 47 + 45 = 92
* Person 2: 45 + 20 = 65
* Person 3: 2 + 2 = 4

The allocation also considers the following fairness criteria:

* **Equity:** Each person receives a similar amount of value (Person 1: 92, Person 2: 65, Person 3: 4).
* **Envy-freeness:** No person prefers the allocation of any other person. For example, Person 1 cannot prefer Person 2's allocation because they are receiving the highest value of goods (92) out of the three individuals.
* **Pareto efficiency:** It is not possible to reallocate the goods to increase the value for one person without decreasing the value for another person.

This allocation is not necessarily the only fair allocation possible, but it represents a reasonable and justifiable distribution of the goods based on the given preferences.",2,1,1,2
71,"**Proposed Allocation:**

* **Person 1:** Good A, Good C
* **Person 2:** Good B, Good D
* **Person 3:** Not allocated any goods

**Rationale:**

This allocation aims to maximize the total value derived from the goods while also ensuring fairness among the individuals.

* **Maximizing Total Value:** This allocation assigns the goods to the individuals who value them the most. Person 1 values Good A and Good C the highest, while Person 2 values Good B and Good D the highest.

* **Fairness:** Person 1 receives a total value of 50 (5 + 45), Person 2 receives a total value of 50 (47 + 3), and Person 3 receives no value. This ensures that no one individual receives a significantly higher or lower value than the others.

**Justification:**

* Person 3 has the lowest values for all the goods and therefore receives no allocation.
* Person 1 and Person 2 have similar total values, but Person 1 has a slightly higher value for Goods A and C combined.
* This allocation prevents any individual from receiving multiple goods with high values, ensuring a more equitable distribution.

**Alternative Allocation:**

An alternative allocation could be:

* **Person 1:** Good A, Good B
* **Person 2:** Good C, Good D
* **Person 3:** Not allocated any goods

This allocation would also maximize the total value and ensure fairness, with Person 1 and Person 2 each receiving a total value of 52. However, it assigns a slightly higher value to Person 1 compared to Person 2.

Ultimately, the ""fairest"" allocation is subjective and depends on the specific criteria and preferences of the individuals involved.",1,2,1,2
72,"To determine a fair allocation of the goods, I consider the following approach:

**1. Calculate the total value of goods for each person:**

* Person 1: 5 (Good A) + 47 (Good B) + 45 (Good C) + 3 (Good D) = 100
* Person 2: 45 (Good A) + 5 (Good B) + 48 (Good C) + 2 (Good D) = 100
* Person 3: 23 (Good A) + 25 (Good B) + 32 (Good C) + 20 (Good D) = 100

Since the total value of goods is the same for each person, we can assume that an equal division of the goods would be fair.

**2. Evenly distribute the goods:**

* Allocate Good A to Person 3.
* Allocate Good B to Person 1.
* Allocate Good C to Person 2.
* Allocate Good D to Person 3.

**Allocation:**

* Person 1: Good B (value: 47)
* Person 2: Good C (value: 48)
* Person 3: Good A (value: 23), Good D (value: 20)

**3. Check for fairness:**

By allocating the goods as above, each person gets goods with a combined value of 100. This ensures an equal distribution of value among the individuals, which is a measure of fairness in this scenario.

**Note:** This is just one possible approach to determining a fair allocation. Other approaches might consider factors such as personal preferences, scarcity of goods, or the social needs of the individuals involved.",3,1,2,3
73,"**Fair Allocation:**

To determine a fair allocation, we will use the **Nash Bargaining Solution (NBS)**, which aims to find an outcome that is mutually beneficial for all parties involved.

**Steps:**

**1. Calculate the Individual Solutions:**

The individual solution for each person is the maximum value they can get by allocating all the goods to themselves without considering the others' values.

* **Person 1:** 45 + 47 + 45 + 3 = 140
* **Person 2:** 45 + 5 + 48 + 2 = 100
* **Person 3:** 23 + 25 + 32 + 20 = 100

**2. Calculate the Pareto Frontier:**

The Pareto frontier is the set of all allocations where it is impossible to improve the value of any person without decreasing the value of at least one other person.

**3. Find the Nash Bargaining Solution:**

The NBS is the point on the Pareto frontier that maximizes the product of the percentage improvements over individual solutions for all parties involved.

**Solution:**

Using the NBS, we get the following allocation:

* **Person 1:** Good B (47)
* **Person 2:** Good C (48)
* **Person 3:** Good A (23), Good D (20)

**Explanation:**

This allocation satisfies the NBS, as it maximizes the product of the percentage improvements over individual solutions:

* Person 1: (47 - 45) / 45 * (0 - 100) / 100 = 0
* Person 2: (48 - 45) / 45 * (0 - 100) / 100 = 0
* Person 3: (23 - 0) / 0 * (20 - 100) / 100 = -1

This allocation ensures that no person can be made better off without making another person worse off.",3,1,2,3
74,"**Fair Allocation of Goods:**

**Step 1: Determine the Total Value for Each Good**

* Good A: 72 (5 + 45 + 23)
* Good B: 77 (47 + 5 + 25)
* Good C: 125 (45 + 48 + 32)
* Good D: 25 (3 + 2 + 20)

**Step 2: Allocate Goods Based on Highest Value**

* **Good C to Person 2:** Highest value (48)
* **Good A to Person 2:** Highest value (45)

**Step 3: Allocate Remaining Goods for Fairness**

* Person 1 has high value for Good B (47), so allocate **Good B to Person 1**.
* **Good D left unallocated**

**Final Allocation:**

* **Person 1:** Good B
* **Person 2:** Good C, Good A
* **Person 3:** Not allocated

**Justification for Fairness:**

This allocation considers both the individual values for each good and the need for overall fairness.

* **Person 1** receives their highest-valued good (Good B) and a good with a low value for others (Good D).
* **Person 2** receives their two highest-valued goods (Good C and Good A), which maximizes their total value.
* **Person 3** does not receive any goods because their values are lower than the other individuals and there is no good that they value significantly higher than the others.

This allocation ensures that two individuals receive goods that they highly value, while the remaining individual is not left with a good that they value much lower than the others.",2,1,2,None
75,"**Fair Allocation:**

* **Person 1:** Good C, Good D
* **Person 2:** Good B, Good A
* **Person 3:** Good A (not allocated)

**Rationale:**

This allocation aims to maximize the total value received by all individuals while ensuring that each person receives at least one good.

* **Person 1:** Receives Goods C and D, totaling a value of 45 + 3 = 48.
* **Person 2:** Receives Goods B and A, totaling a value of 47 + 5 = 52.
* **Person 3:** Receives Good A, which has a value of 23.

**Explanation:**

* Good A is the most valuable good for Person 2, so they receive it.
* Good B is the most valuable good for Person 1, so they receive it.
* Good C is the second most valuable good for both Person 1 and Person 2, who are the two individuals with the highest total value. Therefore, Good C is allocated to Person 1, who has the highest value for it.
* This leaves Good D to be allocated to Person 1, as it is the only remaining good that they can receive.

By allocating Goods C and D to Person 1, the total value received by all individuals is maximized while ensuring that Person 2 and Person 3 both receive at least one good.",2,1,1,1
76,"As a first approach, one could consider an allocation where each person receives the good for which they have the highest value. According to this approach, Person 1 would receive Good B, Person 2 Good C, and Person 3 Good A. This would leave Good D unallocated.

Alternatively, one could try to find an allocation where the total value of the goods received by each person is as equal as possible. One possible allocation that achieves this is:

- Person 1: Good D
- Person 2: Good A
- Person 3: Goods B and C

With this allocation, the total value of the goods received by each person is:

- Person 1: 3
- Person 2: 45
- Person 3: 70

While this allocation is not perfectly equal, it is more equitable than the previous one, as it ensures that everyone receives at least one good that they value highly.",2,3,3,1
77,"**Fair Allocation:**

* **Person 1:** Good B, Good C
* **Person 2:** Good A, Good D
* **Person 3:** Discards Goods A, C, D

**Rationale:**

This allocation is considered fair because it maximizes the total value for all individuals while also considering their preferences and relative values for each good.

* Person 1 receives Good B (value: 47) and Good C (value: 45), which are their most highly valued goods. Their total value is 92, which is the highest among all individuals.
* Person 2 receives Good A (value: 45) and Good D (value: 2), which are their second and fourth most valued goods, respectively. Their total value is 47.
* Person 3 receives no goods because their value for each good is lower than the value of the other individuals. By discarding these goods, the total waste is minimized, ensuring the best possible outcome for the group as a whole.

This allocation ensures that the goods are distributed equitably, with each individual receiving their preferred goods or a combination of goods that provide them with the highest total value.",2,1,1,2
78,"I propose the following allocation:

- Person 1 gets Good B and Good D.
- Person 2 gets Good A.
- Person 3 gets Good C.

This allocation is fair because it gives each person the good that they value the most.

Person 1 values Good B the most, with a value of 47. They also value Good D more than Person 2 or Person 3.

Person 2 values Good A the most, with a value of 45. They do not value the other goods as much as Person 1 or Person 3.

Person 3 values Good C the most, with a value of 32. They do not value the other goods as much as Person 1 or Person 2.

By giving each person the good that they value the most, this allocation ensures that each person gets a fair share of the goods.",2,1,3,1
79,"**Fair Allocation:**

* **Person 1:** Good B (value: 47)
* **Person 2:** Good C (value: 48)
* **Person 3:** Good A (value: 23) and Good D (value: 20)

**Rationale:**

This allocation maximizes the total value of the goods received by the individuals while ensuring a fair distribution.

* **Person 1:** Receives the good they value the most (Good B).
* **Person 2:** Receives the good they value the most (Good C).
* **Person 3:** Receives the two goods they value the second and third most (Good A and Good D).

**Total Value Received:**

* Person 1: 47
* Person 2: 48
* Person 3: 43

**Justification for Discarding Goods:**

Given the indivisible nature of the goods, it is not possible to allocate Good D to Person 2 or Person 3 without violating the constraint that each individual receives a whole good. Therefore, it is fair to discard Good D rather than giving it to someone who values it less.",3,1,2,None
80,"**Nash Welfare Maximization Allocation:**

This method aims to maximize the sum of utilities across all individuals.

* Assign Good A to Person 2 (value: 45).
* Assign Good B to Person 1 (value: 47).
* Assign Good C to Person 2 (value: 48).
* Assign Good D to Person 3 (value: 20).

Total utility: 45 + 47 + 48 + 20 = 160

**Proportional Allocation:**

This method allocates goods proportionally to the individuals' values.

* Assign Good A to Person 1 (value: 5, 5/120 = 1/24 share).
* Assign Good B to Person 2 (value: 5, 5/120 = 1/24 share).
* Assign Good C to Person 2 (value: 48, 48/120 = 2/5 share).
* Assign Good D to Person 3 (value: 20, 20/120 = 1/6 share).

**Maximin Allocation:**

This method guarantees that the worst-off individual receives the highest possible value.

* Assign Good A to Person 3 (value: 23, for fairness).
* Assign Good B to Person 1 (value: 47).
* Assign Good C to Person 2 (value: 48).
* Assign Good D to Person 3 (value: 20, for fairness).

Total utility: 23 + 47 + 48 + 20 = 138

**Equal Value Allocation:**

This method assigns goods to individuals who value them equally.

* Assign Good A to Person 2 (value: 45, equal with Person 1).
* Assign Good B to Person 1 (value: 47, unique).
* Assign Good C to Person 2 (value: 48, unique).
* Assign Good D to Person 3 (value: 20, unique).

**My Fair Allocation:**

Considering the values and preferences of each individual, I would suggest the following allocation:

* Assign Good A to Person 2 (value: 45, their highest priority).
* Assign Good B to Person 1 (value: 47, their highest priority).
* Assign Good C to Person 3 (value: 32, their highest remaining value).
* Assign Good D to Person 3 (value: 20, their second highest priority).

Total utility: 45 + 47 + 32 + 20 = 144",2,1,3,3
81,"**Fair Allocation**:

* **Good A to Person 2** (Value: 45)
* **Good B to Person 1** (Value: 47)
* **Good C to Person 3** (Value: 32)
* **Good D to Person 1** (Value: 3)

**Explanation**:

This allocation aims to maximize the total value of the goods allocated to the individuals.

* Person 1 values Good B the most (47) and is assigned that good.
* Person 2 values Good A the most (45) and is assigned that good.
* Person 3 values Good C the most (32), but also values Good D the most (20). Since Good C has a higher value, it is assigned to Person 3.
* Good D, with the lowest value, is assigned to Person 1 to ensure that all individuals receive at least one good.

**Alternative Allocation**:

* **Good A to Person 3** (Value: 23)
* **Good B to Person 1** (Value: 47)
* **Good C to Person 2** (Value: 48)
* **Good D to Person 3** (Value: 20)

**Explanation**:

This allocation considers the lower values of each individual and aims to provide each person with a fair share.

* Person 1 still receives Good B, their most valued good.
* Person 2 receives Good C, their second most valued good.
* Person 3 receives Good A, their lowest valued good but still a higher value than Good D. They also receive Good D to ensure all individuals receive something.

Ultimately, the choice of allocation depends on the specific criteria of fairness that are deemed most important in this situation.",2,1,3,1
82,"In this problem, we are asked to allocate 4 goods (A, B, C, D) among 3 individuals (Person 1, Person 2, and Person 3) based on their valuations for each good. The goods are indivisible, meaning they cannot be divided among multiple individuals.

One possible approach to ensure a fair allocation is to use the **Maximin** allocation method. This method aims to maximize the minimum value obtained by each individual. In this case, the allocation would be as follows:

* Person 1 receives **Good C** (value = 45)
* Person 2 receives **Good A** (value = 45)
* Person 3 receives **Good B** (value = 25)

Under this allocation, all goods are distributed, and each person receives a good that they value the most.

Another approach is the **Egalitarian** allocation method, which aims to provide each individual with an equal share of the total value of the goods. In this case, the allocation would be as follows:

* Person 1 receives **Good D** (value = 3) and **Good A** (value = 5) (total value = 8)
* Person 2 receives **Good C** (value = 48) (value = 48)
* Person 3 receives **Good B** (value = 25) (value = 25)

Under this allocation, Person 2 receives the highest total value, while Person 1 and Person 3 receive values closer to each other.

The choice of the fairest allocation depends on the specific criteria and values that are considered important. Different individuals may have different perceptions of fairness, and there is no universally accepted solution.

It's worth noting that the information provided does not specify any constraints or preferences regarding the distribution of goods, such as equity, efficiency, or individual needs. Therefore, the suggested allocations are based on common fairness principles, but they may not be the only or most appropriate options in all contexts.",2,3,1,None
83,"One possible fair allocation of the goods is as follows:

* Person 1 receives Good A and Good C.
* Person 2 receives Good B.
* Person 3 receives Good D.

This allocation is fair because it gives each person the good that they value the most. Person 1 values Good A and Good C the most, Person 2 values Good B the most, and Person 3 values Good D the most. Therefore, this allocation is fair because it maximizes the total value of the goods to the individuals involved.

Another possible fair allocation is as follows:

* Person 1 receives Good A and Good B.
* Person 2 receives Good C.
* Person 3 receives Good D.

This allocation is also fair because it gives each person two goods. However, this allocation is not as efficient as the first allocation because it does not maximize the total value of the goods to the individuals involved.

Ultimately, the decision of which allocation is the fairest is up to the individuals involved. There is no right or wrong answer, and the best allocation will depend on the specific preferences of the individuals involved.",1,2,1,3
84,"**Fairness Criteria:**

To determine the fairest allocation, we could use various fairness criteria such as:

* **Egalitarianism:** Allocating an equal amount of value to each person.
* **Utilitarianism:** Maximizing the total sum of values across all individuals.
* **Equity:** Considering the needs and circumstances of each person.

**Allocation Based on Egalitarianism:**

Under this criterion, each person should receive an equal total value of goods. The sum of values for each person would be (47 + 5 + 45 + 3) / 3 = 33.33.

Allocation:
* Person 1: Good A and Good B
* Person 2: Good C
* Person 3: Good D

**Allocation Based on Utilitarianism:**

This criterion aims to maximize the total sum of values. The following allocation maximizes the total value:

Allocation:
* Person 1: Good B
* Person 2: Good C
* Person 3: Good A and Good D

Total sum of values: 47 + 48 + 23 + 20 = 138

**Allocation Based on Equity:**

This criterion considers the needs and circumstances of each person. For example, Person 1 highly values Good B, while Person 2 highly values Good C.

Allocation:
* Person 1: Good B
* Person 2: Good C
* Person 3: Good A and Good D (or Good A and nothing)

This allocation maximizes the value for Person 1 and Person 2, who have stronger preferences for specific goods.

**Conclusion:**

The fairest allocation depends on the chosen fairness criterion. Based on the different criteria, the proposed allocations above strive to achieve a fair distribution of goods among the individuals, considering their values and needs.",3,1,2,3
85,"**Fair Allocation:**

**Person 1:**

* **Good A:** (Value: 5)
* **Good C:** (Value: 45)

**Person 2:**

* **Good B:** (Value: 5)
* **Good D:** (Value: 2)

**Person 3:**

* **Good A:** (Value: 23)
* **Good B:** (Value: 25)

**Rationale:**

This allocation was chosen based on the following principles:

* **Equal Value Distribution:** Each person receives approximately the same total value of goods. Person 1 receives 50 value units, Person 2 receives 7 value units, and Person 3 receives 48 value units.
* **Priority to High-Valued Goods:** Each person receives the goods they value most highly. Person 1 receives Good A, which they value at 5 units, and Good C, which they value at 45 units. Person 2 receives Good D, which they value at 2 units, and Good B, which they value at 5 units. Person 3 receives both Good A and Good B, which they value at 23 and 25 units, respectively.
* **Avoiding Waste:** All goods are allocated to individuals, and none are discarded.
* **Simplicity:** The allocation is straightforward and easy to implement.

**Alternative Allocations:**

Other fair allocations could also be possible, such as:

* Allocating Good C to Person 3 instead of Person 1, giving them a total value of 55 units, the highest among all individuals.
* Allocating Good B to Person 2 instead of Person 1, giving them a total value of 9 units.",1,3,1,2
86,"**Fair Allocation:**

**Person 1:**

* Good B (Value: 47)

**Person 2:**

* Good C (Value: 48)

**Person 3:**

* Good A (Value: 23)
* Good D (Value: 20)

**Rationale:**

This allocation aims to maximize the total value obtained by the individuals while considering fairness to all parties involved.

* Person 1 receives the good they value the most, Good B, which has a value of 47.
* Person 2 receives the good they value the most, Good C, which has a value of 48. This ensures that Person 2 receives a good of higher value than Person 1 to compensate for the lower value they receive in the other goods.
* Person 3 receives the two goods that they value the most after Goods B and C, namely Good A and Good D. While Good A has a lower value than Good B and Good C, it is the good that Person 3 values most among the remaining goods. Good D has a value of 20, which is the second highest value among the remaining goods for Person 3.

This allocation results in a total value of 140 (47 + 48 + 23 + 22), which is the highest possible total value that can be achieved while also ensuring fairness to all individuals.",3,1,2,3
87,"**Fair Allocation:**

**Person 1:**
* **Good A:** 5
* **Good C:** 45

**Person 2:**
* **Good A:** 45
* **Good C:** 48

**Person 3:**
* **Good B:** 25
* **Good D:** 20

**Unused Goods:**
* Good B

**Rationale:**

This allocation aims to maximize the total value obtained by all individuals while considering their preferences.

* **Person 1:** Receives the goods (Good A and Good C) they value the most, totaling a value of 50.
* **Person 2:** Also receives their most preferred goods (Good A and Good C), resulting in a value of 93.
* **Person 3:** Gets the goods they value third highest (Good B and Good D), resulting in a value of 45.

**Justification for Excluding Good B:**

* Allocating Good B to either Person 1 or Person 2 would result in a lower total value compared to their current allocations (50 and 93 vs. 47 and 48).
* Throwing away Good B balances the allocation and prevents any one individual from receiving an unfair advantage.

**Note:**

This allocation is subjective and may not be considered fair by everyone. Other factors, such as need or equity, could also be considered in determining a fair allocation.",1,None,2,3
88,"**Fair Allocation:**

* **Person 1:** Good B, Good C
* **Person 2:** Good A, Good D
* **Person 3:** Not allocated any good

**Explanation:**

This allocation is considered fair because it maximizes the total value for all three individuals.

* Person 1's total value: 47 + 45 = 92
* Person 2's total value: 45 + 2 = 47
* Person 3's total value: 0

**Reasoning:**

* Person 1 values Good B and Good C the most, so it is fair to allocate these goods to them.
* Person 2 values Good A and Good D the most, so it is fair to allocate these goods to them.
* Person 3's values for the goods are lower than the other two individuals, so it is reasonable to not allocate any goods to them in this allocation.

This allocation ensures that the goods are distributed in a way that maximizes the overall satisfaction of the individuals involved.",2,1,1,2
89,"**Equitable Allocation:**

This allocation seeks to distribute the goods fairly among the individuals, considering their values for each good.

* Person 1 receives **Good B**, valued at 47.
* Person 2 receives **Good C**, valued at 48.
* Person 3 receives **Good A**, valued at 23.

Good D remains unallocated as its lowest valuation (Person 2) is only 2.

**Justification:**

* This allocation maximizes the total value of goods received by the individuals, with a total value of 118 (47 + 48 + 23).
* It ensures that each person receives at least one good that they value highly.
* It avoids giving any individual a disproportionately large share of the goods.

**Alternative Allocations:**

**1. Egalitarian Allocation:**

* Each person receives one good, regardless of their values.
* Allocation: Person 1 (Good A), Person 2 (Good B), Person 3 (Good C)
* Remaining Good: Good D

**Justification:**

* This allocation ensures that everyone receives an equal share of the goods.
* However, it may not be fair if individuals have vastly different values for the goods.

**2. Prioritarian Allocation:**

* Priority is given to the individual with the lowest total value for the goods.
* Allocation: Person 3 (Goods A and D), Person 1 (Good B), Person 2 (Good C)
* Remaining Good: None

**Justification:**

* This allocation ensures that the individual with the greatest need (Person 3) receives the most value.
* However, it may be unfair to the other individuals who also have high values for some of the goods.

Ultimately, the fairest allocation depends on the specific values and priorities of the individuals involved. The equitable allocation presented above is a reasonable compromise that considers fairness and efficiency.",3,1,2,None
90,"**Fair Allocation:**

* **Person 1:** Good B
* **Person 2:** Good C
* **Person 3:** Good A and Good D

**Rationale:**

This allocation maximizes the total value of goods to the individuals while ensuring that each person receives at least one good.

* **Person 1:** Values Good B the most (47), so allocating it to them maximizes their satisfaction.
* **Person 2:** Values Good C the most (48), so allocating it to them maximizes their satisfaction.
* **Person 3:** Values Good A and Good D higher than the other goods, and this allocation gives them both.

**Analysis:**

| Person | Value of Allocated Goods |
|---|---|
| Person 1 | 47 (Good B) |
| Person 2 | 48 (Good C) |
| Person 3 | 23 (Good A) + 20 (Good D) = 43 |

Total Value = 47 + 48 + 43 = 138

**Discussion:**

This allocation is fair because:

* **Equity:** It ensures that all individuals receive at least one good.
* **Efficiency:** It maximizes the total value of goods assigned to the individuals.
* **Reasonableness:** The goods are allocated based on the individuals' stated preferences.

While other allocations may be possible, this allocation is reasonable and ensures a fair outcome for all parties involved.",3,1,2,3
91,"Based on the values provided by each person, I propose the following allocation:

* Person 1 receives Good B.
* Person 2 receives Good C.
* Person 3 receives Good A and Good D.

This allocation is fair because:

* It gives each person the good that they value the most.
* It ensures that each person receives at least one good.
* It maximizes the total value of the goods for all three people.

The total value of the goods for this allocation is 115 (5 + 47 + 48 + 20), which is higher than any other possible allocation.",3,1,2,3
92,"**Envy-Free Allocation:**

An envy-free allocation is one where no individual would prefer another individual's allocation to their own.

**Utilitarian Allocation:**

A utilitarian allocation maximizes the total value of the allocation for all individuals.

**Nash Equilibrium Allocation:**

A Nash equilibrium allocation is one where no individual can improve their value by unilaterally changing their allocation.

**Specific Allocation:**

**Good A:** Person 2
**Good B:** Person 1
**Good C:** Person 2
**Good D:** Person 3

**Fairness Considerations:**

This allocation is a combination of the three fairness criteria described above.

* **Envy-free:** None of the individuals would prefer another individual's allocation to their own.
* **Utilitarian:** The total value of the allocation is 122, which is higher than any other possible allocation.
* **Nash Equilibrium:** There is no unilateral move that any individual can make to improve their value.

**Justification:**

* Person 1 values Good B the highest, so it is allocated to them.
* Person 2 values Goods A and C the highest, and they are allocated to them.
* Person 3 values Good D the highest, so it is allocated to them.
* This allocation ensures that no one individual has a higher total value than the others.
* There is no other allocation that would improve everyone's value.",2,1,2,3
93,"**Fair Allocation**:

* **Good A:** Person 2
* **Good B:** Person 1
* **Good C:** Person 2
* **Good D:** Person 3

**Rationale**:

This allocation aims to maximize the total value derived by the individuals while considering their individual preferences.

* **Good A:** Person 2 values Good A the most (45), so allocating it to them gives the highest individual value.
* **Good B:** Person 1 values Good B the most (47), while Person 2 values it the least (5). Giving it to Person 1 allows them to obtain their highest-valued good.
* **Good C:** Person 2 also values Good C the most (48), so allocating it to them maximizes their overall value.
* **Good D:** Person 3 values Good D the most (20), and they have the lowest total value among the individuals. Giving them Good D ensures they receive a fair share of goods.

**Total Values**:

* Person 1: 5 + 47 = 52
* Person 2: 45 + 5 + 48 = 98
* Person 3: 23 + 25 + 20 = 68

This allocation results in the highest total value of 98 for Person 2, who has the highest overall valuation for the goods. It also provides Person 1 with their highest-valued good and gives Person 3 a fair share of goods, ensuring a reasonable distribution of value among the individuals.",2,1,2,3
94,"An allocation that could be considered fair is:
- Person 1 gets Good B, which they value the second most, and  Good D, which they value the least.
- Person 2 gets Good A, which they value most, and Good C, which they value the second most.
- Person 3 gets Good C, which they value the most.

This allocation gives Person 1 a total value of 50, Person 2 a total value of 50, and Person 3 a total value of 32. It is a fair allocation because it gives each person a similar total value, and it also takes into account each person's individual preferences for the goods.",2,1,3,1
95,"**Fair Allocation:**

* **Person 1:** Good B, Good D
* **Person 2:** Good A, Good C

**Reasoning:**

This allocation aims to maximize the total utility among the individuals while considering the value they place on each good.

* Person 1 values Good B the highest (47) and Good D the lowest (3). Giving them Good B and Good D ensures they receive a good that they highly value and a good that is not as valuable to others.
* Person 2 values Good A the highest (45). Assigning them Good A maximizes their utility. Good C is their second highest-valued good (48), so they also receive this.
* Person 3 has a lower overall utility compared to the other two individuals. However, they receive Good D, which they value relatively higher (20) than Person 2 (2). Good D is also not highly valued by Person 1 (3).

**Evaluation:**

This allocation is fair because it:

* Maximizes the total utility among the individuals. Person 1 gets a utility of 50 (47 + 3), Person 2 gets a utility of 93 (45 + 48), and Person 3 gets a utility of 43 (23 + 25 + 20).
* Distributes goods based on the individuals' values. Person 1 receives goods they value the highest, and so on.
* Ensures that no individual receives a good that they value less than everyone else.",2,1,2,1
96,"**Fair Allocation:**

* **Person 1:** Good A, Good C
* **Person 2:** Good D
* **Person 3:** Good B

**Rationale:**

This allocation aims to distribute the goods such that each person receives a combination of goods that maximizes their total value. The following breakdown demonstrates this:

* Person 1's total value: 5 (Good A) + 45 (Good C) = 50
* Person 2's total value: 2 (Good D) = 2
* Person 3's total value: 25 (Good B) = 25

The allocation ensures that Person 1 receives the goods they value most, which are not as highly valued by the other individuals. Similarly, Person 2 receives the good they value most, which has a relatively low value for the other individuals. Person 3 receives the good they value most out of the remaining goods, even though it is not their highest-valued good.

Overall, this allocation attempts to distribute the goods fairly by considering the individual preferences and values of each person.",1,3,1,2
97,"**My proposed fair allocation is as follows:**

* Person 1 receives Good B.
* Person 2 receives Good C.
* Person 3 receives Good A and Good D.

**Justification:**

I considered several fairness criteria when making this allocation:

* **Equity:** Each person receives goods that they value more than the others.
* **Envy-freeness:** No person would prefer another person's allocation to their own.
* **Efficiency:** The total value of the goods allocated is maximized.

**Analysis of the Allocation:**

* Person 1 values Good B the highest (47), followed by Good C (45), Good A (5), and Good D (3). They receive Good B, which is their top priority.
* Person 2 values Good C the highest (48), followed by Good A (45), Good B (5), and Good D (2). They receive Good C, which is their top priority.
* Person 3 values Good A and Good D more than the other two goods. They receive both Goods A and D, which maximize their total value.

This allocation satisfies the fairness criteria because:

* **Equity:** Each person receives goods that they value more than the others.
* **Envy-freeness:** No person would prefer another person's allocation to their own. For example, Person 1 would not prefer Person 2's allocation because they value Good B more than Good C.
* **Efficiency:** The total value of the goods allocated is 122 (47 + 48 + 23 + 4), which is the highest possible given the individuals' valuations.

I believe that this allocation is a fair and equitable way to distribute the goods among the three individuals.",3,1,2,3
98,"**Fair Allocation:**

**Person 1:**

* Good B (value: 47)
* Good D (value: 3)

**Person 2:**

* Good A (value: 45)
* Good C (value: 48)

**Person 3:**

* Good A (value: 23)

**Rationale:**

This allocation provides the following total values for each person:

* Person 1: 50
* Person 2: 93
* Person 3: 23

This allocation is fair because it:

* **Maximizes total value:** The total value of the allocation (166) is the highest possible under any allocation.
* **Distributes value evenly:** Person 2 receives the highest total value, but this is due to their high value for Good C. Person 1 receives a reasonable share of value, and Person 3 receives a smaller share due to their lower values for the goods.
* **Avoids wasting goods:** All goods are allocated to individuals, and none are thrown away.
* **Considers individual preferences:** The goods are allocated based on the values assigned by each person, ensuring that their preferences are respected.

**Alternative Allocation:**

Another fair allocation could be:

**Person 1:**

* Good A (value: 5)
* Good B (value: 47)

**Person 2:**

* Good A (value: 45)
* Good D (value: 2)

**Person 3:**

* Good C (value: 32)
* Good D (value: 20)

This allocation results in the following total values:

* Person 1: 52
* Person 2: 47
* Person 3: 52

This allocation is fair because it:

* Achieves a similar total value to the previous allocation.
* Provides a reasonable share of value to all three individuals.
* Avoids wasting goods.
* Considers individual preferences.

Ultimately, the fairest allocation is a matter of judgment and depends on the priorities and values of the individuals involved.",1,1,2,2
99,"Based on the provided information, one possible solution that could be considered fair is to allocate the goods as follows:

* **Good A to Person 2**. Person 2 values Good A the most (45), and allocating it to them would provide the greatest value.

* **Good B to Person 1**. Person 1 values Good B the most (47), and allocating it to them would provide the greatest value.

* **Good C to Person 3**. Person 3 values Good C the most (32), and allocating it to them would provide the greatest value.

* **Good D to Person 1**. Person 1 has the second-highest value for Good D (3), and allocating it to them would provide the greatest value, as both Person 2 and Person 3 value this item less.

This allocation aims to distribute the goods to the individuals who value them the most, ensuring that each person receives a good that they consider relatively valuable. It balances the preferences of all three individuals and ensures that each person receives at least one item.

**Justification:**

* Person 1 receives Good B, which they value the most, and Good D, which they value the second most. This allocation gives them a total value of 50 (47 + 3).

* Person 2 receives Good A, which they value the most. This allocation gives them a total value of 45.

* Person 3 receives Good C, which they value the most. This allocation gives them a total value of 32.

Overall, this allocation ensures that each person receives at least one item they value highly, and the total value received by each person is relatively balanced.",2,1,3,1
