,Text,Good A,Good B,Good C,Good D
0,"**Fair Allocation:**

**Person 1:** Good A, Good D
**Person 2:** Good B, Good C
**Person 3:** None

**Rationale:**

This allocation is fair because it maximizes the total utility of all three individuals. Person 1 receives Goods A and D, which are their most and second-most preferred goods, respectively. Person 2 receives Goods B and C, which are their two most preferred goods. Person 3 does not receive any goods because they have the lowest total value for all four goods.

**Explanation:**

* **Person 1:** Their total utility is maximized by receiving Goods A (worth 48) and D (worth 45), for a total of 93.
* **Person 2:** Their total utility is maximized by receiving Goods B (worth 20) and C (worth 40), for a total of 60.
* **Person 3:** Their total utility is 103, which is less than either Person 1 or Person 2. Therefore, it is fair to not allocate any goods to them.

**Alternative Allocations:**

* **Person 1:** Good A, Good B
* **Person 2:** Good C, Good D
* **Person 3:** None

This allocation is also feasible and results in a fair distribution of utility. However, it assumes that Person 1 values Good B (worth 4) equally to Good D (worth 45), which may not be realistic.

Ultimately, the choice of fair allocation depends on the preferences and values of the individuals involved. There is no one ""correct"" answer, and the best solution should be negotiated and agreed upon by all parties.",1,2,2,1
1,"**Fair Allocation:**

* **Person 1:** Good A
* **Person 2:** Good B
* **Person 3:** Good C and Good D

This allocation is considered fair because it takes into account the following factors:

* **Equity:** Each person receives at least one good that they value highly.
* **Proportionality:** The allocation is proportional to the total value each person places on the goods. Person 1 receives the highest value good (Good A), Person 2 receives the second highest value good (Good B), and Person 3 receives the remaining two goods (Good C and Good D), which they value most highly.
* **Efficiency:** All four goods are allocated, ensuring that none are wasted.

**Explanation:**

* Person 1 values Good A (worth 48) significantly more than any other good. Therefore, it is fair to allocate Good A to them.
* Person 2 values Good B (worth 20) the most among the remaining goods. Giving them Good B ensures that they receive a good with a high value to them.
* Person 3 values Good C (worth 45) and Good D (worth 52) the most. Allocating both goods to them maximizes their overall satisfaction.

This allocation achieves a reasonable balance between equity, proportionality, and efficiency, making it a fair distribution of the goods among the three individuals.",1,2,3,3
2,"**Fair Allocation:**

* **Person 1:** Good A, Good D
* **Person 2:** Good B, Good C
* **Person 3:** Good C

**Explanation:**

This allocation maximizes the total utility (satisfaction) of all three individuals.

* **Person 1:** Gets their highest-valued good (Good A) and their second-highest-valued good (Good D).
* **Person 2:** Gets their second-highest-valued good (Good B) and their highest-valued good (Good C).
* **Person 3:** Gets their highest-valued good (Good C).

**Justification for Fairness:**

* **Equity:** Each person receives a bundle of goods that they value more than the other two bundles.
* **Efficiency:** No other allocation can result in a higher total utility for all three individuals without making someone worse off.
* **Minimal Waste:** While Good B is not allocated, it is the lowest-valued good for all three individuals, and allocating it would not significantly improve anyone's utility.

**Alternative Allocations:**

Other possible allocations could be:

* **Person 1:** Good A, Good B
* **Person 2:** Good C
* **Person 3:** Good D

* **Person 1:** Good A, Good C
* **Person 2:** Good B, Good D
* **Person 3:** No goods (all goods discarded)

However, these allocations either result in a lower total utility or are less equitable than the proposed allocation.",1,2,3,1
3,"**Proposed Allocation:**

* **Person 1:** Good A, Good D
* **Person 2:** Good B, Good C
* **Person 3:** Not allocated any goods

**Justification:**

This allocation aims for fairness by maximizing the total value assigned to the goods:

* Person 1 values Good A and Good D the most, with a total value of 48 + 45 = 93.
* Person 2 values Good B and Good C the most, with a total value of 20 + 40 = 60.
* Person 3 does not value any of the goods significantly, with a maximum total value of 45 + 52 = 97, but this is still lower than the combined value of the other two individuals.

**Additional Considerations:**

* **Envy-Freeness:** This allocation ensures that no person envies another person's allocation since each person receives goods that they value the most.
* **Equity:** Person 1 and Person 2 receive goods of similar value, while Person 3 does not receive any goods due to their lower valuations. This could be considered equitable as the allocation prioritizes those who value the goods more.
* **Efficiency:** By maximizing the total value assigned to the goods, this allocation promotes efficiency in resource allocation.
* **Alternative Allocations:** Other fair allocations could be possible, such as allocating Good A to Person 3 and Good D to Person 2. However, these allocations would result in a lower total value or potential envy.",1,2,2,1
4,"**Fair Allocation Plan:**

**Person 1:**
* Good A

**Person 2:**
* Good B

**Person 3:**
* Good C
* Good D

**Remaining Good:**
* None

**Rationale:**

This allocation is based on the principle of maximizing the total value for all individuals.

* **Person 1:** Gets Good A, which they value the highest (48).
* **Person 2:** Gets Good B, their highest-valued good (20).
* **Person 3:** Gets Good C and Good D, which are their two highest-valued goods (45 and 52).

This allocation ensures that each person receives at least one good they highly value. It also does not result in any waste, as all goods are allocated.

**Alternative Allocations:**

Another fair allocation could be:

**Person 1:**
* Good D

**Person 2:**
* Good A
* Good B

**Person 3:**
* Good C

**Remaining Good:**
* None

This allocation also maximizes the total value and prevents waste. However, it gives Person 1 a good that they value less than Person 2 and Person 3.

Ultimately, the choice of allocation depends on the specific preferences and circumstances of the individuals involved.",1,2,3,3
5,"Given the problem, the fairness of any allocation is subjective. However, we can consider the following allocation:

* **Person 1:** Good A
* **Person 2:** Good B
* **Person 3:** Good C, Good D

This allocation is fair because it gives each person the good that they value the most. Person 1 values Good A the most, Person 2 values Good B the most, and Person 3 values Good C and Good D the most. No other allocation would give each person the good that they value the most.

Another possible fair allocation is:

* **Person 1:** Good D
* **Person 2:** Good B
* **Person 3:** Good A, Good C

This allocation is also fair because it gives each person the good that they value the most. However, this allocation is different from the first allocation because Person 1 and Person 3 have swapped their most valued goods. This is because Person 1 values Good D more than Good A, and Person 3 values Good A more than Good D.

Ultimately, the fairness of any allocation is subjective. The two allocations that I have provided are just two examples of fair allocations. There are many other possible fair allocations, and the best allocation will depend on the specific values of the individuals involved.",1,2,3,3
6,"Since the goods are indivisible, it is not possible to find an allocation where every person gets their most preferred good. However, it is possible to find an allocation that is fair to all three people. One possible allocation is:
* **Person 1:** Good A
* **Person 2:** Good B
* **Person 3:** Good C and Good D

This allocation gives Person 1 their most preferred good, Person 2 their second most preferred good, and Person 3 their two most preferred goods. It also ensures that everyone receives at least one good, and that no one receives two goods that they value less than another person's most preferred good.",1,2,3,3
7,"**Fair Allocation:**

* **Person 1:** Good A, Good D
* **Person 2:** Good B, Good C
* **Person 3:** Good D (not allocated)

**Rationale:**

This allocation aims to maximize the total value obtained by all individuals while ensuring fairness and equity.

* **Person 1:** Receives their most valued item (Good A) and their second most valued item (Good D).
* **Person 2:** Receives their two most valued items (Good B and Good C).
* **Person 3:** Receives their most valued item (Good D), but it is not allocated to them. This avoids the unfair allocation of their least valued item (Good C) to someone else.

**Value Summary:**

| Person | Allocated Goods | Total Value |
|---|---|---|
| Person 1 | Good A, Good D | 93 |
| Person 2 | Good B, Good C | 65 |
| Person 3 | Not allocated | 0 |

**Explanation:**

This allocation ensures that Person 1 receives the highest total value, as they receive their most highly valued goods. Person 2 also receives a fair allocation, as they receive their two most valued goods. Person 3 receives no goods, but this is because their most valued item is not allocated, preventing an unfair allocation of their least valued item.

It is important to note that other allocations could also be considered fair, depending on the specific priorities and preferences of the individuals involved.",1,2,2,None
8,"One possible fair allocation of the goods is as follows: 
- **Person 1:** Good A and Good D. 
- **Person 2:** Good B and Good C. 
- **Person 3:** None. 
This allocation would give Person 1 a total value of 48 + 45 = 93, Person 2 a total value of 40 + 20 = 60, and Person 3 a total value of 0. 
Note that Person 3 didn't get any good, but since they value the goods the least, it is considered fair to give them nothing.",1,2,2,1
9,"In this allocation problem, we aim to distribute four goods (A, B, C, D) among three individuals (Person 1, Person 2, Person 3) in a fair manner. To determine a fair allocation, we can consider the concept of envy-freeness, which ensures that no individual prefers the allocation of another individual.

Let's examine the given table of values:

|          | Good A | Good B | Good C | Good D |
| Person 1 |   48   |   4    |   3    |   45   |
| Person 2 |   25   |   20   |   40   |   15   |
| Person 3 |   2    |   1    |   45   |   52   |

Based on these values, we can allocate the goods as follows:

* **Person 1:** Good A (value: 48)
* **Person 2:** Good C (value: 40)
* **Person 3:** Good D (value: 52)

We discard Good B as it has the lowest value among the four goods.

This allocation satisfies envy-freeness because:

* Person 1 prefers Good A to any other good, so they do not envy Person 2 or Person 3.
* Person 2 prefers Good C to any other good, so they do not envy Person 1 or Person 3.
* Person 3 prefers Good D to any other good, so they do not envy Person 1 or Person 2.

In addition to being envy-free, this allocation also takes into account the relative values of the goods for each person. Person 1 values Good A the most, Person 2 values Good C the most, and Person 3 values Good D the most. By allocating the goods accordingly, we ensure that each person receives the good that they value the highest.

Therefore, the proposed allocation is a fair and reasonable solution to the given problem.",1,None,2,3
10,"**Fair Allocation:**

* Good A: Person 1
* Good B: Person 2
* Good C: Person 2
* Good D: Person 3

**Reasoning:**

This allocation is based on the principle of equity, where each person receives a fair share of the total value of the goods.

* Person 1 receives Good A, which has the highest value for them (48).
* Person 2 receives Goods B and C, which have the highest combined value for them (60).
* Person 3 receives Good D, which has the highest value for them (52).

By allocating the goods in this manner, the total value assigned to each person is as follows:

* Person 1: 48 (Good A)
* Person 2: 60 (Good B + Good C)
* Person 3: 52 (Good D)

This allocation ensures that each person receives a portion of the goods that is commensurate with their preferences and values. While other allocations may be equally fair, this approach is reasonable and equitable.",1,2,2,3
11,"**Criteria for Fairness**

* **Utilitarianism:** Maximizing the total value of the allocation across all individuals.
* **Egalitarianism:** Allocating goods equally among individuals, regardless of their preferences.
* **Maximin:** Allocating goods to minimize the maximum value lost by any individual.

**Fair Allocation**

Considering the given criteria, I propose the following fair allocation:

* **Person 1:** Good D (Value: 45)
* **Person 2:** Good A (Value: 25)
* **Person 3:** Good C (Value: 45)

**Evaluation**

* **Utilitarianism:** Total value = 115, which is higher than any other allocation.
* **Egalitarianism:** Each person receives one good with a value of at least 45.
* **Maximin:** Person 3 loses the smallest value (52 - 45 = 7) compared to the other allocations.

**Reasoning**

* Person 1 and Person 3 have the highest values for Good D and Good C respectively, so allocating these goods to them maximizes utilitarianism.
* Allocating Good A to Person 2 ensures that they have the highest value good, promoting egalitarianism.
* Person 2's value for Good D is only 15, so giving them that good would result in the largest loss for them.

This allocation balances the criteria of maximizing total value, ensuring equal distribution, and minimizing loss for any one individual. It may not be the only fair allocation, but it is a reasonable and justifiable choice.",2,None,3,1
12,"**Fair Allocation:**

**Person 1:**

* Good A: 48 (Highest value)

**Person 2:**

* Good B: 20 (Highest value)

**Person 3:**

* Good C: 45 (Highest value)
* Good D: 52 (Highest value)

**Rationale:**

This allocation aims to maximize the total happiness of the individuals involved. It assigns each good to the person who values it the highest.

* Person 1 values Good A the most, so they receive it.
* Person 2 values Good B the most, so they receive it.
* Person 3 values both Good C and Good D the most, so they receive both.

This allocation ensures that each person receives at least one good that they value highly. It also minimizes the number of goods that are discarded. By assigning Goods A and B to Person 1 and Person 2, respectively, it avoids discarding these goods since they would not have been valued as highly by the other individuals.

**Alternative Allocation:**

Another possible fair allocation could be:

**Person 1:**

* Good A: 48
* Good D: 45

**Person 2:**

* Good B: 20
* Good C: 40

**Person 3:**

* None

This allocation also seeks to maximize total happiness, but it gives Person 1 two goods since they have the highest value for Good A and D. However, it leaves Person 3 with no goods, which could be considered less fair.

Ultimately, the choice of which allocation to consider fairest is subjective and depends on the prioritization of different values, such as maximizing total happiness or ensuring that all individuals receive at least one good.",1,2,3,3
13,"To determine a fair allocation of the goods, we can use the **Shapley Value** method. It is a solution concept used in game theory, which determines the average contribution of a player to the grand coalition. In this case, the players are the individuals, and the grand coalition is the total value of the goods. The Shapley Value for each individual is calculated as the average of the marginal contributions they make to the grand coalition over all possible permutations of the order in which the goods are allocated.

Here's how we can calculate the Shapley Value for each person:

1. List all possible permutations of the order in which the goods can be allocated. In this case, there are 4! = 24 permutations.
2. For each permutation, calculate the marginal contribution of each individual by subtracting the value of the grand coalition without the individual from the value of the grand coalition with the individual.
3. Find the average of the marginal contributions for each individual over all permutations.

Using this method, we get the Shapley Value for each individual as follows:

| Person | Shapley Value |
|---|---|
| Person 1 | 20.25 |
| Person 2 | 16.75 |
| Person 3 | 13.00 |

Based on the Shapley Value, the fairest allocation of the goods would be:

* Person 1 gets Good A and Good D.
* Person 2 gets Good B.
* Person 3 gets Good C.

This allocation ensures that each individual receives a fair share of the total value of the goods, according to their individual valuations.",1,2,3,1
14,"**Allocation:**

* **Good A**: Person 1
* **Good B**: Person 2
* **Good C**: Person 3
* **Good D**: Person 3

**Discussion:**

This allocation is considered fair based on the following principles:

* **Individual Satisfaction:** Each person receives their most valued good. Person 1 gets Good A, which they value highest at 48. Person 2 gets Good B, which they value second highest at 20. Person 3 gets their two highest valued goods, Good C (45) and Good D (52).
* **Social Welfare:** The total value of the goods allocated is 165 (48 + 20 + 45 + 52). This is the highest possible total value achievable, which means that the allocation is Pareto efficient.
* **Equity:** The allocation treats all individuals equally, as each person receives goods that they value highly.
* **Envy-freeness:** No individual envies the allocation of any other individual. For example, Person 1 does not envy Person 3 getting Good D because they received Good A, which they value more.

**Alternative Allocations:**

Other fair allocations could also be considered, such as:

* **Equal Division:** Each person receives one good. This is fair in terms of equality, but it does not maximize individual satisfaction or social welfare.
* **Proportional Division:** Each person receives goods in proportion to their total value for the goods. This could result in a different allocation than the one presented above.

Ultimately, the fairest allocation will depend on the specific preferences and values of the individuals involved.",1,2,3,3
15,"**Fair Allocation:**

**Person 1:**
* Good A (Value: 48)
* Good D (Value: 45)

**Person 2:**
* Good B (Value: 20)
* Good C (Value: 40)

**Person 3:**
* Good C (Value: 45)

**Reasoning:**

This allocation ensures that:

* **Efficiency:** All goods are allocated to individuals who value them the most, maximizing the total value for the society.
* **Fairness:** Each person receives an allocation that is proportional to their relative valuations of the goods.

**Steps to Determine the Allocation:**

1. Start with the good that has the highest disparity in valuations (Good C).
2. Assign Good C to the person who values it the most (Person 2 and Person 3).
3. Since Person 2 already has the second most valuable good (Good B), assign Good C to Person 3.
4. Assign the remaining goods to the individuals who value them the most. Person 1 gets Good A and Good D, as they have the highest valuations for these goods.

**Note:**

This allocation is not the only possible fair allocation. Other fair allocations may exist, depending on the specific values of the goods and the preferences of the individuals involved.",1,2,3,1
16,"**Fair Allocation:**

**Person 1:**

* Good A (value: 48)
* Good C (value: 3)

**Person 2:**

* Good B (value: 20)

**Person 3:**

* Good D (value: 52)
* Good C (value: 45)

**Rationale:**

This allocation is considered fair because it attempts to maximize the total utility (sum of value) of the individuals while ensuring that each person receives at least one good.

* Person 1 values Good A and Good C the most, so they are allocated these goods.
* Person 2 values Good B the most, so they are allocated this good.
* Person 3 values Good D the most, so they are allocated this good. Additionally, they are given Good C, which they value more than Person 1 and Person 2.

**Total Utility:**

The total utility of this allocation is 48 + 20 + 45 + 52 = **165**.

**Other Considerations:**

* **Equity:** This allocation does not guarantee that each person receives the same number of goods. However, it tries to balance the value of the goods allocated to each person.
* **Efficiency:** This allocation maximizes the total utility, which suggests that it is efficient.
* **Envy:** It is possible that Person 1 may envy Person 3 for getting Good D, but this envy is minimized by giving Person 1 Good A and Good C, which they value more.",1,2,3,3
17,"**Fair Allocation:**

1. **Good A to Person 3:** Person 3 values Good A the highest (52) among all individuals, making it the most valuable good for them.

2. **Good B to Person 2:** Person 2 values Good B the highest (20) among all individuals.

3. **Good C to Person 3:** Person 3 values Good C almost equally to Good A (45), which is the second highest value they place on any good.

4. **Good D to Person 1:** This allocation ensures that all individuals receive at least one good. Person 1 has the highest value for Good D (45) among those remaining.

**Rationale:**

This allocation aims to maximize the total utility for all individuals by assigning each good to the person who values it the most. Person 3 receives two of the highest-valued goods, Good A and Good C, due to their exceptionally high valuations. Person 2 and Person 1 receive the remaining goods, which they value relatively more than others.

By allocating the goods in this way, the goal is to ensure that each individual receives a fair share of the total value and that no one is significantly disadvantaged or advantaged in the distribution.",3,2,3,1
18,"**Fair Allocation:**

* **Person 1:** Good A, Good D
* **Person 2:** Good C
* **Person 3:** Good B

**Justification:**

This allocation takes into account the following factors:

* **Equity:** Each person receives two goods.
* **Efficiency:** The total value allocated is maximized (48 + 15 + 45 + 52 = 160).
* **Envy-Freeness:** No person would prefer the allocation of another person.

**Detailed Analysis:**

* **Person 1:** Values Good A and Good D highly. Allocating both goods to them ensures they receive a fair share.
* **Person 2:** Values Good C most. Allocating this good to them maximizes their satisfaction.
* **Person 3:** Values Good B most and Good D second most. By allocating Good B to them, we ensure they receive a good they value highly.

**Alternative Allocations:**

Other possible allocations could include:

* **Person 1:** Good A, Good B
* **Person 2:** Good C, Good D
* **Person 3:** None

This allocation also achieves equity and efficiency. However, it is not envy-free as Person 3 would prefer Good D to Good B.

Ultimately, the choice of the fairest allocation depends on the specific preferences and priorities of the individuals involved. The allocation presented above is a balanced and equitable solution that takes into account the values of all three individuals.",1,3,2,1
19,"**Fair Allocation:**

**Good A to Person 1:** Person 1 values Good A the highest (48), out of all the individuals.

**Good B to Person 2:** Person 2 values Good B the highest (20), and it is significantly more than the value Person 1 (4) or Person 3 (1) places on it.

**Good C to Person 3:** Person 3 values Good C the highest (45), and it is significantly higher than the value Person 1 (3) or Person 2 (40) places on it.

**Good D to Person 3:** Person 3 values Good D the highest (52), out of all the individuals.

**Explanation of Fairness:**

This allocation considers the relative values each individual places on each good. By giving each person the good they value the most, we ensure that their total utility is maximized as much as possible given the available goods.

This allocation also prevents any one individual from receiving all the highly valued goods, ensuring a more balanced distribution of utility.",1,2,3,3
20,"**Fair Allocation:**

**Person 1:** Good A, Good D
**Person 2:** Good B, Good C
**Person 3:** Not allocated any goods

**Explanation:**

This allocation is considered fair because it maximizes the total value obtained by the individuals while ensuring that no one is left empty-handed.

* **Person 1:** Receives goods that have a combined value of 48 + 45 = 93.
* **Person 2:** Receives goods that have a combined value of 20 + 40 = 60.
* **Person 3:** Despite not receiving any goods, they have the lowest individual values for all goods, indicating that they place less value on the specific goods being allocated.

**Other Considerations:**

* **Equality:** This allocation does not achieve perfect equality in terms of the value received by each person, but it ensures that all individuals receive something.
* **Envy:** Person 3 may potentially be envious of the other two individuals receiving goods, but the allocation minimizes the overall amount of envy by giving the most valuable goods to those who value them the most.
* **Efficiency:** This allocation is efficient in the sense that it maximizes the total value obtained by the individuals without wasting any goods.

**Alternative Allocations:**

Other fair allocations might include:

* Person 1: Good A, Good B
* Person 2: Good C, Good D
* Person 3: Not allocated any goods

or

* Person 1: Good A, Good C
* Person 2: Good B, Good D
* Person 3: Not allocated any goods

The choice of allocation depends on the specific fairness criteria and preferences of the individuals involved.",1,2,2,1
21,"**Proposed Allocation:**

* Person 1: Good A, Good D
* Person 2: Good B, Good C
* Person 3: None allocated

**Explanation of Fairness:**

* **Maximizing Total Value:** This allocation maximizes the total value of the goods to the three individuals. Person 1 values Goods A and D the most, while Person 2 values Goods B and C. Person 3 has the lowest value for all goods, so allocating goods to them would not significantly increase the total value.
* **Equity:** This allocation ensures that each person receives at least one highly valued good. Person 1 receives Good A, which they value the most. Person 2 receives Good B, which they value second highest.
* **Sequencing:** Person 1 receives the first pick because they have the highest total value of any two goods. Person 2 receives the next pick because they have the second highest total value. Person 3 receives no goods because they have the lowest total value of any two goods.
* **Indivisibility:** This allocation respects the fact that the goods are indivisible. It would not be fair to divide a good between multiple individuals, as it would reduce the value of the good for both parties.

**Alternative Allocation:**

Alternatively, one could consider the following allocation:

* Person 1: Good A, Good B
* Person 2: Good C, Good D
* Person 3: None allocated

This allocation also maximizes the total value and ensures that each person receives at least one highly valued good. However, it may be considered less fair to Person 3, as they receive nothing while the other two individuals receive two goods each.

Ultimately, the fairness of an allocation is subjective and depends on the values and preferences of the individuals involved. The proposed allocation is one that attempts to balance maximizing the total value, equity, and respecting the indivisibility of the goods.",1,2,2,1
22,"To determine a fair allocation of the goods, we can use a method known as the **serial dictatorship**. In this method, each person takes turns selecting a good that they value the most from the remaining available goods. The process continues until all the goods have been allocated.

**First Round:**

1. Person 1 selects Good D (value: 45)
2. Person 2 selects Good C (value: 40)
3. Person 3 selects Good B (value: 1)

**Second Round:**

1. Person 1 selects Good A (value: 48)
2. Person 2 selects Good B (value: 20)
3. Person 3 selects Good A (value: 2)

Since all the goods have been allocated, the final allocation is as follows:

* Person 1: Good A and Good D
* Person 2: Good C and Good B
* Person 3: Good B

This allocation is considered fair because it ensures that each person receives goods that they value the most. Person 1 receives the two most valuable goods for them (A and D), Person 2 receives their two most preferred goods (C and B), and Person 3 receives their two least preferred goods (A and B).

It's important to note that this is just one possible fair allocation. There may be other allocations that are equally fair or even fairer, depending on the preferences of the individuals involved.",1,3,2,1
23,"**Fair Allocation of Goods**

**Step 1: Calculate the Total Value for Each Person**

* Person 1: 48 + 4 + 3 + 45 = 100
* Person 2: 25 + 20 + 40 + 15 = 100
* Person 3: 2 + 1 + 45 + 52 = 100

**Step 2: Determine the Minimum Acceptable Value for Each Person**

To ensure fairness, each person should receive at least a certain minimum value. This value can be calculated by dividing the total value by the number of people.

* Minimum Acceptable Value: 100 / 3 = 33.33

**Step 3: Allocate Goods Based on Value**

Starting with the most valuable good, allocate it to the person who values it the most. Continue this process until all goods are allocated or until no good can be allocated without violating the minimum acceptable value.

**Allocation:**

* **Good A:** Person 1 (Value: 48)
* **Good B:** Person 2 (Value: 20)
* **Good C:** Person 3 (Value: 45)
* **Good D:** Person 1 (Value: 45)

**Step 4: Check for Fairness**

* Person 1: 48 + 45 = 93 (Meets the minimum acceptable value of 33.33)
* Person 2: 20 + 15 = 35 (Does not meet the minimum acceptable value)
* Person 3: 45 + 52 = 97 (Meets the minimum acceptable value)

**Justification:**

This allocation is considered fair because it meets the following criteria:

* Each person receives at least the minimum acceptable value.
* The goods are allocated based on the value each person places on them.
* The allocation process is transparent and impartial.

**Note:**

It is important to note that this allocation is one possible solution and there may be other equally fair solutions. The specific allocation chosen may depend on the decision-maker's subjective preferences and ethical considerations.",1,2,3,1
24,"To determine a fair allocation of the goods among the three individuals, I will use the following steps:

**Step 1: Calculate the Total Value of Each Good**

| Good | Total Value |
|---|---|
| Good A | 48 + 25 + 2 = 75 |
| Good B | 4 + 20 + 1 = 25 |
| Good C | 3 + 40 + 45 = 88 |
| Good D | 45 + 15 + 52 = 112 |

**Step 2: Determine the Share of Each Person**

To ensure fairness, I want to allocate the goods in such a way that each person receives a share of value that is roughly equal to the average value of the goods. The average value of the goods is (75 + 25 + 88 + 112) / 3 = 75.

**Step 3: Allocate the Goods**

Based on the above calculations, I propose the following allocation:

| Person | Good A | Good B | Good C | Good D |
|---|---|---|---|---|
| Person 1 | Good A | Good B |  |  |
| Person 2 |  |  | Good C |  |
| Person 3 |  |  |  | Good D |

**Rationale for Allocation:**

* Person 1 receives Good A and Good B, which have a combined value of 52, which is close to the average value of 75.
* Person 2 receives Good C, which has a value of 40, which is also close to the average value.
* Person 3 receives Good D, which has the highest value of 112. However, since the goods are indivisible, it is not possible to give Person 3 an equal share of value without giving them more than one good. Therefore, I have allocated Good D to them as it has the highest value and would provide them with the greatest benefit.

This allocation ensures that each person receives a share of value that is approximately equal to the average value of the goods, thereby achieving fairness in the distribution.",1,1,2,3
25,"**Fair Allocation of Indivisible Goods**

**Step 1: Calculate the Marginal Value per Good**

For each person, calculate the marginal value per good by dividing the person's value for the good by the total number of goods.

|          | Good A | Good B | Good C | Good D |
|---|---|---|---|---|
| Person 1 | 48/4 = 12 | 4/4 = 1 | 3/4 = 0.75 | 45/4 = 11.25 |
| Person 2 | 25/4 = 6.25 | 20/4 = 5 | 40/4 = 10 | 15/4 = 3.75 |
| Person 3 | 2/4 = 0.5 | 1/4 = 0.25 | 45/4 = 11.25 | 52/4 = 13 |

**Step 2: Sort Goods by Marginal Value**

For each good, sort the persons in descending order of their marginal values.

| Good A | Good B | Good C | Good D |
|---|---|---|---|
| Person 1 | Person 3 | Person 1 | Person 3 |
| Person 3 | Person 2 | Person 2 | Person 1 |
| Person 2 | Person 1 | Person 3 | Person 2 |

**Step 3: Allocate Goods One by One**

Start by allocating the good with the highest marginal value to the person with the highest marginal value for that good. Repeat this process for each good, considering the following:

* If the person has already received a good, move to the next person with the highest marginal value.
* If there are multiple persons with the same marginal value, randomly select one.

**Allocation:**

* **Good A:** Person 3
* **Good B:** Person 2
* **Good C:** Person 1
* **Good D:** Person 1

**Justification:**

This allocation is fair because it maximizes the sum of the marginal values of the goods for all three persons:

* Person 1: 12 (Good C) + 11.25 (Good D) = 23.25
* Person 2: 20 (Good B) = 20
* Person 3: 45 (Good A) + 45 (Good C) = 90

No other allocation can achieve a higher total sum of marginal values.",3,2,1,1
26,"**Envy-Free Allocation:**

An envy-free allocation is one where no person would prefer another person's bundle of goods to their own. In this case, we can identify the following envy-free allocation:

- Person 1: Good A
- Person 2: Good B
- Person 3: Goods C and D

**Explanation:**

* **Person 1:** Good A is worth more to Person 1 (48) than any other good.
* **Person 2:** Good B is worth more to Person 2 (20) than any other good.
* **Person 3:** Goods C (45) and D (52) are worth more to Person 3 (97) than any other two goods.

Therefore, this allocation ensures that no person envies the bundle of goods given to any other person.

**Additional Considerations:**

* **Maximizing Total Utility:** This allocation maximizes the sum of the values assigned to the goods by all three individuals: 48 + 20 + 97 = 165.
* **Equity:** The allocation divides the goods relatively evenly, with Person 1 receiving the most valuable good, Person 2 receiving the second most valuable good, and Person 3 receiving the third and fourth most valuable goods.
* **Practicality:** This allocation is easy to implement since each good is assigned to one person.

While there may be other possible allocations that are also considered fair, this envy-free allocation satisfies the given criteria of fairness, equity, and practicality.",1,2,3,3
27,"**Proposed Allocation:**

* **Good A to Person 1:** Person 1 values Good A the most (48) and it would provide the highest satisfaction to them.
* **Good B to Person 2:** Person 2 values Good B the most (20) and allocating it to them would ensure a fair distribution.
* **Good C to Person 3:** Person 3 values Good C the most (45) and it would significantly increase their satisfaction.
* **Good D to Person 1:** Person 1 also values Good D relatively highly (45) compared to the other individuals, and it would provide a balanced allocation.

**Justification:**

This allocation aims to maximize the overall satisfaction of the individuals while ensuring fairness. Each person receives a good that they value most, and the distribution is balanced. This approach takes into account both the individual preferences and the need for a just distribution.

**Alternative Allocation:**

* **Good A to Person 1:** Same as above.
* **Good B to Person 3:** Person 3 values Good B higher than Person 2 (1 vs. 20).
* **Good C to Person 2:** Person 2 values Good C more than Person 1 (40 vs. 3).
* **Good D to Person 1:** Same as above.

**Justification:**

This allocation prioritizes the individuals who value the goods the most. While Person 2 may receive a slightly lower value item (Good C) compared to the first allocation, the overall distribution is still considered fair as each person receives their most preferred goods.",1,2,3,1
28,"**Step 1: Determine the total value of each good**

```
Total value of Good A = 48 + 25 + 2 = 75
Total value of Good B = 4 + 20 + 1 = 25
Total value of Good C = 3 + 40 + 45 = 88
Total value of Good D = 45 + 15 + 52 = 112
```

**Step 2: Rank the goods by their total value**

```
Good D (112) > Good C (88) > Good A (75) > Good B (25)
```

**Step 3: Allocate the most valuable good to the person with the highest value for it**

* Good D (112) is the most valuable good. Person 3 values it the highest at 52. Therefore, **Good D is allocated to Person 3**.

**Step 4: Repeat Step 3 for the remaining goods**

* Good C (88) is the second most valuable good. Person 2 values it the highest at 40. Therefore, **Good C is allocated to Person 2**.
* Good A (75) is the third most valuable good. Person 1 values it the highest at 48. Therefore, **Good A is allocated to Person 1**.
* Good B (25) is the least valuable good. Person 2 values it the highest at 20. Therefore, **Good B is allocated to Person 2**.

**Final Allocation:**

* Person 1: Good A
* Person 2: Good B, Good C
* Person 3: Good D

**Rationale:**

This allocation is considered fair because it takes into account the value that each person places on each good. Each person receives at least one good that they value relatively highly. Additionally, the allocation maximizes the total value assigned to the goods, as each good is allocated to the person who values it the most.",1,2,2,3
29,"**Fair Allocation:**

* **Person 1:**
    * Good A
    * Good D
* **Person 2:**
    * Good B
    * Good C
* **Person 3:**
    * Good D

**Rationale:**

This allocation aims to maximize the total value derived from the goods for all individuals involved.

* **Person 1** receives two goods that they value the most: Good A (48) and Good D (45). This totals to a value of 93.
* **Person 2** receives the goods that they value next in line: Good B (20) and Good C (40). This totals to a value of 60.
* **Person 3** receives the good they value the most: Good D (52).

**Total Value:** 93 + 60 + 52 = **205**

This allocation ensures that each person receives goods that they value the most, while also ensuring that the total value derived from the goods is maximized.",1,2,2,3
30,"**Fair Allocation:**

* **Good A** to Person 1
* **Good B** to Person 2
* **Good C** to Person 3
* **Good D** to Person 3

**Justification:**

This allocation maximizes the total value derived from the goods by the individuals involved.

* **Person 1** values Good A the highest, and they receive it in this allocation.
* **Person 2** values Good B the highest, and they receive it in this allocation.
* **Person 3** values Good D the highest, and they receive it in this allocation. Interestingly, Person 3 also values Good C the highest, so they receive this as well.

**Result:**

* **Total Value for Person 1:** 48
* **Total Value for Person 2:** 20
* **Total Value for Person 3:** 97

This allocation ensures that each person receives goods that they value highly, resulting in the most equitable distribution of value.",1,2,3,3
31,"**Step 1: Identify the critical goods**

Critical goods are those that are highly valued by at least one individual and are in short supply. In this case, Good C and Good D are critical goods.

**Step 2: Determine the minimum acceptable allocation**

The minimum acceptable allocation is the lowest value that an individual is willing to accept for a good. In this case, the minimum acceptable allocations are:

* Good A: 2 (Person 3)
* Good B: 1 (Person 3)
* Good C: 40 (Person 2)
* Good D: 45 (Person 3)

**Step 3: Allocate the critical goods**

Start by allocating the critical goods to the individuals who value them the most. In this case, we allocate:

* Good C to Person 2
* Good D to Person 3

**Step 4: Allocate the remaining goods**

Allocate the remaining goods to the individuals who value them the most, subject to the minimum acceptable allocations. In this case, we allocate:

* Good A to Person 1
* Good B to Person 2

**Final Allocation:**

* Person 1: Good A
* Person 2: Good B, Good C
* Person 3: Good D

**Justification:**

This allocation satisfies the minimum acceptable allocations for all individuals and allocates the critical goods to the individuals who value them the most. It also ensures that each individual receives at least one good.",1,2,2,3
32,"**Fair Allocation:**

**Person 1:**
* Good A
* Good D

**Person 2:**
* Good B
* Good C

**Person 3:**
* Not allocated

**Rationale:**

This allocation is considered fair because:

* **Efficiency:** The total value of the allocation is 154 (48 + 20 + 40 + 45), which is the highest possible value that can be achieved with this set of goods and individuals.
* **Equity:** Each person receives a bundle of goods with a value that is at least as high as their second-highest value. For example, Person 1's bundle has a value of 93 (48 + 45), which is higher than their value for Good B (4).
* **No Envy:** No person would prefer the bundle of another person. For example, Person 2 would not prefer Person 1's bundle because they have a higher value for Good C (40) than Good D (45).

**Justification for Not Allocating Good C or Good D to Person 3:**

* Person 3 has a very low value for Good C (1) and Good D (2). Allocating these goods to them would result in a significant loss of value compared to allocating them to Persons 1 or 2.
* By not allocating Good C or Good D to Person 3, we ensure that Persons 1 and 2 receive bundles of goods that are more valuable to them, while Person 3 still receives a fair distribution of goods.",1,2,2,1
33,"Based on the table, I propose the following allocation as the fairest possible distribution of goods:

1. **Person 1:** Good A, Good D

2. **Person 2:** Good B, Good C

3. **Person 3:**  None

**Reasons for the allocation:**

- **Person 1:** I awarded Person 1 with Good A and Good D because these two goods hold the highest value for them. This allocation gives Person 1 a total value of 93 (48+45).

- **Person 2:** I awarded Person 2 with Good B and Good C. Even though Good C holds a higher value for Person 3, it is also highly valued by Person 2 (40). Good B is the second-highest valued good for Person 2. Overall, this allocation gives Person 2 a total value of 65 (20+45) which is considered fair given their preferences.

- **Person 3:** Unfortunately, I am unable to allocate any goods to Person 3 in this distribution. This is because the two goods that Person 3 values the most (Good C and Good D) have already been allocated to other individuals. Offering them Good A or Good B would result in a lower total value for them (47 for Good A and 53 for Good B) compared to not receiving any goods at all. Therefore, I decided not to allocate any goods to Person 3 in this scenario.

 I believe that this allocation is fair because it takes into account the different values that each individual places on the goods. Person 1 receives the most valuable goods for them, Person 2 receives a fair share of goods, and Person 3, while not receiving any goods, is still better off than they would be if they had received a good that they valued less.",1,2,2,1
34,"**Fair Allocation under Different Criteria:**

**1. Maximizing Total Utility:**

- Allocate Good A to Person 1 (48)
- Allocate Good B to Person 2 (20)
- Allocate Good C to Person 3 (45)
- Allocate Good D to Person 3 (52)

**Total Utility:** 165

**2. Egalitarian Allocation:**

- Allocate Good A to Person 3 (2)
- Allocate Good B to Person 1 (4)
- Allocate Good C to Person 2 (40)
- Allocate Good D to Person 1 (45)

**Total Utility:** 91 (Same for all individuals)

**3. Nash Bargaining Solution:**

- **Person 1:** Threat point = 48 (Good A)
- **Person 2:** Threat point = 15 (Good D)
- **Person 3:** Threat point = 2 (Good A)

**Solution:**

- Allocate Good A to Person 1 (48)
- Allocate Good B to Person 2 (20)
- Allocate Good C to Person 3 (45)
- Allocate Good D to Person 3 (52)

**Total Utility:** 165

**4. My Fair Share Allocation:**

- Each individual's share is calculated as the average of their values for all goods.
- **Person 1:** (48 + 4 + 3 + 45) / 4 = 25
- **Person 2:** (25 + 20 + 40 + 15) / 4 = 25
- **Person 3:** (2 + 1 + 45 + 52) / 4 = 25

**Solution:**

- Allocate Good A to Person 1 (48)
- Allocate Good B to Person 2 (20)
- Allocate Good C to Person 3 (45)
- Allocate Good D to Person 1 (45)

**Total Utility:** 158

**5. Adjusted Winner Procedure:**

- **Round 1:**
    - Person 1 picks Good A (48)
    - Person 2 picks Good B (20)
    - Person 3 picks Good C (45)
    - Good D remains unallocated.
- **Round 2:**
    - Person 2 gets Good D (15)

**Solution:**

- Allocate Good A to Person 1 (48)
- Allocate Good B to Person 2 (20)
- Allocate Good C to Person 3 (45)
- Allocate Good D to Person 2 (15)

**Total Utility:** 128

**Explanation:**

The choice of the fairest allocation depends on the specific criteria used. Each criterion emphasizes different aspects of fairness, such as total utility, equality, or individual bargaining power. Some individuals may prefer an allocation that maximizes their own utility, while others may value equality more highly. Ultimately, the decision of which allocation to consider ""fair"" is a subjective one that considers the individual values and circumstances involved.",1,2,3,3
35,"**Equal Allocation:**

* Person 1: Good A, Good B
* Person 2: Good C, Good D
* Person 3: Discard Good B and Good C

This allocation ensures that each person receives goods with the same total value.

**Maximal Utility Allocation:**

* Person 1: Good A
* Person 2: Good C
* Person 3: Good D

This allocation assigns each good to the person who values it the most.

**Needs-Based Allocation:**

* Person 1: Good A, Good D
* Person 2: Good C
* Person 3: Good B

This allocation prioritizes the needs of Person 3, who has the lowest value for the allocated goods.

**Compromise Allocation:**

* Person 1: Good A, Good D
* Person 2: Good C
* Person 3: Good B

This allocation balances the fairness of an equal allocation with the efficiency of a maximal utility allocation.

**Social Justice Allocation:**

* Person 1: Good A, Good B
* Person 2: Good C
* Person 3: Good D

This allocation aims to reduce the overall inequality in the allocation by giving the most valuable goods to Person 3, who has the lowest values overall.

**Conclusion:**

The fairest allocation depends on the specific criteria and values that are considered important. The above allocations provide different perspectives on what constitutes a fair distribution. The best choice should be made based on the specific circumstances of the situation.",1,3,2,1
36,"**Maximin Strategy**

This strategy aims to maximize the minimum individual value obtained. In this case, the minimum values are:

* Person 1: 3
* Person 2: 15
* Person 3: 1

**Maximin Allocation:**

* Person 1: Good C
* Person 2: Good B
* Person 3: Good D

This allocation gives Person 1 and Person 3 their highest valued goods (45 and 52) and Person 2 their second-highest valued good (20).

**Egalitarian Strategy**

This strategy aims to allocate goods equally among individuals. In this case, the equal value is 32.5 (4 + 4 + 45 + 52 / 4).

**Egalitarian Allocation:**

* Person 1: Good C (worth 45)
* Person 2: Good A (worth 48)
* Person 3: Good D (worth 52)
* Throw away: Good B (worth 4)

This allocation gives each person goods worth approximately 32.5.

**Fairness Considerations**

Both the Maximin and Egalitarian strategies have their own merits and drawbacks:

* **Maximin:** Ensures that the worst-off individual receives a relatively high value of goods. However, it may create large disparities between individuals.
* **Egalitarian:** Creates a more equal distribution of goods. However, it may not account for individual preferences or needs.

The choice between these strategies depends on the specific context and the values of the individuals involved. In this case, given the relatively small number of individuals and the large difference in their values, the **Maximin strategy** appears to be more appropriate. It ensures that Person 3, who has the lowest minimum value, receives a good that is worth significantly more than the discarded good (Good B).",2,None,1,3
37,"**Step 1: Find the Total Value for Each Good**

| Good | Total Value |
|---|---|
| Good A | 48 + 25 + 2 = 75 |
| Good B | 4 + 20 + 1 = 25 |
| Good C | 3 + 40 + 45 = 88 |
| Good D | 45 + 15 + 52 = 112 |

**Step 2: Normalize the Values**

To ensure that each person's values are weighted equally, we normalize them by dividing each person's value for a particular good by the total value of that good.

| Person | Good A | Good B | Good C | Good D |
|---|---|---|---|---|
| Person 1 | 0.64 | 0.16 | 0.034 | 0.402 |
| Person 2 | 0.333 | 0.800 | 0.455 | 0.133 |
| Person 3 | 0.026 | 0.040 | 0.511 | 0.464 |

**Step 3: Determine the Allocation**

We can allocate the goods based on the following considerations:

* **Person 1** values Goods A and D the highest. They should receive Good D since it has the highest normalized value for them (0.402). Good A would also be suitable, but Good D seems more fair since it has a larger gap between Person 1's value (0.402) and the other person's values (0.133 and 0.464).
* **Person 2** values Good C the highest. They should receive Good C.
* **Person 3** values Good C and D the highest. They can receive Good C since Person 2 already has it.

**Fair Allocation:**

* **Person 1:** Good D
* **Person 2:** Good C
* **Person 3:** Good C
* **Not allocated:** Good A and Good B (thrown away)

**Justification:**

This allocation maximizes the total normalized value for the individuals involved:

* Person 1: 0.402
* Person 2: 0.455
* Person 3: 0.511

**Total:** 1.368

Other allocations may yield different fairness results, but this allocation ensures that each person receives goods that they value highly while also maximizing the overall fairness.",None,None,2,1
38,"**Allocation Proposal:**

* **Good A:** Person 1
* **Good B:** Person 2
* **Good C:** Person 2
* **Good D:** Person 3

**Rationale:**

This allocation aims to maximize the total utility of the individuals involved. The following calculations show the total utility each person would receive under this allocation:

| Person | Value of Allocated Goods |
|---|---|
| Person 1 | 48 + 0 + 0 + 0 = 48 |
| Person 2 | 0 + 20 + 40 + 0 = 60 |
| Person 3 | 0 + 0 + 0 + 52 = 52 |

As can be seen, this allocation results in the highest possible total utility of 160.

Another way to justify this allocation is by considering the opportunity cost of each good for each person. The opportunity cost of a good is the value of the best alternative good that a person has to give up in order to obtain that good.

In this case, the opportunity cost of Good A for Person 2 is 25 (as they could have gotten Good B instead), while the opportunity cost of Good A for Person 1 is only 4 (as they could have gotten Good B instead). Similarly, the opportunity cost of Good D for Person 1 is 45 (as they could have gotten Good A instead), while the opportunity cost of Good D for Person 3 is only 45 (as they could have gotten Good C instead).

By allocating Good A to Person 1 and Good D to Person 3, we are minimizing the total opportunity cost and thus maximizing the overall fairness of the allocation.",1,2,2,3
39,"**Fair Allocation:**

**Good A:** Person 1
**Reason:** Person 1 values Good A significantly higher than the other two individuals.

**Good B:** Person 2
**Reason:** Person 2 values Good B the most among all the individuals.

**Good C:** Person 3
**Reason:** Person 3 values Good C the most among all the individuals, and this good is not essential for Person 1 or Person 2.

**Good D:** Person 3
**Reason:** Person 3 values Good D the most among all the individuals, and this good is not essential for Person 1 or Person 2.

This allocation considers the following principles of fairness:

* **Equity:** Each person receives a good that they value highly.
* **Efficiency:** The allocation maximizes the total value for the individuals.
* **Individualism:** Each individual's preferences are respected.

**Explanation:**

* Person 1 receives Good A, which they value the most.
* Person 2 receives Good B, which they value the most.
* Person 3 receives Goods C and D, which they value more highly than the other two individuals.

This allocation ensures that each person receives a good that they highly value, while also maximizing the total value for the group.",1,2,3,3
40,"To determine the fairest allocation of the goods among the three individuals, one approach is to consider the concept of **maximin**. Maximin aims to maximize the minimum value that each individual receives.

1. **Calculate the minimum value for each person:**

* Person 1: min(48, 4, 3, 45) = 3
* Person 2: min(25, 20, 40, 15) = 15
* Person 3: min(2, 1, 45, 52) = 1

2. **Choose allocation that maximizes the minimum value:**

The allocation that maximizes the minimum value is the one that gives each person a value of at least 15. 

One possible allocation that achieves this is:

* **Person 1:** Good A (value 48)
* **Person 2:** Good C (value 40)
* **Person 3:** Good D (value 52)

Under this allocation, each person receives a value of at least 40, which is the highest possible minimum value that can be achieved.

**Reasoning:**

This allocation ensures that Person 1, who has the lowest potential value, receives the highest-valued good (Good A). Person 2 receives a good (Good C) with a value that is significantly higher than their minimum value (15). Person 3 receives the highest-valued good overall (Good D), which is fair given that they have the lowest minimum value (1).

While other allocations may result in a higher total value for all individuals, the maximin approach prioritizes fairness by ensuring that the worst-off individual receives the most value possible.",1,None,2,3
41,"**Fair Allocation:**

* **Person 1:** Good A, Good D
* **Person 2:** Good B
* **Person 3:** Good C

**Explanation:**

This allocation attempts to maximize the total value obtained by all individuals while also ensuring that each person receives at least one good that they highly value.

* Person 1 values Good A and Good D the highest, so they receive both.
* Person 2 values Good B the most, so they receive it.
* Person 3 values Good C the most, so they receive it.

**Total Value:**

Sum of values for allocated goods: 48 (Good A) + 20 (Good B) + 45 (Good C) + 52 (Good D) = **165**

This allocation does not consider Good C as an important good for the first and second person. For a fair allocation, we could potentially consider factors such as the scarcity of the goods and the individuals' financial situations.",1,2,3,1
42,"**Fair Allocation:**

| Person | Good A | Good B | Good C | Good D |
|---|---|---|---|---|
| Person 1 | Good A | Good D | None | None |
| Person 2 | None | Good B | None | Good D |
| Person 3 | None | None | Good C | Good D |

**Explanation:**

This allocation is fair because it considers both the value each person places on the goods and the principle of equity.

* Person 1 values Good A the most, so they receive it.
* Person 2 places a higher value on Good B than Good D, so they receive Good B.
* Person 3 highly values Good C and Good D, and since they cannot receive both, they receive Good C (their most valued good) and share Good D with Person 2.

This allocation ensures that each person receives at least one of their most valued goods, and that the goods are distributed equitably based on their preferences.",1,2,3,2
43,"Based on the given information, I would consider the following allocation to be fair:

* **Person 1:** Good A, Good D
* **Person 2:** Good B, Good C
* **Person 3:** None

This allocation takes into account the value that each person places on the different goods. Person 1 values Good A and Good D the highest, so they receive those goods. Person 2 values Good B and Good C the highest, so they receive those goods. Person 3 has the lowest value for all of the goods, so they do not receive any goods.

This allocation is also fair because it ensures that each person receives goods that they value more than the other person. For example, Person 1 values Good A more than Person 2, so Person 1 receives Good A. Similarly, Person 2 values Good B more than Person 1, so Person 2 receives Good B.

Overall, I believe that this allocation is a fair and equitable way to distribute the goods among the three individuals.",1,2,2,1
44,"**Fair Allocation:**

**Person 1:**

* Good A (value: 48)

**Person 2:**

* Good B (value: 20)
* Good C (value: 40)

**Person 3:**

* Good D (value: 52)

**Reasoning:**

This allocation aims to strike a balance between maximizing total value and ensuring that each person receives a fair share.

* **Person 1** receives Good A, which has the highest value for them (48).
* **Person 2** receives Good B and Good C, which have a combined value of 60. This is still less than Person 1's valuation for Good A, but it ensures that they receive more than Person 3.
* **Person 3** receives Good D, which has the highest value for them (52). This may seem unfair at first, given that Person 1 and Person 2 received goods worth more than them. However, it is important to consider that all individuals have different preferences and valuations for the goods. By allocating Good D to Person 3, we are giving them the item that brings them the most utility.

**Total Value:**

The total value of the allocation is:

48 (Person 1) + 60 (Person 2) + 52 (Person 3) = **160**

This represents a fair distribution of value among the three individuals.",1,2,2,3
45,"**Fair Allocation:**

* **Person 1:** Good A and Good D
* **Person 2:** Good B and Good C
* **Person 3:** Good D

**Rationale:**

This allocation aims to maximize the total value for all three individuals.

* **Person 1:** Receives their highest valued good (Good A) and their second-highest valued good (Good D). Total value: 93.
* **Person 2:** Receives their highest valued good (Good C) and their second-highest valued good (Good B). Total value: 65.
* **Person 3:** Receives their highest valued good (Good D) and their second-highest valued good (Good D). Total value: 104.

This allocation ensures that all three individuals receive a substantial portion of the goods that they value most. It also prevents any one person from being severely disadvantaged.

**Alternative Allocation:**

* **Person 1:** Good A and Good C
* **Person 2:** Good B and Good D
* **Person 3:** None

This allocation also maximizes the total value for all three individuals, but it leaves Person 3 without any goods. While this allocation is still fair in terms of total value, it may not be considered equitable since Person 3 receives nothing.

**Conclusion:**

The first allocation is the preferred option for a fair and equitable distribution of goods among the three individuals. It balances the interests of all parties involved and provides a satisfactory level of utility for each person.",1,2,2,1
46,"Given the preferences of each person, I would propose the following allocation:
- Person 1: Good D
- Person 2: Good B
- Person 3: Good C
- Good A: Not allocated

**Explanation:**

By assigning Good D to Person 1, they receive their highest valued good, maximizing their satisfaction. Similarly, Person 2 receives their second-highest valued good, Good B, and Person 3 receives their highest valued good, Good C.

Discarding Good A is a necessary step to ensure fairness. Person 1 and Person 2 value Good A the highest, but giving it to either one would result in a greater disparity in satisfaction compared to the current allocation.

This allocation ensures that each person receives a good that they value highly, balancing the individual preferences and promoting a sense of fairness.",None,2,3,1
47,"**Fair Allocation:**

* **Person 1:**
    * Good A
    * Good D
* **Person 2:**
    * Good B
* **Person 3:**
    * Good C

**Reasoning:**

This allocation aims to maximize the cumulative value of the goods for all individuals while ensuring that each person receives at least one good.

* **Person 1:** Has the highest value for Good A and Good D among all individuals, so they receive both.
* **Person 2:** Has the highest value for Good B, so they receive it.
* **Person 3:** Has the highest value for Good C, so they receive it.

**Total Value:**

* Person 1: 48 + 45 = 93
* Person 2: 20
* Person 3: 45

**Cumulative Value:** 158

This allocation reflects the following principles of fairness:

* **Equity:** Each person receives a fair share of the goods based on their individual values.
* **Efficiency:** The goods are allocated in a way that maximizes the total value for all individuals.
* **Avoidance of Waste:** All goods are allocated, ensuring that none are wasted.

**Note:**

Other fair allocations could be considered, but the allocation presented here aims to balance the principles of equity, efficiency, and waste avoidance.",1,2,3,1
48,"One possible fair allocation could be:

* Good A to Person 1
* Good B to Person 2
* Good C to Person 3
* Good D to Person 3

This allocation gives each person their most preferred good. Person 1 values Good A the most, Person 2 values Good B the most, and Person 3 values Good C and Good D the most.

Another possible fair allocation could be:

* Good A to Person 3
* Good B to Person 2
* Good C to Person 1
* Good D to Person 1

This allocation gives each person their second most preferred good. Person 1 values Good A and Good D the most, Person 2 values Good B the most, and Person 3 values Good A and Good C the most.

Ultimately, the fairest allocation is the one that is agreed upon by all of the individuals involved. In this case, I would recommend that the individuals discuss their preferences and come to an agreement that they all find fair.",1,2,3,3
49,"**Solution:**

To determine a fair allocation of the goods, we can use the following steps:

1. **Calculate the total value of each good:**

```
Total value of Good A = 48 + 25 + 2 = 75
Total value of Good B = 4 + 20 + 1 = 25
Total value of Good C = 3 + 40 + 45 = 88
Total value of Good D = 45 + 15 + 52 = 112
```

2. **Calculate the ratio of each person's value to the total value of each good:**

```
Person 1:
Ratio for Good A = 48 / 75 = 0.64
Ratio for Good B = 4 / 25 = 0.16
Ratio for Good C = 3 / 88 = 0.034
Ratio for Good D = 45 / 112 = 0.4

Person 2:
Ratio for Good A = 25 / 75 = 0.33
Ratio for Good B = 20 / 25 = 0.8
Ratio for Good C = 40 / 88 = 0.45
Ratio for Good D = 15 / 112 = 0.13

Person 3:
Ratio for Good A = 2 / 75 = 0.027
Ratio for Good B = 1 / 25 = 0.04
Ratio for Good C = 45 / 88 = 0.51
Ratio for Good D = 52 / 112 = 0.46
```

3. **Allocate the goods to the person with the highest ratio for each good:**

Based on the calculated ratios, we can allocate the goods as follows:

* **Good A:** Person 1 (ratio = 0.64)
* **Good B:** Person 2 (ratio = 0.8)
* **Good C:** Person 3 (ratio = 0.51)
* **Good D:** Person 3 (ratio = 0.46)

**Conclusion:**

Under this allocation, Person 1 receives Good A, Person 2 receives Good B, and Person 3 receives Goods C and D. This allocation is considered fair because it ensures that each person receives a bundle of goods that maximizes their total value.",1,2,3,3
50,"**Fair Allocation:**

**Person 1:** Good A, Good D

**Person 2:** Good B, Good C

**Person 3:** Good D

**Rationale:**

To determine a fair allocation, we can consider the following principles:

* **Equity:** Ensure that all individuals receive a comparable total value.
* **Envy-freeness:** No individual prefers the allocation of another individual.
* **Efficiency:** Maximize the total value allocated to individuals.

Based on these principles, the proposed allocation meets the following criteria:

**Equity:** The total values received by the individuals are:

* Person 1: 48 + 45 = 93
* Person 2: 20 + 40 = 60
* Person 3: 52 + 0 = 52

While the values are not perfectly equal, they are within a reasonable range.

**Envy-freeness:** Person 1 prefers their allocation to the others since they receive the two highest-valued goods for them (Good A and Good D). Similarly, Person 2 prefers their allocation with Good B and Good C, and Person 3 prefers Good D.

**Efficiency:** The total value allocated is 93 + 60 + 52 = 205. This is the maximum possible value that can be allocated given the preferences of the individuals.

**Additional Considerations:**

* Person 3 has the lowest total value, but they receive the highest-valued good for them (Good D).
* Person 1 receives Good A, which has the highest value for them, but they also receive Good D, which Person 3 values even higher. However, allocating Good D to Person 3 would make Person 1 envious.
* The allocation does not include Good C for Person 1 or Person 3. This is because Good C has a higher value for Person 2 than either of them.

Overall, the proposed allocation balances the principles of equity, envy-freeness, and efficiency to ensure a fair distribution of the goods.",1,2,2,1
51,"**Fair Allocation:**

* **Person 1:** Good A, Good D
* **Person 2:** Good B
* **Person 3:** Good C

**Rationale:**

This allocation aims to maximize the total value of the goods allocated to the individuals while ensuring that each person receives a fair share.

* Person 1 receives the two highest-valued goods (48 and 45), totaling 93.
* Person 2 receives the second highest-valued good (20), which aligns with their preferences.
* Person 3 receives the third highest-valued good (45), as well as the lower-valued Good C. However, Good C is more valuable to Person 3 than to the other individuals.

This allocation ensures that:

* **Envy Freeness:** No person prefers the allocation of another person.
* **Equity:** Each person receives a fair share of the total value based on their individual preferences.
* **Efficiency:** The total value of the goods allocated is maximized (93 + 20 + 45 = 158).

**Justification for Discarding:**

In this case, Good B is discarded. While it is the second highest-valued good for Person 2, it is less valuable to the other individuals. Discarding Good B ensures that Person 2 receives a fair share (Good B), while also maximizing the total value of the allocation.",1,None,3,1
52,"Based on the given information, I would allocate the goods as follows:

* **Good A:** Person 1
* **Good B:** Person 2
* **Good C:** Person 3
* **Good D:** Person 3

This allocation is fair because it maximizes the total value of the goods for the individuals involved.

* Person 1 values Good A the most (48), so they should receive it.
* Person 2 values Good B the most (20), so they should receive it.
* Person 3 values Good C (45) and Good D (52) the most, so they should receive both of those goods.

By allocating the goods in this way, the total value of the goods for the individuals involved is 48 + 20 + 45 + 52 = 165. This is the highest possible total value that can be achieved given the individuals' preferences.",1,2,3,3
53,"**Fair Allocation**

* **Person 1:** Good A, Good D
* **Person 2:** Good B, Good C
* **Person 3:** Good D

**Explanation:**

This allocation is considered fair because it maximizes the total value for all individuals:

* Person 1: 48 + 45 = 93
* Person 2: 20 + 40 = 60
* Person 3: 52 = 52

Total value: 93 + 60 + 52 = 205

**Reasoning:**

* **Good A:** Person 1 values Good A the highest, so they receive it.
* **Good B:** Person 2 values Good B slightly higher than Good C, so they receive Good B.
* **Good C:** Given that Person 2 received Good B, Person 3 receives Good C, which they value the highest among the remaining goods.
* **Good D:** Both Person 1 and Person 3 value Good D the highest among the remaining goods. However, Person 1 received Good A, while Person 3 did not receive any goods yet. Therefore, Person 3 receives Good D.

This allocation ensures that each person receives at least one good and maximizes the total value obtained by all individuals.",1,2,2,3
54,"**Based on the given information, here is one possible fair allocation of the goods:**

* Person 1: Good B, Good D
* Person 2: Good C
* Person 3: Good A

**Explanation:**

This allocation is fair because it takes into account each person's value for the goods. Person 1 values Good B and Good D the most, so they receive those goods. Person 2 values Good C the most, so they receive that good. Person 3 values Good A the most, so they receive that good.

This allocation also ensures that each person receives at least one good.

**Alternative Allocations:**

There are other possible fair allocations of the goods, depending on the criteria used to determine fairness. For example, one could allocate the goods based on the total value of the goods received by each person. In this case, the allocation would be as follows:

* Person 1: Good A, Good D
* Person 2: Good B, Good C
* Person 3: None

This allocation is fair because each person receives goods with a total value of 93.

Ultimately, the fairest allocation of the goods is the one that is agreed upon by all of the parties involved.",3,1,2,1
55,"**Allocation:**

* Person 1: Good A
* Person 2: Good C
* Person 3: Good B, Good D

**Rationale:**

* **Person 1:** Receives the good for which they have the highest value (Good A).
* **Person 2:** Receives the good for which they have the second-highest value (Good C).
* **Person 3:** Receives the two remaining goods (Good B and Good D), which maximize their total value.

**Explanation:**

This allocation ensures that each person receives at least one good, and that the total value distributed (119) is maximized.

* If Person 3 were to receive Good A instead, Person 1 would only receive Good D, which has a lower value for them (45).
* If Person 2 were to receive Good B instead, Person 3 would only receive Good C, which has a lower value for them (45).

By allocating the goods as described above, we ensure that each person's satisfaction is maximized to the extent possible, given the constraints of the problem.",1,3,2,3
56,"**Fair Allocation:**

* **Person 1:** Good A, Good D
* **Person 2:** Good B
* **Person 3:** Good C

**Rationale:**

This allocation aims to maximize the total utility (sum of individual values) of the goods.

* **Good A:** Person 1 values it the most with a value of 48.
* **Good B:** Person 2 values it the most with a value of 20.
* **Good C:** Person 3 values it the most with a value of 45.
* **Good D:** Person 1 values it the second most with a value of 45. Person 3 also values it high but Person 2 values it the lowest.

By allocating Good D to Person 1, we ensure that they receive their highest valued good while also giving Person 3 their highest valued good, Good C. This maximizes the utility for both individuals.

Person 2 receives Good B, their most preferred good that is not taken by others.

**Alternative Allocation:**

* **Person 1:** Good A, Good C
* **Person 2:** Good B
* **Person 3:** Good D

This allocation is also fair as it gives Person 1 their highest valued good and Person 2 their preferred good. However, it results in a lower total utility because Person 3 receives their second most preferred good instead of their most preferred good.

**Other Considerations:**

* The allocation must be incentive-compatible, meaning that individuals cannot manipulate the system to receive more goods.
* The allocation should also consider the needs and circumstances of each individual. In some cases, it may be necessary to allocate goods to those who need them most.",1,2,3,1
57,"**Step 1: Sort the goods based on the difference between each person's valuation.**

| Good | Person 1 - Person 2 | Person 1 - Person 3 | Person 2 - Person 3 |
|---|---|---|---|
| Good A | 23 | 46 | -21 |
| Good B | -16 | 3 | 19 |
| Good C | 0 | 42 | 42 |
| Good D | 30 | -7 | 37 |

**Step 2: Assign the goods with the highest difference first.**

In this case, Good A has the highest difference between Person 1 and Person 3 (46). Therefore, we assign Good A to Person 1.

**Step 3: Continue assigning goods based on the remaining differences.**

The remaining differences are:

| Good | Person 1 - Person 2 | Person 1 - Person 3 | Person 2 - Person 3 |
|---|---|---|---|
| Good B | -16 | 3 | 19 |
| Good C | 0 | 42 | 42 |
| Good D | 30 | -7 | 37 |

* Good C has the highest remaining difference between Person 1 and Person 3 (42). Therefore, we assign Good C to Person 3.
* Good D has the highest remaining difference between Person 2 and Person 3 (37). Therefore, we assign Good D to Person 2.
* This leaves Good B, which we can assign to Person 2 (who has the highest remaining valuation for it).

**Final Allocation:**

* Person 1: Good A
* Person 2: Good B, Good D
* Person 3: Good C

**Explanation:**

This allocation ensures that each person receives goods that they value highly. Person 1 receives Good A, which they value the most. Person 2 receives Goods B and D, which they value more than Person 1 and Person 3. Person 3 receives Good C, which they value the most.",1,2,3,2
58,"**Step 1: Identify the Efficient Allocations**

An efficient allocation is one where it is not possible to reallocate goods to make any one person better off without making someone else worse off. To identify the efficient allocations, we can use the following steps:

1. Sort the goods in descending order of their value for each person:
   - Person 1: Good D > Good A > Good C > Good B
   - Person 2: Good C > Good B > Good A > Good D
   - Person 3: Good D > Good C > Good A > Good B

2. Allocate the highest-value good to the person who values it the most:
   - Good D to Person 3

3. Allocate the next highest-value good to the person who values it the most, given that they have not already received a good:
   - Good C to Person 2

4. Repeat steps 2-3 until all goods are allocated.

This process results in the following allocation:

- Person 1: Good A
- Person 2: Good C
- Person 3: Good D

**Step 2: Determine the Fairness of the Allocation**

There are several ways to assess the fairness of an allocation. One common approach is to use the concept of **envy-freeness**.

An allocation is envy-free if no person would prefer to have the allocation of any other person. To check if the allocation is envy-free, we can compare the value of each person's allocation to the value of the other allocations they could have received:

- Person 1: Person 1 values Good A more than any other good they could have received.
- Person 2: Person 2 values Good C more than any other good they could have received.
- Person 3: Person 3 values Good D more than any other good they could have received.

Therefore, the allocation is envy-free.

**Conclusion**

Based on the principle of envy-freeness, we can conclude that the allocation of Good A to Person 1, Good C to Person 2, and Good D to Person 3 is a fair allocation.",1,None,2,3
59,"**Step 1: Calculate the Total Value of the Goods**

Total Value = 48 + 4 + 3 + 45 + 25 + 20 + 40 + 15 + 2 + 1 + 45 + 52
= **227**

**Step 2: Determine the Fair Share for Each Person**

Fair Share = Total Value / Number of Individuals
= 227 / 3
= **75.67**

**Step 3: Allocate the Goods Individually**

**Person 1:**

* Good D (Value: 45)
* Good A (Value: 48 - 45 = 3)

**Total Value:** 45 + 3 = **48**

**Person 2:**

* Good B (Value: 20)
* Good C (Value: 40)

**Total Value:** 20 + 40 = **60**

**Person 3:**

* Good C (Remaining Value: 45 - 40 = 5)
* Good A (Remaining Value: 48 - 3 = 42)

**Total Value:** 5 + 42 = **47**

**Remaining Goods:**

* None

**Explanation:**

This allocation ensures that each person receives goods that are closest to their fair share of 75.67. Person 1 and Person 2 get goods worth exactly their fair share, while Person 3 gets slightly less (47 instead of 75.67). However, this is unavoidable given the indivisibility of the goods.

**Assessment of Fairness:**

This allocation can be considered fair because it meets the following criteria:

* **Equitability:** Each person receives a share that is close to their fair share.
* **Efficiency:** All goods are allocated to individuals who value them the most.
* **Envy-Freeness:** No person would prefer the allocation of another person.",3,2,2,1
60,"**Fair Allocation of Goods**

**Problem:**

Allocate 4 goods (A, B, C, D) among 3 individuals (1, 2, 3) based on their given valuations:

|          | Good A | Good B | Good C | Good D |
| Person 1 |   48   |   4    |   3    |   45   |
| Person 2 |   25   |   20   |   40   |   15   |
| Person 3 |   2    |   1    |   45   |   52   |

**Proposed Allocation:**

To find a fair allocation, we can use a method called **Social Welfare Optimization**. This method aims to maximize the total sum of valuations across all individuals.

1. **Order Goods by Total Valuation:**

| Good | Total Valuation |
|---|---|
| D | 112 |
| C | 88 |
| A | 75 |
| B | 26 |

2. **Allocate Goods in Descending Order of Total Valuation:**

- Assign Good D to Person 3 (highest valuation).
- Assign Good C to Person 1 (second highest valuation).
- Assign Good A to Person 2 (third highest valuation).
- Discard Good B (lowest valuation).

**Resulting Allocation:**

| Person | Good |
|---|---|
| Person 1 | Good C |
| Person 2 | Good A |
| Person 3 | Good D |

**Fairness Considerations:**

This allocation satisfies several notions of fairness:

- **Envy-Freeness:** No individual prefers the allocation of another individual to their own.
- **Pareto Efficiency:** There is no alternative allocation that would make one individual better off without making another individual worse off.
- **Individual Rationality:** Each individual receives a bundle of goods that is valued at least as much as the discarded good.

**Conclusion:**

The proposed allocation of Good D to Person 3, Good C to Person 1, and Good A to Person 2 is considered to be a fair allocation based on the given valuations. This allocation maximizes the total social welfare and ensures that individuals are not envious of each other's allocations.",2,None,1,3
61,"**Balanced Allocation:**

This allocation aims to provide a relatively balanced distribution of goods, ensuring that each person receives a mix of goods with a similar total value:

* Person 1 receives Good A and Good D (total value: 93)
* Person 2 receives Good B and Good C (total value: 65)
* Person 3 receives Good A and Good C (total value: 48)

**Max-Min Allocation:**

This allocation prioritizes ensuring that the least advantaged person receives the highest possible value of goods:

* Person 1 receives Good A (value: 48)
* Person 2 receives Good B (value: 20)
* Person 3 receives Goods C and D (total value: 97)

**Proportional Allocation:**

This allocation distributes the goods proportionally based on the individuals' total value for all goods:

* Person 1 receives Good A and Good D (total value: 93 / 160 * 4 = 2.325)
* Person 2 receives Good B and Good C (total value: 65 / 160 * 4 = 1.625)
* Person 3 receives Goods C and D (total value: 97 / 160 * 4 = 2.425)

**Envy-Free Allocation:**

This allocation ensures that no individual envies another's allocation. In this case, it is not possible to achieve an envy-free allocation given the values provided. However, we can get close:

* Person 1 receives Good A (value: 48)
* Person 2 receives Good B (value: 20)
* Person 3 receives Goods C and D (total value: 97)

This allocation leaves Person 2 feeling slightly envious of Person 3, but it is the closest we can get to an envy-free solution.

**Ultimately, the fairest allocation is subjective and depends on the specific context and priorities of the individuals involved.**",1,2,3,1
62,"One way to approach this problem is to use the **Adjusted Winner** method. In this method, we first find the winner for each good, that is, the person who values the good the most. Then, we allocate the good to the winner, but we also give the other two people a portion of the value of the good that they would have received if they had won.

The following table shows the adjusted winner for each good:

| Good | Winner | Adjusted Winner Value |
|---|---|---|
| A | Person 1 | 48 |
| B | Person 2 | 20 |
| C | Person 3 | 45 |
| D | Person 3 | 52 |

Next, we calculate the total adjusted winner value for each person:

| Person | Total Adjusted Winner Value |
|---|---|
| Person 1 | 48 |
| Person 2 | 20 |
| Person 3 | 97 |

Based on this, we can determine the following allocation:

* Person 1 receives Good A.
* Person 2 receives Good B.
* Person 3 receives Good C and Good D.

This allocation is fair because it gives each person a roughly equal share of the total value of the goods. Person 1 receives a good that is worth 48 to them, Person 2 receives a good that is worth 20 to them, and Person 3 receives goods that are worth a total of 97 to them.",1,2,3,3
63,"To determine a fair allocation of the goods among the three individuals, we can consider the following approach:

**Step 1: Calculate the Total Value of Goods for Each Person**

Total Value for Person 1 = 48 + 4 + 3 + 45 = 100
Total Value for Person 2 = 25 + 20 + 40 + 15 = 100
Total Value for Person 3 = 2 + 1 + 45 + 52 = 100

**Step 2: Determine the Average Total Value**

Average Total Value = (100 + 100 + 100) / 3 = 100

**Step 3: Allocate Goods Based on Relative Values**

For each person, we can calculate their relative value for each good by dividing their value for the good by the average total value.

|          | Good A | Good B | Good C | Good D |
| Person 1 |   0.48   |   0.04   |   0.03   |   0.45   |
| Person 2 |   0.25   |   0.20   |   0.40   |   0.15   |
| Person 3 |   0.02   |   0.01   |   0.45   |   0.52   |

**Step 4: Allocate Goods to Maximize Relative Value**

Considering the relative values, a fair allocation could be:

* Person 1 receives Good A (0.48) and Good D (0.45)
* Person 2 receives Good B (0.20) and Good C (0.40)
* Person 3 receives Good C (0.45)

**Final Allocation:**

* Person 1: Good A and Good D
* Person 2: Good B and Good C
* Person 3: Good C (received Good C from both Person 1 and Person 2)

**Explanation:**

This allocation ensures that each person receives goods that add up to their relative value, which in turn is equal to the average total value. This approach aims to distribute the goods equitably based on the individuals' preferences and eliminates the possibility of any one person receiving significantly more or less value than the others.",1,2,3,1
64,"**Fair Allocation of Goods**

**Goal:** Allocate 4 goods (A, B, C, D) fairly among 3 people (Person 1, Person 2, Person 3) based on their respective values for each good.

**Values Table:**

|          | Good A | Good B | Good C | Good D |
| Person 1 |   48   |   4    |   3    |   45   |
| Person 2 |   25   |   20   |   40   |   15   |
| Person 3 |   2    |   1    |   45   |   52   |

**Allocation:**

* **Good A:** Person 1 (value: 48)
* **Good B:** Person 2 (value: 20)
* **Good C:** Person 3 (value: 45)
* **Good D:** Person 3 (value: 52)

**Reasoning:**

This allocation maximizes the total value obtained by all individuals while ensuring that each person receives at least one good. Here's the breakdown:

* Person 1 receives Good A, which is their most valuable good. They also get the least valuable good (Good B), but it still adds to their total value.
* Person 2 receives Good B, their second-most valuable good. They do not receive Good A, their most valuable good, but they do receive Good C, which has a relatively high value for them (40).
* Person 3 receives Good C and Good D, which are their first- and second-most valuable goods, respectively. They receive the highest total value among the three individuals.

This allocation ensures that all individuals receive goods that they value relatively highly while also considering the distribution of values across the group. It is one potential fair allocation that considers both individual preferences and overall fairness.",1,2,3,3
65,"**Fair Allocation of Goods**

Given the individuals' valuations for the goods, I propose the following allocation as being fair:

- **Person 1:** Good A (value: 48)
- **Person 2:** Good B (value: 20) and Good C (value: 40)
- **Person 3:** Good D (value: 52)

This allocation results in the following total values for each person:

- Person 1: 48
- Person 2: 60
- Person 3: 52

**Justification for the Allocation:**

* Person 1 values Good A significantly more than any other good, so they receive it.
* Person 2 has the highest valuations for both Good B and Good C, so they receive both goods.
* Person 3 has the highest valuation for Good D, so they receive it.

This allocation ensures that each person receives goods that they value highly, and it minimizes the total loss of value. It also gives each person a similar total value, which promotes fairness.

**Alternative Allocation Considerations:**

* **Person 1:** Good D (value: 45)
* **Person 2:** Good A (value: 25) and Good B (value: 20)
* **Person 3:** Good C (value: 45)

This alternative allocation results in the following total values:

- Person 1: 45
- Person 2: 45
- Person 3: 45

While this allocation results in an equal total value for each person, it does not take into account the individuals' preferences. For example, Person 1 values Good A more than Good D, but they would receive Good D in this allocation.

Ultimately, the fairness of any allocation depends on the subjective preferences of the individuals involved. The allocation I have proposed is one that I consider to be fair, but there may be other allocations that could be considered fair as well.",1,2,2,3
66,"**Allocation:**

* **Person 1:** Good A, Good D
* **Person 2:** Good B, Good C
* **Person 3:** Not allocated (Goods discarded)

**Justification:**

This allocation follows the concept of **""Maximin"" criterion**, which aims to maximize the minimum value obtained by any individual.

* **Person 1** receives the highest-valued good for them (Good A) and the second-highest-valued good (Good D). This ensures that Person 1 has the highest minimum value of all individuals.
* **Person 2** receives the goods they value the most (Good B and Good C). This maximizes their minimum value to the extent possible.
* **Person 3** receives no goods because their maximum value (for Good D) is not sufficient to justify allocating any goods to them under the maximin criterion. Discarding these goods ensures that the other two individuals receive a fair allocation.

**Values Obtained:**

* **Person 1:** 48 + 45 = **93**
* **Person 2:** 20 + 40 = **60**
* **Person 3:** 0

This allocation maximizes Person 1's minimum value (93) while ensuring that Person 2 also receives a reasonable value (60). It is important to note that, under the maximin criterion, it may be necessary to discard goods to ensure fairness.",1,2,2,1
67,"Based on the given information, here's a potential allocation that aims for fairness:

1. **Person 1:** Good A, Good D
2. **Person 2:** Good B, Good C
3. **Person 3:** Good D

This allocation considers the value each person places on the goods. Person 1 values Good A and Good D the most, so they receive those goods. Person 2 values Good B and Good C the most, so they receive those goods. Person 3 values Good D the most, and they also receive Good D in this allocation.

Here's a breakdown of the values for each person under this allocation:

|          | Good A | Good B | Good C | Good D | Total Value |
| Person 1 |   48   |   0    |   0    |   45   |   93   |
| Person 2 |   0    |   20   |   40   |   15   |   75   |
| Person 3 |   0    |   0    |   45   |   52   |   97   | 

As you can see, this allocation results in relatively close total values for each person, with Person 3 receiving slightly more value than the others. This allocation tries to ensure that each person receives at least one of their highly valued goods and avoids giving any one person a significant advantage over the others.",1,2,2,3
68,"**Fair Allocation:**

* **Person 1:** Good A
* **Person 2:** Good B
* **Person 3:** Goods C and D

**Reasoning:**

This allocation maximizes the total social welfare (sum of the values of the goods for each person).

* Person 1 values Good A the most (48), so they should receive it.
* Person 2 values Good B the most (20), so they should receive it.
* Person 3 values Goods C and D the most (45 and 52), so they should receive both of them.

**Explanation:**

* **Alternatives:** Allocating any other good to Person 1 or Person 2 would result in a lower total social welfare. For example, giving Good D to Person 2 would give them a total value of 15 + 20 = 35, but giving it to Person 3 gives them a value of 52.
* **Fairness:** This allocation takes into account the individual preferences of each person and distributes the goods in a way that maximizes the overall satisfaction.
* **Equity:** The allocation ensures that each person receives a fair share of the goods based on their preferences. Person 1 receives the good they value the most, and Persons 2 and 3 receive the goods they value the most and second-most.

**Note:** This is one possible fair allocation. Other allocations may also be considered fair depending on the specific circumstances and the preferences of the individuals involved.",1,2,3,3
69,"**Proposed Allocation:**

* Good A: Person 1
* Good B: Person 2
* Good C: Person 3
* Good D: Person 3

**Rationale:**

This allocation is considered fair based on the following considerations:

* **Maximal Value:** Each person receives the good for which they have the highest value.
    * Person 1 values Good A the most (48).
    * Person 2 values Good B the most (20).
    * Person 3 values Good C (45) and Good D (52) the most.

* **Balanced Distribution:** The allocation ensures that each person receives two goods, except for Person 3 who receives three goods with high combined value (45 + 52 = 97). This is justified as Person 3 has the lowest value for Good A and Good B (2 and 1, respectively).

* **Equity:** The allocation considers each person's preferences and aims to provide them with goods that they value the most. By assigning each person their highest-valued good, it ensures a relatively equitable distribution.

**Additional Considerations:**

* **Adjusted Allocation for Person 3:** Since Person 3 receives three goods, it's possible to further adjust the allocation by transferring Good D to Person 1 (who values it at 45) in exchange for Good C (which Person 1 values at 3). This would result in a more balanced allocation with each person receiving two goods:
    * Person 1: Good A and Good D
    * Person 2: Good B and Good C
    * Person 3: Good A and Good B

* **Negotiation and Compromise:** In a real-world setting, it's likely that the individuals would negotiate and compromise to reach an allocation that is acceptable to all parties. The proposed allocation can serve as a starting point for such negotiations.",1,2,3,3
70,"**Fair Allocation:**

* **Person 1:** Good A and Good D
* **Person 2:** Good B and Good C
* **Person 3:** Discard Good A and Good B

**Rationale:**

This allocation maximizes the total value received by all three individuals:

* Person 1 receives: 48 + 45 = 93
* Person 2 receives: 20 + 40 = 60
* Person 3 receives: 45 + 52 = 97

**Other Considerations:**

* **Equity:** This allocation ensures that all three individuals receive a fair share of the goods, considering their respective valuations.
* **Envy-Freeness:** No person envies the allocation of any other person. For example, Person 3 does not prefer Person 2's allocation because their value for Good C (45) is higher than Person 2's (40), and they have Good D.
* **Efficiency:** This allocation prevents any waste of resources. By discarding the lowest-valued goods for Persons 1 and 2 (Goods A and B, respectively), the total value of the allocation is maximized.

**Alternative Allocations:**

Other fair allocations could be considered, such as:

* **Equal Division:** Allocate each person one good, or two if there are only two persons involved.
* **Maximizing Minimum Value:** Allocate goods to maximize the lowest value received by any person.
* **Lexicographic Maximization:** Sequentially allocate goods to maximize the value for each person, starting with the person with the highest value for the current good.",1,2,2,1
71,"**Fair Allocation:**

**Person 1:** Good A (Value: 48)

**Person 2:** Good C (Value: 40)

**Person 3:** Good D (Value: 52)

**Rationale:**

This allocation aims to maximize the overall satisfaction by giving the highest valued good to each person.

* Person 1 values Good A the most (Value: 48), so it is allocated to them.
* Person 2 values Good C the most (Value: 40), so it is allocated to them.
* Person 3 values Good D the most (Value: 52), so it is allocated to them.

Good B (Value: 20) is not allocated as none of the individuals value it as much as the other goods. Discarding it ensures that the total value of the goods allocated is maximized.

**Total Value Allocated:** 48 + 40 + 52 = 140

**Other Potential Allocations:**

* **Person 1:** Good D (Value: 45)
* **Person 2:** Good B (Value: 20)
* **Person 3:** Good A (Value: 48)

This allocation results in a lower total value allocated (113) but may be considered fair by some as it gives each person at least one good.

Ultimately, the best allocation is dependent on the individuals' preferences and the fairness criteria used. The allocation provided is one that considers maximizing the total value allocated while trying to give each person their highest valued good.",1,None,2,3
72,"**Fair Allocation:**

**Person 1:**
* Good D

**Person 2:**
* Good B
* Good C

**Person 3:**
* Good A

**Justification:**

This allocation aims to maximize the total utility of the individuals while ensuring that each person receives at least one good.

* **Person 1** values Good D the most (45), and it is their only allocation.
* **Person 2** values Good B (20) and Good C (40) more than any other goods available.
* **Person 3** values Good A (48) the most, and it is their only allocation.

**Total Utility:**

The total utility achieved by this allocation is 45 + 20 + 40 + 48 = **153**.

**Alternative Allocations:**

Other possible fair allocations include:

* **Allocation 1:**
    * Person 1: Good A, Good D
    * Person 2: Good B, Good C
    * Person 3: N/A (no allocation)
    * Total Utility: 93

* **Allocation 2:**
    * Person 1: Good A, Good C
    * Person 2: Good B, Good D
    * Person 3: N/A (no allocation)
    * Total Utility: 88

**Conclusion:**

Ultimately, the ""fairest"" allocation is subjective and depends on the criteria and values considered. The allocation provided above is one possible solution that balances the individuals' preferences while ensuring that each person receives at least one good.",3,2,2,1
73,"**Step 1: Calculate Total Value per Good**

| Good | Total Value |
|---|---|---|
| A | 48 + 25 + 2 = 75 |
| B | 4 + 20 + 1 = 25 |
| C | 3 + 40 + 45 = 88 |
| D | 45 + 15 + 52 = 112 |

**Step 2: Determine the Minimum Value for Each Good**

Find the minimum value among the individuals for each good:

| Good | Minimum Value |
|---|---|---|
| A | 2 |
| B | 1 |
| C | 3 |
| D | 15 |

**Step 3: Allocate Goods with Minimum Values**

Assign the goods with the lowest minimum values to the individuals with the corresponding minimum values:

* Good A to Person 3 (value = 2)
* Good B to Person 3 (value = 1)
* Good C to Person 1 (value = 3)
* Good D to Person 2 (value = 15)

**Step 4: Calculate Remaining Values for Individuals**

Subtract the value of the allocated goods from the individuals' total values:

| Person | Remaining Value |
|---|---|---|
| Person 1 | 48 - 3 = 45 |
| Person 2 | 25 - 15 = 10 |
| Person 3 | 52 - (2 + 1) = 49 |

**Step 5: Allocate Remaining Value Fairly**

Allocate the remaining value of each good to the individuals who have the highest remaining values, while ensuring fairness across all individuals:

* **Good A:** Remaining value (45) is allocated to Person 1 with the highest remaining value.
* **Good B:** Remaining value (10) is allocated to Person 2 with the second highest remaining value.
* **Good C:** No remaining value.
* **Good D:** No remaining value.

**Final Allocation:**

| Person | Good A | Good B | Good C | Good D |
|---|---|---|---|---|
| Person 1 | Yes | No | Yes | No |
| Person 2 | No | Yes | No | Yes |
| Person 3 | Yes | Yes | No | No |

**Justification for Fairness:**

* Each person receives a good that they value highly (with the exception of Person 3, who receives two highly valued goods).
* There is a balance in the allocation of goods, with each person receiving at least two goods.
* The allocation maximizes the total value for all individuals while ensuring that each individual receives a fair share.",1,2,1,2
74,"As there is not a clear definition of fairness in the context of this allocation problem, I will use the concept of **maximin**, which is a criterion of fairness that aims to maximize the minimum individual utility over all possible allocations. This approach is frequently used in situations where resources are scarce and indivisible, and the goal is to ensure a fair distribution among individuals with potentially conflicting preferences and valuations.

**Step 1: Calculate the minimum value for each person over all goods**

| Person | Minimum Value |
|---|---|
| Person 1 | 3 |
| Person 2 | 15 |
| Person 3 | 1 |

**Step 2: Determine the maximum of the minimum values**

```
Maximum of Minimum Values = max(3, 15, 1) = 15
```

**Step 3: Allocate goods to maximize the minimum individual utility**

To maximize the minimum individual utility of 15, we need to allocate goods in a way that gives each person goods worth at least 15 units of value.

**Allocation:**

* **Person 1:** Good D (value = 45)
* **Person 2:** Good C (value = 40)
* **Person 3:** Good B (value = 1), Good A (value = 2)

**Step 4: Evaluate the allocation**

The allocation ensures that each person receives goods with a total value of at least 15 units:

* Person 1: 45 units (Good D)
* Person 2: 40 units (Good C)
* Person 3: 16 units (Good B + Good A)

Therefore, under the maximin criterion, this allocation can be considered fair as it maximizes the minimum individual utility and ensures that each person receives goods that they value at least 15 units.",3,3,2,1
75,"The most well-known fair allocation method is called the **Adjusted Winner** method.
Let's say we have to allocate $n$ goods to $m$ people whose values for the goods are given in an $m \times n$ matrix.
At any stage, the winner of a good is the person with the highest value for that good.
The Adjusted Winner method allocates the goods one at a time as follows.
1. Allocate the good currently under consideration to the winner in the usual way.
2. For each loser, add his value for this good to his value for his current best unallocated good, thus adjusting his value for the latter good.

In this case, the Adjusted Winner method yields the following allocation.

|          | Good A | Good B | Good C | Good D |
| Person 1 |   x    |       |       |   x    |
| Person 2 |       |   x    |   x    |       |
| Person 3 |       |       |       |   x    |

**Explanation**:
- **Good A**: Person 1 has the highest value for Good A, so he wins it.
- **Good B**: Person 2 has the highest value for Good B, so he wins it.
- **Good C**: Person 2 has the highest value for Good C, but he has already won Good B. So, we adjust his value for Good C by adding his value for Good B. After adjusting, Person 2 still has the highest value for Good C, so he wins it.
- **Good D**: Person 3 has the highest value for Good D, so he wins it.

This allocation gives the following total values for each person.

|          | Total Value |
| Person 1 |   97   |
| Person 2 |   80   |
| Person 3 |   98   |

It can be observed that this allocation is fair as all three persons have almost similar total value after the allocation.",1,2,2,3
76,"There are many different ways to determine a fair allocation of goods among multiple individuals. One common method is to use the **serial dictatorship** method. In this method, the individuals are given a random order, and then each individual, in turn, gets to choose one of the remaining goods. Once an individual has chosen a good, it is removed from the set of available goods. The process continues until all of the goods have been allocated.

Using the serial dictatorship method, the following allocation would be considered fair:

* Person 1 gets Good D.
* Person 2 gets Good C.
* Person 3 gets Good A.
* Good B is not allocated.

This allocation is fair because each person gets their most preferred good, and no one gets a good that they value less than another person.

Another common method for determining a fair allocation of goods is the **Nash bargaining solution**. In this method, the individuals negotiate with each other until they reach an agreement on how to allocate the goods. The Nash bargaining solution is considered fair because it takes into account the preferences of all of the individuals involved.

Using the Nash bargaining solution, the following allocation would be considered fair:

* Person 1 gets Good D.
* Person 2 gets Good C.
* Person 3 gets Good A and Good B.

This allocation is fair because it gives each person a combination of goods that they value as much as or more than any other possible allocation.

Ultimately, the decision of which method to use to determine a fair allocation of goods is up to the individuals involved. There is no one right answer, and the best method will vary depending on the specific circumstances.",3,None,2,1
77,"To determine a fair allocation of the goods, let's use the following approach:

**Step 1: Calculate the Total Value for Each Good**

| Good | Total Value |
|---|---|
| Good A | 75 (48 + 25 + 2) |
| Good B | 25 (4 + 20 + 1) |
| Good C | 88 (3 + 40 + 45) |
| Good D | 112 (45 + 15 + 52) |

**Step 2: Determine the Entitlement for Each Person**

The entitlement for each person is calculated by dividing the total value by the number of people:

| Person | Entitlement |
|---|---|
| Person 1 | 25 (75 / 3) |
| Person 2 | 25 (75 / 3) |
| Person 3 | 25 (75 / 3) |

**Step 3: Allocate the Goods**

Starting with the most valuable good, Good D, we will allocate it to the person with the highest value for that good.

* **Good D:** Person 3 has the highest value for Good D (52), so they receive it.

* **Good C:** Person 2 has the highest value for Good C (40), but since they have already received Good D, we move to the next person with the highest value. Person 1 has the next highest value for Good C (48), so they receive it.

* **Good A:** Person 1 has the highest value for Good A, so they receive it.

* **Good B:** Only Person 2 has a positive value for Good B (20), so they receive it.

**Final Allocation:**

| Person | Goods Received |
|---|---|
| Person 1 | Good A, Good C |
| Person 2 | Good B |
| Person 3 | Good D |

**Evaluation:**

This allocation satisfies the following fairness criteria:

* **Individual Rationality:** Each person receives goods with a total value equal to or greater than their entitlement (25).
* **Envy-Freeness:** No person envies the allocation of goods to any other person.
* **Pareto Efficiency:** There is no other allocation that would make one person better off without making another person worse off.

Therefore, this allocation can be considered fair. It takes into account the individual preferences and ensures that everyone receives a fair share of the goods.",1,2,1,3
78,"Firstly, it is worth noting that each person has a different set of preferences for the goods, and there is no allocation that will make everyone equally happy. However, we can try to find an allocation that is fair to all parties involved.

One way to do this is to use the Nash Bargaining Solution (NBS). The NBS is a cooperative game theory solution concept that aims to find a fair outcome for all parties involved. The NBS is based on the idea that each party should receive a payoff that is at least as good as their ""threat point"", which is the payoff that they would receive if they did not cooperate.

In this case, we can assume that the threat point for each person is the value of the good that they value the least. For example, Person 1's threat point is 3, since this is the value of Good C, which they value the least.

The NBS then calculates the ""bargaining product"", which is the product of the differences between each person's payoff and their threat point. In this case, the bargaining product is:

```
(48 - 3) * (20 - 1) * (45 - 45) * (52 - 15) = 45 * 19 * 0 * 37 = 0
```

Since the bargaining product is 0, this means that there is no allocation that can make everyone strictly better off than their threat point. However, we can still try to find an allocation that is as close as possible to the NBS.

One possible allocation that satisfies the NBS is to give Good A to Person 1, Good B to Person 2, and Good D to Person 3. This allocation gives Person 1 a payoff of 48, Person 2 a payoff of 20, and Person 3 a payoff of 52. This allocation is not Pareto efficient, since there is another allocation that would make Person 2 better off without making Person 1 or Person 3 worse off. However, it is a fair allocation in the sense that it gives each person a payoff that is at least as good as their threat point.

Ultimately, the decision of which allocation is the fairest is up to the individuals involved. However, the NBS can provide a useful starting point for negotiations.",1,2,None,3
79,"**Fair Allocation:**

**Person 1:**

* Good A (Value: 48)

**Person 2:**

* Good B (Value: 20)
* Good C (Value: 40)

**Person 3:**

* Good D (Value: 52)

**Rationale:**

This allocation aims to maximize the total value of the goods allocated to each person while also ensuring fairness.

* Person 1 receives Good A, which has the highest value for them.
* Person 2 receives Good B and Good C, which have the highest combined value for them.
* Person 3 receives Good D, which has the highest value for them.

**Explanation:**

* Person 1 and Person 3 each receive a good with a high value that they value more than the other goods.
* Person 2 receives two goods with a combined value that is higher than the value of any single good for Person 1 or Person 3.
* This allocation does not give any person all of the goods they want, but it gives them the goods that they value the most. It also avoids the waste of goods by not throwing any away.

**Additional Considerations:**

* Different individuals may have different notions of fairness, so it is important to consider their perspectives when determining an allocation.
* It is also possible to use mathematical techniques, such as the Shapley value or the nucleolus, to determine a ""fair"" allocation.
* The allocation chosen in this case is subjective and based on the assumption that each person's value for the goods is accurate and reflects their true preferences.",1,2,2,3
80,"**Fair Allocation:**

**Person 1:** Good A, Good D
**Person 2:** Good B, Good C
**Person 3:** Good C (shared with Person 2)

**Rationale:**

This allocation aims to provide each person with at least one good they highly value while also maximizing the total value of goods allocated.

* **Person 1** receives their most valued good (Good A) and a good (Good D) that they value relatively well.
* **Person 2** receives the goods they value the second and third highest (Good B and Good C).
* **Person 3** receives their most valued good (Good C), but shares it with Person 2. This compromise allows Person 3 to have their highest-valued good and Person 2 to have their second-highest-valued good.

**Total Value of Allocation:** 124

This allocation may not be considered the only fair one, as there may be other subjective preferences and considerations. However, it provides a reasonable solution that balances the individual preferences and maximizes the overall value of the allocation.",1,2,3,1
81,"**Proposed Allocation:**

* **Person 1:** Good A, Good D
* **Person 2:** Good B
* **Person 3:** Good C

**Rationale:**

This allocation aims to maximize the total value for all individuals while ensuring a fair distribution.

* **Person 1:** Receives goods with a total value of 93 (48 + 45).
* **Person 2:** Receives a single good with a value of 20.
* **Person 3:** Receives a good with a value of 45.

**Explanation:**

* Good A has the highest value for Person 1, so it is allocated to them.
* Good D has the second highest value for Person 1, and it is not particularly valuable to the other individuals.
* Good B has the highest value for Person 2, so it is allocated to them.
* Good C has the highest value for Person 3, so it is allocated to them.

**Advantages of this Allocation:**

* It ensures that each person receives at least one good.
* It maximizes the total value for all individuals (93 + 20 + 45 = 158).
* It considers both individual preferences and overall fairness.

**Note:**

Other allocations may be considered fair depending on the individual's preferences and the criteria used to define fairness.",1,2,3,1
82,"**Fair Allocation of Goods**

**Proposed Allocation:**

* Person 1: Good A and Good D
* Person 2: Good B
* Person 3: Good C

**Rationale:**

This allocation is fair because it considers the following principles:

* **Maximizing Total Value:** The total value of the allocation is 179 (48 + 4 + 45 + 15 + 45 + 52), which is the highest possible value that can be achieved without throwing away any goods.

* **Equity:** Each person receives goods with a total value that is proportional to their individual values. Person 1 values Goods A and D the most (93) and receives them, while Person 2 values Good B most (20) and Person 3 values Good C most (45).

* **Avoiding Envy:** No person envies the allocation of another person. For example, Person 2 does not envy Person 1 because Good B, which they value at 20, is allocated to them, rather than to Person 1 who values it at just 4.

* **Efficiency:** All goods are allocated to individuals who value them the most. This ensures that the goods are being utilized most efficiently and that no value is being wasted.

**Justification:**

This allocation considers the individual values of the goods and ensures that the total value is maximized while ensuring equity and avoiding envy. It is a fair and reasonable distribution that respects the preferences of each individual.",1,2,3,1
83,"**Fair Allocation**

To determine a fair allocation, we can consider the following principles:

* **Equity:** Each person should receive a fair share of the goods.
* **Efficiency:** The allocation should maximize the total value obtained from the goods.
* **Envy-Freeness:** No person should prefer another person's allocation to their own.

Using these principles, we can make the following allocation:

* Person 1 receives Good A and Good D.
* Person 2 receives Good B and Good C.
* Person 3 receives nothing.

This allocation satisfies the principles as follows:

* **Equity:** Person 1 receives goods worth 48 + 45 = 93 units, Person 2 receives goods worth 20 + 40 = 60 units, and Person 3 receives nothing. While Person 3 receives no goods, this is fair considering their relatively low valuations for the goods compared to the other two persons.
* **Efficiency:** This allocation maximizes the total value obtained from the goods, with a total value of 93 + 60 = 153 units.
* **Envy-Freeness:** Person 1 would not prefer Person 2's allocation because they value Good A and Good D more than Good B and Good C. Person 2 would not prefer Person 1's allocation for the same reason. Person 3 would not prefer either Person 1's or Person 2's allocation because they have lower valuations for the goods.

**Justification for Throwing Away Good C**

Although Person 3 has a high valuation for Good C, allocating it to them would result in a less fair allocation overall. Person 2 has a higher valuation for Good C than Person 1, and giving it to Person 2 would increase the total value obtained from the goods. Additionally, giving Good C to Person 3 would violate the principle of envy-freeness, as Person 1 would prefer Person 3's allocation to their own. Therefore, it is fair to throw away Good C to ensure a more equitable and efficient allocation.",1,2,None,1
84,"**Fair Allocation:**

**Person 1:**
* Good A (Value: 48)

**Person 2:**
* Good C (Value: 40)

**Person 3:**
* Good D (Value: 52)
* Good B (Value: 1)

**Rationale:**

This allocation is fair because it maximizes the total value for all individuals.

* Person 1 receives Good A, which has the highest value for them.
* Person 2 receives Good C, which has the highest value for them.
* Person 3 receives Good D, which has the highest value for them.
* As a result of the high value Person 3 places on Good C, it is left unallocated.
* To compensate for the unallocated Good C, Person 3 receives Good B, which has the lowest value for all individuals. This ensures they do not receive a significantly lower value than others.

This allocation considers both individual preferences and overall fairness, ensuring that each person receives goods that they value highly.",1,3,2,3
85,"**Fair Allocation:**

To determine a fair allocation, we consider the following criteria:

* **Equity:** Each person should receive a fair share of the total value of the goods.
* **Efficiency:** The allocation should maximize the total value derived from the goods.
* **Envy-Freeness:** No person should prefer the allocation received by another person.

**Step 1: Calculate the Total Value of Each Good**

| Good | Total Value |
|---|---|
| Good A | 75 |
| Good B | 25 |
| Good C | 88 |
| Good D | 112 |

**Step 2: Determine the Fairness Score for Each Person**

The fairness score for each person is calculated as the sum of their values for the goods they receive divided by the total value of the goods.

**Person 1:** Receives Good A and Good D (75 + 112 = 187) / 300 = 0.623
**Person 2:** Receives Good B and Good C (25 + 88 = 113) / 300 = 0.377
**Person 3:** Receives Good C (88) / 300 = 0.293

**Step 3: Evaluate Efficiency and Envy-Freeness**

The total value of the goods under this allocation is 187 + 113 + 88 = 388, which is higher than any other possible allocation.

To assess envy-freeness, we compare each person's fairness score to the fairness scores of the other two. Person 1 has the highest fairness score (0.623), followed by Person 2 (0.377) and Person 3 (0.293). Therefore, no person envies the allocation received by another.

**Conclusion:**

Based on the criteria of equity, efficiency, and envy-freeness, the following allocation is considered fair:

* **Person 1:** Good A and Good D
* **Person 2:** Good B
* **Person 3:** Good C",1,2,3,1
86,"Given the information provided, here is one possible allocation that could be considered fair:

**Person 1:**
* Good A (value: 48)

**Person 2:**
* Good B (value: 20)
* Good C (value: 40)

**Person 3:**
* Good D (value: 52)

In this allocation, each person receives one good. Person 1 receives the good they value the highest (Good A), Person 2 receives the two goods they value the highest (Good B and Good C), and Person 3 receives the good they value the highest (Good D). This allocation ensures that each person receives at least one good that they value highly.

Another possible allocation that could be considered fair is:

**Person 1:**
* Good A (value: 48)
* Good D (value: 45)

**Person 2:**
* Good B (value: 20)
* Good C (value: 40)

**Person 3:**
* None

In this allocation, Person 1 receives the two goods they value the highest (Good A and Good D). Person 2 receives the two goods they value the highest (Good B and Good C). Person 3 does not receive any goods because the remaining good (Good D) is valued higher by Person 1 than by Person 3. This allocation is fair in the sense that it gives priority to the individuals who value the goods the most.

Ultimately, the most fair allocation will depend on the specific values and preferences of the individuals involved. The two allocations provided above are just two examples of possible fair allocations.",1,2,2,3
87,"**Envy-Free Allocation:**

An envy-free allocation is one in which no individual would prefer to have the bundle of goods allocated to any other individual. To find an envy-free allocation in this case, we can start by sorting the goods in decreasing order of value for each person:

| Person 1 | Person 2 | Person 3 |
|---|---|---|
| Good D | Good C | Good D |
| Good A | Good B | Good C |
| Good C | Good A | Good B |
| Good B | Good D | Good A |

We can then allocate the goods in the following order:

* Give Good D to Person 1, who values it the highest.
* Give Good C to Person 2, who values it the second highest.
* Give Good A to Person 1, who values it the second highest.
* Give Good B to Person 2, who values it the highest.

This allocation is envy-free because:

* Person 1 has Good A and Good D, which they value more than any other combination of goods.
* Person 2 has Good B and Good C, which they value more than any other combination of goods.
* Person 3 has Good A and Good B, which they value more than any other combination of goods.

**Equitable Allocation:**

An equitable allocation is one in which each individual receives a bundle of goods that is as close as possible to their average value. To find an equitable allocation, we can calculate the average value of the goods for each person:

| Person | Average Value |
|---|---|
| Person 1 | (48 + 4 + 3 + 45) / 4 = 25 |
| Person 2 | (25 + 20 + 40 + 15) / 4 = 25 |
| Person 3 | (2 + 1 + 45 + 52) / 4 = 25 |

Since the average value is the same for all three individuals, any allocation that gives each person an equal number of goods can be considered equitable. One possible equitable allocation is:

* Give Good A to Person 1.
* Give Good B to Person 2.
* Give Good C to Person 1.
* Give Good D to Person 3.

**Fairness Considerations:**

Both the envy-free and equitable allocations are reasonable and fair in different ways. The envy-free allocation ensures that no individual envies the bundle of goods allocated to any other individual. The equitable allocation ensures that each individual receives a bundle of goods that is as close as possible to their average value.

It is impossible to find an allocation that is both envy-free and equitable, because the two concepts are inherently incompatible. If an allocation is envy-free, then it may not be equitable, because some individuals may receive more valuable goods than others. Conversely, if an allocation is equitable, then it may not be envy-free, because some individuals may prefer the bundle of goods allocated to another individual.

Ultimately, the best choice of allocation depends on the specific circumstances of the situation and the values of the individuals involved.",1,2,2,1
88,"|         | Good A | Good B | Good C | Good D |
| -------- |------- |------- |------- |------- |
| Person 1 | Good A | x      | Good C | x      |
| Person 2 | x      | Good B | x      | Good D |
| Person 3 | x      | x      | x      | Good D |

This allocation is fair because each person receives two goods that they value highly. Person 1 gets Good A and Good C, which they value at 48 and 45, respectively. Person 2 gets Good B and Good D, which they value at 20 and 15, respectively. Person 3 gets Good D, which they value at 52. This allocation gives each person a total value of 93, which is the same for all three people.",1,2,1,2
89,"**Fair Allocation of Goods**

* **Good A:** Person 1 (value: 48)
* **Good B:** Person 2 (value: 20)
* **Good C:** Person 3 (value: 45)
* **Good D:** Person 3 (value: 52)

**Rationale:**

This allocation aims to maximize the total value obtained by all individuals. By assigning Good A to Person 1, Good B to Person 2, Good C to Person 3, and Good D to Person 3, we achieve the following total values:

* Person 1: 48
* Person 2: 20
* Person 3: 97

This allocation ensures that Person 3, who has the highest combined value for Goods C and D, receives both goods. Similarly, Person 1 receives Good A, for which they have the highest value. Person 2, with the highest value for Good B, is allocated that good. This approach ensures a fair distribution based on individual preferences and values.",1,2,3,3
90,"**Allocation 1:**

* Person 1: Good D
* Person 2: Good B
* Person 3: Good C and Good A

**Rationale:**

* **Person 1:** Values Good D the highest at 45, and it would give them the greatest satisfaction.
* **Person 2:** Values Good B the highest at 20, and it would significantly increase their satisfaction compared to other options.
* **Person 3:** Values Good C the highest at 45 and Good A at 48, but they also have the highest value for Good D. By allocating Good C and Good A to them, they receive a total value of 93, which is closest to their highest value out of all the options.

**Allocation 2:**

* Person 1: Good A
* Person 2: Good B
* Person 3: Good C and Good D

**Rationale:**

* **Person 1:** Values Good A the highest at 48, and it would provide them with the greatest satisfaction.
* **Person 2:** Values Good B the highest at 20, and it would provide them with a significant increase in satisfaction compared to other options.
* **Person 3:** Values Good C at 45 and Good D at 52, but they also have a high value for Good A. By allocating Good C and Good D to them, they receive a total value of 97, which is the highest out of all the options.

**Choice of Allocation:**

Both allocations are fair and prioritize the preferences of the individuals. Allocation 2 provides a slightly higher total value to Person 3, but Allocation 1 more evenly distributes the goods among the three individuals.

The choice of allocation depends on the specific circumstances and priorities. If maximizing the overall satisfaction of all individuals is the primary goal, then Allocation 2 is preferable. However, if achieving a more balanced distribution is desired, then Allocation 1 may be more appropriate. Ultimately, the best allocation is the one that best aligns with the values and goals of the individuals involved.",1,2,3,3
91,"**Fair Allocation:**

**Person 1:** Good A, Good D
**Person 2:** Good C
**Person 3:** Good B

**Rationale:**

This allocation maximizes the **total utility** for all three individuals, which is calculated as the sum of their valuations for the goods they receive. The total utility for this allocation is:

```
48 + 4 + 45 + 52 = 149
```

**Alternative Allocations:**

Another possible allocation is:

**Person 1:** Good A, Good C
**Person 2:** Good B, Good D
**Person 3:** None

This allocation has a total utility of 142, which is slightly lower than the first allocation. However, it may be considered fairer because Person 3 does not receive any goods, which could raise concerns about inequity.

**Additional Considerations:**

* **Envy:** There is no envy in the proposed allocation, as no individual would rather have the goods allocated to another person.
* **Equity:** The allocation is equitable because each person receives goods that they value highly.
* **Efficiency:** The allocation is efficient because it maximizes the total utility for all individuals.

Ultimately, the fairest allocation depends on the specific preferences and values of the individuals involved. The allocations presented above are just two possible options that meet the criteria of maximizing utility, fairness, and efficiency.",1,3,2,1
92,"**Fair Allocation:**

* **Person 1:** Good A (value: 48)
* **Person 2:** Good B (value: 20)
* **Person 3:** Good C (value: 45) and Good D (value: 52)

**Rationale:**

This allocation is considered fair based on the following considerations:

* **Equalization of Values:** This allocation ensures that each person receives goods with a total value as close as possible to the average value received (45). Person 1 receives goods worth 48, Person 2 receives goods worth 35, and Person 3 receives goods worth 97.

* **Prioritization of High-Value Goods:** While Person 1 values Good A and Good D more than Person 3, Good D has a significantly higher value for Person 3 (52) than for Person 1 (45). Therefore, it is more equitable to allocate Good D to Person 3.

* **Respect for Individual Preferences:** Each person receives goods that they value most. For instance, Person 1 receives Good A, which they value the most, and Person 2 receives Good B, their second most preferred good.

* **Minimization of Waste:** By allocating all four goods to the individuals, we avoid wasting any resources.

It's important to note that this allocation is subjective and may not be viewed as fair by everyone. However, it takes into account the values expressed by each individual and aims to distribute the goods equitably while respecting individual preferences.",1,2,3,3
93,"**Proposed allocation:**

* **Person 1:** Good D
* **Person 2:** Good C
* **Person 3:** Good A, Good B

**Rationale for the allocation:**

* **Maximizing total utility:** This allocation maximizes the sum of the utilities of the three individuals. Person 1 values Good D the most, Person 2 values Good C the most, and Person 3 values Good A the most and Good B more than Person 2.
* **Fairness:** Each individual receives at least one good. Additionally, the allocation ensures that the difference in the total utility received by each person is minimized.

**Detailed calculation of utilities:**

| Individual | Goods allocated | Total utility |
|---|---|---|
| Person 1 | Good D | 45 |
| Person 2 | Good C | 40 |
| Person 3 | Good A, Good B | 47 |

As you can see, the proposed allocation results in the highest total utility (132) and the smallest difference in utility between the individuals (7).

**Alternative allocation:**

* **Person 1:** Good A
* **Person 2:** Good B, Good D
* **Person 3:** Good C

**Rationale for the alternative allocation:**

* **Envy-freeness:** This allocation ensures that no individual prefers the allocation of another individual. Each person receives a set of goods that they value more than any other allocation.

**Detailed calculation of utilities:**

| Individual | Goods allocated | Total utility |
|---|---|---|
| Person 1 | Good A | 48 |
| Person 2 | Good B, Good D | 35 |
| Person 3 | Good C | 45 |

The alternative allocation also achieves a fair distribution of utilities, with the difference between the individuals being only 13 units. However, it results in a lower total utility (128) compared to the proposed allocation.

Ultimately, the choice between the proposed allocation and the alternative allocation depends on the specific priorities and values of the individuals involved.",3,3,2,1
94,"**Fair Allocation Proposal:**

**Person 1:**

* Good A

**Person 2:**

* Good D

**Person 3:**

* Good C
* Good B

**Explanation:**

This allocation was determined using the following considerations:

* **Maximizing Total Value:** Assigning each good to the person who values it most results in the highest total value for all individuals combined.
* **Equity:** Each person receives a fair share of the total value.
* **Avoidance of Waste:** All goods are allocated, ensuring that none are discarded.

**Justification:**

**Person 1:** Values Good A the most (48) and receives it. They also receive a reasonable value in Good D (45).

**Person 2:** Values Good D the most (15) and receives it. They also receive a small amount of value from Good B (20).

**Person 3:** Values Good C the most (45) and receives it. They also receive a moderately high value from Good B (1).

This allocation balances the interests of all three individuals and results in the fairest outcome overall.",1,3,3,2
95,"**Fair Allocation:**

* **Good A:** Person 1
* **Good B:** Person 2
* **Good C:** Person 3
* **Good D:** Person 3

**Explanation:**

This allocation maximizes the total value of the goods for the individuals involved, while ensuring that each person receives at least one good.

* Person 1 values Good A the most, so they receive it.
* Person 2 values Good B the most, so they receive it.
* Person 3 values Good D the most, so they receive it.
* Person 3 also values Good C the most among the remaining goods, so they receive it.

**Total Value Maximization:**

* Person 1: 48
* Person 2: 20
* Person 3: 45 + 52 = 97

**Total Value:** 165

This allocation ensures that all individuals receive goods that they value highly, while also maximizing the overall value of the allocation.",1,2,3,3
96,"**Nash Bargaining Solution**

The Nash bargaining solution is a bargaining solution that seeks to find a distribution of goods that maximizes the product of each person's utility. In this case, the utility of each person is represented by their respective valuations for the goods.

The Nash bargaining solution can be calculated as follows:

1. Calculate the total value of all the goods: V = 48 + 4 + 3 + 45 + 25 + 20 + 40 + 15 + 2 + 1 + 45 + 52 = 276

2. Calculate the disagreement point, which is the value that each person would receive if they did not agree to a negotiated solution: d = 0

3. Calculate the Nash bargaining solution by maximizing the following function: F(x) = (x1 - d)(x2 - d)(x3 - d)

where x1, x2, and x3 are the valuations of the three persons.

4. Solve for x1, x2, and x3 that maximize F(x).

Using these steps, we can calculate the Nash bargaining solution as follows:

1. V = 276

2. d = 0

3. F(x) = (x1 - 0)(x2 - 0)(x3 - 0) = x1x2x3

4. Maximizing F(x) subject to the constraint that x1 + x2 + x3 = V, we get:
   - x1 = 48
   - x2 = 80
   - x3 = 148

Therefore, the Nash bargaining solution is to allocate Good A to Person 1, Good B and Good C to Person 2, and Good D to Person 3.",1,2,2,3
97,"**Fair Allocation:**

* **Good A:** Person 1
* **Good B:** Person 2
* **Good C:** Person 3
* **Good D:** Person 3

**Justification:**

This allocation maximizes the total value that the goods provide to the individuals:

* Person 1 values Good A the most, and no one else values it as much.
* Person 2 values Good B the most, and no one else values it as much.
* Person 3 values both Good C and Good D the most, and no one else values them as much.

By allocating the goods in this way, we ensure that each person receives the good that they value the most. This is a fair allocation because it balances the preferences and needs of all three individuals.

**Alternative Allocation:**

It is also possible to allocate the goods differently, but it would result in a lower total value:

* **Good A:** Person 2
* **Good B:** Person 1
* **Good C:** Person 3
* **Good D:** Person 1

While this allocation still ensures that each person receives a good that they value, it results in a lower total value because Person 1's value for Good A (48) is greater than their value for Good B (4).

**Conclusion:**

The allocation proposed above is considered fair because it maximizes the total value that the goods provide to the individuals and balances their preferences and needs.",1,2,3,3
98,"**Fair Allocation:**

* **Person 1:** Good A
* **Person 2:** Good B
* **Person 3:** Good C and Good D

**Reasoning:**

This allocation is considered fair because it maximizes the total value obtained by all three individuals. Here's the calculation:

* **Person 1:** Value of Good A = 48
* **Person 2:** Value of Good B = 20
* **Person 3:** Value of Good C + Good D = 45 + 52 = 97

**Total Value = 48 + 20 + 97 = 165**

Alternative allocations may result in a lower total value. For example:

* If Person 1 gets Good B instead of Good A, then the total value would be 45 + 20 + 97 = 162.
* If Person 2 gets Good A instead of Good B, then the total value would be 25 + 45 + 97 = 167.

Therefore, the allocation that gives Good A to Person 1, Good B to Person 2, and Good C and Good D to Person 3 is the fairest in terms of maximizing the total value obtained by all individuals.",1,2,3,3
99,"**Fair Allocation:**

**Person 1:**
* Good A (Value: 48)

**Person 2:**
* Good B (Value: 20)
* Good C (Value: 40)

**Person 3:**
* Good D (Value: 52)

**Explanation:**

This allocation considers the following principles of fairness:

* **Equity:** Each person receives goods with a total value that is close to the highest value among them.
    * Person 1: Value of 48
    * Person 2: Value of 60
    * Person 3: Value of 52
* **Maximizing Total Utility:** This allocation maximizes the total value of the goods allocated to all individuals:
    * Total Value: 200 (48 + 20 + 40 + 52 + 3 + 1 + 45 + 15)
* **Respecting Individual Preferences:** The allocation gives the highest-valued goods to the individuals who value them the most.
    * Person 1 values Good A the most.
    * Person 2 values Goods B and C the most.
    * Person 3 values Good D the most.

This allocation also avoids the following:

* **Jealousy:** No person receives a good that they value significantly less than another person.
* **Waste:** No good is discarded due to lack of value.",1,2,2,3
