,Text,Tokens,Good A,Good B,Good C
0,"A classic problem of resource allocation!

To determine the most desirable allocation, I'll use a simple principle: allocate each good to the person who values it the most. This principle is known as the ""efficient allocation"" or ""Pareto optimal allocation"".

Let's analyze the values for each good:

**Good A**:
Person 1 values it at 45, while Person 2 values it at 35. Therefore, I'll allocate Good A to **Person 1**.

**Good B**:
Person 1 values it at 20, while Person 2 values it at 40. Therefore, I'll allocate Good B to **Person 2**.

**Good C**:
Person 1 values it at 35, while Person 2 values it at 25. Therefore, I'll allocate Good C to **Person 1**.

The resulting allocation is:

* Person 1: Good A (45) and Good C (35)
* Person 2: Good B (40)

This allocation is efficient because it maximizes the total value created by the allocation. If we were to swap any of the goods, the total value would decrease. For example, if we gave Good A to Person 2 instead, the total value would decrease by 10 (45 - 35). Similarly, if we gave Good C to Person 2, the total value would decrease by 10 (35 - 25).

This allocation is also Pareto optimal, meaning that we cannot make one person better off without making the other person worse off.",0,1,2,1
1,"A classic problem of resource allocation!

To determine the most desirable allocation, I'll use a simple yet effective approach: I'll calculate the total value that each person can get from each good and then allocate the goods to maximize the overall total value.

Let's analyze the values:

**Good A:**
Person 1 values Good A at 45, while Person 2 values it at 35. Allocating Good A to Person 1 generates more value (45 > 35).

**Good B:**
Person 1 values Good B at 20, while Person 2 values it at 40. Allocating Good B to Person 2 generates more value (40 > 20).

**Good C:**
Person 1 values Good C at 35, while Person 2 values it at 25. Allocating Good C to Person 1 generates more value (35 > 25).

Now, let's allocate the goods to maximize the overall total value:

* Good A → Person 1 (value: 45)
* Good B → Person 2 (value: 40)
* Good C → Person 1 (value: 35)

The total value generated by this allocation is: 45 + 40 + 35 = 120

This allocation is the most desirable because it maximizes the overall total value, ensuring that each good is allocated to the person who values it the most.",0,1,2,1
2,"A classic problem of resource allocation!

To determine the most desirable allocation, I will use the concept of efficiency, which in this case means allocating the goods to the individual who values them the most. This approach is known as the ""efficient allocation"" or ""Pareto optimal allocation"".

Let's analyze the values each person assigns to each good:

**Good A**:
Person 1 values Good A at 45, while Person 2 values it at 35. Therefore, it is more valuable to Person 1, so I will allocate Good A to Person 1.

**Good B**:
Person 1 values Good B at 20, while Person 2 values it at 40. Therefore, it is more valuable to Person 2, so I will allocate Good B to Person 2.

**Good C**:
Person 1 values Good C at 35, while Person 2 values it at 25. Therefore, it is more valuable to Person 1, so I will allocate Good C to Person 1.

The resulting allocation is:

* Person 1: Good A (valued at 45), Good C (valued at 35)
* Person 2: Good B (valued at 40)

This allocation is efficient because it maximizes the total value of the goods allocated. If I were to allocate Good A to Person 2 instead of Person 1, the total value would decrease by 10 (45 - 35). Similarly, if I were to allocate Good C to Person 2 instead of Person 1, the total value would decrease by 10 (35 - 25).

By allocating the goods to the individual who values them the most, I have achieved an efficient allocation that maximizes the total value of the goods allocated.",0,1,2,1
3,"A classic problem of resource allocation!

To determine the most desirable allocation, I'll use a simple yet effective method: I'll calculate the total value that each person derives from each good and then allocate the goods to the person who values them the most.

Here are the values for each person:

**Person 1:**

* Good A: 45
* Good B: 20
* Good C: 35

**Person 2:**

* Good A: 35
* Good B: 40
* Good C: 25

Now, let's allocate the goods:

1. **Good A:** Person 1 values Good A more than Person 2 (45 > 35), so I'll allocate Good A to Person 1.
2. **Good B:** Person 2 values Good B more than Person 1 (40 > 20), so I'll allocate Good B to Person 2.
3. **Good C:** Person 1 values Good C more than Person 2 (35 > 25), so I'll allocate Good C to Person 1.

The allocation I think is most desirable is:

* Person 1: Good A, Good C
* Person 2: Good B

This allocation maximizes the total value derived by both individuals: Person 1 gets 45 + 35 = 80, and Person 2 gets 40. The total value of this allocation is 80 + 40 = 120, which is the highest possible value among all possible allocations.",0,1,2,1
4,"A classic problem in microeconomics!

To determine the most desirable allocation, I'll use the concept of efficiency, specifically Pareto optimality. The goal is to allocate the goods in a way that maximizes the total value created.

Let's analyze the values of each good for both individuals:

| Good | Person 1's Value | Person 2's Value |
| --- | --- | --- |
| A    | 45            | 35            |
| B    | 20            | 40            |
| C    | 35            | 25            |

To find the optimal allocation, I'll consider each good separately:

1. **Good A**: Person 1 values Good A more than Person 2 (45 > 35). Therefore, it's optimal to allocate Good A to Person 1.
2. **Good B**: Person 2 values Good B more than Person 1 (40 > 20). Therefore, it's optimal to allocate Good B to Person 2.
3. **Good C**: Person 1 values Good C more than Person 2 (35 > 25). Therefore, it's optimal to allocate Good C to Person 1.

The optimal allocation is:

* Person 1: Good A, Good C
* Person 2: Good B

This allocation is Pareto optimal because it's impossible to reallocate the goods to make one person better off without making the other person worse off. The total value created by this allocation is:

Person 1's total value: 45 (Good A) + 35 (Good C) = 80
Person 2's total value: 40 (Good B) = 40

The total value created by this allocation is 80 + 40 = 120, which is the maximum possible value among all possible allocations.",0,1,2,1
5,"A classic problem in microeconomics!

To determine the most desirable allocation, we can use the concept of Pareto efficiency. A Pareto efficient allocation is one where no individual can be made better off without making someone else worse off.

Let's analyze the situation:

1. Good A: Person 1 values it at 45, Person 2 values it at 35. It's better to allocate Good A to Person 1, as they value it more.
2. Good B: Person 1 values it at 20, Person 2 values it at 40. It's better to allocate Good B to Person 2, as they value it more.
3. Good C: Person 1 values it at 35, Person 2 values it at 25. It's better to allocate Good C to Person 1, as they value it more.

So, the most desirable allocation is:

* Person 1: Good A (value: 45) and Good C (value: 35)
* Person 2: Good B (value: 40)

This allocation is Pareto efficient, as it is not possible to reallocate the goods in a way that would make one person better off without making the other person worse off.

By allocating the goods in this way, we maximize the total value of the allocation, which is 45 + 40 + 35 = 120. Any other allocation would result in a lower total value.",0,1,2,1
6,"A classic problem of allocating indivisible goods!

To determine the most desirable allocation, I'll use a simple yet effective method: I'll calculate the total value created by each possible allocation and choose the one that maximizes the total value.

Here are the possible allocations:

1. Allocate Good A to Person 1, Good B to Person 2, Good C to Person 1:
	* Person 1 gets Good A (value 45) and Good C (value 35) = 80
	* Person 2 gets Good B (value 40) = 40
	Total value: 80 + 40 = 120
2. Allocate Good A to Person 1, Good B to Person 1, Good C to Person 2:
	* Person 1 gets Good A (value 45) and Good B (value 20) = 65
	* Person 2 gets Good C (value 25) = 25
	Total value: 65 + 25 = 90
3. Allocate Good A to Person 2, Good B to Person 1, Good C to Person 1:
	* Person 1 gets Good B (value 20) and Good C (value 35) = 55
	* Person 2 gets Good A (value 35) = 35
	Total value: 55 + 35 = 90
4. Allocate Good A to Person 2, Good B to Person 2, Good C to Person 1:
	* Person 1 gets Good C (value 35) = 35
	* Person 2 gets Good A (value 35) and Good B (value 40) = 75
	Total value: 35 + 75 = 110

After calculating the total value for each possible allocation, I conclude that the most desirable allocation is:

**Allocate Good A to Person 1, Good B to Person 2, Good C to Person 1**

This allocation creates a total value of 120, which is the maximum among all possible allocations.

By allocating Good A to Person 1, Good B to Person 2, and Good C to Person 1, we ensure that the goods are allocated to the individuals who value them the most, resulting in the highest total value.",0,1,2,1
7,"A classic problem of resource allocation! Let's analyze the situation and find an optimal allocation.

To determine the most desirable allocation, we need to consider the values that each person assigns to each good. We can create a table to visualize the preferences:

| Good | Person 1's Value | Person 2's Value |
| --- | --- | --- |
| A | 45 | 35 |
| B | 20 | 40 |
| C | 35 | 25 |

To find the optimal allocation, we can use the concept of Pareto efficiency. In essence, we want to allocate the goods in a way that maximizes the total value created.

Here's a step-by-step approach to find the optimal allocation:

1. Identify the good with the highest total value: Good B has a total value of 20 (Person 1) + 40 (Person 2) = 60. This is the highest total value among all goods.
2. Assign Good B to the person who values it the most: Person 2 values Good B the most (40), so we assign it to them.
3. Allocate the remaining goods: Now, we have two goods left: Good A and Good C.
4. Identify the good with the next highest total value: Good A has a total value of 45 (Person 1) + 35 (Person 2) = 80. This is the highest total value among the remaining goods.
5. Assign Good A to the person who values it the most: Person 1 values Good A the most (45), so we assign it to them.
6. Allocate the last good: We have only Good C left. Person 1 values it at 35, and Person 2 values it at 25. We assign Good C to Person 1, as they value it more.

The resulting allocation is:

* Person 1: Good A, Good C
* Person 2: Good B

This allocation is Pareto efficient because it maximizes the total value created. Person 1 gets the goods they value the most (Good A and Good C), and Person 2 gets the good they value the most (Good B).",0,1,2,1
8,"A classic problem in economics!

To determine the most desirable allocation, I'll use a simple yet effective method called the ""Efficient Allocation"" or ""Pareto Optimality"" approach.

The idea is to allocate the goods in a way that maximizes the total value created for both individuals. Here's how I'll do it:

1. For each good, compare the values of Person 1 and Person 2.
2. Assign the good to the person who values it the most.

Let's apply this approach to each good:

**Good A**
Person 1's value: 45
Person 2's value: 35
 Allocate Good A to Person 1 (highest value)

**Good B**
Person 1's value: 20
Person 2's value: 40
 Allocate Good B to Person 2 (highest value)

**Good C**
Person 1's value: 35
Person 2's value: 25
 Allocate Good C to Person 1 (highest value)

The resulting allocation is:

* Person 1: Good A, Good C
* Person 2: Good B

This allocation is the most desirable because it maximizes the total value created for both individuals. The total value created is:

Person 1: 45 (Good A) + 35 (Good C) = 80
Person 2: 40 (Good B) = 40
Total value: 80 + 40 = 120

Any other allocation would result in a lower total value. For example, if we were to give Good A to Person 2, the total value would be:

Person 1: 35 (Good C) = 35
Person 2: 35 (Good A) + 40 (Good B) = 75
Total value: 35 + 75 = 110

This allocation is not as desirable as the original one, as the total value created is lower.

Therefore, the most desirable allocation is: Person 1 gets Good A and Good C, and Person 2 gets Good B.",0,1,2,1
9,"A classic problem of resource allocation!

To determine the most desirable allocation, I'll use the concept of efficiency, specifically Pareto efficiency. The goal is to allocate the goods in a way that maximizes the overall value or satisfaction of both individuals.

Let's analyze the given values:

**Person 1's values:**

* Good A: 45
* Good B: 20
* Good C: 35

**Person 2's values:**

* Good A: 35
* Good B: 40
* Good C: 25

To find the most desirable allocation, I'll look for the allocation that maximizes the total value across both individuals.

Here's the allocation that I propose:

* Allocate Good A to Person 1 (value: 45)
* Allocate Good B to Person 2 (value: 40)
* Allocate Good C to Person 1 (value: 35)

This allocation results in a total value of: 45 + 40 + 35 = 120

Why is this allocation desirable?

1. **Efficiency**: This allocation maximizes the total value across both individuals. No other allocation can increase the total value without decreasing the value for one of the individuals.
2. **Individual values**: Each individual receives goods with high values. Person 1 gets Good A and Good C, which have higher values for them than Good B. Person 2 gets Good B, which has a higher value for them than Good A or Good C.

By allocating the goods in this way, we achieve a Pareto efficient allocation, which means that it is not possible to make one individual better off without making the other individual worse off.",0,1,2,1
10,"A classic problem of allocation!

To determine the most desirable allocation, I'll use a simple yet effective approach: maximize the total value of the allocation.

Let's analyze the values each person has for each good:

**Good A**:
Person 1 values it at 45, while Person 2 values it at 35. Since Person 1 values it more, I'll allocate Good A to Person 1.

**Good B**:
Person 1 values it at 20, while Person 2 values it at 40. Since Person 2 values it more, I'll allocate Good B to Person 2.

**Good C**:
Person 1 values it at 35, while Person 2 values it at 25. Since Person 1 values it more, I'll allocate Good C to Person 1.

The resulting allocation is:

* Person 1: Good A (45) and Good C (35) = Total value: 80
* Person 2: Good B (40) = Total value: 40

This allocation maximizes the total value, which is 80 + 40 = 120.

Therefore, the most desirable allocation is:

* Good A to Person 1
* Good B to Person 2
* Good C to Person 1",0,1,2,1
11,"A classic problem of resource allocation!

To determine the most desirable allocation, I will use a simple and intuitive approach called the ""efficiency criterion"" or ""Pareto efficiency"". The goal is to allocate the goods in a way that maximizes the total value generated for both individuals.

Let's analyze the values of each good for each person:

| Good | Person 1's value | Person 2's value |
| --- | --- | --- |
| A | 45 | 35 |
| B | 20 | 40 |
| C | 35 | 25 |

To maximize the total value, I will allocate each good to the person who values it the most:

1. Good A: Person 1 values it more (45 > 35), so I allocate Good A to Person 1.
2. Good B: Person 2 values it more (40 > 20), so I allocate Good B to Person 2.
3. Good C: Person 1 values it more (35 > 25), so I allocate Good C to Person 1.

The resulting allocation is:

* Person 1: Good A, Good C
* Person 2: Good B

This allocation is Pareto efficient because it is not possible to reallocate the goods in a way that would make one person better off without making the other person worse off.

The total value generated by this allocation is: 45 (Good A) + 35 (Good C) = 80 for Person 1, and 40 (Good B) for Person 2. This allocation maximizes the total value created for both individuals.",0,1,2,1
12,"A classic problem of resource allocation!

To determine the most desirable allocation, let's analyze the values each person has for each good. We want to maximize the total value of the allocation.

Here are the values for each good:

**Good A**: Person 1 values it at 45, Person 2 values it at 35. It's clear that Person 1 values Good A more than Person 2.

**Good B**: Person 1 values it at 20, Person 2 values it at 40. In this case, Person 2 values Good B more than Person 1.

**Good C**: Person 1 values it at 35, Person 2 values it at 25. Again, Person 1 values Good C more than Person 2.

Based on these values, the most desirable allocation would be:

* Allocate Good A to Person 1 (value: 45)
* Allocate Good B to Person 2 (value: 40)
* Allocate Good C to Person 1 (value: 35)

This allocation yields a total value of 45 + 40 + 35 = 120.

If we were to allocate the goods in a different way, the total value would be lower. For example, if we allocated Good A to Person 2, the total value would be 35 + 40 + 35 = 110, which is lower than 120.

Therefore, the most desirable allocation is to give Good A and Good C to Person 1, and Good B to Person 2.",0,1,2,1
13,"A classic problem of resource allocation!

To determine the most desirable allocation, I'll use a simple yet effective method: the Value-Maximizing Allocation (VMA). The idea is to allocate each good to the person who values it the most.

Let's evaluate the values of each good for each person:

**Good A**:
Person 1: 45
Person 2: 35
Allocate Good A to Person 1, as they value it more.

**Good B**:
Person 1: 20
Person 2: 40
Allocate Good B to Person 2, as they value it more.

**Good C**:
Person 1: 35
Person 2: 25
Allocate Good C to Person 1, as they value it more.

The resulting allocation is:

* Person 1: Good A, Good C
* Person 2: Good B

This allocation maximizes the total value of the goods, as each good is allocated to the person who values it the most. This outcome is Pareto efficient, meaning that no other allocation can make one person better off without making the other person worse off.",0,1,2,1
14,"A classic problem of resource allocation!

To determine the most desirable allocation, I will use a simple yet effective method called the ""Efficient Allocation"" or ""Value Maximization"" approach. The idea is to allocate the goods to the individuals who value them the most.

Here are the steps:

1. Calculate the total value of each good for both individuals.
2. Allocate each good to the individual who values it the most.

Let's do it:

**Good A:**
Person 1's value: 45
Person 2's value: 35
Allocate Good A to Person 1 (higher value)

**Good B:**
Person 1's value: 20
Person 2's value: 40
Allocate Good B to Person 2 (higher value)

**Good C:**
Person 1's value: 35
Person 2's value: 25
Allocate Good C to Person 1 (higher value)

The resulting allocation is:

* Person 1: Good A and Good C
* Person 2: Good B

This allocation is the most desirable because it maximizes the total value of the goods allocated. The total value of the allocation is:

Person 1: 45 (Good A) + 35 (Good C) = 80
Person 2: 40 (Good B) = 40
Total value: 80 + 40 = 120

This allocation is efficient because it allocates each good to the individual who values it the most, resulting in the highest total value possible.",0,1,2,1
15,"A classic problem of resource allocation!

To determine the most desirable allocation, I'll use a simple yet effective approach: I'll calculate the total value created by each possible allocation and choose the one that maximizes the total value.

Let's analyze the possible allocations:

**Allocation 1:**

* Person 1 gets Good A, Person 2 gets Good B and Good C
* Total value created: 45 (Person 1's value for Good A) + 40 (Person 2's value for Good B) + 25 (Person 2's value for Good C) = 110

**Allocation 2:**

* Person 1 gets Good A and Good C, Person 2 gets Good B
* Total value created: 45 (Person 1's value for Good A) + 35 (Person 1's value for Good C) + 40 (Person 2's value for Good B) = 120

**Allocation 3:**

* Person 1 gets Good B, Person 2 gets Good A and Good C
* Total value created: 20 (Person 1's value for Good B) + 35 (Person 2's value for Good A) + 25 (Person 2's value for Good C) = 80

**Allocation 4:**

* Person 1 gets Good B and Good C, Person 2 gets Good A
* Total value created: 20 (Person 1's value for Good B) + 35 (Person 1's value for Good C) + 35 (Person 2's value for Good A) = 90

**Allocation 5:**

* Person 1 gets nothing, Person 2 gets all goods
* Total value created: 35 (Person 2's value for Good A) + 40 (Person 2's value for Good B) + 25 (Person 2's value for Good C) = 100

**Allocation 6:**

* Person 1 gets all goods, Person 2 gets nothing
* Total value created: 45 (Person 1's value for Good A) + 20 (Person 1's value for Good B) + 35 (Person 1's value for Good C) = 100

After calculating the total value created by each possible allocation, I conclude that the most desirable allocation is:

**Allocation 2:**

* Person 1 gets Good A and Good C, Person 2 gets Good B
* Total value created: 120

This allocation maximizes the total value created, making it the most desirable allocation.",0,1,2,1
16,"A classic problem of resource allocation!

To determine the most desirable allocation, we need to consider the values that each person attaches to each good. We want to allocate the goods in a way that maximizes the total value to both individuals.

Let's analyze the values:

**Person 1:**

* Good A: 45
* Good B: 20
* Good C: 35

**Person 2:**

* Good A: 35
* Good B: 40
* Good C: 25

Here's a suggested allocation:

1. **Good A**: Allocate to Person 1, since their value (45) is higher than Person 2's value (35).
2. **Good B**: Allocate to Person 2, since their value (40) is higher than Person 1's value (20).
3. **Good C**: Allocate to Person 1, since their value (35) is higher than Person 2's value (25).

This allocation maximizes the total value to both individuals:

* Person 1: 45 (Good A) + 35 (Good C) = 80
* Person 2: 40 (Good B) = 40
* Total value: 80 + 40 = 120

This allocation is Pareto optimal, meaning that it is impossible to make one person better off without making the other person worse off. Therefore, this is the most desirable allocation.",0,1,2,1
17,"A classic problem in microeconomics!

To determine the most desirable allocation, I'll use the concept of Pareto optimality, which states that an allocation is Pareto optimal if it is impossible to make one person better off without making someone else worse off.

Let's analyze the values of each person for each good:

**Good A**: Person 1 values it at 45, while Person 2 values it at 35. Since Person 1 values it more, it's best to allocate Good A to Person 1.

**Good B**: Person 1 values it at 20, while Person 2 values it at 40. Since Person 2 values it more, it's best to allocate Good B to Person 2.

**Good C**: Person 1 values it at 35, while Person 2 values it at 25. Since Person 1 values it more, it's best to allocate Good C to Person 1.

Therefore, the most desirable allocation is:

* Allocate Good A to Person 1 (value: 45)
* Allocate Good B to Person 2 (value: 40)
* Allocate Good C to Person 1 (value: 35)

This allocation is Pareto optimal because:

* Person 1 gets the goods they value most (A and C), and Person 2 gets the good they value most (B).
* No other allocation can make one person better off without making the other person worse off.

By allocating the goods in this way, we maximize the total value created for both individuals: 45 + 40 + 35 = 120.",0,1,2,1
18,"A classic problem of resource allocation!

To determine the most desirable allocation, I'll use the concept of efficiency, which is a core principle in economics. In this case, I'll aim to maximize the total value generated by the allocation.

Let's analyze the values each person assigns to each good:

**Person 1:**

* Good A: 45
* Good B: 20
* Good C: 35

**Person 2:**

* Good A: 35
* Good B: 40
* Good C: 25

To find the optimal allocation, I'll consider the highest value each person assigns to each good and allocate the good to that person. If a good is allocated to a person, it means the other person doesn't receive it.

**Optimal Allocation:**

1. **Good A:** Person 1 values it at 45, while Person 2 values it at 35. Allocate Good A to Person 1.
2. **Good B:** Person 2 values it at 40, while Person 1 values it at 20. Allocate Good B to Person 2.
3. **Good C:** Person 1 values it at 35, while Person 2 values it at 25. Allocate Good C to Person 1.

The resulting allocation is:

* Person 1: Good A, Good C
* Person 2: Good B

This allocation maximizes the total value generated, as each good is allocated to the person who values it the most.

**Total value generated:**

* Person 1: 45 (Good A) + 35 (Good C) = 80
* Person 2: 40 (Good B) = 40
* Total value: 80 + 40 = 120

This allocation is Pareto efficient, meaning that it is impossible to reallocate the goods in a way that would make one person better off without making the other person worse off.",0,1,2,1
19,"A classic problem of resource allocation!

To determine the most desirable allocation, I'll use a simple and intuitive approach based on the values provided by each person. I'll try to maximize the total value created by the allocation.

Here are the steps I'll follow:

1. Calculate the total value for each good across both individuals.
2. Identify the good with the highest total value and allocate it to the person who values it the most.
3. Repeat steps 1 and 2 for the remaining goods.

Let's do the math:

**Total values for each good:**

* Good A: 45 (Person 1) + 35 (Person 2) = 80
* Good B: 20 (Person 1) + 40 (Person 2) = 60
* Good C: 35 (Person 1) + 25 (Person 2) = 60

** Allocation:**

1. Good A has the highest total value (80). Person 1 values it the most (45), so I'll allocate Good A to Person 1.
2. Next, I'll consider Good B, which has a total value of 60. Person 2 values it the most (40), so I'll allocate Good B to Person 2.
3. Finally, I'll consider Good C, which also has a total value of 60. Person 1 values it more (35), so I'll allocate Good C to Person 1.

**Final allocation:**

* Person 1: Good A (45), Good C (35)
* Person 2: Good B (40)

This allocation maximizes the total value created, which is:
45 + 35 + 40 = 120

By allocating the goods in this way, I've created a total value of 120, which is the highest possible value that can be achieved with these indivisible goods.",0,1,2,1
20,"A classic problem in microeconomics!

To determine the most desirable allocation, I will use the concept of Pareto efficiency, which means that no individual can be made better off without making someone else worse off.

Let's analyze the situation:

**Person 1's values:**
Good A: 45
Good B: 20
Good C: 35

**Person 2's values:**
Good A: 35
Good B: 40
Good C: 25

To find the most desirable allocation, I will look for the allocation that maximizes the total value created.

Here are the possible allocations:

1. Give Good A to Person 1 (value: 45), Good B to Person 2 (value: 40), and Good C to Person 1 (value: 35).
Total value: 45 + 40 + 35 = 120
2. Give Good A to Person 2 (value: 35), Good B to Person 2 (value: 40), and Good C to Person 1 (value: 35).
Total value: 35 + 40 + 35 = 110
3. Give Good A to Person 1 (value: 45), Good B to Person 1 (value: 20), and Good C to Person 2 (value: 25).
Total value: 45 + 20 + 25 = 90
4. Give Good A to Person 2 (value: 35), Good B to Person 1 (value: 20), and Good C to Person 1 (value: 35).
Total value: 35 + 20 + 35 = 90

The most desirable allocation is the one that maximizes the total value created, which is:

**Allocation 1:** Give Good A to Person 1 (value: 45), Good B to Person 2 (value: 40), and Good C to Person 1 (value: 35).

This allocation creates a total value of 120, which is the highest among all possible allocations. Therefore, this is the most desirable allocation.

In this allocation, Person 1 receives Good A and Good C, which are worth 45 and 35, respectively, for a total value of 80. Person 2 receives Good B, which is worth 40. This allocation is Pareto efficient because it is not possible to make one person better off without making the other person worse off.",0,1,2,1
21,"A classic problem of resource allocation!

To determine the most desirable allocation, I'll use a simple yet effective method: I'll calculate the total value of each possible allocation and choose the one that maximizes the total value.

Let's analyze the possible allocations:

**Allocation 1:** Give Good A to Person 1, Good B to Person 2, and Good C to Person 1.
Total value: 45 (Person 1's value for Good A) + 40 (Person 2's value for Good B) + 35 (Person 1's value for Good C) = 120

**Allocation 2:** Give Good A to Person 2, Good B to Person 1, and Good C to Person 1.
Total value: 35 (Person 2's value for Good A) + 20 (Person 1's value for Good B) + 35 (Person 1's value for Good C) = 90

**Allocation 3:** Give Good A to Person 1, Good B to Person 1, and Good C to Person 2.
Total value: 45 (Person 1's value for Good A) + 20 (Person 1's value for Good B) + 25 (Person 2's value for Good C) = 90

**Allocation 4:** Give Good A to Person 2, Good B to Person 2, and Good C to Person 1.
Total value: 35 (Person 2's value for Good A) + 40 (Person 2's value for Good B) + 35 (Person 1's value for Good C) = 110

After calculating the total value for each possible allocation, I can conclude that **Allocation 1** is the most desirable, with a total value of 120. This allocation maximizes the overall value of the goods to both individuals.

Therefore, I would allocate the goods as follows:

* Good A to Person 1 (value: 45)
* Good B to Person 2 (value: 40)
* Good C to Person 1 (value: 35)

This allocation is efficient, as it maximizes the total value of the goods to both individuals.",0,1,2,1
22,"A classic problem of resource allocation!

To determine the most desirable allocation, I'll use a simple yet effective method: the Efficient Allocation method, also known as the Vickrey-Clarke-Groves (VCG) mechanism.

Here's how it works:

1. Calculate the total value of each good for each person.
2. Assign each good to the person who values it the most.

Let's calculate the total values:

**Good A:**
Person 1 values Good A at 45, while Person 2 values it at 35. So, Good A should be allocated to **Person 1** with a value of 45.

**Good B:**
Person 1 values Good B at 20, while Person 2 values it at 40. So, Good B should be allocated to **Person 2** with a value of 40.

**Good C:**
Person 1 values Good C at 35, while Person 2 values it at 25. So, Good C should be allocated to **Person 1** with a value of 35.

The final allocation is:

* Good A: Allocate to Person 1 (value: 45)
* Good B: Allocate to Person 2 (value: 40)
* Good C: Allocate to Person 1 (value: 35)

This allocation is Pareto efficient, meaning that no other allocation can make one person better off without making the other person worse off.

By allocating the goods in this way, we maximize the total value generated by the allocation, which is 45 + 40 + 35 = 120.",0,1,2,1
23,"A classic problem of resource allocation!

To determine the most desirable allocation, I will use a simple yet effective method: the Pareto Efficient Allocation.

The goal is to allocate the goods in a way that maximizes the total value obtained by both individuals. To do this, I will compare the values each person assigns to each good and allocate the goods to the person who values them the most.

Here's the allocation:

1. Good A: Person 1 values it at 45, while Person 2 values it at 35. Allocate Good A to Person 1, as they value it more.
2. Good B: Person 1 values it at 20, while Person 2 values it at 40. Allocate Good B to Person 2, as they value it more.
3. Good C: Person 1 values it at 35, while Person 2 values it at 25. Allocate Good C to Person 1, as they value it more.

The resulting allocation is:

* Person 1: Good A (45) + Good C (35) = 80
* Person 2: Good B (40) = 40

This allocation is Pareto Efficient because it is impossible to reallocate the goods to make one person better off without making the other person worse off.

In this allocation, the total value obtained by both individuals is maximized: 80 + 40 = 120. This is the most desirable allocation, as it optimizes the overall value created by allocating the goods.",0,1,2,1
24,"A classic problem of resource allocation! Let's analyze the situation and determine the most desirable allocation.

To allocate the goods in a way that maximizes the overall value, we need to consider the preferences of both individuals. We can do this by looking at the values each person assigns to each good.

**Good A:**
Person 1 values Good A at 45, while Person 2 values it at 35. Since Person 1 values it more, it makes sense to allocate Good A to Person 1.

**Good B:**
Person 1 values Good B at 20, while Person 2 values it at 40. Since Person 2 values it more, it makes sense to allocate Good B to Person 2.

**Good C:**
Person 1 values Good C at 35, while Person 2 values it at 25. Since Person 1 values it more, it makes sense to allocate Good C to Person 1.

Based on this analysis, the most desirable allocation is:

* Good A → Person 1 (value: 45)
* Good B → Person 2 (value: 40)
* Good C → Person 1 (value: 35)

This allocation maximizes the total value created, which is 45 + 40 + 35 = 120.",0,1,2,1
25,"A classic problem in microeconomics!

To determine the most desirable allocation, we can use the concept of Pareto efficiency. A Pareto efficient allocation is one where no individual can be made better off without making someone else worse off.

Let's analyze the values of each good for both individuals:

| Good | Person 1's value | Person 2's value |
| --- | --- | --- |
| A | 45 | 35 |
| B | 20 | 40 |
| C | 35 | 25 |

To find the most desirable allocation, we need to maximize the total value generated by the allocation. We can do this by assigning each good to the person who values it the most.

1. Good A: Person 1 values it more (45) than Person 2 (35), so allocate Good A to Person 1.
2. Good B: Person 2 values it more (40) than Person 1 (20), so allocate Good B to Person 2.
3. Good C: Person 1 values it more (35) than Person 2 (25), so allocate Good C to Person 1.

The resulting allocation is:

* Person 1: Good A (45) and Good C (35)
* Person 2: Good B (40)

This allocation is Pareto efficient, as no individual can be made better off without making the other worse off. The total value generated by this allocation is 45 + 35 + 40 = 120, which is the maximum possible value.

Note that if we were to allocate the goods differently, the total value would be lower. For example, if we gave Good A to Person 2 and Good B to Person 1, the total value would be 35 + 20 + 35 = 90, which is less than the optimal allocation.",0,1,2,1
26,"A classic problem in microeconomics!

To determine the most desirable allocation, I'll use the concept of efficiency, specifically Pareto efficiency. The goal is to allocate the goods in a way that maximizes the total value of the goods to both individuals.

Let's analyze the values of each good for each person:

1. Good A:
	* Person 1 values it at 45
	* Person 2 values it at 35
	* Allocate Good A to Person 1 (higher value)
2. Good B:
	* Person 1 values it at 20
	* Person 2 values it at 40
	* Allocate Good B to Person 2 (higher value)
3. Good C:
	* Person 1 values it at 35
	* Person 2 values it at 25
	* Allocate Good C to Person 1 (higher value)

The allocation that maximizes the total value is:

* Person 1: Good A (45) and Good C (35) => Total value: 80
* Person 2: Good B (40) => Total value: 40

This allocation is Pareto efficient because it is not possible to reallocate the goods in a way that makes one person better off without making the other person worse off. The total value of the allocation is 80 + 40 = 120, which is the maximum possible value.

Therefore, the most desirable allocation is:

* Person 1 receives Good A and Good C
* Person 2 receives Good B",0,1,2,1
27,"A classic problem of resource allocation!

To determine the most desirable allocation, I'll use a simple yet effective approach: I'll maximize the total value of the goods allocated to both individuals.

Let's calculate the total value of each possible allocation:

**Option 1: Person 1 gets Good A, Person 2 gets Good B and Good C**
Value: 45 (Good A) + 40 (Good B) + 25 (Good C) = 110

**Option 2: Person 1 gets Good A and Good C, Person 2 gets Good B**
Value: 45 (Good A) + 35 (Good C) + 40 (Good B) = 120

**Option 3: Person 1 gets Good B, Person 2 gets Good A and Good C**
Value: 20 (Good B) + 35 (Good A) + 25 (Good C) = 80

**Option 4: Person 1 gets Good B and Good C, Person 2 gets Good A**
Value: 20 (Good B) + 35 (Good C) + 35 (Good A) = 90

**Option 5: Person 1 gets Good C, Person 2 gets Good A and Good B**
Value: 35 (Good C) + 35 (Good A) + 40 (Good B) = 110

After evaluating all possible allocations, I conclude that the most desirable allocation is:

**Option 2: Person 1 gets Good A and Good C, Person 2 gets Good B**
Value: 45 (Good A) + 35 (Good C) + 40 (Good B) = **120**

This allocation maximizes the total value of the goods allocated to both individuals.",0,1,2,1
28,"A classic problem of resource allocation!

To determine the most desirable allocation, I'll use a simple yet effective method: I'll calculate the total value created by each possible allocation and choose the one that maximizes the total value.

Let's analyze the possible allocations:

**Allocation 1:** Person 1 gets Good A, Person 2 gets Good B and Good C
Value created: Person 1 (Good A: 45) + Person 2 (Good B: 40, Good C: 25) = 45 + 40 + 25 = 110

**Allocation 2:** Person 1 gets Good A and Good C, Person 2 gets Good B
Value created: Person 1 (Good A: 45, Good C: 35) + Person 2 (Good B: 40) = 45 + 35 + 40 = 120

**Allocation 3:** Person 1 gets Good B and Good C, Person 2 gets Good A
Value created: Person 1 (Good B: 20, Good C: 35) + Person 2 (Good A: 35) = 20 + 35 + 35 = 90

**Allocation 4:** Person 1 gets Good B, Person 2 gets Good A and Good C
Value created: Person 1 (Good B: 20) + Person 2 (Good A: 35, Good C: 25) = 20 + 35 + 25 = 80

**Allocation 5:** Person 1 gets Good C, Person 2 gets Good A and Good B
Value created: Person 1 (Good C: 35) + Person 2 (Good A: 35, Good B: 40) = 35 + 35 + 40 = 110

After calculating the total value created by each allocation, I can see that **Allocation 2** maximizes the total value, with a total value of 120.

Therefore, the most desirable allocation is:

* Person 1 gets Good A and Good C (total value: 80)
* Person 2 gets Good B (total value: 40)

This allocation creates the highest total value of 120, making it the most desirable allocation.",0,1,2,1
29,"A classic problem of optimal allocation!

To determine the most desirable allocation, I'll use the concept of efficiency, specifically Pareto efficiency. I'll allocate the goods in a way that maximizes the total value obtained by both individuals.

Let's analyze the values of each good for both individuals:

**Good A**

* Person 1: 45
* Person 2: 35

**Good B**

* Person 1: 20
* Person 2: 40

**Good C**

* Person 1: 35
* Person 2: 25

To determine the optimal allocation, I'll assign each good to the individual who values it the most:

* **Good A**: Person 1 (45 > 35)
* **Good B**: Person 2 (40 > 20)
* **Good C**: Person 1 (35 > 25)

So, the most desirable allocation is:

* Person 1: Good A (45) and Good C (35) = Total value: 80
* Person 2: Good B (40) = Total value: 40

This allocation is Pareto efficient because there's no other allocation that can make one person better off without making the other person worse off. The total value obtained by both individuals is maximized, which is 120 (80 + 40).",0,1,2,1
30,"A classic problem of resource allocation!

To determine the most desirable allocation, I'll use a simple and efficient method called the ""Serial Dictatorship"" algorithm, which is a fair and Pareto optimal method for allocating indivisible goods.

Here's how it works:

1. First, I'll calculate the total value of each good for each person.
2. Then, I'll allocate the good with the highest total value to the person who values it the most.
3. I'll repeat step 2 until all goods have been allocated.

Let's calculate the total value of each good:

Good A: 45 (Person 1) + 35 (Person 2) = 80
Good B: 20 (Person 1) + 40 (Person 2) = 60
Good C: 35 (Person 1) + 25 (Person 2) = 60

Now, let's allocate the goods:

1. Good A: Person 1 values it the most (45), so I'll allocate Good A to Person 1.
2. Good B: Person 2 values it the most (40), so I'll allocate Good B to Person 2.
3. Good C: Person 1 values it more (35) than Person 2 (25), so I'll allocate Good C to Person 1.

The final allocation is:

* Good A: Person 1
* Good B: Person 2
* Good C: Person 1

This allocation is Pareto optimal, meaning that it is impossible to make one person better off without making the other person worse off. It is also a fair allocation, as each person receives a good that they value highly.

Note that this allocation is not the only possible solution, but it is one of the most desirable and efficient ways to allocate the goods based on the given values.",0,1,2,1
31,"A classic problem in microeconomics!

To determine the most desirable allocation, I will use the concept of Pareto efficiency, which means that the allocation should be such that no other allocation can make one person better off without making the other person worse off.

Let's analyze the situation:

Person 1's values: Good A (45), Good B (20), Good C (35)
Person 2's values: Good A (35), Good B (40), Good C (25)

To find the optimal allocation, I will use the following steps:

1. Identify the good that is most valued by each person.
2. Check if allocating the most valued good to each person is possible without creating any conflicts.
3. If conflicts arise, try to find an alternative allocation that maximizes the total value.

Here's the analysis:

**Good A**:
Person 1 values Good A at 45, while Person 2 values it at 35. Person 1 values Good A more, so I will allocate Good A to Person 1.

**Good B**:
Person 2 values Good B at 40, while Person 1 values it at 20. Person 2 values Good B more, so I will allocate Good B to Person 2.

**Good C**:
Person 1 values Good C at 35, while Person 2 values it at 25. Person 1 values Good C more, but we've already allocated Good A to Person 1. To avoid conflicts, I will allocate Good C to Person 2, as it is the next best option for them.

The resulting allocation is:

* Person 1: Good A
* Person 2: Good B, Good C

This allocation is Pareto efficient, as no other allocation can make one person better off without making the other person worse off.

The total value generated by this allocation is:
Person 1: 45 (Good A)
Person 2: 40 (Good B) + 25 (Good C) = 65
Total value: 110

This allocation maximizes the total value and is the most desirable outcome.",0,1,2,2
32,"A classic problem in social choice theory!

To determine the most desirable allocation, I'll use a simple yet widely accepted approach: the utilitarian method. The goal is to maximize the total value or utility obtained by both individuals from the allocated goods.

Let's calculate the total value for each possible allocation:

**Allocation 1:** Give Good A to Person 1, Good B to Person 2, and Good C to Person 1
Total value: 45 (Person 1's value for Good A) + 40 (Person 2's value for Good B) + 35 (Person 1's value for Good C) = 120

**Allocation 2:** Give Good A to Person 2, Good B to Person 1, and Good C to Person 1
Total value: 35 (Person 2's value for Good A) + 20 (Person 1's value for Good B) + 35 (Person 1's value for Good C) = 90

**Allocation 3:** Give Good A to Person 1, Good B to Person 1, and Good C to Person 2
Total value: 45 (Person 1's value for Good A) + 20 (Person 1's value for Good B) + 25 (Person 2's value for Good C) = 90

**Allocation 4:** Give Good A to Person 2, Good B to Person 2, and Good C to Person 1
Total value: 35 (Person 2's value for Good A) + 40 (Person 2's value for Good B) + 35 (Person 1's value for Good C) = 110

The allocation with the highest total value is Allocation 1: Give Good A to Person 1, Good B to Person 2, and Good C to Person 1, with a total value of 120.

Therefore, the most desirable allocation is:

* Good A goes to Person 1
* Good B goes to Person 2
* Good C goes to Person 1",0,1,2,1
33,"A classic problem of optimal allocation!

To determine the most desirable allocation, I'll use a simple and intuitive approach. I'll allocate each good to the person who values it the most.

Let's go through each good:

**Good A**: Person 1 values it at 45, while Person 2 values it at 35. Since Person 1 values it more, I'll allocate Good A to Person 1.

**Good B**: Person 1 values it at 20, while Person 2 values it at 40. Since Person 2 values it more, I'll allocate Good B to Person 2.

**Good C**: Person 1 values it at 35, while Person 2 values it at 25. Since Person 1 values it more, I'll allocate Good C to Person 1.

The optimal allocation is:

* Person 1: Good A, Good C
* Person 2: Good B

This allocation maximizes the total value of the goods allocated, which is:

Person 1: 45 (Good A) + 35 (Good C) = 80
Person 2: 40 (Good B) = 40
Total value: 80 + 40 = 120

No other allocation can achieve a higher total value.",0,1,2,1
34,"A classic problem of resource allocation!

To determine the most desirable allocation, I will analyze the values of each good for each person and try to maximize the total value generated by the allocation.

Here's the valuation matrix:

|  | Good A | Good B | Good C |
| --- | --- | --- | --- |
| Person 1 | 45 | 20 | 35 |
| Person 2 | 35 | 40 | 25 |

Let's consider each good individually:

**Good A**: Person 1 values it at 45, while Person 2 values it at 35. It's clear that Person 1 wants it more, so I will allocate Good A to Person 1.

**Good B**: Person 2 values it at 40, while Person 1 values it at 20. In this case, Person 2 wants it more, so I will allocate Good B to Person 2.

**Good C**: Person 1 values it at 35, while Person 2 values it at 25. Again, Person 1 wants it more, so I will allocate Good C to Person 1.

The resulting allocation is:

* Good A: Person 1
* Good B: Person 2
* Good C: Person 1

This allocation maximizes the total value generated, as Person 1 gets Good A (45) and Good C (35), for a total value of 80, while Person 2 gets Good B (40), for a total value of 40. The total value of this allocation is 80 + 40 = 120.

Note that this allocation is Pareto efficient, meaning that it is not possible to reallocate the goods to make one person better off without making the other person worse off.",0,1,2,1
35,"A classic problem in microeconomics! This is known as a ""resource allocation"" or ""assignment problem."" To determine the most desirable allocation, we can use a simple yet effective method called the ""Greedy Algorithm."" Here's how it works:

1. Create a table with the values each person has for each good:

| Good | Person 1 | Person 2 |
| --- | --- | --- |
| A | 45 | 35 |
| B | 20 | 40 |
| C | 35 | 25 |

2. Identify the good with the highest total value across both individuals. In this case, it's Good B, with a total value of 20 + 40 = 60.
3. Assign Good B to the person with the highest value for it, which is Person 2 (40). This leaves Person 1 without Good B.
4. Move to the remaining goods and repeat steps 2-3.

Now, let's re-evaluate the remaining goods:

| Good | Person 1 | Person 2 |
| --- | --- | --- |
| A | 45 | 35 |
| C | 35 | 25 |

The good with the highest total value is now Good A, with a total value of 45 + 35 = 80.
5. Assign Good A to the person with the highest value for it, which is Person 1 (45).
6. Finally, we're left with Good C. Assign it to the person with the highest value for it, which is Person 1 (35).

The resulting allocation is:

* Person 1: Good A, Good C
* Person 2: Good B

This allocation is desirable because it maximizes the total value of the goods allocated across both individuals. The total value of this allocation is:

45 (Person 1, Good A) + 35 (Person 1, Good C) + 40 (Person 2, Good B) = 120

This is the highest possible total value that can be achieved with this allocation.",0,1,2,1
36,"A classic problem of resource allocation!

To determine the most desirable allocation, we can use a simple yet effective approach: allocate each good to the person who values it the most. This is known as the ""efficient allocation"" or ""value-maximizing allocation"".

Let's analyze the values each person has for each good:

**Good A:**
Person 1 values Good A at 45, while Person 2 values it at 35. Since Person 1 values Good A more, it should be allocated to Person 1.

**Good B:**
Person 1 values Good B at 20, while Person 2 values it at 40. Since Person 2 values Good B more, it should be allocated to Person 2.

**Good C:**
Person 1 values Good C at 35, while Person 2 values it at 25. Since Person 1 values Good C more, it should be allocated to Person 1.

Therefore, the most desirable allocation is:

* Good A: Allocate to Person 1 (45)
* Good B: Allocate to Person 2 (40)
* Good C: Allocate to Person 1 (35)

This allocation maximizes the total value of the goods, which is 45 + 40 + 35 = 120.

By following this approach, we ensure that each good is allocated to the person who values it the most, resulting in an efficient and desirable allocation.",0,1,2,1
37,"A classic problem in microeconomics!

To determine the most desirable allocation, we need to consider the values that each person places on each good. We want to allocate the goods in a way that maximizes the total value or utility obtained by both individuals.

Let's analyze the values:

**Good A**:
Person 1 values Good A at 45, while Person 2 values it at 35. It's clear that Person 1 values Good A more than Person 2, so it's allocated to Person 1.

**Good B**:
Person 1 values Good B at 20, while Person 2 values it at 40. In this case, Person 2 values Good B more than Person 1, so it's allocated to Person 2.

**Good C**:
Person 1 values Good C at 35, while Person 2 values it at 25. Again, Person 1 values Good C more than Person 2, so it's allocated to Person 1.

The allocation that maximizes the total value is:

* Good A: Allocate to Person 1 (value: 45)
* Good B: Allocate to Person 2 (value: 40)
* Good C: Allocate to Person 1 (value: 35)

This allocation gives a total value of 45 + 40 + 35 = 120. No other allocation would result in a higher total value.

Therefore, the most desirable allocation is: Person 1 gets Good A and Good C, and Person 2 gets Good B.",0,1,2,1
38,"A classic problem of resource allocation!

To determine the most desirable allocation, I'll use a simple yet effective method: I'll calculate the total value of each possible allocation and choose the one that maximizes the total value.

Here are the possible allocations:

**Allocation 1:** Give Good A to Person 1, Good B to Person 2, and Good C to Person 1
Total value: 45 (Good A) + 40 (Good B) + 35 (Good C) = 120

**Allocation 2:** Give Good A to Person 1, Good B to Person 1, and Good C to Person 2
Total value: 45 (Good A) + 20 (Good B) + 25 (Good C) = 90

**Allocation 3:** Give Good A to Person 2, Good B to Person 2, and Good C to Person 1
Total value: 35 (Good A) + 40 (Good B) + 35 (Good C) = 110

**Allocation 4:** Give Good A to Person 2, Good B to Person 1, and Good C to Person 2
Total value: 35 (Good A) + 20 (Good B) + 25 (Good C) = 80

After calculating the total value for each allocation, I can see that **Allocation 1** is the most desirable, with a total value of 120.

So, my decision is to allocate:

* Good A to Person 1 (value: 45)
* Good B to Person 2 (value: 40)
* Good C to Person 1 (value: 35)

This allocation maximizes the total value of the goods allocated, ensuring that the goods are allocated to the individuals who value them the most.",0,1,2,1
39,"A classic problem in microeconomics!

To determine the most desirable allocation, we can use the concept of Pareto efficiency, which states that an allocation is efficient if it is not possible to make one person better off without making someone else worse off.

Let's analyze the values of both individuals for each good:

**Good A**: Person 1 values it at 45, Person 2 values it at 35. It's better to allocate Good A to Person 1.

**Good B**: Person 1 values it at 20, Person 2 values it at 40. It's better to allocate Good B to Person 2.

**Good C**: Person 1 values it at 35, Person 2 values it at 25. It's better to allocate Good C to Person 1.

Based on this analysis, the most desirable allocation is:

* Good A: Allocate to Person 1
* Good B: Allocate to Person 2
* Good C: Allocate to Person 1

This allocation is Pareto efficient because it maximizes the total value of the goods allocated. It's not possible to reallocate the goods to make one person better off without making the other person worse off.",0,1,2,1
40,"A classic problem of allocative efficiency!

To determine the most desirable allocation, I'll use the concept of Pareto efficiency, which aims to maximize the overall welfare of both individuals.

Let's analyze the values each person assigns to each good:

**Person 1:**

* Good A: 45
* Good B: 20
* Good C: 35

**Person 2:**

* Good A: 35
* Good B: 40
* Good C: 25

To find the optimal allocation, I'll look for the allocation that results in the highest total value.

Here are the possible allocations:

1. **Allocate Good A to Person 1, Good B to Person 2, and Good C to Person 1:**
	* Person 1: 45 (Good A) + 35 (Good C) = 80
	* Person 2: 40 (Good B) = 40
	Total value: 80 + 40 = 120
2. **Allocate Good A to Person 2, Good B to Person 2, and Good C to Person 1:**
	* Person 1: 35 (Good C) = 35
	* Person 2: 35 (Good A) + 40 (Good B) = 75
	Total value: 35 + 75 = 110
3. **Allocate Good A to Person 1, Good B to Person 1, and Good C to Person 2:**
	* Person 1: 45 (Good A) + 20 (Good B) = 65
	* Person 2: 25 (Good C) = 25
	Total value: 65 + 25 = 90
4. **No allocation (throw away all goods):**
	* Total value: 0

Comparing the total values, the optimal allocation is:

**Allocate Good A to Person 1, Good B to Person 2, and Good C to Person 1:**

This allocation results in a total value of 120, which is the highest among all possible allocations.

Therefore, the most desirable allocation is to give Good A to Person 1, Good B to Person 2, and Good C to Person 1.",0,1,2,1
41,"A classic problem of allocation!

To determine the most desirable allocation, I'll use a simple yet effective approach: I'll calculate the total value of each possible allocation and choose the one that maximizes the total value.

Here are the possible allocations:

**Allocation 1:** Give Good A to Person 1, Good B to Person 2, and Good C to Person 1
Value: 45 (Person 1 for Good A) + 40 (Person 2 for Good B) + 35 (Person 1 for Good C) = 120

**Allocation 2:** Give Good A to Person 1, Good B to Person 2, and Good C to Person 2
Value: 45 (Person 1 for Good A) + 40 (Person 2 for Good B) + 25 (Person 2 for Good C) = 110

**Allocation 3:** Give Good A to Person 2, Good B to Person 1, and Good C to Person 1
Value: 35 (Person 2 for Good A) + 20 (Person 1 for Good B) + 35 (Person 1 for Good C) = 90

**Allocation 4:** Give Good A to Person 2, Good B to Person 1, and Good C to Person 2
Value: 35 (Person 2 for Good A) + 20 (Person 1 for Good B) + 25 (Person 2 for Good C) = 80

**Allocation 5:** Give Good A to Person 1, Good B to Person 1, and Good C to Person 2
Value: 45 (Person 1 for Good A) + 20 (Person 1 for Good B) + 25 (Person 2 for Good C) = 90

**Allocation 6:** Give Good A to Person 2, Good B to Person 2, and Good C to Person 1
Value: 35 (Person 2 for Good A) + 40 (Person 2 for Good B) + 35 (Person 1 for Good C) = 110

After calculating the total value for each possible allocation, I can see that Allocation 1 has the highest total value: 120.

Therefore, the most desirable allocation is:

* Good A to Person 1
* Good B to Person 2
* Good C to Person 1

This allocation maximizes the total value, ensuring that the goods are allocated in a way that satisfies both individuals to the highest extent possible.",0,1,2,1
42,"A classic problem of allocative efficiency!

To determine the most desirable allocation, I'll use the concept of Pareto optimality, which aims to maximize the overall value of the goods allocated.

Let's analyze the values of each good for each person:

**Person 1:**

* Good A: 45
* Good B: 20
* Good C: 35

**Person 2:**

* Good A: 35
* Good B: 40
* Good C: 25

To find the optimal allocation, I'll look for the combination that maximizes the total value of the goods allocated.

**Good A:** Person 1 values it higher (45) than Person 2 (35), so it's best to allocate Good A to Person 1.

**Good B:** Person 2 values it higher (40) than Person 1 (20), so it's best to allocate Good B to Person 2.

**Good C:** Person 1 values it higher (35) than Person 2 (25), so it's best to allocate Good C to Person 1.

The optimal allocation is:

* **Person 1:** Good A and Good C
* **Person 2:** Good B

This allocation is Pareto optimal because it maximizes the total value of the goods allocated, and no other allocation can make one person better off without making the other person worse off.

The total value of the allocated goods is:

* Person 1: 45 (Good A) + 35 (Good C) = 80
* Person 2: 40 (Good B) = 40
* Total value: 80 + 40 = 120

This allocation is the most desirable because it achieves the highest total value for both individuals.",0,1,2,1
43,"A classic problem of resource allocation!

To determine the most desirable allocation, I'll use a simple yet effective method: I'll calculate the total value created by each possible allocation and choose the one that maximizes the overall value.

Let's list all possible allocations:

1. Person 1 gets Good A, Person 2 gets Good B and Good C
2. Person 1 gets Good A, Person 2 gets nothing (Good B and Good C are not allocated)
3. Person 1 gets Good A and Good B, Person 2 gets Good C
4. Person 1 gets Good A and Good C, Person 2 gets Good B
5. Person 1 gets Good B, Person 2 gets Good A and Good C
6. Person 1 gets Good B, Person 2 gets nothing (Good A and Good C are not allocated)
7. Person 1 gets Good B and Good C, Person 2 gets Good A
8. Person 1 gets Good C, Person 2 gets Good A and Good B
9. Person 1 gets Good C, Person 2 gets nothing (Good A and Good B are not allocated)
10. Person 1 gets nothing, Person 2 gets Good A, Good B, and Good C

Now, let's calculate the total value created by each allocation:

1. Person 1 gets Good A (45), Person 2 gets Good B (40) and Good C (25) => Total value = 45 + 40 + 25 = 110
2. Person 1 gets Good A (45), Person 2 gets nothing => Total value = 45
3. Person 1 gets Good A (45) and Good B (20), Person 2 gets Good C (25) => Total value = 45 + 20 + 25 = 90
4. Person 1 gets Good A (45) and Good C (35), Person 2 gets Good B (40) => Total value = 45 + 35 + 40 = 120
5. Person 1 gets Good B (20), Person 2 gets Good A (35) and Good C (25) => Total value = 20 + 35 + 25 = 80
6. Person 1 gets Good B (20), Person 2 gets nothing => Total value = 20
7. Person 1 gets Good B (20) and Good C (35), Person 2 gets Good A (35) => Total value = 20 + 35 + 35 = 90
8. Person 1 gets Good C (35), Person 2 gets Good A (35) and Good B (40) => Total value = 35 + 35 + 40 = 110
9. Person 1 gets Good C (35), Person 2 gets nothing => Total value = 35
10. Person 1 gets nothing, Person 2 gets Good A (35), Good B (40), and Good C (25) => Total value = 35 + 40 + 25 = 100

The allocation that maximizes the overall value is:

**Person 1 gets Good A (45) and Good C (35), Person 2 gets Good B (40)**
Total value = 45 + 35 + 40 = **120**

This allocation creates the highest total value among all possible allocations.",0,1,2,1
44,"A classic problem of allocating indivisible goods among individuals!

To determine the most desirable allocation, I'll use a simple yet effective method: the utilitarian approach. I'll aim to maximize the total value generated by the allocation.

Let's analyze the values provided:

**Person 1's values:**

* Good A: 45
* Good B: 20
* Good C: 35

**Person 2's values:**

* Good A: 35
* Good B: 40
* Good C: 25

To maximize the total value, I'll compare the values for each good across both individuals:

1. **Good A:**
	* Person 1: 45
	* Person 2: 35
	* Allocate to Person 1 (higher value)
2. **Good B:**
	* Person 1: 20
	* Person 2: 40
	* Allocate to Person 2 (higher value)
3. **Good C:**
	* Person 1: 35
	* Person 2: 25
	* Allocate to Person 1 (higher value)

The resulting allocation is:

* **Person 1:** Good A, Good C
* **Person 2:** Good B

This allocation generates a total value of:

45 (Person 1, Good A) + 35 (Person 1, Good C) + 40 (Person 2, Good B) = 120

This allocation is the most desirable, as it maximizes the total value created.",0,1,2,1
45,"A classic problem of allocating indivisible goods!

To determine the most desirable allocation, I'll use a simple yet effective approach: I'll calculate the total value created by each possible allocation and choose the one that maximizes the total value.

Let's analyze all possible allocations:

**Allocation 1:**
Person 1 gets Good A, Person 2 gets Good B and Good C
Total value: 45 (Good A) + 40 (Good B) + 25 (Good C) = 110

**Allocation 2:**
Person 1 gets Good A and Good C, Person 2 gets Good B
Total value: 45 (Good A) + 35 (Good C) + 40 (Good B) = 120

**Allocation 3:**
Person 1 gets Good B, Person 2 gets Good A and Good C
Total value: 20 (Good B) + 35 (Good A) + 25 (Good C) = 80

**Allocation 4:**
Person 1 gets Good B and Good C, Person 2 gets Good A
Total value: 20 (Good B) + 35 (Good C) + 35 (Good A) = 90

**Allocation 5:**
Person 1 gets no goods, Person 2 gets all goods
Total value: 35 (Good A) + 40 (Good B) + 25 (Good C) = 100

**Allocation 6:**
Person 2 gets no goods, Person 1 gets all goods
Total value: 45 (Good A) + 20 (Good B) + 35 (Good C) = 100

After calculating the total value for each allocation, I can see that **Allocation 2** yields the highest total value: 120.

Therefore, the most desirable allocation is:

* Person 1 gets Good A and Good C
* Person 2 gets Good B",0,1,2,1
46,"A classic problem of allocation!

To determine the most desirable allocation, I'll use a simple yet effective method: I'll calculate the total value of each possible allocation and choose the one that maximizes the total value.

Let's list all possible allocations:

1. Person 1 gets Good A, Person 2 gets Good B and Good C
2. Person 1 gets Good A and Good B, Person 2 gets Good C
3. Person 1 gets Good A and Good C, Person 2 gets Good B
4. Person 1 gets Good B, Person 2 gets Good A and Good C
5. Person 1 gets Good B and Good C, Person 2 gets Good A
6. Person 1 gets Good C, Person 2 gets Good A and Good B
7. Person 1 gets nothing, Person 2 gets all three goods (and vice versa)

Now, let's calculate the total value for each allocation:

1. Person 1 gets Good A (45), Person 2 gets Good B (40) and Good C (25) => Total value: 45 + 40 + 25 = 110
2. Person 1 gets Good A (45) and Good B (20), Person 2 gets Good C (25) => Total value: 45 + 20 + 25 = 90
3. Person 1 gets Good A (45) and Good C (35), Person 2 gets Good B (40) => Total value: 45 + 35 + 40 = 120
4. Person 1 gets Good B (20), Person 2 gets Good A (35) and Good C (25) => Total value: 20 + 35 + 25 = 80
5. Person 1 gets Good B (20) and Good C (35), Person 2 gets Good A (35) => Total value: 20 + 35 + 35 = 90
6. Person 1 gets Good C (35), Person 2 gets Good A (35) and Good B (40) => Total value: 35 + 35 + 40 = 110
7. (and vice versa) => Total value: 0 (not desirable)

The allocation that maximizes the total value is:

**Person 1 gets Good A (45) and Good C (35), Person 2 gets Good B (40)**

This allocation yields a total value of 120, which is the highest among all possible allocations.",0,1,2,1
47,"A classic problem of optimal allocation of goods!

To determine the most desirable allocation, I will use a simple yet effective approach based on the concept of efficiency. Specifically, I will aim to maximize the total value achieved by the allocation.

Let's analyze the values of each good for both individuals:

| Good | Person 1's Value | Person 2's Value |
| --- | --- | --- |
| A    | 45            | 35            |
| B    | 20            | 40            |
| C    | 35            | 25            |

To maximize the total value, I will allocate each good to the person who values it the most. This is known as the ""efficient allocation"" or ""Pareto optimal allocation.""

Here's the allocation:

1. Good A: Allocate to Person 1 (value: 45) since they value it more than Person 2 (value: 35).
2. Good B: Allocate to Person 2 (value: 40) since they value it more than Person 1 (value: 20).
3. Good C: Allocate to Person 1 (value: 35) since they value it more than Person 2 (value: 25).

The total value achieved by this allocation is:

45 (Good A) + 40 (Good B) + 35 (Good C) = 120

This allocation is the most desirable because it maximizes the total value, ensuring that each good is allocated to the person who values it the most.",0,1,2,1
48,"A classic problem of resource allocation!

To determine the most desirable allocation, I'll use the concept of Pareto Efficiency, which aims to maximize the overall well-being of both individuals. Since the goods are indivisible, I'll analyze the possible allocations and choose the one that maximizes the total value created.

Here are the possible allocations:

**Allocation 1:** Give Good A to Person 1, Good B to Person 2, and Good C to Person 1.
Total value created: 45 (Person 1's value for Good A) + 40 (Person 2's value for Good B) + 35 (Person 1's value for Good C) = 120

**Allocation 2:** Give Good A to Person 2, Good B to Person 1, and Good C to Person 1.
Total value created: 35 (Person 2's value for Good A) + 20 (Person 1's value for Good B) + 35 (Person 1's value for Good C) = 90

**Allocation 3:** Give Good A to Person 1, Good B to Person 1, and Good C to Person 2.
Total value created: 45 (Person 1's value for Good A) + 20 (Person 1's value for Good B) + 25 (Person 2's value for Good C) = 90

**Allocation 4:** Give Good A to Person 2, Good B to Person 2, and Good C to Person 1.
Total value created: 35 (Person 2's value for Good A) + 40 (Person 2's value for Good B) + 35 (Person 1's value for Good C) = 110

Comparing the total values created, the most desirable allocation is **Allocation 1:** Give Good A to Person 1, Good B to Person 2, and Good C to Person 1, with a total value created of 120.

This allocation maximizes the overall well-being of both individuals, as it takes into account the highest valued uses of each good.",0,1,2,1
49,"A classic problem in microeconomics!

To determine the most desirable allocation, we can use the concept of Pareto efficiency. A Pareto efficient allocation is one where no individual can be made better off without making someone else worse off.

Let's analyze the problem step by step:

1. Identify the goods: Good A, Good B, and Good C.
2. Identify the individuals: Person 1 and Person 2.
3. Evaluate the values of each good for each individual:

| Good | Person 1's Value | Person 2's Value |
| --- | --- | --- |
| A | 45 | 35 |
| B | 20 | 40 |
| C | 35 | 25 |

To find the most desirable allocation, we can try to maximize the total value created. We can do this by allocating each good to the individual who values it the most.

**Allocation:**

1. Good A: Allocate to Person 1, since they value it the most (45 > 35).
2. Good B: Allocate to Person 2, since they value it the most (40 > 20).
3. Good C: Allocate to Person 1, since they value it the most (35 > 25).

The resulting allocation is:

* Person 1: Good A (45) and Good C (35)
* Person 2: Good B (40)

This allocation is Pareto efficient because:

* Person 1 is better off than if they didn't get Good A or Good C.
* Person 2 is better off than if they didn't get Good B.
* No individual can be made better off without making the other worse off.

The total value created by this allocation is: 45 + 40 + 35 = 120

This allocation is the most desirable, as it maximizes the total value created and is Pareto efficient.",0,1,2,1
50,"A classic resource allocation problem!

To determine the most desirable allocation, we can use a simple yet effective approach: maximize the total value generated by the allocation.

Let's analyze the values each person places on each good:

**Person 1:**

* Good A: 45
* Good B: 20
* Good C: 35

**Person 2:**

* Good A: 35
* Good B: 40
* Good C: 25

To maximize the total value, we can allocate each good to the person who values it the most.

**Optimal Allocation:**

* Good A: Allocate to Person 1 (45 > 35)
* Good B: Allocate to Person 2 (40 > 20)
* Good C: Allocate to Person 1 (35 > 25)

The resulting allocation is:

* Person 1: Good A, Good C (total value: 45 + 35 = 80)
* Person 2: Good B (total value: 40)

This allocation generates a total value of 80 + 40 = 120, which is the maximum possible value we can achieve given the indivisibility constraint.

By allocating the goods in this way, we ensure that each good is assigned to the person who values it the most, resulting in the most desirable allocation.",0,1,2,1
51,"A classic problem of resource allocation!

To determine the most desirable allocation, let's analyze the values that each person has for each good. A simple and efficient way to approach this problem is to use the concept of ""efficient allocation,"" which means allocating the goods in a way that maximizes the total value to both individuals.

Here's the step-by-step analysis:

1. **Good A**: Person 1 values Good A at 45, while Person 2 values it at 35. Since Person 1 values it more, it'sallocated to Person 1.
2. **Good B**: Person 2 values Good B at 40, while Person 1 values it at 20. Since Person 2 values it more, it's allocated to Person 2.
3. **Good C**: Person 1 values Good C at 35, while Person 2 values it at 25. Since Person 1 values it more, it's allocated to Person 1.

The resulting allocation is:

* Person 1: Good A (45) and Good C (35)
* Person 2: Good B (40)

This allocation is efficient because it maximizes the total value to both individuals. The total value of the allocation is:
45 (Good A) + 35 (Good C) + 40 (Good B) = 120

This allocation is also Pareto optimal, meaning that it's impossible to reallocate the goods to make one person better off without making the other person worse off.

So, the most desirable allocation is to give Good A and Good C to Person 1, and Good B to Person 2.",0,1,2,1
52,"A classic problem of resource allocation!

To determine the most desirable allocation, I'll use a simple and intuitive approach: I'll try to maximize the total value of the allocation.

Let's analyze the given values:

**Person 1's values:**

* Good A: 45
* Good B: 20
* Good C: 35

**Person 2's values:**

* Good A: 35
* Good B: 40
* Good C: 25

To maximize the total value, I'll allocate each good to the person who values it the most.

**Good A:**
Person 1 values Good A at 45, while Person 2 values it at 35. Since Person 1 values it more, I'll allocate Good A to Person 1.

**Good B:**
Person 2 values Good B at 40, while Person 1 values it at 20. Since Person 2 values it more, I'll allocate Good B to Person 2.

**Good C:**
Person 1 values Good C at 35, while Person 2 values it at 25. Since Person 1 values it more, I'll allocate Good C to Person 1.

The resulting allocation is:

* Person 1: Good A, Good C
* Person 2: Good B

This allocation yields a total value of:

* Person 1: 45 (Good A) + 35 (Good C) = 80
* Person 2: 40 (Good B) = 40
* Total value: 80 + 40 = 120

This allocation is the most desirable, as it maximizes the total value of the goods allocated.",0,1,2,1
53,"A classic problem of resource allocation!

To determine the most desirable allocation, I'll use a simple yet effective method: I'll calculate the total value each person derives from each good and then allocate the goods to the person who values them the most.

Here are the values for each person:

**Person 1:**
- Good A: 45
- Good B: 20
- Good C: 35

**Person 2:**
- Good A: 35
- Good B: 40
- Good C: 25

Now, let's allocate the goods:

1. **Good A:** Person 1 values Good A more than Person 2 (45 > 35). Allocate Good A to Person 1.
2. **Good B:** Person 2 values Good B more than Person 1 (40 > 20). Allocate Good B to Person 2.
3. **Good C:** Person 1 values Good C more than Person 2 (35 > 25). Allocate Good C to Person 1.

The resulting allocation is:

* Person 1: Good A, Good C
* Person 2: Good B

This allocation maximizes the total value derived by both individuals, as each good is allocated to the person who values it the most.",0,1,2,1
54,"A classic problem of resource allocation! Let's analyze the situation and find the most desirable allocation.

To start, let's summarize the values each person attaches to each good:

**Person 1:**

* Good A: 45
* Good B: 20
* Good C: 35

**Person 2:**

* Good A: 35
* Good B: 40
* Good C: 25

To determine the most desirable allocation, we can use a simple yet effective approach called the **Efficient Allocation** method. The idea is to allocate each good to the person who values it the most.

Let's allocate the goods one by one:

1. **Good A:** Person 1 values Good A at 45, while Person 2 values it at 35. Since Person 1 values Good A more, we allocate it to Person 1.
2. **Good B:** Person 2 values Good B at 40, while Person 1 values it at 20. Since Person 2 values Good B more, we allocate it to Person 2.
3. **Good C:** Person 1 values Good C at 35, while Person 2 values it at 25. Since Person 1 values Good C more, we allocate it to Person 1.

The resulting allocation is:

* **Person 1:** Good A, Good C
* **Person 2:** Good B

This allocation is the most desirable because it maximizes the total value derived from the goods. Person 1 gets the goods they value most (Good A and Good C), and Person 2 gets the good they value most (Good B).

The total value generated by this allocation is:

* Person 1: 45 (Good A) + 35 (Good C) = 80
* Person 2: 40 (Good B) = 40
* Total value: 80 + 40 = 120

No other allocation can generate a higher total value, making this the most desirable allocation.",0,1,2,1
55,"This is a classic problem of allocating goods among individuals to maximize overall welfare or happiness. Since the goods are indivisible and cannot be allocated to more than one person, we can use a simple method to determine the most desirable allocation.

The method is to allocate each good to the person who values it the most. This is known as the ""efficiency"" or ""utilitarian"" approach, as it aims to maximize the total value or utility of the allocation.

Let's examine the values of each good for each person:

* Good A: Person 1 values it at 45, and Person 2 values it at 35. Allocate Good A to Person 1.
* Good B: Person 1 values it at 20, and Person 2 values it at 40. Allocate Good B to Person 2.
* Good C: Person 1 values it at 35, and Person 2 values it at 25. Allocate Good C to Person 1.

The resulting allocation is:

* Person 1: Good A (45) and Good C (35)
* Person 2: Good B (40)

This allocation is the most desirable because it maximizes the total value of the goods allocated. The total value of the allocation is 45 + 35 + 40 = 120. Any other allocation would result in a lower total value.

For example, if we were to allocate Good A to Person 2 instead, the total value would be 35 + 40 + 35 = 110, which is lower than the optimal allocation.

Therefore, the most desirable allocation is to give Good A and Good C to Person 1, and Good B to Person 2.",0,1,2,1
56,"A classic problem of resource allocation!

To determine the most desirable allocation, I'll use the concept of efficiency, specifically Pareto efficiency. I'll try to find an allocation that maximizes the total value or utility generated by the allocation.

Let's analyze the values of both persons for each good:

| Good | Person 1's Value | Person 2's Value |
| --- | --- | --- |
| A | 45 | 35 |
| B | 20 | 40 |
| C | 35 | 25 |

To allocate the goods efficiently, I'll follow these steps:

1. Identify the good with the highest value difference between the two persons.
2. Allocate that good to the person who values it more.
3. Repeat steps 1-2 for the remaining goods.

**Good A:**
Person 1 values Good A more than Person 2 (45 > 35), so I'll allocate Good A to Person 1.

**Good B:**
Person 2 values Good B more than Person 1 (40 > 20), so I'll allocate Good B to Person 2.

**Good C:**
Person 1 values Good C more than Person 2 (35 > 25), so I'll allocate Good C to Person 1.

The resulting allocation is:

* Person 1: Good A, Good C
* Person 2: Good B

This allocation is Pareto efficient because it maximizes the total value generated by the allocation:

Total Value = Person 1's Value + Person 2's Value
= (45 + 35) + 40
= 120

This allocation is the most desirable because it creates the highest total value for both persons. Neither person can be made better off without making the other person worse off.",0,1,2,1
57,"A classic problem of resource allocation!

To determine the most desirable allocation, let's analyze the values that each person assigns to each good. We want to allocate the goods in a way that maximizes the total value achieved.

Here's a simple approach:

1. Look at the highest value for each good across both persons.
2. Allocate each good to the person who values it the most.

Let's do this:

**Good A**: Person 1 values it at 45, while Person 2 values it at 35. Allocate Good A to **Person 1** (45 > 35).

**Good B**: Person 1 values it at 20, while Person 2 values it at 40. Allocate Good B to **Person 2** (40 > 20).

**Good C**: Person 1 values it at 35, while Person 2 values it at 25. Allocate Good C to **Person 1** (35 > 25).

So, the most desirable allocation is:

* **Person 1**: Good A, Good C
* **Person 2**: Good B

This allocation achieves a total value of 45 (Good A) + 35 (Good C) + 40 (Good B) = 120.

No other allocation can achieve a higher total value, so this is the most desirable allocation.",0,1,2,1
58,"A classic problem in social choice theory!

To determine the most desirable allocation, I'll use a simple yet effective method: the utilitarian approach. This approach aims to maximize the total value or utility derived from the allocation.

Let's calculate the total value for each possible allocation:

**Allocation 1:**
Person 1 gets Good A, Person 2 gets Good B and Good C
Total value: 45 (A) + 40 (B) + 25 (C) = 110

**Allocation 2:**
Person 1 gets Good A and Good C, Person 2 gets Good B
Total value: 45 (A) + 35 (C) + 40 (B) = 120

**Allocation 3:**
Person 1 gets Good B and Good C, Person 2 gets Good A
Total value: 20 (B) + 35 (C) + 35 (A) = 90

**Allocation 4:**
Person 1 gets nothing, Person 2 gets all goods
Total value: 35 (A) + 40 (B) + 25 (C) = 100

**Allocation 5:**
Person 2 gets nothing, Person 1 gets all goods
Total value: 45 (A) + 20 (B) + 35 (C) = 100

Comparing the total values, the most desirable allocation is:

**Allocation 2:**
Person 1 gets Good A and Good C, Person 2 gets Good B
Total value: 120

This allocation maximizes the total value derived from the goods, which is the core principle of the utilitarian approach.

So, the recommended allocation is: Good A and Good C to Person 1, and Good B to Person 2.",0,1,2,1
59,"A classic allocation problem!

To determine the most desirable allocation, I'll use the concept of efficiency, specifically, Pareto optimality. A Pareto optimal allocation is one where it's impossible to make one person better off without making the other person worse off.

Let's analyze the values each person has for each good:

| Good | Person 1's Value | Person 2's Value |
| --- | --- | --- |
| A | 45 | 35 |
| B | 20 | 40 |
| C | 35 | 25 |

To find the Pareto optimal allocation, I'll follow these steps:

1. Identify the good with the highest total value: Good B (20 + 40 = 60).
2. Allocate Good B to the person with the higher value: Person 2 (40).
3. Move to the next good with the highest remaining total value: Good A (45 + 35 = 80).
4. Allocate Good A to the person with the higher value: Person 1 (45).
5. The last good, Good C, has a higher value for Person 1 (35) than Person 2 (25), so allocate it to Person 1.

The resulting allocation is:

* Person 1: Good A (45), Good C (35)
* Person 2: Good B (40)

This allocation is Pareto optimal because:

* Person 1 gets the goods they value more, and their total value is 45 + 35 = 80.
* Person 2 gets the good they value more, and their value is 40.
* It's impossible to reallocate the goods to make one person better off without making the other person worse off.

Therefore, this allocation is the most desirable.",0,1,2,1
60,"A classic problem of resource allocation!

To determine the most desirable allocation, I'll use a simple yet effective approach: I'll allocate each good to the person who values it the most. This is known as the ""efficient allocation"" or ""Pareto optimal allocation"".

Let's analyze the values of each good for both individuals:

**Good A**: Person 1 values it at 45, while Person 2 values it at 35. Person 1 values Good A more, so I'll allocate Good A to **Person 1**.

**Good B**: Person 1 values it at 20, while Person 2 values it at 40. Person 2 values Good B more, so I'll allocate Good B to **Person 2**.

**Good C**: Person 1 values it at 35, while Person 2 values it at 25. Person 1 values Good C more, so I'll allocate Good C to **Person 1**.

The resulting allocation is:

* Person 1: Good A, Good C
* Person 2: Good B

This allocation is Pareto optimal because it is impossible to make one person better off without making the other person worse off. By allocating each good to the person who values it the most, we maximize the overall value of the allocation.

Voilà! The most desirable allocation has been determined.",0,1,2,1
61,"A classic problem of resource allocation!

To determine the most desirable allocation, I'll use a simple yet effective method: I'll calculate the total value that each person derives from each good and then allocate the goods to the person who values them the most.

Here are the values for each person:

**Person 1:**

* Good A: 45
* Good B: 20
* Good C: 35

**Person 2:**

* Good A: 35
* Good B: 40
* Good C: 25

Now, let's allocate the goods:

1. **Good A:** Person 1 values Good A at 45, while Person 2 values it at 35. Since Person 1 values it more, I'll allocate Good A to **Person 1**.
2. **Good B:** Person 1 values Good B at 20, while Person 2 values it at 40. Since Person 2 values it more, I'll allocate Good B to **Person 2**.
3. **Good C:** Person 1 values Good C at 35, while Person 2 values it at 25. Since Person 1 values it more, I'll allocate Good C to **Person 1**.

The resulting allocation is:

* **Person 1:** Good A, Good C
* **Person 2:** Good B

This allocation maximizes the total value derived from the goods, as each good is assigned to the person who values it the most.",0,1,2,1
62,"A classic problem of resource allocation!

To determine the most desirable allocation, I'll use the concept of Pareto Optimality, which means that the allocation is optimal when no individual can be made better off without making someone else worse off.

Let's analyze the values of each person for each good:

**Good A**: Person 1 values it at 45, while Person 2 values it at 35. It's clear that Person 1 values Good A more than Person 2, so it's reasonable to allocate Good A to Person 1.

**Good B**: Person 2 values it at 40, while Person 1 values it at 20. In this case, Person 2 values Good B more than Person 1, so it's reasonable to allocate Good B to Person 2.

**Good C**: Person 1 values it at 35, while Person 2 values it at 25. Again, Person 1 values Good C more than Person 2, so it's reasonable to allocate Good C to Person 1.

Based on these analyses, the most desirable allocation is:

* Good A → Person 1
* Good B → Person 2
* Good C → Person 1

This allocation maximizes the total value of the goods allocated, as Person 1 gets Good A and Good C, worth 45 + 35 = 80, and Person 2 gets Good B, worth 40. No other allocation can make one person better off without making the other person worse off, so this allocation is Pareto Optimal.",0,1,2,1
63,"A classic problem of resource allocation!

To determine the most desirable allocation, I'll use a simple yet effective approach: maximize the total value achieved by the allocation.

Let's analyze the values each person assigns to each good:

**Good A**

* Person 1 values it at 45
* Person 2 values it at 35

It's clear that Person 1 values Good A more than Person 2, so it should be allocated to Person 1.

**Good B**

* Person 1 values it at 20
* Person 2 values it at 40

Here, Person 2 values Good B more than Person 1, so it should be allocated to Person 2.

**Good C**

* Person 1 values it at 35
* Person 2 values it at 25

Again, Person 1 values Good C more than Person 2, so it should be allocated to Person 1.

The resulting allocation is:

* Person 1: Good A, Good C
* Person 2: Good B

This allocation maximizes the total value achieved, which is:

45 (Person 1's value for Good A) + 35 (Person 1's value for Good C) + 40 (Person 2's value for Good B) = 120

By allocating Good A and Good C to Person 1, and Good B to Person 2, we achieve the highest possible total value of 120.",0,1,2,1
64,"A classic problem of resource allocation!

To determine the most desirable allocation, I'll use a simple yet effective approach: maximal welfare allocation. The goal is to allocate the goods in a way that maximizes the total value or welfare of both individuals.

Here are the given values:

**Person 1:**

* Good A: 45
* Good B: 20
* Good C: 35

**Person 2:**

* Good A: 35
* Good B: 40
* Good C: 25

To find the optimal allocation, I'll compare the values for each good between the two individuals:

1. **Good A:** Person 1 values it at 45, while Person 2 values it at 35. Allocate Good A to **Person 1**.
2. **Good B:** Person 1 values it at 20, while Person 2 values it at 40. Allocate Good B to **Person 2**.
3. **Good C:** Person 1 values it at 35, while Person 2 values it at 25. Allocate Good C to **Person 1**.

The resulting allocation is:

* **Person 1:** Good A (45), Good C (35)
* **Person 2:** Good B (40)

This allocation maximizes the total value or welfare, which is:
45 + 35 + 40 = 120

This allocation is Pareto efficient, meaning that it is impossible to make one person better off without making the other person worse off.

There you have it! The most desirable allocation is to give Good A and Good C to Person 1, and Good B to Person 2.",0,1,2,1
65,"A classic problem in economics!

To determine the most desirable allocation, we can use the concept of Pareto efficiency, which means that no other allocation can make one person better off without making someone else worse off.

Let's analyze the values of each person for each good:

**Good A:** Person 1 values it at 45, while Person 2 values it at 35. It's clear that Person 1 values Good A more than Person 2, so it's best to allocate Good A to Person 1.

**Good B:** Person 1 values it at 20, while Person 2 values it at 40. Here, Person 2 values Good B more than Person 1, so it's best to allocate Good B to Person 2.

**Good C:** Person 1 values it at 35, while Person 2 values it at 25. Similar to Good A, Person 1 values Good C more than Person 2, so it's best to allocate Good C to Person 1.

Therefore, the most desirable allocation is:

* Good A: Allocate to Person 1 (value: 45)
* Good B: Allocate to Person 2 (value: 40)
* Good C: Allocate to Person 1 (value: 35)

This allocation is Pareto efficient because it maximizes the total value of the goods allocated to both individuals. If we were to reallocate any of the goods, one person's value would decrease, while the other person's value would not increase.

So, the final allocation is: Person 1 gets Good A and Good C, while Person 2 gets Good B.",0,1,2,1
66,"A classic problem of resource allocation!

To determine the most desirable allocation, we can use a simple yet effective method: the Pareto Optimal allocation. The idea is to allocate the goods in a way that maximizes the total value created.

Let's analyze the situation:

**Person 1's values:**

* Good A: 45
* Good B: 20
* Good C: 35

**Person 2's values:**

* Good A: 35
* Good B: 40
* Good C: 25

To find the optimal allocation, we'll compare the values of each good for both persons and allocate each good to the person who values it the most.

**Good A:**
Person 1 values Good A at 45, while Person 2 values it at 35. Allocate Good A to Person 1.

**Good B:**
Person 1 values Good B at 20, while Person 2 values it at 40. Allocate Good B to Person 2.

**Good C:**
Person 1 values Good C at 35, while Person 2 values it at 25. Allocate Good C to Person 1.

The resulting allocation is:

* Person 1: Good A, Good C
* Person 2: Good B

This allocation is Pareto Optimal because it maximizes the total value created. Person 1 gets the goods they value the most, and Person 2 gets the good they value the most.

The total value created by this allocation is:

45 (Good A) + 35 (Good C) + 40 (Good B) = 120

This allocation is the most desirable because it generates the highest total value for both individuals.",0,1,2,1
67,"A classic problem of allocation! Let's break it down step by step.

To determine the most desirable allocation, we need to consider the values each person places on each good. We can create a table to summarize the values:

| Good | Person 1's Value | Person 2's Value |
| --- | --- | --- |
| A | 45 | 35 |
| B | 20 | 40 |
| C | 35 | 25 |

The goal is to maximize the total value obtained by allocating the goods. We can do this by allocating each good to the person who values it the most.

**Good A:** Person 1 values it more (45) than Person 2 (35), so we allocate Good A to Person 1.

**Good B:** Person 2 values it more (40) than Person 1 (20), so we allocate Good B to Person 2.

**Good C:** Person 1 values it more (35) than Person 2 (25), so we allocate Good C to Person 1.

The resulting allocation is:

* Person 1: Good A (45) and Good C (35)
* Person 2: Good B (40)

This allocation maximizes the total value, which is 45 + 35 + 40 = 120.

Therefore, the most desirable allocation is to give Good A and Good C to Person 1, and Good B to Person 2.",0,1,2,1
68,"A classic problem of resource allocation!

To determine the most desirable allocation, I'll use a simple yet effective approach: I'll calculate the total value of each possible allocation and choose the one that maximizes the total value.

Let's analyze the possible allocations:

**Allocation 1:** Give Good A to Person 1, Good B to Person 2, and Good C to Person 1.
Value: Person 1 (Good A: 45 + Good C: 35) = 80, Person 2 (Good B: 40) = 40, Total: 120

**Allocation 2:** Give Good A to Person 1, Good B to Person 1, and Good C to Person 2.
Value: Person 1 (Good A: 45 + Good B: 20) = 65, Person 2 (Good C: 25) = 25, Total: 90

**Allocation 3:** Give Good A to Person 2, Good B to Person 1, and Good C to Person 1.
Value: Person 1 (Good B: 20 + Good C: 35) = 55, Person 2 (Good A: 35) = 35, Total: 90

**Allocation 4:** Give Good A to Person 2, Good B to Person 2, and Good C to Person 1.
Value: Person 1 (Good C: 35) = 35, Person 2 (Good A: 35 + Good B: 40) = 75, Total: 110

After calculating the total value for each allocation, I see that **Allocation 1** yields the highest total value of 120. Therefore, the most desirable allocation is:

Good A to Person 1
Good B to Person 2
Good C to Person 1

This allocation maximizes the total value of the goods allocated, ensuring that the goods are allocated in a way that generates the greatest overall benefit.",0,1,2,1
69,"A classic problem of allocation!

To determine the most desirable allocation, I'll use the concept of Pareto optimality, which aims to maximize the overall welfare of both individuals.

Let's analyze the values of each person for each good:

**Person 1:**

* Good A: 45
* Good B: 20
* Good C: 35

**Person 2:**

* Good A: 35
* Good B: 40
* Good C: 25

To allocate the goods, I'll try to maximize the total value created by the allocation. Here's one possible allocation:

**Allocation:**

* Good A: Person 1 (value: 45)
* Good B: Person 2 (value: 40)
* Good C: Person 1 (value: 35)

**Reasoning:**

* For Good A, Person 1 values it higher than Person 2, so I allocate it to Person 1.
* For Good B, Person 2 values it higher than Person 1, so I allocate it to Person 2.
* For Good C, Person 1 values it higher than Person 2, so I allocate it to Person 1.

**Total value created:**

* Person 1: 45 (Good A) + 35 (Good C) = 80
* Person 2: 40 (Good B) = 40
* Total value: 80 + 40 = 120

This allocation is Pareto optimal because it is not possible to reallocate the goods to make one person better off without making the other person worse off. Additionally, this allocation maximizes the total value created, which is 120.

Therefore, I recommend the following allocation:

* Good A: Person 1
* Good B: Person 2
* Good C: Person 1",0,1,2,1
70,"A classic problem of discrete allocation! 

To determine the most desirable allocation, we can use a simple yet effective method called the ""Highest Value Principle."" The idea is to allocate each good to the person who values it the most.

Let's analyze the values each person has for each good:

**Good A:**
Person 1 values it at 45, while Person 2 values it at 35. Since Person 1 values Good A more, we should allocate Good A to Person 1.

**Good B:**
Person 1 values it at 20, while Person 2 values it at 40. Since Person 2 values Good B more, we should allocate Good B to Person 2.

**Good C:**
Person 1 values it at 35, while Person 2 values it at 25. Since Person 1 values Good C more, we should allocate Good C to Person 1.

Based on this analysis, the most desirable allocation is:

* Good A to Person 1
* Good B to Person 2
* Good C to Person 1

This allocation maximizes the total value created, as each good is allocated to the person who values it the most.",0,1,2,1
71,"A classic problem of resource allocation!

Let's analyze the situation:

We have two individuals, Person 1 and Person 2, and three goods, A, B, and C. The values each person assigns to each good are:

Person 1: A (45), B (20), C (35)
Person 2: A (35), B (40), C (25)

Our goal is to find the most desirable allocation, which I assume means maximizing the total value or satisfaction of both individuals.

To do this, we can use a simple greedy algorithm:

1. Identify the good that is most valued by each person.
2. Allocate that good to the person who values it most.
3. Repeat steps 1 and 2 until all goods are allocated or there are no more goods to allocate.

Let's apply this algorithm:

**Round 1:**

* Person 1 values Good A the most (45).
* Person 2 values Good B the most (40).
* Allocate Good A to Person 1 and Good B to Person 2.

**Round 2:**

* Person 1 values Good C the most (35) among the remaining goods.
* Person 2 has no remaining goods to allocate.
* Allocate Good C to Person 1.

The final allocation is:

* Person 1: Good A, Good C
* Person 2: Good B

This allocation maximizes the total value, as it satisfies the highest values for each person:

* Person 1 gets Good A (45) and Good C (35), for a total value of 80.
* Person 2 gets Good B (40), for a total value of 40.

This allocation is Pareto efficient, meaning that it is impossible to make one person better off without making the other person worse off.",0,1,2,1
72,"A classic problem of resource allocation!

To determine the most desirable allocation, I'll use a simple yet effective approach: I'll calculate the total value of each possible allocation and choose the one that maximizes the total value.

Let's analyze the possible allocations:

**Allocation 1:** Give Good A to Person 1, Good B to Person 2, and Good C to Person 1
Total value: 45 (Person 1's value for Good A) + 40 (Person 2's value for Good B) + 35 (Person 1's value for Good C) = 120

**Allocation 2:** Give Good A to Person 2, Good B to Person 1, and Good C to Person 1
Total value: 35 (Person 2's value for Good A) + 20 (Person 1's value for Good B) + 35 (Person 1's value for Good C) = 90

**Allocation 3:** Give Good A to Person 1, Good B to Person 1, and Good C to Person 2
Total value: 45 (Person 1's value for Good A) + 20 (Person 1's value for Good B) + 25 (Person 2's value for Good C) = 90

**Allocation 4:** Give Good A to Person 2, Good B to Person 2, and Good C to Person 1
Total value: 35 (Person 2's value for Good A) + 40 (Person 2's value for Good B) + 35 (Person 1's value for Good C) = 110

**Allocation 5:** Give Good A to Person 1, Good B to Person 2, and don't allocate Good C (throw it away)
Total value: 45 (Person 1's value for Good A) + 40 (Person 2's value for Good B) = 85

**Allocation 6:** Give Good A to Person 2, Good B to Person 1, and don't allocate Good C (throw it away)
Total value: 35 (Person 2's value for Good A) + 20 (Person 1's value for Good B) = 55

**Allocation 7:** Give Good B to Person 1, Good C to Person 1, and don't allocate Good A (throw it away)
Total value: 20 (Person 1's value for Good B) + 35 (Person 1's value for Good C) = 55

**Allocation 8:** Give Good B to Person 2, Good C to Person 2, and don't allocate Good A (throw it away)
Total value: 40 (Person 2's value for Good B) + 25 (Person 2's value for Good C) = 65

After calculating the total value for each possible allocation, I can see that **Allocation 1** is the most desirable, with a total value of 120.

Therefore, the allocation I recommend is:

* Give Good A to Person 1
* Give Good B to Person 2
* Give Good C to Person 1

This allocation maximizes the total value of the goods allocated, making it the most desirable outcome.",0,1,2,1
73,"A classic problem of resource allocation!

To determine the most desirable allocation, I'll use a simple yet effective approach: maximize the total value created by the allocation.

Let's analyze the values assigned by each person to each good:

**Person 1:**

* Good A: 45
* Good B: 20
* Good C: 35

**Person 2:**

* Good A: 35
* Good B: 40
* Good C: 25

To maximize the total value, I'll allocate each good to the person who values it the most:

**Allocation:**

* Good A: Allocate to Person 1 (value: 45) because Person 1 values it more than Person 2 (35).
* Good B: Allocate to Person 2 (value: 40) because Person 2 values it more than Person 1 (20).
* Good C: Allocate to Person 1 (value: 35) because Person 1 values it more than Person 2 (25).

**Resulting Allocation:**

* Person 1: Good A (45) and Good C (35) = Total value: 80
* Person 2: Good B (40) = Total value: 40

The total value created by this allocation is: 80 + 40 = 120

This allocation is the most desirable because it maximizes the total value created, ensuring that each good is assigned to the person who values it the most.",0,1,2,1
74,"A classic problem in social choice theory!

In this case, we can use a simple method to determine the most desirable allocation, which is to maximize the total value of the goods allocated.

Let's calculate the total value of each possible allocation:

**Allocation 1:** Give Good A to Person 1, Good B to Person 2, and Good C to Person 1
Total value: 45 (Good A) + 40 (Good B) + 35 (Good C) = 120

**Allocation 2:** Give Good A to Person 2, Good B to Person 1, and Good C to Person 1
Total value: 35 (Good A) + 20 (Good B) + 35 (Good C) = 90

**Allocation 3:** Give Good A to Person 1, Good B to Person 1, and Good C to Person 2
Total value: 45 (Good A) + 20 (Good B) + 25 (Good C) = 90

**Allocation 4:** Give Good A to Person 2, Good B to Person 2, and Good C to Person 1
Total value: 35 (Good A) + 40 (Good B) + 35 (Good C) = 110

**Allocation 5:** Give Good A to Person 1, Good B to Person 2, and Good C to Person 2
Total value: 45 (Good A) + 40 (Good B) + 25 (Good C) = 110

The most desirable allocation is ** Allocation 1:** Give Good A to Person 1, Good B to Person 2, and Good C to Person 1, which maximizes the total value to 120.

This allocation makes sense because Person 1 values Good A and Good C more than Person 2, and Person 2 values Good B more than Person 1. By allocating the goods in this way, we maximize the total value and ensure that each good is allocated to the person who values it the most.",0,1,2,1
75,"What a classic problem of resource allocation!

To determine the most desirable allocation, let's analyze the values each person attaches to each good. We can do this by creating a table:

| Good | Person 1's Value | Person 2's Value |
| --- | --- | --- |
| A | 45 | 35 |
| B | 20 | 40 |
| C | 35 | 25 |

To maximize the overall value of the allocation, we can adopt a greedy algorithm. Here's a step-by-step approach:

1. Identify the good with the highest value for either person. In this case, Good B has a value of 40 for Person 2, which is the highest.
Allocate Good B to Person 2.

| Good | Person 1's Value | Person 2's Value | Allocation |
| --- | --- | --- | --- |
| A | 45 | 35 |  |
| B | 20 | 40 | Person 2 |
| C | 35 | 25 |  |

2. Among the remaining goods, identify the good with the highest value for either person. Now, Good A has a value of 45 for Person 1, which is the highest.
Allocate Good A to Person 1.

| Good | Person 1's Value | Person 2's Value | Allocation |
| --- | --- | --- | --- |
| A | 45 | 35 | Person 1 |
| B | 20 | 40 | Person 2 |
| C | 35 | 25 |  |

3. The last good, Good C, has a higher value for Person 1 (35) than for Person 2 (25). Allocate Good C to Person 1.

| Good | Person 1's Value | Person 2's Value | Allocation |
| --- | --- | --- | --- |
| A | 45 | 35 | Person 1 |
| B | 20 | 40 | Person 2 |
| C | 35 | 25 | Person 1 |

The final allocation is:

* Person 1: Good A, Good C
* Person 2: Good B

This allocation maximizes the total value, which is 45 + 35 + 40 = 120.",0,1,2,1
76,"A classic problem of resource allocation!

To determine the most desirable allocation, I'll use the concept of efficiency, specifically Pareto efficiency. The goal is to allocate the goods in a way that maximizes the total value created.

Let's analyze the values each person assigns to each good:

**Person 1:**

* Good A: 45
* Good B: 20
* Good C: 35

**Person 2:**

* Good A: 35
* Good B: 40
* Good C: 25

To find the optimal allocation, I'll look for the combination that yields the highest total value.

**Good A:** Person 1 values it higher (45) than Person 2 (35). Allocate Good A to Person 1.

**Good B:** Person 2 values it higher (40) than Person 1 (20). Allocate Good B to Person 2.

**Good C:** Person 1 values it higher (35) than Person 2 (25). Allocate Good C to Person 1.

The resulting allocation is:

* Person 1: Good A, Good C
* Person 2: Good B

This allocation is Pareto efficient because it is not possible to reallocate the goods to make one person better off without making the other person worse off. Additionally, this allocation maximizes the total value created: 45 + 35 + 40 = 120.

This allocation is the most desirable because it takes into account the individuals' preferences and maximizes the overall value created.",0,1,2,1
77,"A classic problem of resource allocation!

To determine the most desirable allocation, I'll use the concept of efficiency, which is a fundamental principle in economics. In this case, I'll aim to maximize the total value or utility generated by the allocation.

Let's analyze the values each person has for each good:

**Person 1:**
- Good A: 45
- Good B: 20
- Good C: 35

**Person 2:**
- Good A: 35
- Good B: 40
- Good C: 25

To maximize the total value, I'll allocate each good to the person who values it the most:

1. **Good A:** Person 1 values Good A at 45, while Person 2 values it at 35. I'll allocate Good A to Person 1.
2. **Good B:** Person 2 values Good B at 40, while Person 1 values it at 20. I'll allocate Good B to Person 2.
3. **Good C:** Person 1 values Good C at 35, while Person 2 values it at 25. I'll allocate Good C to Person 1.

The resulting allocation is:

* Person 1: Good A (45) and Good C (35)
* Person 2: Good B (40)

This allocation generates a total value of:
45 + 35 + 40 = 120

This allocation is efficient because it maximizes the total value created. If I were to allocate the goods differently, the total value would be lower. For example, if I allocated Good B to Person 1 and Good C to Person 2, the total value would be:
45 + 20 + 35 = 100

which is lower than the optimal allocation of 120.

Therefore, the most desirable allocation is to give Good A and Good C to Person 1, and Good B to Person 2.",0,1,2,1
78,"A classic problem of resource allocation!

To determine the most desirable allocation, I'll use a simple yet effective method: I'll calculate the total value that each allocation would generate and choose the one that maximizes the total value.

Here are the possible allocations:

**Allocation 1:**
Person 1 gets Good A, Person 2 gets Good B and Good C
Value generated: 45 (Good A) + 40 (Good B) + 25 (Good C) = 110

**Allocation 2:**
Person 1 gets Good A and Good C, Person 2 gets Good B
Value generated: 45 (Good A) + 35 (Good C) + 40 (Good B) = 120

**Allocation 3:**
Person 1 gets Good B, Person 2 gets Good A and Good C
Value generated: 20 (Good B) + 35 (Good A) + 25 (Good C) = 80

**Allocation 4:**
Person 1 gets Good B and Good C, Person 2 gets Good A
Value generated: 20 (Good B) + 35 (Good C) + 35 (Good A) = 90

**Allocation 5:**
Person 1 doesn't get any goods, Person 2 gets all goods
Value generated: 35 (Good A) + 40 (Good B) + 25 (Good C) = 100

**Allocation 6:**
Person 2 doesn't get any goods, Person 1 gets all goods
Value generated: 45 (Good A) + 20 (Good B) + 35 (Good C) = 100

After calculating the total value for each possible allocation, I can see that **Allocation 2** generates the highest total value: 120.

Therefore, the most desirable allocation is:

Person 1 gets Good A and Good C (total value: 45 + 35 = 80)
Person 2 gets Good B (total value: 40)

This allocation maximizes the total value and seems like a fair and efficient way to allocate the three goods between the two individuals.",0,1,2,1
79,"A classic problem of resource allocation!

To determine the most desirable allocation, I'll use a simple yet effective approach: I'll calculate the total value of each possible allocation and choose the one that maximizes the total value.

Let's enumerate all possible allocations:

1. Allocate Good A to Person 1, Good B to Person 2, and Good C to Person 1:
	* Person 1 gets Good A (value 45) and Good C (value 35), total value = 80
	* Person 2 gets Good B (value 40), total value = 40
	Total value = 80 + 40 = 120
2. Allocate Good A to Person 1, Good B to Person 1, and Good C to Person 2:
	* Person 1 gets Good A (value 45) and Good B (value 20), total value = 65
	* Person 2 gets Good C (value 25), total value = 25
	Total value = 65 + 25 = 90
3. Allocate Good A to Person 2, Good B to Person 1, and Good C to Person 1:
	* Person 1 gets Good B (value 20) and Good C (value 35), total value = 55
	* Person 2 gets Good A (value 35), total value = 35
	Total value = 55 + 35 = 90
4. Allocate Good A to Person 2, Good B to Person 2, and Good C to Person 1:
	* Person 1 gets Good C (value 35), total value = 35
	* Person 2 gets Good A (value 35) and Good B (value 40), total value = 75
	Total value = 35 + 75 = 110
5. Allocate no goods to anyone (throw them away):
	* Total value = 0

Comparing the total values of each allocation, I see that the first allocation (1) yields the highest total value: 120.

Therefore, the most desirable allocation is:

* Allocate Good A to Person 1, Good B to Person 2, and Good C to Person 1.

This allocation maximizes the total value of the goods, making it the most desirable outcome.",0,1,2,1
80,"A classic problem in microeconomics!

To determine the most desirable allocation, I'll use the concept of Pareto Efficiency, which aims to maximize the overall welfare of both individuals. I'll also apply the principle of efficiency, which suggests that goods should be allocated to the individual who values them the most.

Let's analyze the values of each good for both individuals:

**Good A:**
Person 1 values Good A at 45, while Person 2 values it at 35. Since Person 1 values it more, I'll allocate Good A to Person 1.

**Good B:**
Person 1 values Good B at 20, while Person 2 values it at 40. Since Person 2 values it more, I'll allocate Good B to Person 2.

**Good C:**
Person 1 values Good C at 35, while Person 2 values it at 25. Since Person 1 values it more, I'll allocate Good C to Person 1.

The resulting allocation is:

* Person 1: Good A, Good C
* Person 2: Good B

This allocation is Pareto Efficient because it maximizes the overall welfare of both individuals. Each good is allocated to the person who values it the most, which ensures that the total value created is maximized.

No individual can be made better off without making the other individual worse off, which is the definition of Pareto Efficiency.",0,1,2,1
81,"A classic problem in microeconomics!

To determine the most desirable allocation, I'll use the concept of Pareto efficiency. A Pareto efficient allocation is one where it is impossible to make one person better off without making someone else worse off.

Let's analyze the values of each person for each good:

**Good A:** Person 1 values it at 45, while Person 2 values it at 35. Since Person 1 values it more, it's efficient to allocate Good A to Person 1.

**Good B:** Person 2 values it at 40, while Person 1 values it at 20. Since Person 2 values it more, it's efficient to allocate Good B to Person 2.

**Good C:** Person 1 values it at 35, while Person 2 values it at 25. Since Person 1 values it more, it's efficient to allocate Good C to Person 1.

So, the most desirable allocation is:

* Good A to Person 1
* Good B to Person 2
* Good C to Person 1

This allocation is Pareto efficient because it's not possible to reallocate the goods to make one person better off without making the other person worse off. Both persons receive the goods they value the most, resulting in the highest total value for both individuals.",0,1,2,1
82,"A classic problem of allocating indivisible goods!

To determine the most desirable allocation, we need to consider the values that each person assigns to each good. We want to allocate the goods in a way that maximizes the total value created for both individuals.

Let's analyze the values:

**Good A**: Person 1 values it at 45, while Person 2 values it at 35. Since Person 1 values it more, we should allocate Good A to Person 1.

**Good B**: Person 1 values it at 20, while Person 2 values it at 40. Since Person 2 values it more, we should allocate Good B to Person 2.

**Good C**: Person 1 values it at 35, while Person 2 values it at 25. Since Person 1 values it more, we should allocate Good C to Person 1.

So, the most desirable allocation is:

* Good A: Allocate to Person 1 (value: 45)
* Good B: Allocate to Person 2 (value: 40)
* Good C: Allocate to Person 1 (value: 35)

This allocation creates a total value of 45 + 40 + 35 = 120.

By allocating the goods in this way, we maximize the total value created for both individuals, making it the most desirable allocation.",0,1,2,1
83,"A classic allocation problem!

To determine the most desirable allocation, I'll use a simple yet effective method: the ""Maximum Total Value"" approach. The idea is to allocate the goods in a way that maximizes the total value that both individuals receive.

Let's calculate the total value for each possible allocation:

**Allocation 1:**
Person 1 gets Good A, Person 2 gets Good B and Good C
Total Value: 45 (Person 1) + 40 (Person 2) + 25 (Person 2) = 110

**Allocation 2:**
Person 1 gets Good A and Good C, Person 2 gets Good B
Total Value: 45 (Person 1) + 35 (Person 1) + 40 (Person 2) = 120

**Allocation 3:**
Person 1 gets Good B, Person 2 gets Good A and Good C
Total Value: 20 (Person 1) + 35 (Person 2) + 25 (Person 2) = 80

**Allocation 4:**
Person 1 gets Good B and Good C, Person 2 gets Good A
Total Value: 20 (Person 1) + 35 (Person 1) + 35 (Person 2) = 90

**Allocation 5:**
Person 1 gets nothing, Person 2 gets all three goods (not a good idea, as it would be unfair)
Total Value: 35 (Person 2) + 40 (Person 2) + 25 (Person 2) = 100

**Allocation 6:**
Person 2 gets nothing, Person 1 gets all three goods (not a good idea, as it would be unfair)
Total Value: 45 (Person 1) + 20 (Person 1) + 35 (Person 1) = 100

The allocation with the highest total value is **Allocation 2**, where:

* Person 1 gets Good A and Good C, with a total value of 45 + 35 = 80
* Person 2 gets Good B, with a value of 40

This allocation results in a total value of 120, which is the maximum possible value.

Therefore, the most desirable allocation is: Person 1 gets Good A and Good C, and Person 2 gets Good B.",0,1,2,1
84,"To determine the most desirable allocation, I will use the concept of Pareto efficiency, which aims to maximize the overall well-being of both individuals.

Let's analyze the values of each good for both individuals:

**Good A:**
Person 1 values it at 45, while Person 2 values it at 35. Since Person 1 values it more, it is efficient to allocate Good A to Person 1.

**Good B:**
Person 1 values it at 20, while Person 2 values it at 40. Since Person 2 values it more, it is efficient to allocate Good B to Person 2.

**Good C:**
Person 1 values it at 35, while Person 2 values it at 25. Since Person 1 values it more, it is efficient to allocate Good C to Person 1.

Based on this analysis, the most desirable allocation is:

* Good A to Person 1
* Good B to Person 2
* Good C to Person 1

This allocation is Pareto efficient because it maximizes the overall value for both individuals. If we were to reallocate any good, it would make one person worse off without making the other person better off.",0,1,2,1
85,"A classic problem of resource allocation!

To determine the most desirable allocation, I will use a simple yet effective approach: I will assign each good to the person who values it the most.

Let's analyze the values of each person for each good:

**Good A:**
Person 1 values it at 45, while Person 2 values it at 35. Since Person 1 values Good A more, I will allocate Good A to Person 1.

**Good B:**
Person 1 values it at 20, while Person 2 values it at 40. Since Person 2 values Good B more, I will allocate Good B to Person 2.

**Good C:**
Person 1 values it at 35, while Person 2 values it at 25. Since Person 1 values Good C more, I will allocate Good C to Person 1.

Therefore, the most desirable allocation is:

* Good A to Person 1
* Good B to Person 2
* Good C to Person 1

This allocation maximizes the total value of the goods allocated, as each good is assigned to the person who values it the most.",0,1,2,1
86,"A classic problem of resource allocation!

To determine the most desirable allocation, I'll use a simple yet effective approach: I'll calculate the total value of each possible allocation and choose the one that maximizes the total value.

Let's analyze the possible allocations:

**Allocation 1: Give Good A to Person 1, Good B to Person 2, Good C to Person 1**

* Person 1 gets Good A (value: 45) and Good C (value: 35) => Total value: 45 + 35 = 80
* Person 2 gets Good B (value: 40) => Total value: 40
* Total value of allocation: 80 + 40 = 120

**Allocation 2: Give Good A to Person 2, Good B to Person 1, Good C to Person 1**

* Person 1 gets Good B (value: 20) and Good C (value: 35) => Total value: 20 + 35 = 55
* Person 2 gets Good A (value: 35) => Total value: 35
* Total value of allocation: 55 + 35 = 90

**Allocation 3: Give Good A to Person 1, Good B to Person 1, Good C to Person 2**

* Person 1 gets Good A (value: 45) and Good B (value: 20) => Total value: 45 + 20 = 65
* Person 2 gets Good C (value: 25) => Total value: 25
* Total value of allocation: 65 + 25 = 90

**Allocation 4: Give Good A to Person 2, Good B to Person 2, Good C to Person 1**

* Person 1 gets Good C (value: 35) => Total value: 35
* Person 2 gets Good A (value: 35) and Good B (value: 40) => Total value: 35 + 40 = 75
* Total value of allocation: 35 + 75 = 110

After calculating the total value of each possible allocation, I find that **Allocation 1** has the highest total value: 120. Therefore, the most desirable allocation is:

* Give Good A to Person 1
* Give Good B to Person 2
* Give Good C to Person 1

This allocation maximizes the total value and is the most efficient way to allocate the goods among the two individuals.",0,1,2,1
87,"A classic problem of resource allocation!

To determine the most desirable allocation, I'll use a simple yet effective approach: maximize the total value of the goods allocated to both individuals. This is known as a utilitarian approach.

Let's analyze the values each person has for each good:

**Person 1:**
- Good A: 45
- Good B: 20
- Good C: 35

**Person 2:**
- Good A: 35
- Good B: 40
- Good C: 25

To maximize the total value, I'll allocate each good to the person who values it the most.

**Good A:** Person 1 values it at 45, while Person 2 values it at 35. Allocate Good A to Person 1.

**Good B:** Person 2 values it at 40, while Person 1 values it at 20. Allocate Good B to Person 2.

**Good C:** Person 1 values it at 35, while Person 2 values it at 25. Allocate Good C to Person 1.

The resulting allocation is:

* Person 1: Good A (45) and Good C (35) = Total value: 80
* Person 2: Good B (40) = Total value: 40

The total value of this allocation is 80 + 40 = 120.

This allocation is the most desirable because it maximizes the total value of the goods allocated to both individuals. Note that this allocation is also Pareto efficient, meaning that it is impossible to make one person better off without making the other person worse off.",0,1,2,1
88,"A classic problem of resource allocation!

To determine the most desirable allocation, let's analyze the values each person places on each good. We can use a simple method called the ""efficiency criterion"" or ""Pareto efficiency,"" which aims to maximize the total value achieved by allocating the goods.

Here's the step-by-step process:

1. Compare the values each person places on each good:

Good A: Person 1 values it at 45, while Person 2 values it at 35. Person 1 has a higher value, so allocate Good A to Person 1.

Good B: Person 1 values it at 20, while Person 2 values it at 40. Person 2 has a higher value, so allocate Good B to Person 2.

Good C: Person 1 values it at 35, while Person 2 values it at 25. Person 1 has a higher value, so allocate Good C to Person 1.

The resulting allocation is:

* Good A to Person 1 (value: 45)
* Good B to Person 2 (value: 40)
* Good C to Person 1 (value: 35)

This allocation is Pareto efficient because it maximizes the total value achieved by allocating the goods. The total value created by this allocation is:

45 (Good A) + 40 (Good B) + 35 (Good C) = 120

No other allocation can increase the total value without making one person worse off. Therefore, this allocation is the most desirable.",0,1,2,1
89,"This is a classic problem of allocation of indivisible goods, and it can be solved using the concept of Pareto Optimality and the principle of efficiency.

A Pareto Optimal allocation is an allocation where no individual can be made better off without making someone else worse off. In other words, it is an allocation where there is no other possible allocation that would make one person better off without making someone else worse off.

To determine the most desirable allocation, I will first calculate the total value of each good for each person:

Person 1:

* Good A: 45
* Good B: 20
* Good C: 35
* Total value: 45 + 20 + 35 = 100

Person 2:

* Good A: 35
* Good B: 40
* Good C: 25
* Total value: 35 + 40 + 25 = 100

Since the total value of the goods is the same for both persons, we can focus on the individual values of each good.

Allocation Options:

1. Good A to Person 1, Good B to Person 2, Good C to Person 1
	* Person 1 gets Good A (45) and Good C (35) = 80
	* Person 2 gets Good B (40) = 40
2. Good A to Person 2, Good B to Person 1, Good C to Person 1
	* Person 1 gets Good B (20) and Good C (35) = 55
	* Person 2 gets Good A (35) = 35
3. Good A to Person 1, Good B to Person 1, Good C to Person 2
	* Person 1 gets Good A (45) and Good B (20) = 65
	* Person 2 gets Good C (25) = 25
4. Good A to Person 2, Good B to Person 2, Good C to Person 1
	* Person 1 gets Good C (35) = 35
	* Person 2 gets Good A (35) and Good B (40) = 75

Comparing the allocation options, we can see that Option 1 is the most desirable. In this allocation, Person 1 gets a total value of 80, and Person 2 gets a total value of 40. This allocation is Pareto Optimal because it is not possible to reallocate the goods in a way that would make one person better off without making the other person worse off.

Therefore, the most desirable allocation is:

* Good A to Person 1
* Good B to Person 2
* Good C to Person 1",0,1,2,1
90,"A classic problem of allocating indivisible goods among individuals with different valuations!

To determine the most desirable allocation, I'll use the concept of Pareto optimality, which means that no other allocation can make one person better off without making someone else worse off.

Let's analyze the valuations:

**Good A:** Person 1 values it at 45, while Person 2 values it at 35. It's clear that Person 1 has a higher valuation, so allocating Good A to Person 1 is the most desirable.

**Good B:** Person 2 values it at 40, while Person 1 values it at 20. In this case, Person 2 has a higher valuation, so allocating Good B to Person 2 is the most desirable.

**Good C:** Person 1 values it at 35, while Person 2 values it at 25. Again, Person 1 has a higher valuation, so allocating Good C to Person 1 is the most desirable.

Based on these analyses, the most desirable allocation is:

* Good A to Person 1
* Good B to Person 2
* Good C to Person 1

This allocation is Pareto optimal because:

* Person 1 gets two goods they value highly (Good A and Good C), with a total value of 45 + 35 = 80.
* Person 2 gets the good they value highly (Good B), with a value of 40.

No other allocation can make one person better off without making the other person worse off. Therefore, this allocation is the most desirable.",0,1,2,1
91,"A classic problem of resource allocation!

To determine the most desirable allocation, I'll use a simple yet effective method: I'll try to maximize the total value obtained by the two individuals.

Let's analyze the values each person assigns to each good:

**Person 1:**
- Good A: 45
- Good B: 20
- Good C: 35

**Person 2:**
- Good A: 35
- Good B: 40
- Good C: 25

To maximize the total value, I'll allocate each good to the person who values it the most:

1. **Good A**: Person 1 values it at 45, while Person 2 values it at 35. I'll allocate Good A to Person 1 (45).
2. **Good B**: Person 2 values it at 40, while Person 1 values it at 20. I'll allocate Good B to Person 2 (40).
3. **Good C**: Person 1 values it at 35, while Person 2 values it at 25. I'll allocate Good C to Person 1 (35).

The resulting allocation is:

* Person 1: Good A (45), Good C (35)
* Person 2: Good B (40)

This allocation maximizes the total value, which is: 45 + 35 + 40 = 120.

This allocation is Pareto efficient, meaning that it is not possible to reallocate the goods to make one person better off without making the other person worse off.",0,1,2,1
92,"A classic problem of resource allocation!

To determine the most desirable allocation, I'll use a simple yet effective approach: maximize the total value of the allocation.

Let's create a table to summarize the values for each good and each person:

| Good | Person 1's Value | Person 2's Value |
| --- | --- | --- |
| A | 45 | 35 |
| B | 20 | 40 |
| C | 35 | 25 |

To maximize the total value, I'll allocate each good to the person who values it the most. Here's the allocation:

1. Good A: Allocate to Person 1 (value: 45) since they value it more than Person 2 (value: 35).
2. Good B: Allocate to Person 2 (value: 40) since they value it more than Person 1 (value: 20).
3. Good C: Allocate to Person 1 (value: 35) since they value it more than Person 2 (value: 25).

The resulting allocation is:

* Person 1: Good A (45), Good C (35) => Total value: 80
* Person 2: Good B (40) => Total value: 40

This allocation maximizes the total value, which is 80 + 40 = 120.",0,1,2,1
93,"A classic problem of allocation!

To determine the most desirable allocation, I will use a simple yet effective approach: the method of maximizing the total value. This method involves assigning each good to the person who values it the most.

Let's analyze the values of each good for each person:

Good A:
Person 1: 45
Person 2: 35
Assignment: Good A to Person 1 (higher value)

Good B:
Person 1: 20
Person 2: 40
Assignment: Good B to Person 2 (higher value)

Good C:
Person 1: 35
Person 2: 25
Assignment: Good C to Person 1 (higher value)

The resulting allocation is:

* Good A to Person 1 (value: 45)
* Good B to Person 2 (value: 40)
* Good C to Person 1 (value: 35)

This allocation maximizes the total value, which is:
45 (Good A) + 40 (Good B) + 35 (Good C) = 120

By allocating the goods in this way, we ensure that the total value created is the highest possible, which is the most desirable outcome.",0,1,2,1
94,"This is a classic problem of resource allocation, and we can use the concept of Pareto efficiency to determine the most desirable allocation.

A Pareto efficient allocation is one where it is impossible to make one person better off without making someone else worse off. To achieve this, we need to allocate the goods in a way that maximizes the total value created.

Let's analyze the situation:

* Good A: Person 1 values it at 45, and Person 2 values it at 35. Allocate Good A to Person 1, as it generates more value for them.
* Good B: Person 1 values it at 20, and Person 2 values it at 40. Allocate Good B to Person 2, as it generates more value for them.
* Good C: Person 1 values it at 35, and Person 2 values it at 25. Allocate Good C to Person 1, as it generates more value for them.

The resulting allocation is:

* Person 1: Good A and Good C
* Person 2: Good B

This allocation is Pareto efficient because:

* Person 1 gets two goods that they value highly, generating a total value of 45 + 35 = 80.
* Person 2 gets one good that they value highly, generating a total value of 40.

If we were to reallocate any of the goods, one person would become worse off. For example, if we gave Good A to Person 2 instead, Person 1's total value would decrease by 45, and Person 2's total value would increase by only 35. This would make Person 1 worse off, and the allocation would no longer be Pareto efficient.

Therefore, the most desirable allocation is for Person 1 to receive Good A and Good C, and for Person 2 to receive Good B.",0,1,2,1
95,"A classic problem in economics!

To determine the most desirable allocation, I'll use the concept of Pareto efficiency, which is a widely accepted criterion for evaluating the efficiency of resource allocation. A Pareto efficient allocation is one where no individual can be made better off without making someone else worse off.

Let's analyze the values of each good for each person:

**Person 1:**

* Good A: 45
* Good B: 20
* Good C: 35

**Person 2:**

* Good A: 35
* Good B: 40
* Good C: 25

To find the most desirable allocation, I'll look for the allocation that maximizes the total value of the goods allocated to both individuals.

**Best Allocation:**

* Allocate Good A to Person 1 (value: 45)
* Allocate Good B to Person 2 (value: 40)
* Allocate Good C to Person 1 (value: 35)

This allocation is Pareto efficient because:

* Person 1 receives Good A, which is their highest-valued good, and Good C, which is their second-highest valued good. They don't get Good B, which is their lowest-valued good.
* Person 2 receives Good B, which is their highest-valued good. They don't get Good A or Good C, but they don't value them as highly as Person 1 does.

The total value of this allocation is:

45 (Good A to Person 1) + 40 (Good B to Person 2) + 35 (Good C to Person 1) = 120

This allocation is the most desirable because it maximizes the total value of the goods allocated to both individuals, making it Pareto efficient.",0,1,2,1
96,"A classic problem of resource allocation!

To determine the most desirable allocation, let's analyze the values that each person has for each good. We want to allocate the goods in a way that maximizes the total value generated.

Here are the values for each good:

**Good A**:
Person 1: 45
Person 2: 35

**Good B**:
Person 1: 20
Person 2: 40

**Good C**:
Person 1: 35
Person 2: 25

Now, let's try to allocate the goods in a way that maximizes the total value.

**Good A**:
Allocate to Person 1 (value: 45) since their value is higher than Person 2's value (35).

**Good B**:
Allocate to Person 2 (value: 40) since their value is higher than Person 1's value (20).

**Good C**:
Allocate to Person 1 (value: 35) since their value is higher than Person 2's value (25).

The resulting allocation is:

* Person 1: Good A, Good C
* Person 2: Good B

This allocation maximizes the total value generated, which is:
45 (Good A) + 40 (Good B) + 35 (Good C) = 120

This allocation is efficient because it assigns each good to the person who values it the most. If we were to allocate the goods in any other way, the total value generated would be lower.",0,1,2,1
97,"A classic problem of resource allocation!

To determine the most desirable allocation, I'll use a simple yet effective method: I'll try to maximize the total value obtained by both individuals.

Let's examine the values each person places on each good:

**Good A:**
Person 1 values it at 45, while Person 2 values it at 35. Since Person 1 values it more, I'll allocate Good A to Person 1.

**Good B:**
Person 1 values it at 20, while Person 2 values it at 40. Since Person 2 values it more, I'll allocate Good B to Person 2.

**Good C:**
Person 1 values it at 35, while Person 2 values it at 25. Since Person 1 values it more, I'll allocate Good C to Person 1.

The resulting allocation is:

* Person 1: Good A (45) and Good C (35) = Total value: 80
* Person 2: Good B (40) = Total value: 40

The total value obtained by both individuals is: 80 + 40 = 120

This allocation is the most desirable as it maximizes the total value obtained by both individuals. Note that this allocation is also Pareto optimal, meaning that there is no other allocation that can make one person better off without making the other person worse off.",0,1,2,1
98,"A classic problem of distributive justice!

To determine the most desirable allocation, I'll use a simple yet effective method: I'll try to maximize the total value obtained by both individuals.

Let's analyze the values for each good:

**Good A**: Person 1 values it at 45, while Person 2 values it at 35. It's clear that Person 1 values Good A more, so it's desirable to allocate Good A to Person 1.

**Good B**: Person 2 values it at 40, while Person 1 values it at 20. In this case, Person 2 values Good B more, so it's desirable to allocate Good B to Person 2.

**Good C**: Person 1 values it at 35, while Person 2 values it at 25. Again, Person 1 values Good C more, so it's desirable to allocate Good C to Person 1.

Based on these analyses, I recommend the following allocation:

* Good A: Allocate to Person 1 (value: 45)
* Good B: Allocate to Person 2 (value: 40)
* Good C: Allocate to Person 1 (value: 35)

This allocation maximizes the total value obtained by both individuals, which is:

45 (Person 1, Good A) + 40 (Person 2, Good B) + 35 (Person 1, Good C) = 120

By allocating goods in this way, we achieve a fair and efficient distribution, where both individuals receive goods that they value highly, and the total value created is maximized.",0,1,2,1
99,"A classic allocation problem!

To determine the most desirable allocation, let's analyze the values each person has for each good. We can do this by comparing the values of each good across both individuals.

**Good A:** Person 1 values it at 45, while Person 2 values it at 35. Since Person 1 values it more, it makes sense to allocate Good A to Person 1.

**Good B:** Person 1 values it at 20, while Person 2 values it at 40. Since Person 2 values it more, it makes sense to allocate Good B to Person 2.

**Good C:** Person 1 values it at 35, while Person 2 values it at 25. Since Person 1 values it more, it makes sense to allocate Good C to Person 1.

Based on this analysis, the most desirable allocation is:

* Person 1: Good A, Good C
* Person 2: Good B

This allocation maximizes the total value of the goods allocated, as each good is allocated to the person who values it the most.",0,1,2,1
