,Text,Tokens,Good A,Good B,Good C
0,"A classic problem of optimal allocation!

Let's analyze the values of each good for each person:

**Person 1:**

* Good A: 45
* Good B: 20
* Good C: 35

**Person 2:**

* Good A: 35
* Good B: 40
* Good C: 25

To maximize the sum of values, we need to allocate each good to the person who values it the most. Let's compare the values for each good:

* Good A: Person 1 values it at 45, while Person 2 values it at 35. So, Good A should be allocated to Person 1.
* Good B: Person 2 values it at 40, while Person 1 values it at 20. So, Good B should be allocated to Person 2.
* Good C: Person 1 values it at 35, while Person 2 values it at 25. So, Good C should be allocated to Person 1.

The optimal allocation is:

* Person 1: Good A (45) and Good C (35)
* Person 2: Good B (40)

The sum of values derived by all individuals from their respective bundles is:

45 + 35 + 40 = 120

This allocation maximizes the total value derived by both individuals.",0,1,2,1
1,"A classic problem of fair allocation!

To solve this problem, we can use a simple yet effective approach called the ""Greedy Algorithm"".

Here's how it works:

1. Create a table with the values of each good for each person:

| Good | Person 1 | Person 2 |
| --- | --- | --- |
| A | 45 | 35 |
| B | 20 | 40 |
| C | 35 | 25 |

2. Sort the goods in descending order of their total value (i.e., the sum of values for both persons):

| Good | Total Value |
| --- | --- |
| A | 80 (45 + 35) |
| B | 60 (20 + 40) |
| C | 60 (35 + 25) |

3. Start allocating the goods in the order of their total value:

a. Good A: Since Person 1 values Good A more than Person 2, allocate Good A to Person 1.

b. Good B: Since Person 2 values Good B more than Person 1, allocate Good B to Person 2.

c. Good C: Since Person 1 values Good C more than Person 2, allocate Good C to Person 1.

The resulting allocation is:

* Person 1: Goods A and C
* Person 2: Good B

The sum of values derived by all individuals from their respective bundles is:

* Person 1: 45 (Good A) + 35 (Good C) = 80
* Person 2: 40 (Good B) = 40
* Total: 80 + 40 = 120

This allocation maximizes the sum of values derived by all individuals.",0,1,2,1
2,"A classic problem in microeconomics!

This is an example of a resource allocation problem, and we can solve it using a simple algorithm. Since the goods are indivisible, we can use a greedy algorithm to maximize the total value.

Here's the step-by-step solution:

1. Create a table to summarize the values of each good for each person:

| Good | Person 1's Value | Person 2's Value |
| --- | --- | --- |
| A | 45 | 35 |
| B | 20 | 40 |
| C | 35 | 25 |

2. Calculate the total value for each possible allocation of each good:

| Good | Person 1's Allocation | Person 2's Allocation | Total Value |
| --- | --- | --- | --- |
| A | 45 | - | 45 |
| A | - | 35 | 35 |
| B | 20 | - | 20 |
| B | - | 40 | 40 |
| C | 35 | - | 35 |
| C | - | 25 | 25 |

3. Identify the allocation that maximizes the total value for each good:

* Good A: Allocate to Person 1 (45 > 35)
* Good B: Allocate to Person 2 (40 > 20)
* Good C: Allocate to Person 1 (35 > 25)

4. The final allocation is:
	+ Person 1: Goods A and C (total value = 45 + 35 = 80)
	+ Person 2: Good B (total value = 40)

The total value derived by all individuals from their respective bundles is: 80 + 40 = 120

This allocation maximizes the sum of values derived by all individuals from their respective bundles.",0,1,2,1
3,"This is a classic problem of fair allocation, and the approach to solve it is to use the concept of ""efficiency"" in economics, specifically the concept of Pareto Optimality.

To maximize the sum of values derived by all individuals from their respective bundles, we need to find the allocation that achieves the highest total value.

Let's analyze the values of each good for each person:

**Person 1:**

* Good A: 45
* Good B: 20
* Good C: 35

**Person 2:**

* Good A: 35
* Good B: 40
* Good C: 25

To determine the optimal allocation, we can use the following steps:

1. Identify the good with the highest total value for both individuals.
2. Assign that good to the person who values it the most.
3. Repeat steps 1 and 2 for the remaining goods.

Let's apply these steps:

**Step 1:** Calculate the total value of each good for both individuals:

* Good A: 45 (Person 1) + 35 (Person 2) = 80
* Good B: 20 (Person 1) + 40 (Person 2) = 60
* Good C: 35 (Person 1) + 25 (Person 2) = 60

The good with the highest total value is Good A, with a total value of 80.

**Step 2:** Assign Good A to the person who values it the most, which is Person 1, with a value of 45.

** Remaining goods:**

* Good B: 20 (Person 1) + 40 (Person 2) = 60
* Good C: 35 (Person 1) + 25 (Person 2) = 60

The remaining good with the highest total value is Good B, with a total value of 60.

**Step 2 (again):** Assign Good B to the person who values it the most, which is Person 2, with a value of 40.

** Remaining goods:**

* Good C: 35 (Person 1) + 25 (Person 2) = 60

The only remaining good is Good C. Since Person 1 values it more than Person 2, we assign Good C to Person 1.

The final allocation is:

* Person 1: Good A, Good C
* Person 2: Good B

The total value of this allocation is:

* Person 1: 45 (Good A) + 35 (Good C) = 80
* Person 2: 40 (Good B) = 40
* Total value: 80 + 40 = 120

This allocation maximizes the sum of values derived by all individuals from their respective bundles, with a total value of 120.",0,1,2,1
4,"A classic problem in microeconomics!

To determine the optimal allocation, we need to find the allocation that maximizes the total value derived by both individuals. Since the goods are indivisible, we need to assign each good to one person or not allocate it at all.

Let's analyze the values of each good for both individuals:

**Good A:**
Person 1 values it at 45, while Person 2 values it at 35. Hence, it's better to allocate Good A to Person 1.

**Good B:**
Person 2 values it at 40, while Person 1 values it at 20. Hence, it's better to allocate Good B to Person 2.

**Good C:**
Person 1 values it at 35, while Person 2 values it at 25. Hence, it's better to allocate Good C to Person 1.

The allocation that maximizes the sum of values derived by both individuals is:

* Good A: Allocate to Person 1 (value: 45)
* Good B: Allocate to Person 2 (value: 40)
* Good C: Allocate to Person 1 (value: 35)

The total value derived by both individuals is: 45 + 40 + 35 = 120

This allocation is optimal because it maximizes the total value derived by both individuals.",0,1,2,1
5,"A classic problem of fair allocation!

To solve this problem, we can use a simple yet efficient method called the **Serial Dictatorship** mechanism. Here's how it works:

1. We will allocate the goods one by one, in a sequence.
2. At each step, we will choose the person who values the remaining good the most and allocate it to them.
3. We will repeat step 2 until all goods are allocated.

Let's apply this method to the given problem:

**Step 1: Allocate Good A**
Person 1 values Good A at 45, and Person 2 values it at 35. Since Person 1 has a higher value, we allocate Good A to Person 1.

**Remaining goods: Good B, Good C**
**Remaining persons: Person 2**

**Step 2: Allocate Good B**
Person 2 values Good B at 40, and Person 1 already has Good A. We allocate Good B to Person 2.

**Remaining goods: Good C**
**Remaining persons: Person 1**

**Step 3: Allocate Good C**
Person 1 values Good C at 35, and Person 2 already has Good B. We allocate Good C to Person 1.

The final allocation is:

* Person 1: Good A (value = 45), Good C (value = 35) => Total value = 80
* Person 2: Good B (value = 40) => Total value = 40

The sum of values derived by all individuals from their respective bundles is:
80 (Person 1) + 40 (Person 2) = 120

This allocation maximizes the sum of values derived by all individuals. Note that this mechanism is not only efficient but also easy to compute and implement.",0,1,2,1
6,"A classic problem in economics!

This is a combinatorial optimization problem, and we can solve it using a simple greedy algorithm. The goal is to allocate the goods in a way that maximizes the total value derived by both individuals.

Let's analyze the values of each good for both individuals:

| Good | Person 1's value | Person 2's value |
| --- | --- | --- |
| A    | 45             | 35             |
| B    | 20             | 40             |
| C    | 35             | 25             |

To maximize the total value, we'll allocate each good to the individual who values it the most.

1. Good A: Person 1 values it at 45, while Person 2 values it at 35, so we allocate Good A to Person 1.
2. Good B: Person 2 values it at 40, while Person 1 values it at 20, so we allocate Good B to Person 2.
3. Good C: Person 1 values it at 35, while Person 2 values it at 25, so we allocate Good C to Person 1.

The resulting allocation is:

* Person 1: Good A, Good C
* Person 2: Good B

The total value derived by both individuals from their respective bundles is:

Person 1: 45 (Good A) + 35 (Good C) = 80
Person 2: 40 (Good B) = 40
Total value: 80 + 40 = 120

This allocation maximizes the sum of values derived by all individuals from their respective bundles.",0,1,2,1
7,"A classic problem of resource allocation!

To determine the allocation that maximizes the sum of values derived by all individuals from their respective bundles, I will use a simple greedy algorithm.

Here are the steps:

1. Calculate the total value that each person derives from each good.
2. Identify the good that has the highest total value when allocated to either Person 1 or Person 2.
3. Allocate that good to the person who values it the most.
4. Repeat steps 2-3 until all goods have been allocated or it is determined that it is not beneficial to allocate a good to anyone.

Let's go through the steps:

**Step 1: Calculate total values**

Person 1: Good A = 45, Good B = 20, Good C = 35
Person 2: Good A = 35, Good B = 40, Good C = 25

**Step 2: Identify the good with the highest total value**

Good A: 45 (Person 1) + 35 (Person 2) = 80
Good B: 20 (Person 1) + 40 (Person 2) = 60
Good C: 35 (Person 1) + 25 (Person 2) = 60

The good with the highest total value is Good A.

**Step 3: Allocate Good A**

Good A is allocated to Person 1, who values it the most (45).

Remaining goods: Good B, Good C
Remaining values for Person 1: Good B = 20, Good C = 35
Remaining values for Person 2: Good B = 40, Good C = 25

**Step 2 (again): Identify the good with the highest total value**

Good B: 20 (Person 1) + 40 (Person 2) = 60
Good C: 35 (Person 1) + 25 (Person 2) = 60

The goods with the highest total value are Good B and Good C, which are tied.

**Step 3 (again): Allocate the next good**

Good B is allocated to Person 2, who values it the most (40).

Remaining goods: Good C
Remaining values for Person 1: Good C = 35
Remaining values for Person 2: Good C = 25

**Step 2 (again): Identify the good with the highest total value**

Good C: 35 (Person 1) + 25 (Person 2) = 60

Good C is allocated to Person 1, who values it the most (35).

The final allocation is:

* Person 1: Good A, Good C
* Person 2: Good B

The total value derived by each person from their respective bundle is:

* Person 1: 45 (Good A) + 35 (Good C) = 80
* Person 2: 40 (Good B) = 40

The sum of values derived by all individuals from their respective bundles is: 80 + 40 = 120.

This allocation maximizes the sum of values derived by all individuals from their respective bundles.",0,1,2,1
8,"A classic problem of resource allocation!

To solve this problem, I'll use a simple yet effective method called the ""greedy algorithm"". The idea is to allocate each good to the person who values it the most.

Here are the values for each good:

**Good A**: Person 1 values it at 45, Person 2 values it at 35. Allocate Good A to Person 1 (highest value).

**Good B**: Person 1 values it at 20, Person 2 values it at 40. Allocate Good B to Person 2 (highest value).

**Good C**: Person 1 values it at 35, Person 2 values it at 25. Allocate Good C to Person 1 (highest value).

So, the optimal allocation is:

* Person 1: Good A (45), Good C (35)
* Person 2: Good B (40)

The total value of the allocation is: 45 + 35 + 40 = 120

This allocation maximizes the sum of values derived by all individuals from their respective bundles.",0,1,2,1
9,"A classic problem of resource allocation!

To solve this, I'll use a simple yet effective method: the Greedy Algorithm.

Here's the step-by-step process:

1. Create a table to store the values of each good for each person:

| Good | Person 1's Value | Person 2's Value |
| --- | --- | --- |
| A   | 45            | 35            |
| B   | 20            | 40            |
| C   | 35            | 25            |

2. Calculate the total value derived by each person for each good:

| Good | Person 1's Value | Person 2's Value | Total Value |
| --- | --- | --- | --- |
| A   | 45            | 35            | 80          |
| B   | 20            | 40            | 60          |
| C   | 35            | 25            | 60          |

3. Sort the goods in decreasing order of their total value:

| Good | Total Value |
| --- | --- |
| A   | 80          |
| B   | 60          |
| C   | 60          |

4. Allocate the goods in this order, starting with the good with the highest total value:

a. Good A: Person 1's value (45) is higher than Person 2's value (35), so allocate Good A to Person 1.

b. Good B: Person 2's value (40) is higher than Person 1's value (20), so allocate Good B to Person 2.

c. Good C: Person 1's value (35) is higher than Person 2's value (25), so allocate Good C to Person 1.

The final allocation is:

* Person 1: Good A, Good C
* Person 2: Good B

The sum of values derived by all individuals from their respective bundles is:

Person 1: 45 (Good A) + 35 (Good C) = 80
Person 2: 40 (Good B) = 40
Total: 80 + 40 = 120

This allocation maximizes the sum of values derived by all individuals.",0,1,2,1
10,"A classic problem in economics!

To determine the allocation that maximizes the sum of values derived by all individuals from their respective bundles, we can use the concept of ""efficiency"" in economics. In this case, we want to find the allocation that maximizes the total value or joint welfare of the two individuals.

Let's analyze the values of the goods for each person:

**Person 1:**

* Good A: 45
* Good B: 20
* Good C: 35

**Person 2:**

* Good A: 35
* Good B: 40
* Good C: 25

To find the optimal allocation, we can try out different combinations of goods for each person and calculate the total value for each allocation.

Here are some possible allocations:

**Allocation 1:**

* Person 1: Good A (45)
* Person 2: Good B (40), Good C (25)

Total value: 45 + 40 + 25 = 110

**Allocation 2:**

* Person 1: Good A (45), Good C (35)
* Person 2: Good B (40)

Total value: 45 + 35 + 40 = 120

**Allocation 3:**

* Person 1: Good B (20)
* Person 2: Good A (35), Good C (25)

Total value: 20 + 35 + 25 = 80

**Allocation 4:**

* Person 1: Good C (35)
* Person 2: Good A (35), Good B (40)

Total value: 35 + 35 + 40 = 110

After trying out different allocations, we find that **Allocation 2** maximizes the total value:

* Person 1 gets Good A (45) and Good C (35), with a total value of 80
* Person 2 gets Good B (40), with a total value of 40

The total value of this allocation is 80 + 40 = 120, which is the highest among all possible allocations.

Therefore, the optimal allocation that maximizes the sum of values derived by all individuals from their respective bundles is:

* Person 1: Good A, Good C
* Person 2: Good B",0,1,2,1
11,"A classic problem of fair allocation!

To solve this problem, I'll use a simple and intuitive approach. Since the goods are indivisible, we need to find the allocation that maximizes the total value derived by both individuals.

Let's analyze the values of each good for both individuals:

**Person 1:**

* Good A: 45
* Good B: 20
* Good C: 35

**Person 2:**

* Good A: 35
* Good B: 40
* Good C: 25

Now, let's find the optimal allocation by assigning each good to the person who values it the most:

1. Good A: Person 1 values it at 45, while Person 2 values it at 35. Allocate Good A to Person 1.
2. Good B: Person 2 values it at 40, while Person 1 values it at 20. Allocate Good B to Person 2.
3. Good C: Person 1 values it at 35, while Person 2 values it at 25. Allocate Good C to Person 1.

The resulting allocation is:

* Person 1: Good A (45) + Good C (35) = 80
* Person 2: Good B (40) = 40

The total value derived by both individuals from their respective bundles is: 80 + 40 = 120

This allocation maximizes the sum of values derived by all individuals, which is 120.

Nice problem!",0,1,2,1
12,"A classic problem of fair allocation of indivisible goods!

To solve this problem, I'll use a simple yet efficient approach. I'll calculate the total value of each possible allocation and choose the one that maximizes the sum of values derived by both individuals.

Let's list all possible allocations:

1. Allocation to Person 1: {A, B, C}
	* Total value: 45 + 20 + 35 = 100
2. Allocation to Person 1: {A, B}, throw away C
	* Total value: 45 + 20 = 65
3. Allocation to Person 1: {A, C}, throw away B
	* Total value: 45 + 35 = 80
4. Allocation to Person 1: {B, C}, throw away A
	* Total value: 20 + 35 = 55
5. Allocation to Person 2: {A, B, C}
	* Total value: 35 + 40 + 25 = 100
6. Allocation to Person 2: {A, B}, throw away C
	* Total value: 35 + 40 = 75
7. Allocation to Person 2: {A, C}, throw away B
	* Total value: 35 + 25 = 60
8. Allocation to Person 2: {B, C}, throw away A
	* Total value: 40 + 25 = 65
9. Allocation: Person 1 gets A, Person 2 gets B and C
	* Total value: 45 + 40 + 25 = 110
10. Allocation: Person 1 gets A and C, Person 2 gets B
	* Total value: 45 + 35 + 40 = 120
11. Allocation: Person 1 gets B, Person 2 gets A and C
	* Total value: 20 + 35 + 25 = 80
12. Allocation: Person 1 gets B and C, Person 2 gets A
	* Total value: 20 + 35 + 35 = 90

The allocation that maximizes the sum of values derived by both individuals is:

Allocation: Person 1 gets A and C, Person 2 gets B
Total value: 45 + 35 + 40 = 120

This allocation gives Person 1 a total value of 80 and Person 2 a total value of 40, for a total sum of 120.",0,1,2,1
13,"A classic problem in economics!

This is known as a resource allocation problem, and we can solve it using a simple algorithm. Let's follow these steps:

1. Calculate the total value of each good to each person.
2. Identify the good with the highest total value.
3. Assign that good to the person who values it the most.
4. Remove the assigned good from the available goods and update the values.
5. Repeat steps 2-4 until all goods are allocated or there are no more goods to allocate.

Let's apply this algorithm to the given problem:

**Initial values:**

| Good | Person 1 Value | Person 2 Value |
| --- | --- | --- |
| A | 45 | 35 |
| B | 20 | 40 |
| C | 35 | 25 |

**Step 1: Calculate total value**

The total value of each good is the sum of its values for both persons.

| Good | Total Value |
| --- | --- |
| A | 45 + 35 = 80 |
| B | 20 + 40 = 60 |
| C | 35 + 25 = 60 |

**Step 2: Identify the good with the highest total value**

The good with the highest total value is Good A, with a total value of 80.

**Step 3: Assign Good A to the person who values it the most**

Good A is assigned to Person 1, who values it the most (45).

**Updated values:**

| Good | Person 1 Value | Person 2 Value |
| --- | --- | --- |
| B | 20 | 40 |
| C | 35 | 25 |

**Step 4: Remove Good A from available goods**

Good A is no longer available.

**Repeat steps 2-4:**

**Step 2: Identify the good with the highest total value**

The good with the highest total value is Good B, with a total value of 60.

**Step 3: Assign Good B to the person who values it the most**

Good B is assigned to Person 2, who values it the most (40).

**Updated values:**

| Good | Person 1 Value | Person 2 Value |
| --- | --- | --- |
| C | 35 | 25 |

**Step 4: Remove Good B from available goods**

Good B is no longer available.

**Repeat steps 2-4:**

**Step 2: Identify the good with the highest total value**

The good with the highest total value is Good C, with a total value of 60.

**Step 3: Assign Good C to the person who values it the most**

Good C is assigned to Person 1, who values it the most (35).

**Final allocation:**

| Good | Person 1 | Person 2 |
| --- | --- | --- |
| A | | |
| B |  | |
| C | | |

The allocation that maximizes the sum of values derived by all individuals from their respective bundles is:

* Person 1: Good A, Good C
* Person 2: Good B

The total value of this allocation is:

45 (Good A) + 35 (Good C) + 40 (Good B) = 120

This is the maximum possible total value that can be achieved by allocating these goods to these two persons.",0,1,2,1
14,"A classic problem of resource allocation!

To determine the optimal allocation, we can use a simple greedy algorithm. We'll sort the values of each good for each person in descending order and then allocate the goods accordingly.

Here are the values in descending order for each person:

**Person 1:**

1. Good A: 45
2. Good C: 35
3. Good B: 20

**Person 2:**

1. Good B: 40
2. Good A: 35
3. Good C: 25

Now, let's allocate the goods one by one, maximizing the sum of values:

1. Good A: Assign to Person 1 (value: 45) since it's the highest value for this good.
2. Good B: Assign to Person 2 (value: 40) since it's the highest value for this good.
3. Good C: Assign to Person 1 (value: 35) since it's the highest value for this good.

The final allocation is:

* Person 1: Good A, Good C
* Person 2: Good B

The sum of values derived by all individuals from their respective bundles is:

45 + 35 + 40 = 120

This allocation maximizes the sum of values, ensuring that the goods are allocated in a way that generates the highest total value for both individuals.",0,1,2,1
15,"This is a classic problem of allocating indivisible goods to maximize the total value. To solve this problem, I'll use a simple algorithm based on the concept of marginal values.

Here are the steps:

1. Calculate the total value of each good for each person:

Person 1: Good A = 45, Good B = 20, Good C = 35
Person 2: Good A = 35, Good B = 40, Good C = 25

2. Identify the good with the highest marginal value for each person:

* Person 1: Good A (45) > Good C (35) > Good B (20)
* Person 2: Good B (40) > Good A (35) > Good C (25)

3. Allocate the good with the highest marginal value to each person, starting with the highest marginal value:

* Allocate Good A to Person 1 (value = 45)
* Allocate Good B to Person 2 (value = 40)

4. Since Good C has not been allocated, allocate it to the person with the highest marginal value for Good C:

* Allocate Good C to Person 1 (value = 35)

The resulting allocation is:

* Person 1: Good A (45), Good C (35) => Total value = 80
* Person 2: Good B (40) => Total value = 40

The sum of values derived by all individuals from their respective bundles is:

80 + 40 = 120

This allocation maximizes the total value derived by the two individuals.

Note that if we had allocated Good A to Person 2 instead, the total value would be:

* Person 1: Good C (35) => Total value = 35
* Person 2: Good A (35), Good B (40) => Total value = 75

The sum of values would be 35 + 75 = 110, which is less than 120. Therefore, the allocation I provided is the optimal one.",0,1,2,1
16,"A classic problem of resource allocation!

To solve this problem, we can use a simple greedy algorithm. The idea is to assign each good to the person who values it the most.

Let's analyze the values:

Good A: Person 1 values it at 45, and Person 2 values it at 35. So, we assign Good A to Person 1.

Good B: Person 1 values it at 20, and Person 2 values it at 40. So, we assign Good B to Person 2.

Good C: Person 1 values it at 35, and Person 2 values it at 25. So, we assign Good C to Person 1.

The resulting allocation is:

* Person 1: Good A, Good C (total value: 45 + 35 = 80)
* Person 2: Good B (total value: 40)

The sum of values derived by all individuals from their respective bundles is: 80 + 40 = 120.

This allocation maximizes the sum of values, as we have assigned each good to the person who values it the most. If we were to allocate goods differently, the total sum of values would be less than 120.

Note that this allocation is also Pareto optimal, meaning that it is not possible to make one person better off without making the other person worse off.",0,1,2,1
17,"A classic problem in microeconomics!

To determine the allocation that maximizes the sum of values derived by all individuals, we need to consider the preferences of both Person 1 and Person 2.

Let's first compute the total value of each good for each person:

**Person 1:**

* Good A: 45
* Good B: 20
* Good C: 35

**Person 2:**

* Good A: 35
* Good B: 40
* Good C: 25

Now, let's see which good each person values the most:

**Person 1:**

* Highest valued good: Good A (45)

**Person 2:**

* Highest valued good: Good B (40)

Since we want to maximize the sum of values, we should allocate the goods as follows:

* Good A: allocate to Person 1 (value: 45)
* Good B: allocate to Person 2 (value: 40)
* Good C: allocate to Person 1 (value: 35)

This allocation results in a total value of:

45 (Good A) + 40 (Good B) + 35 (Good C) = 120

This allocation maximizes the sum of values derived by all individuals from their respective bundles.

So, the final allocation is:

* Person 1: Good A and Good C
* Person 2: Good B",0,1,2,1
18,"A classic problem of resource allocation!

To determine the allocation that maximizes the sum of values derived by all individuals from their respective bundles, I will use the concept of ""economic efficiency"" or ""Pareto optimality"".

Let's analyze the situation:

**Step 1:** Calculate the total value of each good for each person:

Person 1: A=45, B=20, C=35
Person 2: A=35, B=40, C=25

**Step 2:** Find the person who values each good the most:

Good A: Person 1 (45) > Person 2 (35) -> Allocate Good A to Person 1
Good B: Person 2 (40) > Person 1 (20) -> Allocate Good B to Person 2
Good C: Person 1 (35) > Person 2 (25) -> Allocate Good C to Person 1

**The Optimal Allocation:**

* Person 1: Good A, Good C
* Person 2: Good B

**Validation:**

Let's calculate the total value of the bundles for each person:

Person 1: 45 (Good A) + 35 (Good C) = 80
Person 2: 40 (Good B) = 40

The total value of the allocation is: 80 + 40 = 120

This allocation maximizes the sum of values derived by all individuals from their respective bundles.

Now, Person 1 and Person 2 can enjoy their allocated goods, knowing that the allocation is economically efficient!",0,1,2,1
19,"A classic problem of fair allocation!

Let's analyze the situation:

We have 3 indivisible goods (A, B, and C) to be allocated among 2 individuals (Person 1 and Person 2). We want to find the allocation that maximizes the sum of values derived by all individuals from their respective bundles.

First, let's create a table to summarize the values:

| Good | Person 1's Value | Person 2's Value |
| --- | --- | --- |
| A    | 45            | 35            |
| B    | 20            | 40            |
| C    | 35            | 25            |

To find the optimal allocation, we can try different combinations and calculate the total value for each combination. Let's do that:

**Combination 1:** Allocate Good A to Person 1, Good B to Person 2, and Good C to Person 1.

* Person 1's total value: 45 (Good A) + 35 (Good C) = 80
* Person 2's total value: 40 (Good B) = 40
* Total value: 80 + 40 = 120

**Combination 2:** Allocate Good A to Person 2, Good B to Person 1, and Good C to Person 1.

* Person 1's total value: 20 (Good B) + 35 (Good C) = 55
* Person 2's total value: 35 (Good A) = 35
* Total value: 55 + 35 = 90

**Combination 3:** Allocate Good A to Person 1, Good B to Person 1, and Good C to Person 2.

* Person 1's total value: 45 (Good A) + 20 (Good B) = 65
* Person 2's total value: 25 (Good C) = 25
* Total value: 65 + 25 = 90

**Combination 4:** Allocate Good A to Person 2, Good B to Person 2, and Good C to Person 1.

* Person 1's total value: 35 (Good C) = 35
* Person 2's total value: 35 (Good A) + 40 (Good B) = 75
* Total value: 35 + 75 = 110

Comparing the total values, we find that **Combination 1** yields the highest total value of 120.

Therefore, the optimal allocation is:

* Good A to Person 1 (value: 45)
* Good B to Person 2 (value: 40)
* Good C to Person 1 (value: 35)

This allocation maximizes the sum of values derived by all individuals from their respective bundles.",0,1,2,1
20,"A classic problem of fair allocation!

To solve this problem, we can use a simple yet effective method called the ""greedy algorithm."" The idea is to allocate each good to the person who values it the most.

Let's analyze the situation:

1. Good A: Person 1 values it at 45, and Person 2 values it at 35. So, we allocate Good A to Person 1, as they value it more.
2. Good B: Person 1 values it at 20, and Person 2 values it at 40. So, we allocate Good B to Person 2, as they value it more.
3. Good C: Person 1 values it at 35, and Person 2 values it at 25. So, we allocate Good C to Person 1, as they value it more.

The final allocation is:

* Person 1: Good A (45) and Good C (35) = Total value: 80
* Person 2: Good B (40) = Total value: 40

The sum of values derived by all individuals from their respective bundles is: 80 + 40 = 120

This allocation maximizes the sum of values, as we've allocated each good to the person who values it the most.",0,1,2,1
21,"A classic problem of resource allocation!

To determine the allocation that maximizes the sum of values derived by both individuals, we can use a simple yet effective approach:

1. Calculate the total value of each good for each person.
2. Allocate the good to the person who values it the most.
3. Repeat steps 1-2 for each good.

Let's do this:

**Good A**

* Person 1's value: 45
* Person 2's value: 35
* Allocate Good A to Person 1 (max value: 45)

**Good B**

* Person 1's value: 20
* Person 2's value: 40
* Allocate Good B to Person 2 (max value: 40)

**Good C**

* Person 1's value: 35
* Person 2's value: 25
* Allocate Good C to Person 1 (max value: 35)

The final allocation is:

* Person 1: Good A, Good C
* Person 2: Good B

The total value derived by each person from their respective bundles is:

* Person 1: 45 (Good A) + 35 (Good C) = 80
* Person 2: 40 (Good B) = 40

The sum of values derived by all individuals from their respective bundles is: 80 + 40 = 120

This allocation maximizes the total value derived by both individuals.",0,1,2,1
22,"A classic problem in microeconomics!

To determine the optimal allocation, we need to maximize the total value derived by both individuals from their respective bundles. Let's analyze the situation:

**Person 1's preferences:**

* Good A: 45
* Good B: 20
* Good C: 35

**Person 2's preferences:**

* Good A: 35
* Good B: 40
* Good C: 25

To maximize the total value, we need to allocate each good to the person who values it the most. Let's examine each good:

* **Good A:** Person 1 values it more (45) than Person 2 (35), so we allocate Good A to Person 1.
* **Good B:** Person 2 values it more (40) than Person 1 (20), so we allocate Good B to Person 2.
* **Good C:** Person 1 values it more (35) than Person 2 (25), so we allocate Good C to Person 1.

The optimal allocation is:

* Person 1: Good A (45) + Good C (35) = 80
* Person 2: Good B (40)

The total value derived by both individuals is: 80 + 40 = 120

This allocation maximizes the sum of values derived by all individuals from their respective bundles.",0,1,2,1
23,"A classic problem in microeconomics!

To determine the allocation that maximizes the sum of values derived by all individuals from their respective bundles, we can use a simple and intuitive approach.

Let's calculate the total value that each person would derive from each good:

**Person 1:**

* Good A: 45
* Good B: 20
* Good C: 35

**Person 2:**

* Good A: 35
* Good B: 40
* Good C: 25

Now, let's try to allocate the goods to maximize the total value. We can do this by comparing the values of each good for each person and allocating the good to the person who values it most.

**Good A:** Person 1 values it more (45) than Person 2 (35), so allocate Good A to Person 1.

**Good B:** Person 2 values it more (40) than Person 1 (20), so allocate Good B to Person 2.

**Good C:** Person 1 values it more (35) than Person 2 (25), so allocate Good C to Person 1.

The resulting allocation is:

* Person 1: Good A (45) and Good C (35) = Total value: 45 + 35 = 80
* Person 2: Good B (40) = Total value: 40

The sum of values derived by all individuals from their respective bundles is: 80 + 40 = 120.

Therefore, the allocation that maximizes the sum of values is:

* Good A to Person 1
* Good B to Person 2
* Good C to Person 1",0,1,2,1
24,"A classic problem of allocating indivisible goods!

To solve this, I'll use a method called the ""greedy algorithm"". The idea is to assign each good to the person who values it the most.

Let's go through the goods one by one:

**Good A**: Person 1 values it at 45, while Person 2 values it at 35. Since Person 1 values it more, I'll assign Good A to Person 1.

**Good B**: Person 1 values it at 20, while Person 2 values it at 40. Since Person 2 values it more, I'll assign Good B to Person 2.

**Good C**: Person 1 values it at 35, while Person 2 values it at 25. Since Person 1 values it more, I'll assign Good C to Person 1.

The final allocation is:

* Person 1: Good A, Good C
* Person 2: Good B

Let's calculate the total value derived by each person from their respective bundles:

* Person 1: 45 (Good A) + 35 (Good C) = 80
* Person 2: 40 (Good B) = 40

The sum of values derived by all individuals from their respective bundles is: 80 + 40 = 120

This allocation maximizes the sum of values derived by all individuals.",0,1,2,1
25,"A classic problem of resource allocation!

To determine the optimal allocation, I'll use the concept of marginal value, which is the additional value that an individual derives from receiving a particular good.

Let's create a table to compare the values of each good for both persons:

| Good | Person 1's Value | Person 2's Value |
| --- | --- | --- |
| A    | 45        | 35        |
| B    | 20        | 40        |
| C    | 35        | 25        |

To maximize the sum of values, I'll allocate each good to the person who values it the most.

**Good A**: Person 1 values it more (45 > 35), so allocate Good A to Person 1.

**Good B**: Person 2 values it more (40 > 20), so allocate Good B to Person 2.

**Good C**: Person 1 values it more (35 > 25), so allocate Good C to Person 1.

The optimal allocation is:

* Person 1: Good A (value = 45) and Good C (value = 35) → Total value = 80
* Person 2: Good B (value = 40) → Total value = 40

The sum of values derived by all individuals from their respective bundles is: 80 + 40 = 120

This allocation maximizes the total value derived by both persons.",0,1,2,1
26,"A classic problem of fair allocation!

To determine the allocation that maximizes the sum of values derived by all individuals from their respective bundles, we can use a simple greedy algorithm. Here's the step-by-step solution:

**Step 1:** Calculate the total value of each good for both individuals:

| Good | Person 1's Value | Person 2's Value |
| --- | --- | --- |
| A    | 45            | 35            |
| B    | 20            | 40            |
| C    | 35            | 25            |

**Step 2:** Identify the good that has the highest total value for both individuals:

* Good B has a total value of 60 (20 + 40)
* Good A has a total value of 80 (45 + 35)
* Good C has a total value of 60 (35 + 25)

Good A has the highest total value, so we'll allocate it first.

**Step 3:** Allocate Good A to the individual with the higher value:

* Person 1's value for Good A is 45
* Person 2's value for Good A is 35
* Allocate Good A to Person 1 (higher value)

**Step 4:** Recalculate the total value of the remaining goods for both individuals:

| Good | Person 1's Value | Person 2's Value |
| --- | --- | --- |
| B    | 20            | 40            |
| C    | 35            | 25            |

**Step 5:** Identify the good with the highest total value for both individuals (excluding Good A):

* Good B has a total value of 60 (20 + 40)
* Good C has a total value of 60 (35 + 25)

Both Good B and Good C have the same total value. We'll allocate Good B next, as it has a higher individual value for Person 2.

**Step 6:** Allocate Good B to the individual with the higher value:

* Person 1's value for Good B is 20
* Person 2's value for Good B is 40
* Allocate Good B to Person 2 (higher value)

**Step 7:** Allocate the remaining good, Good C:

* Person 1's value for Good C is 35
* Person 2 has already received Good B, so Person 1 gets Good C by default.
* Allocate Good C to Person 1

The final allocation is:

* Person 1: Good A (value = 45) and Good C (value = 35) => Total value = 80
* Person 2: Good B (value = 40) => Total value = 40

The sum of values derived by all individuals from their respective bundles is: 80 + 40 = 120

This allocation maximizes the sum of values derived by all individuals.",0,1,2,1
27,"A classic problem of fair allocation!

To solve this problem, I'll use a simple yet effective method: the Greedy Algorithm. The idea is to allocate the goods to the person who values them the most.

Let's create a table to organize the values:

| Good | Person 1's Value | Person 2's Value |
| --- | --- | --- |
| A    | 45            | 35            |
| B    | 20            | 40            |
| C    | 35            | 25            |

Now, let's allocate the goods one by one:

1. Good A: Person 1 values it more (45 > 35), so Good A is allocated to Person 1.
2. Good B: Person 2 values it more (40 > 20), so Good B is allocated to Person 2.
3. Good C: Person 1 values it more (35 > 25), so Good C is allocated to Person 1.

The final allocation is:

* Person 1: Good A, Good C
* Person 2: Good B

The sum of values derived by all individuals from their respective bundles is:

Person 1: 45 (Good A) + 35 (Good C) = 80
Person 2: 40 (Good B) = 40
Total value: 80 + 40 = 120

This allocation maximizes the sum of values derived by all individuals.",0,1,2,1
28,"This is a classic problem of fair allocation, and we can solve it using a simple algorithm. Since the goods are indivisible, we can't divide them among the individuals, so we need to find the allocation that maximizes the total value.

Let's calculate the total value of each possible allocation:

**Allocation 1:** Person 1 gets Good A, Person 2 gets Good B and Good C
Total value: 45 (A) + 40 (B) + 25 (C) = 110

**Allocation 2:** Person 1 gets Good B, Person 2 gets Good A and Good C
Total value: 20 (B) + 35 (A) + 25 (C) = 80

**Allocation 3:** Person 1 gets Good C, Person 2 gets Good A and Good B
Total value: 35 (C) + 35 (A) + 40 (B) = 110

**Allocation 4:** Person 1 gets Good A and Good B, Person 2 gets Good C
Total value: 45 (A) + 20 (B) + 25 (C) = 90

**Allocation 5:** Person 1 gets Good A and Good C, Person 2 gets Good B
Total value: 45 (A) + 35 (C) + 40 (B) = 120

**Allocation 6:** Person 1 gets Good B and Good C, Person 2 gets Good A
Total value: 20 (B) + 35 (C) + 35 (A) = 90

The allocation that maximizes the total value is **Allocation 5**, where Person 1 gets Good A and Good C, and Person 2 gets Good B. The total value of this allocation is 120.

Therefore, the fair allocation that maximizes the sum of values derived by all individuals from their respective bundles is:

* Person 1: Good A and Good C
* Person 2: Good B",0,1,2,1
29,"A classic problem in microeconomics!

This is a problem of optimal allocation, and we can solve it using a simple greedy algorithm.

Let's calculate the total value of each good for each person:

**Person 1:**

* Good A: 45
* Good B: 20
* Good C: 35

**Person 2:**

* Good A: 35
* Good B: 40
* Good C: 25

To maximize the sum of values derived by all individuals, we need to allocate each good to the person who values it the most.

**Allocation:**

1. Good A: Allocate to Person 1 (value: 45 > 35)
2. Good B: Allocate to Person 2 (value: 40 > 20)
3. Good C: Allocate to Person 1 (value: 35 > 25)

The resulting allocation is:

* Person 1: Good A, Good C (total value: 45 + 35 = 80)
* Person 2: Good B (total value: 40)

The sum of values derived by all individuals from their respective bundles is: 80 + 40 = 120

This allocation maximizes the total value, as we have allocated each good to the person who values it the most.",0,1,2,1
30,"A classic problem of fair allocation!

To solve this problem, I will use a simple yet effective method: the Greedy Algorithm.

Here's how I'll approach it:

1. Calculate the total value of each good for each person.
2. Rank the goods in decreasing order of their total value for both persons.
3. Allocate the goods to the person who values them the most, starting from the top-ranked good.

Let's do the calculations:

**Total values for each good:**

* Good A: Person 1 (45) + Person 2 (35) = 80
* Good B: Person 1 (20) + Person 2 (40) = 60
* Good C: Person 1 (35) + Person 2 (25) = 60

**Ranking the goods:**

1. Good A (total value: 80)
2. Good B (total value: 60)
3. Good C (total value: 60)

Now, let's allocate the goods:

1. Good A: Person 1 values it more (45 > 35), so I allocate Good A to Person 1.
2. Good B: Person 2 values it more (40 > 20), so I allocate Good B to Person 2.
3. Good C: Person 1 values it more (35 > 25), so I allocate Good C to Person 1.

The resulting allocation is:

* Person 1: Good A (45) and Good C (35)
* Person 2: Good B (40)

The sum of values derived by all individuals from their respective bundles is:
45 + 35 + 40 = 120

This allocation maximizes the sum of values, and therefore, it is the optimal solution.

Well, I hope Person 1 and Person 2 are happy with this fair allocation!",0,1,2,1
31,"A classic problem in microeconomics!

To solve this problem, we need to find the allocation that maximizes the total value derived by both individuals. Since the goods are indivisible, we need to assign each good to one person or not assign it at all.

Let's analyze the values of each good for each person:

**Good A:**
Person 1 values it at 45, while Person 2 values it at 35. Since Person 1 values it more, it's better to assign Good A to Person 1.

**Good B:**
Person 1 values it at 20, while Person 2 values it at 40. Since Person 2 values it more, it's better to assign Good B to Person 2.

**Good C:**
Person 1 values it at 35, while Person 2 values it at 25. Since Person 1 values it more, it's better to assign Good C to Person 1.

So, the optimal allocation is:

* Good A: Assign to Person 1 (value: 45)
* Good B: Assign to Person 2 (value: 40)
* Good C: Assign to Person 1 (value: 35)

The total value derived by both individuals from their respective bundles is:

Person 1: 45 + 35 = 80
Person 2: 40
Total value: 80 + 40 = 120

This allocation maximizes the sum of values derived by all individuals, which is 120.",0,1,2,1
32,"A classic problem in microeconomics!

To solve this problem, we can use the concept of Pareto efficiency, which means allocating the goods in a way that maximizes the overall value or satisfaction of all individuals involved.

Let's analyze the values each person has for each good:

Person 1:

* Good A: 45
* Good B: 20
* Good C: 35

Person 2:

* Good A: 35
* Good B: 40
* Good C: 25

To find the optimal allocation, we need to identify the good that each person values the most. Then, we allocate that good to the person who values it the most.

1. Good A: Person 1 values it more than Person 2 (45 > 35), so we allocate Good A to Person 1.
2. Good B: Person 2 values it more than Person 1 (40 > 20), so we allocate Good B to Person 2.
3. Good C: Person 1 values it more than Person 2 (35 > 25), so we allocate Good C to Person 1.

The optimal allocation is:

* Person 1: Good A (45) and Good C (35) => Total value: 80
* Person 2: Good B (40) => Total value: 40

The sum of values derived by all individuals from their respective bundles is:
80 (Person 1) + 40 (Person 2) = 120

This allocation is Pareto efficient because it maximizes the overall value or satisfaction of both individuals. Note that if we were to allocate the goods differently, the total value would be lower. For example, if we gave Good A to Person 2, Person 1 would be left with a lower total value, and the overall sum of values would decrease.",0,1,2,1
33,"A classic problem of resource allocation!

To solve this problem, we can use a simple and intuitive approach called the ""Greedy Algorithm"". Here's how it works:

1. Compute the total value of each good for each person.
2. Sort the goods by their total value in descending order (highest value first).
3. Assign the good with the highest total value to the person who values it most.
4. Remove the assigned good from the list and repeat steps 2-3 until all goods are allocated.

Let's do it!

**Step 1: Compute total values**

Person 1: Good A (45), Good B (20), Good C (35)
Person 2: Good A (35), Good B (40), Good C (25)

**Step 2: Sort goods by total value**

1. Good B (60 = 20 + 40)
2. Good A (80 = 45 + 35)
3. Good C (60 = 35 + 25)

**Step 3: Assign goods**

1. Good A (80) -> Person 1 (values it most, at 45)
Remaining goods: Good B, Good C
2. Good B (60) -> Person 2 (values it most, at 40)
Remaining goods: Good C
3. Good C (60) -> Person 1 (values it most, at 35)

**Final Allocation**

* Person 1: Good A, Good C
* Person 2: Good B

**Maximum Total Value**

The sum of values derived by all individuals from their respective bundles is:

Person 1: 45 (Good A) + 35 (Good C) = 80
Person 2: 40 (Good B) = 40
Total Value: 80 + 40 = **120**

This allocation maximizes the sum of values derived by all individuals from their respective bundles.",0,1,2,1
34,"A classic problem of fair allocation of indivisible goods!

To solve this problem, I'll use a method called the ""serial dictatorship"" or ""greedy algorithm"". The idea is to allocate the goods one by one, giving each good to the person who values it the most.

Here's the step-by-step allocation:

1. Good A: Person 1 values Good A at 45, and Person 2 values it at 35. Since Person 1 values it more, I'll allocate Good A to Person 1.

Remaining goods: Good B, Good C
Remaining values for Person 1: 20, 35
Remaining values for Person 2: 40, 25

2. Good B: Person 1 values Good B at 20, and Person 2 values it at 40. Since Person 2 values it more, I'll allocate Good B to Person 2.

Remaining goods: Good C
Remaining values for Person 1: 35
Remaining values for Person 2: 25

3. Good C: Person 1 values Good C at 35, and Person 2 values it at 25. Since Person 1 values it more, I'll allocate Good C to Person 1.

Final allocation:
Person 1: Good A, Good C
Person 2: Good B

The total value derived by Person 1 is 45 + 35 = 80
The total value derived by Person 2 is 40
The sum of values derived by all individuals is 80 + 40 = 120

This allocation maximizes the sum of values derived by all individuals from their respective bundles.

Here's a brief explanation of why this method works:

* By allocating each good to the person who values it the most, we ensure that the total value derived from that good is maximized.
* Since the goods are indivisible, allocating a good to one person means the other person cannot receive it, so we focus on maximizing the total value derived from each good individually.
* The serial dictatorship method is a greedy algorithm, which means it makes the locally optimal choice at each step, hoping it will lead to a global optimum. In this case, it happens to lead to the optimal allocation.",0,1,2,1
35,"A classic problem in microeconomics!

To solve this problem, we can use a simple yet effective approach: the greedy algorithm. We'll allocate the goods one by one, assigning each good to the person who values it the most.

Let's start with Good A. Person 1 values it at 45, while Person 2 values it at 35. We'll allocate Good A to Person 1, as they value it more.

Next, we'll consider Good B. Person 1 values it at 20, while Person 2 values it at 40. We'll allocate Good B to Person 2, as they value it more.

Finally, we'll consider Good C. Person 1 values it at 35, while Person 2 values it at 25. We'll allocate Good C to Person 1, as they value it more.

The final allocation is:

* Person 1 gets Good A and Good C, with a total value of 45 + 35 = 80
* Person 2 gets Good B, with a total value of 40

The sum of values derived by all individuals from their respective bundles is: 80 + 40 = 120

This allocation maximizes the sum of values, as we've allocated each good to the person who values it the most.",0,1,2,1
36,"A classic problem in microeconomics!

To solve this problem, we can use the concept of welfare maximization, which involves finding the allocation that maximizes the total value or utility derived by all individuals.

Let's analyze the problem step by step:

1. Person 1's values:
	* Good A: 45
	* Good B: 20
	* Good C: 35
2. Person 2's values:
	* Good A: 35
	* Good B: 40
	* Good C: 25

To find the optimal allocation, we need to consider all possible allocations and calculate the total value for each allocation.

**Possible allocations:**

1. Allocate Good A to Person 1, Good B to Person 2, and Good C to Person 1:
	* Person 1: 45 (Good A) + 35 (Good C) = 80
	* Person 2: 40 (Good B) = 40
	Total value: 80 + 40 = 120
2. Allocate Good A to Person 1, Good B to Person 1, and Good C to Person 2:
	* Person 1: 45 (Good A) + 20 (Good B) = 65
	* Person 2: 25 (Good C) = 25
	Total value: 65 + 25 = 90
3. Allocate Good A to Person 2, Good B to Person 1, and Good C to Person 1:
	* Person 1: 20 (Good B) + 35 (Good C) = 55
	* Person 2: 35 (Good A) = 35
	Total value: 55 + 35 = 90
4. Allocate Good A to Person 2, Good B to Person 2, and Good C to Person 1:
	* Person 1: 35 (Good C) = 35
	* Person 2: 35 (Good A) + 40 (Good B) = 75
	Total value: 35 + 75 = 110

**Optimal allocation:**

The optimal allocation is the one that maximizes the total value. In this case, it is:

Allocate Good A to Person 1, Good B to Person 2, and Good C to Person 1:
	* Person 1: 45 (Good A) + 35 (Good C) = 80
	* Person 2: 40 (Good B) = 40
	Total value: 80 + 40 = 120

This allocation results in the highest total value of 120. Therefore, the optimal allocation is to give Good A and Good C to Person 1 and Good B to Person 2.",0,1,2,1
37,"A classic problem of allocation!

To solve this problem, I'll use a simple yet effective method called the ""Greedy Algorithm"". The idea is to allocate the goods to the person who values them the most, one good at a time.

Here's the step-by-step solution:

**Step 1: Allocate Good A**
Person 1 values Good A at 45, while Person 2 values it at 35. Since Person 1 values it more, I'll allocate Good A to Person 1.

**Remaining goods:** Good B, Good C
**Remaining persons:** Person 2

**Step 2: Allocate Good B**
Person 2 values Good B at 40, while Person 1 values it at 20. Since Person 2 values it more, I'll allocate Good B to Person 2.

**Remaining goods:** Good C
**Remaining persons:** Person 1

**Step 3: Allocate Good C**
Person 1 values Good C at 35, while Person 2 values it at 25. Since Person 1 values it more, I'll allocate Good C to Person 1.

The final allocation is:

* Person 1: Good A, Good C
* Person 2: Good B

Let's calculate the total value derived by each person:

* Person 1: 45 (Good A) + 35 (Good C) = 80
* Person 2: 40 (Good B) = 40
* Total value: 80 + 40 = 120

This allocation maximizes the sum of values derived by all individuals from their respective bundles.",0,1,2,1
38,"A classic problem of resource allocation!

To determine the allocation that maximizes the sum of values derived by all individuals from their respective bundles, I will use a simple yet effective method:

**Method:** Allocate each good to the individual who values it the most.

Let's analyze the values for each good:

**Good A:**

* Person 1 values it at 45
* Person 2 values it at 35

Since Person 1 values Good A more, I will allocate Good A to Person 1.

**Good B:**

* Person 1 values it at 20
* Person 2 values it at 40

Since Person 2 values Good B more, I will allocate Good B to Person 2.

**Good C:**

* Person 1 values it at 35
* Person 2 values it at 25

Since Person 1 values Good C more, I will allocate Good C to Person 1.

The resulting allocation is:

* Person 1: Good A, Good C
* Person 2: Good B

This allocation maximizes the sum of values derived by all individuals from their respective bundles.

**Verification:**

The total value derived by Person 1 is: 45 (Good A) + 35 (Good C) = 80
The total value derived by Person 2 is: 40 (Good B) = 40

The sum of values derived by all individuals is: 80 + 40 = 120

This allocation indeed maximizes the sum of values, as any other allocation would result in a lower total value.",0,1,2,1
39,"A classic problem in economics!

To determine the allocation that maximizes the sum of values derived by all individuals from their respective bundles, I'll use a simple greedy algorithm.

First, let's create a table to compare the values each person has for each good:

| Good | Person 1's Value | Person 2's Value |
| --- | --- | --- |
| A    | 45            | 35            |
| B    | 20            | 40            |
| C    | 35            | 25            |

Next, I'll allocate each good to the person who values it the most:

1. Good A: Person 1 values it more (45 > 35), so I'll allocate Good A to Person 1.
2. Good B: Person 2 values it more (40 > 20), so I'll allocate Good B to Person 2.
3. Good C: Person 1 values it more (35 > 25), so I'll allocate Good C to Person 1.

The final allocation is:

* Person 1: Good A, Good C
* Person 2: Good B

Now, let's calculate the total value derived by each person:

* Person 1: 45 (Good A) + 35 (Good C) = 80
* Person 2: 40 (Good B) = 40

The sum of values derived by all individuals is: 80 + 40 = 120

This allocation maximizes the sum of values derived by all individuals from their respective bundles.",0,1,2,1
40,"A classic problem of resource allocation!

To solve this problem, I'll use a simple but effective method: I'll calculate the total value each person would get for each possible allocation and choose the one that maximizes the sum of values.

Let's consider all possible allocations:

**Allocation 1:** Give Good A to Person 1, Good B to Person 2, and Good C to Person 1.
Value for Person 1: 45 (Good A) + 35 (Good C) = 80
Value for Person 2: 40 (Good B) = 40
Total value: 80 + 40 = 120

**Allocation 2:** Give Good A to Person 1, Good B to Person 1, and Good C to Person 2.
Value for Person 1: 45 (Good A) + 20 (Good B) = 65
Value for Person 2: 25 (Good C) = 25
Total value: 65 + 25 = 90

**Allocation 3:** Give Good A to Person 2, Good B to Person 1, and Good C to Person 1.
Value for Person 1: 20 (Good B) + 35 (Good C) = 55
Value for Person 2: 35 (Good A) = 35
Total value: 55 + 35 = 90

**Allocation 4:** Give Good A to Person 2, Good B to Person 2, and Good C to Person 1.
Value for Person 1: 35 (Good C) = 35
Value for Person 2: 35 (Good A) + 40 (Good B) = 75
Total value: 35 + 75 = 110

**Allocation 5:** Give Good A to Person 1, Good B to Person 2, and don't allocate Good C (throw it away).
Value for Person 1: 45 (Good A) = 45
Value for Person 2: 40 (Good B) = 40
Total value: 45 + 40 = 85

**Allocation 6:** Give Good B to Person 1, Good C to Person 2, and don't allocate Good A (throw it away).
Value for Person 1: 20 (Good B) = 20
Value for Person 2: 25 (Good C) = 25
Total value: 20 + 25 = 45

Comparing the total values, we see that **Allocation 1** maximizes the sum of values, with a total value of 120.

Therefore, the optimal allocation is:

* Good A to Person 1
* Good B to Person 2
* Good C to Person 1

This allocation gives Person 1 a total value of 80 and Person 2 a total value of 40, resulting in a total value of 120.",0,1,2,1
41,"A classic problem of fair allocation!

To solve this problem, we can use the concept of surplus maximization. The goal is to allocate the goods in a way that maximizes the total value derived by both individuals.

Let's analyze the values of each good for each person:

**Good A:**
Person 1 values it at 45, while Person 2 values it at 35. Since Person 1 values it more, it's better to allocate Good A to Person 1.

**Good B:**
Person 1 values it at 20, while Person 2 values it at 40. Since Person 2 values it more, it's better to allocate Good B to Person 2.

**Good C:**
Person 1 values it at 35, while Person 2 values it at 25. Since Person 1 values it more, it's better to allocate Good C to Person 1.

The resulting allocation is:

* Person 1: Good A, Good C
* Person 2: Good B

The total value derived by this allocation is:
Person 1: 45 (Good A) + 35 (Good C) = 80
Person 2: 40 (Good B) = 40
Total value: 80 + 40 = 120

This allocation maximizes the sum of values derived by both individuals, as it takes into account each person's relative valuations of the goods.",0,1,2,1
42,"A classic problem in microeconomics!

To solve this problem, we can use a simple yet effective method called the "" serial dictatorship"" algorithm, also known as the ""greedy algorithm"". Here's how it works:

1. First, we calculate the total value of each good for each person.
2. Then, we allocate the good with the highest total value to the person who values it the most.
3. We repeat step 2 until all goods have been allocated or we decide to throw them away.

Let's apply this algorithm to our problem:

**Step 1: Calculate total values**

Person 1: 45 (A) + 20 (B) + 35 (C) = 100
Person 2: 35 (A) + 40 (B) + 25 (C) = 100

**Step 2: Allocate the good with the highest total value**

The good with the highest total value is Good B, which is valued at 60 (20 by Person 1 + 40 by Person 2). We allocate Good B to Person 2, since they value it more.

Remaining goods: A, C
Remaining values:
Person 1: 45 (A) + 35 (C) = 80
Person 2: 35 (A) + 25 (C) = 60

**Step 3: Allocate the next good**

The good with the highest total value now is Good A, which is valued at 80 (45 by Person 1 + 35 by Person 2). We allocate Good A to Person 1, since they value it more.

Remaining goods: C
Remaining values:
Person 1: 35 (C) = 35
Person 2: 25 (C) = 25

**Step 4: Allocate the last good**

We allocate Good C to Person 1, since they value it more.

The final allocation is:

* Person 1: Good A, Good C
* Person 2: Good B

The sum of values derived by all individuals from their respective bundles is:

Person 1: 45 (A) + 35 (C) = 80
Person 2: 40 (B) = 40
Total: 80 + 40 = 120

This allocation maximizes the sum of values derived by all individuals from their respective bundles.",0,1,2,1
43,"A classic problem of resource allocation!

To solve this, we can use a simple yet effective method called the ""Serial Dictatorship"" or ""Top-DownAllocation"". Here's how it works:

1. First, we create a table with the values each person has for each good:

| Good | Person 1 | Person 2 |
| --- | --- | --- |
| A    | 45      | 35      |
| B    | 20      | 40      |
| C    | 35      | 25      |

2. Next, we order the goods based on the maximum value they provide to either person. This is done by taking the maximum value in each column:

| Good | Max Value |
| --- | --- |
| A    | 45      |
| B    | 40      |
| C    | 35      |

3. Now, we allocate the good with the highest maximum value to the person who values it the most. In this case, Good A is allocated to Person 1, since they value it at 45.

| Good | Allocation |
| --- | --- |
| A    | Person 1 |

4. We remove the allocated good from the table and repeat steps 2-3 until all goods are allocated or no more goods can be allocated.

| Good | Person 1 | Person 2 |
| --- | --- | --- |
| B    | 20      | 40      |
| C    | 35      | 25      |

The remaining good with the highest maximum value is now Good B, which is allocated to Person 2, since they value it at 40.

| Good | Allocation |
| --- | --- |
| A    | Person 1 |
| B    | Person 2 |

5. Finally, we allocate the last remaining good, Good C, to Person 1, since they value it at 35, which is higher than Person 2's value of 25.

| Good | Allocation |
| --- | --- |
| A    | Person 1 |
| B    | Person 2 |
| C    | Person 1 |

The resulting allocation is:

* Person 1: Good A, Good C (total value: 45 + 35 = 80)
* Person 2: Good B (total value: 40)

This allocation maximizes the sum of values derived by all individuals from their respective bundles, which is 80 + 40 = 120.",0,1,2,1
44,"A classic problem of fair allocation!

Let's analyze the situation:

We have 3 indivisible goods (A, B, and C) and 2 individuals (Person 1 and Person 2). We need to find an allocation that maximizes the sum of values derived by all individuals from their respective bundles.

To do this, we can use a simple greedy algorithm:

1. For each good, find the person who values it the most.
2. Allocate that good to the person who values it the most.

Let's apply this algorithm:

**Good A:**
Person 1 values Good A at 45, while Person 2 values it at 35. Since Person 1 values Good A more, we allocate it to Person 1.

**Good B:**
Person 1 values Good B at 20, while Person 2 values it at 40. Since Person 2 values Good B more, we allocate it to Person 2.

**Good C:**
Person 1 values Good C at 35, while Person 2 values it at 25. Since Person 1 values Good C more, we allocate it to Person 1.

The resulting allocation is:

* Person 1: Good A, Good C
* Person 2: Good B

Now, let's calculate the sum of values derived by each person from their respective bundles:

* Person 1: 45 (Good A) + 35 (Good C) = 80
* Person 2: 40 (Good B) = 40

The total sum of values is: 80 + 40 = 120

This allocation maximizes the sum of values derived by all individuals from their respective bundles.",0,1,2,1
45,"A classic problem of resource allocation!

To determine the allocation that maximizes the sum of values derived by all individuals from their respective bundles, we can use a simple greedy algorithm. Here's how:

1. Create a table with the values each person has for each good:

| Good | Person 1's Value | Person 2's Value |
| --- | --- | --- |
| A    | 45             | 35              |
| B    | 20             | 40              |
| C    | 35             | 25              |
2. Identify the good that has the highest total value across both individuals. In this case, it's Good B (20 + 40 = 60).
3. Allocate Good B to the person who values it the most, which is Person 2 (40).
4. Remove Good B from the table and repeat step 2.
5. The good with the highest total value now is Good A (45 + 35 = 80).
6. Allocate Good A to the person who values it the most, which is Person 1 (45).
7. Remove Good A from the table and repeat step 2.
8. The good with the highest total value now is Good C (35 + 25 = 60).
9. Allocate Good C to the person who values it the most, which is Person 1 (35).

The final allocation is:

* Person 1: Good A (45) and Good C (35) => Total value: 80
* Person 2: Good B (40) => Total value: 40
* Sum of values derived by all individuals: 80 + 40 = 120

This allocation maximizes the sum of values derived by all individuals from their respective bundles.",0,1,2,1
46,"A classic problem of optimal allocation!

To solve this problem, I will use a simple yet effective approach: I will calculate the total value generated by each possible allocation and then choose the one that maximizes the sum of values derived by both individuals.

Let's analyze all possible allocations:

**Allocation 1:**
Person 1 gets Good A, Person 2 gets Good B and Good C
Total value: 45 (Person 1) + 40 (Person 2) + 25 (Person 2) = 110

**Allocation 2:**
Person 1 gets Good A and Good C, Person 2 gets Good B
Total value: 45 (Person 1) + 35 (Person 1) + 40 (Person 2) = 120

**Allocation 3:**
Person 1 gets Good B, Person 2 gets Good A and Good C
Total value: 20 (Person 1) + 35 (Person 2) + 25 (Person 2) = 80

**Allocation 4:**
Person 1 gets Good B and Good C, Person 2 gets Good A
Total value: 20 (Person 1) + 35 (Person 1) + 35 (Person 2) = 90

**Allocation 5:**
Person 1 gets Good A and Good B, Person 2 gets Good C
Total value: 45 (Person 1) + 20 (Person 1) + 25 (Person 2) = 90

**Allocation 6:**
Person 2 gets Good A, Good B, and Good C (Person 1 gets nothing)
Total value: 35 (Person 2) + 40 (Person 2) + 25 (Person 2) = 100

**Allocation 7:**
Person 1 gets Good A, Good B, and Good C (Person 2 gets nothing)
Total value: 45 (Person 1) + 20 (Person 1) + 35 (Person 1) = 100

After calculating the total value for each allocation, I can see that **Allocation 2** yields the highest total value: **120**.

Therefore, the optimal allocation is:

* Person 1 gets Good A and Good C
* Person 2 gets Good B

This allocation maximizes the sum of values derived by both individuals, with a total value of 120.",0,1,2,1
47,"A classic problem of fair allocation!

To determine the allocation that maximizes the sum of values derived by all individuals, we can use the concept of Pareto optimality. Specifically, we'll use the Greedy Algorithm to find the optimal allocation.

Here's the step-by-step process:

1. Calculate the total value of each good for each person:

Person 1: Good A (45), Good B (20), Good C (35)
Person 2: Good A (35), Good B (40), Good C (25)

2. Identify the good with the highest total value across both persons:

Good B: 40 (Person 2) > 35 (Person 1)

Since Good B has the highest total value, we'll allocate it to Person 2.

3. Remove Good B from the list and recalculate the total values for the remaining goods:

Person 1: Good A (45), Good C (35)
Person 2: Good A (35), Good C (25)

4. Identify the good with the highest total value across both persons (again):

Good A: 45 (Person 1) > 35 (Person 2)

Since Good A has the highest total value, we'll allocate it to Person 1.

5. Remove Good A from the list and recalculate the total values for the remaining good:

Person 1: Good C (35)
Person 2: Good C (25)

6. Identify the good with the highest total value across both persons (again):

Good C: 35 (Person 1) > 25 (Person 2)

Since Good C has the highest total value, we'll allocate it to Person 1.

The resulting allocation is:

* Person 1: Good A, Good C
* Person 2: Good B

The total value derived by each person is:

* Person 1: 45 (Good A) + 35 (Good C) = 80
* Person 2: 40 (Good B) = 40

The sum of values derived by all individuals is: 80 + 40 = 120

This allocation maximizes the sum of values derived by all individuals from their respective bundles.",0,1,2,1
48,"A classic problem of fair allocation!

Let's approach this problem systematically. We want to find the allocation that maximizes the sum of values derived by both individuals from their respective bundles.

First, let's create a table to summarize the values:

| Good | Person 1's Value | Person 2's Value |
| --- | --- | --- |
| A | 45 | 35 |
| B | 20 | 40 |
| C | 35 | 25 |

Now, let's analyze the values and identify the best allocation:

1. Good A: Person 1 values it more (45) than Person 2 (35), so it's best to allocate Good A to Person 1.
2. Good B: Person 2 values it more (40) than Person 1 (20), so it's best to allocate Good B to Person 2.
3. Good C: Person 1 values it more (35) than Person 2 (25), so it's best to allocate Good C to Person 1.

So, the optimal allocation is:

* Person 1: Good A (45) + Good C (35) = 80
* Person 2: Good B (40)

The sum of values derived by both individuals from their respective bundles is: 80 + 40 = 120

This allocation maximizes the sum of values derived by all individuals from their respective bundles.

Note that if we were to allocate the goods in a different way, the sum of values would be lower. For example, if we allocated Good B to Person 1 and Good C to Person 2, the sum of values would be: 45 + 20 = 65 (Person 1) + 40 + 25 = 65 (Person 2) = 130 - 65 = 65, which is lower than 120.",0,1,2,1
49,"A classic problem of allocating indivisible goods to maximize the total value!

To solve this problem, we can use a simple yet efficient approach: the greedy algorithm.

Here's how it works:

1. Create a table to store the values of each good for each person:
```
  | Good A | Good B | Good C
---------------------------
P1 | 45    | 20    | 35
P2 | 35    | 40    | 25
```
2. Identify the good with the highest total value (across both persons). In this case, Good B has a total value of 60 (20 + 40).
3. Allocate Good B to the person who values it the most, which is Person 2 (40).
4. Remove Good B from the table and update the values:
```
  | Good A | Good C
--------------------
P1 | 45    | 35
P2 | 35    | 25
```
5. Repeat steps 2-4 until all goods are allocated or there are no more goods to allocate.

Now, let's continue the process:

2. The good with the highest total value is now Good A (80).
3. Allocate Good A to the person who values it the most, which is Person 1 (45).
4. Remove Good A from the table and update the values:
```
  | Good C
----------------
P1 | 35
P2 | 25
```
5. Repeat steps 2-4...

2. The good with the highest total value is now Good C (60).
3. Allocate Good C to the person who values it the most, which is Person 1 (35).

The final allocation is:

* Person 1: Good A (45) + Good C (35) = 80
* Person 2: Good B (40)

The total value of this allocation is: 80 + 40 = 120

This allocation maximizes the sum of values derived by all individuals from their respective bundles.

Voilà!",0,1,2,1
50,"A classic problem of resource allocation!

To determine the allocation that maximizes the sum of values derived by all individuals from their respective bundles, I will use a simple greedy algorithm.

First, let's create a table to summarize the values of each good for each person:

| Good | Person 1's Value | Person 2's Value |
| --- | --- | --- |
| A | 45 | 35 |
| B | 20 | 40 |
| C | 35 | 25 |

Next, I will allocate each good to the person who values it the most.

**Good A:** Person 1 values it more (45 > 35), so Good A goes to Person 1.

**Good B:** Person 2 values it more (40 > 20), so Good B goes to Person 2.

**Good C:** Person 1 values it more (35 > 25), so Good C goes to Person 1.

The resulting allocation is:

* Person 1: Good A (45) + Good C (35) = 80
* Person 2: Good B (40) = 40

The sum of values derived by all individuals from their respective bundles is: 80 + 40 = 120

This allocation maximizes the sum of values because we have allocated each good to the person who values it the most. If we were to change the allocation, the total value would decrease.

For example, if we gave Good A to Person 2 instead, the total value would be: Person 1: Good C (35) = 35, Person 2: Good A (35) + Good B (40) = 75. The sum of values would be 35 + 75 = 110, which is less than 120.

Therefore, the optimal allocation is:

* Person 1: Good A, Good C
* Person 2: Good B",0,1,2,1
51,"A classic problem in microeconomics!

This is a problem of optimal allocation of indivisible goods, and we can solve it using the concept of Pareto Efficiency. The goal is to find an allocation that maximizes the sum of values derived by all individuals from their respective bundles.

Let's analyze the situation:

**Person 1's values:**

* Good A: 45
* Good B: 20
* Good C: 35

**Person 2's values:**

* Good A: 35
* Good B: 40
* Good C: 25

To find the optimal allocation, we can use the following steps:

1. Identify the highest-valued good for each person:
	* Person 1: Good A (45)
	* Person 2: Good B (40)
2. Allocate the highest-valued good to each person:
	* Give Good A to Person 1 (45)
	* Give Good B to Person 2 (40)
3. Now, we have one good left (Good C). Allocate it to the person who values it more:
	* Person 1 values Good C at 35
	* Person 2 values Good C at 25
	* Give Good C to Person 1 (35)

The optimal allocation is:

* Person 1: Good A (45) and Good C (35) = Total value: 80
* Person 2: Good B (40) = Total value: 40

The sum of values derived by all individuals from their respective bundles is: 80 + 40 = 120

This allocation is Pareto Efficient, meaning that it is impossible to make one person better off without making the other person worse off.",0,1,2,1
52,"A classic problem of resource allocation!

To solve this problem, we can use a simple algorithm to find the optimal allocation that maximizes the sum of values derived by all individuals.

Here are the steps:

1. Calculate the total value of each good for each person:
	* Person 1: Good A (45), Good B (20), Good C (35)
	* Person 2: Good A (35), Good B (40), Good C (25)
2. Rank the goods for each person based on their values:
	* Person 1: Good A (45) > Good C (35) > Good B (20)
	* Person 2: Good B (40) > Good A (35) > Good C (25)
3. Allocate the goods to the person who values them the most:
	* Good A: Person 1 (45) > Person 2 (35), so allocate Good A to Person 1
	* Good B: Person 2 (40) > Person 1 (20), so allocate Good B to Person 2
	* Good C: Person 1 (35) > Person 2 (25), so allocate Good C to Person 1
4. Calculate the total value derived by each person from their allocated goods:
	* Person 1: Good A (45) + Good C (35) = 80
	* Person 2: Good B (40) = 40
5. The sum of values derived by all individuals is: 80 + 40 = 120

The optimal allocation that maximizes the sum of values derived by all individuals is:

* Good A to Person 1
* Good B to Person 2
* Good C to Person 1

This allocation results in a total value of 120, which is the maximum possible sum of values derived by all individuals.",0,1,2,1
53,"A classic problem of resource allocation!

To determine the allocation that maximizes the sum of values derived by all individuals from their respective bundles, we can use a simple greedy algorithm. Here's the step-by-step process:

1. Calculate the total value of each good for each person:

Person 1: Good A (45), Good B (20), Good C (35)
Person 2: Good A (35), Good B (40), Good C (25)

2. Identify the good that has the highest total value across both individuals:

Good B (40) for Person 2

Since Good B has the highest total value, we allocate it to Person 2.

3. Update the remaining goods and values:

Person 1: Good A (45), Good C (35)
Person 2: Good A (35), Good C (25) (already allocated Good B)

4. Identify the good that has the highest total value among the remaining goods:

Good A (45) for Person 1

Since Good A has the highest total value, we allocate it to Person 1.

5. Update the remaining goods and values:

Person 1: Good C (35) (already allocated Good A)
Person 2: Good C (25) (already allocated Good B)

6. Identify the good that has the highest total value among the remaining goods:

Good C (35) for Person 1

Since Good C has the highest total value, we allocate it to Person 1.

The final allocation is:

Person 1: Good A, Good C
Person 2: Good B

The total value derived by Person 1 is: 45 (Good A) + 35 (Good C) = 80
The total value derived by Person 2 is: 40 (Good B) = 40
The sum of values derived by all individuals is: 80 + 40 = 120

This allocation maximizes the sum of values derived by all individuals from their respective bundles.",0,1,2,1
54,"A classic problem of fair allocation!

To solve this problem, we can use a simple yet effective approach called the ""greedy algorithm"". The idea is to allocate the goods to the person who values them the most.

Let's follow these steps:

1. Create a table to keep track of the values for each good:

| Good | Person 1 | Person 2 |
| --- | --- | --- |
| A    | 45    | 35    |
| B    | 20    | 40    |
| C    | 35    | 25    |

2. Identify the good with the highest total value (sum of values for both persons).

In this case, Good B has the highest total value (20 + 40 = 60).

3. Allocate Good B to the person who values it the most, which is Person 2 (40).

| Good | Person 1 | Person 2 | Allocation |
| --- | --- | --- | --- |
| A    | 45    | 35    | -     |
| B    | 20    | 40    | P2    |
| C    | 35    | 25    | -     |

4. Remove Good B from the table, as it's already allocated.

5. Repeat steps 2-4 until all goods are allocated or there are no more goods to allocate.

Now, the good with the highest total value is Good A (45 + 35 = 80).

6. Allocate Good A to the person who values it the most, which is Person 1 (45).

| Good | Person 1 | Person 2 | Allocation |
| --- | --- | --- | --- |
| A    | 45    | 35    | P1    |
| B    | 20    | 40    | P2    |
| C    | 35    | 25    | -     |

7. Remove Good A from the table, as it's already allocated.

8. The only good left is Good C.

Allocate Good C to the person who values it the most, which is Person 1 (35).

| Good | Person 1 | Person 2 | Allocation |
| --- | --- | --- | --- |
| A    | 45    | 35    | P1    |
| B    | 20    | 40    | P2    |
| C    | 35    | 25    | P1    |

The final allocation is:

* Person 1: Good A, Good C (total value = 45 + 35 = 80)
* Person 2: Good B (total value = 40)

This allocation maximizes the sum of values derived by all individuals from their respective bundles, which is 80 + 40 = 120.",0,1,2,1
55,"A classic problem of fair allocation!

Let's analyze the situation:

We have 3 indivisible goods (A, B, and C) to be allocated among 2 individuals (Person 1 and Person 2). We want to find the allocation that maximizes the sum of values derived by all individuals from their respective bundles.

To do this, we can use a simple greedy algorithm:

1. For each good, calculate the difference in values between Person 1 and Person 2.
2. Allocate the good to the person with the higher value.

Here are the calculations:

**Good A:**
Person 1's value: 45
Person 2's value: 35
Difference: 10 (Person 1 has a higher value)
Allocate Good A to Person 1.

**Good B:**
Person 1's value: 20
Person 2's value: 40
Difference: -20 (Person 2 has a higher value)
Allocate Good B to Person 2.

**Good C:**
Person 1's value: 35
Person 2's value: 25
Difference: 10 (Person 1 has a higher value)
Allocate Good C to Person 1.

The resulting allocation is:

* Person 1: Good A, Good C
* Person 2: Good B

The total value of this allocation is:
Person 1: 45 (Good A) + 35 (Good C) = 80
Person 2: 40 (Good B) = 40
Total value: 80 + 40 = 120

This allocation maximizes the sum of values derived by all individuals from their respective bundles.

Note that this algorithm is optimal because it allocates each good to the person who values it the most, which leads to the maximum total value.",0,1,2,1
56,"A classic problem of fair allocation!

To determine the allocation that maximizes the sum of values derived by all individuals, we can use a simple greedy algorithm. Here's the step-by-step approach:

1. Calculate the total value of each good for both individuals:

| Good | Person 1 | Person 2 | Total Value |
| --- | --- | --- | --- |
| A    | 45      | 35      | 80         |
| B    | 20      | 40      | 60         |
| C    | 35      | 25      | 60         |

2. Rank the goods in descending order of their total value:

| Rank | Good | Total Value |
| --- | --- | --- |
| 1    | A    | 80         |
| 2    | B    | 60         |
| 3    | C    | 60         |

3. Allocate the good with the highest total value to the person who values it the most:

Good A: Person 1 (45) > Person 2 (35) => Allocate Good A to Person 1

Remaining goods: B, C
Remaining individuals: Person 2

4. Allocate the next good with the highest total value to the remaining person who values it the most:

Good B: Person 2 (40) > Person 1 (20) => Allocate Good B to Person 2

Remaining goods: C
Remaining individuals: Person 1

5. Allocate the last good to the remaining person:

Good C: Person 1 (35) > Person 2 (25) => Allocate Good C to Person 1

The final allocation is:

* Person 1: Good A, Good C
* Person 2: Good B

The sum of values derived by all individuals from their respective bundles is:

Person 1: 45 + 35 = 80
Person 2: 40 = 40
Total value: 80 + 40 = 120

This allocation maximizes the sum of values derived by all individuals.",0,1,2,1
57,"A classic problem in social choice theory!

To determine the allocation that maximizes the sum of values derived by all individuals, we can use a simple yet effective method called the ""Serial Dictatorship"" mechanism.

Here's how it works:

1. Calculate the total value of each good for each person:
	* Person 1: Good A (45), Good B (20), Good C (35) => Total value: 45 + 20 + 35 = 100
	* Person 2: Good A (35), Good B (40), Good C (25) => Total value: 35 + 40 + 25 = 100
2. Identify the good that has the highest total value across both persons. In this case, it's a tie between Good A and Good B, both with a total value of 80 (45 + 35 = 80, and 20 + 40 = 80).
3. Break the tie by giving the good to the person who values it more. In this case, Person 1 values Good A more (45 > 35), so we allocate Good A to Person 1.
4. Remove Good A from the list of available goods.
5. Repeat steps 2-4 until all goods are allocated.

Here's the allocation:

* Good A: Allocate to Person 1 (value: 45)
* Good B: Allocate to Person 2 (value: 40)
* Good C: Allocate to Person 1 (value: 35)

The resulting allocation maximizes the sum of values derived by all individuals:

* Person 1: Good A (45) + Good C (35) = 80
* Person 2: Good B (40) = 40
* Total value: 80 + 40 = 120

This allocation ensures that the total value derived by both individuals is maximized, which is the goal of the problem.",0,1,2,1
58,"A classic problem of optimal allocation!

To determine the allocation that maximizes the sum of values derived by all individuals, we can use a simple greedy algorithm. The idea is to assign each good to the person who values it the most.

Let's analyze the values:

**Good A**: Person 1 values it at 45, while Person 2 values it at 35. So, Good A should be allocated to Person 1.

**Good B**: Person 1 values it at 20, while Person 2 values it at 40. So, Good B should be allocated to Person 2.

**Good C**: Person 1 values it at 35, while Person 2 values it at 25. So, Good C should be allocated to Person 1.

The resulting allocation is:

* Person 1: Good A (45) + Good C (35) = 80
* Person 2: Good B (40) = 40

The sum of values derived by all individuals from their respective bundles is: 80 + 40 = 120.

This allocation is optimal because we have assigned each good to the person who values it the most, thereby maximizing the total value derived by both individuals.",0,1,2,1
59,"A classic problem in microeconomics!

Let's analyze the situation:

We have two individuals, Person 1 and Person 2, and three indivisible goods, Good A, Good B, and Good C. We need to allocate these goods to maximize the sum of values derived by both individuals.

First, let's create a table to visualize the values:

| Good | Person 1's Value | Person 2's Value |
| --- | --- | --- |
| A | 45 | 35 |
| B | 20 | 40 |
| C | 35 | 25 |

To maximize the sum of values, we need to allocate each good to the person who values it the most.

Let's start with Good A. Person 1 values it at 45, while Person 2 values it at 35. So, we allocate Good A to Person 1.

Next, let's consider Good B. Person 1 values it at 20, while Person 2 values it at 40. So, we allocate Good B to Person 2.

Finally, let's look at Good C. Person 1 values it at 35, while Person 2 values it at 25. So, we allocate Good C to Person 1.

The resulting allocation is:

* Good A: Person 1
* Good B: Person 2
* Good C: Person 1

The sum of values derived by both individuals from their respective bundles is:

Person 1: 45 (Good A) + 35 (Good C) = 80
Person 2: 40 (Good B) = 40
Total value: 80 + 40 = 120

This allocation maximizes the sum of values derived by all individuals, which is 120.

Note that this allocation is Pareto optimal, meaning that it is impossible to reallocate the goods to make one person better off without making the other person worse off.",0,1,2,1
60,"A classic problem in microeconomics!

This is a classic example of an assignment problem, where we need to allocate indivisible goods to individuals to maximize the total value derived.

Let's analyze the situation:

**Person 1's values:**

* Good A: 45
* Good B: 20
* Good C: 35

**Person 2's values:**

* Good A: 35
* Good B: 40
* Good C: 25

To maximize the sum of values, we need to allocate each good to the person who values it the most. Let's allocate each good one by one:

1. **Good A:** Person 1 values Good A more than Person 2 (45 > 35). Allocate Good A to Person 1.
2. **Good B:** Person 2 values Good B more than Person 1 (40 > 20). Allocate Good B to Person 2.
3. **Good C:** Person 1 values Good C more than Person 2 (35 > 25). Allocate Good C to Person 1.

The optimal allocation is:

* Person 1: Good A, Good C
* Person 2: Good B

The total value derived from this allocation is:

* Person 1: 45 (Good A) + 35 (Good C) = 80
* Person 2: 40 (Good B) = 40
* Total value: 80 + 40 = 120

This allocation maximizes the sum of values derived by all individuals from their respective bundles.",0,1,2,1
61,"A classic problem in microeconomics!

This is known as the ""Assignment Problem"" or ""Allocation Problem"". To solve it, we can use the concept of Pareto Optimality, which states that an allocation is optimal if it is not possible to make someone better off without making someone else worse off.

Let's analyze the problem step by step:

**Step 1: Calculate the total value of each good**

Good A: 45 (Person 1) + 35 (Person 2) = 80
Good B: 20 (Person 1) + 40 (Person 2) = 60
Good C: 35 (Person 1) + 25 (Person 2) = 60

**Step 2: Determine the optimal allocation**

We want to allocate each good to the person who values it the most. If we do this, we maximize the total value derived from each good.

* Good A: Person 1 values it more (45 > 35), so allocate Good A to Person 1.
* Good B: Person 2 values it more (40 > 20), so allocate Good B to Person 2.
* Good C: Person 1 values it more (35 > 25), so allocate Good C to Person 1.

**Optimal Allocation**

* Person 1: Good A (45), Good C (35) -> Total value: 45 + 35 = 80
* Person 2: Good B (40) -> Total value: 40

**Check Pareto Optimality**

Is it possible to make someone better off without making someone else worse off?

No, we cannot improve the allocation without making someone worse off. If we take away Good A or Good C from Person 1, Person 2 will not value them more. Similarly, if we take away Good B from Person 2, Person 1 will not value it more.

Therefore, the optimal allocation is:

* Person 1: Good A, Good C
* Person 2: Good B

This allocation maximizes the sum of values derived by all individuals from their respective bundles, which is 80 + 40 = 120.",0,1,2,1
62,"A classic problem of allocating indivisible goods to maximize social welfare!

To solve this problem, I'll use a simple greed algorithm, which is sufficient for this type of problem.

Here's the step-by-step approach:

1. Calculate the total value of each good for each person:
	* Person 1: Good A (45), Good B (20), Good C (35)
	* Person 2: Good A (35), Good B (40), Good C (25)
2. Rank the goods in decreasing order of total value for each person:
	* Person 1: Good A (45), Good C (35), Good B (20)
	* Person 2: Good B (40), Good A (35), Good C (25)
3. Allocate the good with the highest total value to the person who values it the most:
	* Good A: allocated to Person 1 (value: 45)
4. Update the remaining goods and values:
	* Person 1: Good B (20), Good C (35)
	* Person 2: Good B (40), Good C (25), Good A (0 - already allocated)
5. Allocate the next good with the highest total value to the person who values it the most:
	* Good B: allocated to Person 2 (value: 40)
6. Update the remaining goods and values:
	* Person 1: Good C (35)
	* Person 2: Good C (25), Good A (0 - already allocated), Good B (0 - already allocated)
7. Allocate the last good with the highest total value to the person who values it the most:
	* Good C: allocated to Person 1 (value: 35)

The final allocation is:

* Person 1: Good A, Good C (total value: 45 + 35 = 80)
* Person 2: Good B (total value: 40)

This allocation maximizes the sum of values derived by all individuals from their respective bundles, which is 80 + 40 = 120.",0,1,2,1
63,"A classic problem of allocating indivisible goods!

Let's analyze the situation:

We have two individuals, Person 1 and Person 2, and three indivisible goods, A, B, and C. We need to find an allocation that maximizes the sum of values derived by both individuals from their respective bundles.

First, let's calculate the total value of each good for each person:

**Person 1**

* Good A: 45
* Good B: 20
* Good C: 35

**Person 2**

* Good A: 35
* Good B: 40
* Good C: 25

Now, let's identify the most valuable good for each person:

* For Person 1, Good A is the most valuable (45).
* For Person 2, Good B is the most valuable (40).

Next, let's allocate the most valuable good to each person:

* Give Good A to Person 1 (value: 45).
* Give Good B to Person 2 (value: 40).

Now, we have one good left to allocate, which is Good C. Look at the values for Good C:

* Person 1 values Good C at 35.
* Person 2 values Good C at 25.

Since Person 1 values Good C more than Person 2, we'll allocate Good C to Person 1.

The final allocation is:

* Person 1: Good A (45) + Good C (35) = 80
* Person 2: Good B (40)

The sum of values derived by both individuals from their respective bundles is:

80 (Person 1) + 40 (Person 2) = 120

This allocation maximizes the sum of values derived by all individuals, which is 120.

Note that this allocation is also pareto efficient, meaning that it is impossible to make one person better off without making the other person worse off.",0,1,2,1
64,"A classic problem of allocation!

To determine the optimal allocation, I'll use a simple yet effective method.

First, I'll calculate the total value of each good for each person:

Person 1:

* Good A: 45
* Good B: 20
* Good C: 35

Total value for Person 1: 45 + 20 + 35 = 100

Person 2:

* Good A: 35
* Good B: 40
* Good C: 25

Total value for Person 2: 35 + 40 + 25 = 100

Now, I'll identify the highest value for each good across both persons:

* Good A: 45 (Person 1)
* Good B: 40 (Person 2)
* Good C: 35 (Person 1)

The optimal allocation is to give each good to the person who values it the most:

* Good A: Person 1 (value: 45)
* Good B: Person 2 (value: 40)
* Good C: Person 1 (value: 35)

This allocation maximizes the sum of values derived by all individuals from their respective bundles:

Person 1: 45 + 35 = 80
Person 2: 40 = 40
Total value: 80 + 40 = 120

This allocation is optimal because it maximizes the total value across both persons. If I were to allocate a good to a person who values it less, the total value would decrease.

For example, if I gave Good A to Person 2 (value: 35), the total value would decrease by 10 (45 - 35). Similarly, if I gave Good B to Person 1 (value: 20), the total value would decrease by 20 (40 - 20).

Therefore, the optimal allocation is to give Good A and Good C to Person 1, and Good B to Person 2.",0,1,2,1
65,"A classic problem in microeconomics!

Let's analyze the situation:

We have two individuals, Person 1 and Person 2, and three goods, Good A, Good B, and Good C. We want to find an allocation that maximizes the sum of values derived by all individuals from their respective bundles.

First, let's create a table to summarize the values:

| Good | Person 1's Value | Person 2's Value |
| --- | --- | --- |
| A | 45 | 35 |
| B | 20 | 40 |
| C | 35 | 25 |

Now, we can try different allocations and calculate the total value for each allocation. We'll explore all possible allocations and choose the one that maximizes the total value.

 Allocation 1: Give Good A to Person 1, Good B to Person 2, and Good C to Person 1
Total value: 45 (Person 1) + 40 (Person 2) + 35 (Person 1) = 120

 Allocation 2: Give Good A to Person 2, Good B to Person 1, and Good C to Person 1
Total value: 35 (Person 2) + 20 (Person 1) + 35 (Person 1) = 90

 Allocation 3: Give Good A to Person 1, Good B to Person 1, and Good C to Person 2
Total value: 45 (Person 1) + 20 (Person 1) + 25 (Person 2) = 90

 Allocation 4: Give Good A to Person 2, Good B to Person 2, and Good C to Person 1
Total value: 35 (Person 2) + 40 (Person 2) + 35 (Person 1) = 110

 Allocation 5: Give Good A to Person 1, Good B to Person 2, and don't allocate Good C (throw it away)
Total value: 45 (Person 1) + 40 (Person 2) = 85

 Allocation 6: Give Good A to Person 2, Good B to Person 1, and don't allocate Good C (throw it away)
Total value: 35 (Person 2) + 20 (Person 1) = 55

The allocation that maximizes the total value is Allocation 1: Give Good A to Person 1, Good B to Person 2, and Good C to Person 1, with a total value of 120.

Therefore, the fair allocation is:

* Good A goes to Person 1
* Good B goes to Person 2
* Good C goes to Person 1",0,1,2,1
66,"A classic problem of fair allocation of indivisible goods!

To solve this problem, I'll use a simple but effective approach: I'll calculate the total value that each person gets from each possible allocation, and then choose the allocation that maximizes the sum of values.

Let's analyze the possible allocations:

**Allocation 1:**
Person 1 gets Good A, Person 2 gets Good B and Good C
Person 1's value: 45
Person 2's value: 40 + 25 = 65
Total value: 110

**Allocation 2:**
Person 1 gets Good A and Good C, Person 2 gets Good B
Person 1's value: 45 + 35 = 80
Person 2's value: 40
Total value: 120

**Allocation 3:**
Person 1 gets Good B, Person 2 gets Good A and Good C
Person 1's value: 20
Person 2's value: 35 + 25 = 60
Total value: 80

**Allocation 4:**
Person 1 gets Good B and Good C, Person 2 gets Good A
Person 1's value: 20 + 35 = 55
Person 2's value: 35
Total value: 90

**Allocation 5:**
No goods are allocated to Person 1, Person 2 gets all goods
Person 1's value: 0
Person 2's value: 35 + 40 + 25 = 100
Total value: 100

**Allocation 6:**
No goods are allocated to Person 2, Person 1 gets all goods
Person 1's value: 45 + 20 + 35 = 100
Person 2's value: 0
Total value: 100

After calculating the total value for each allocation, I see that **Allocation 2** yields the highest total value: 120. Therefore, the fair allocation that maximizes the sum of values is:

**Optimal Allocation:**
Person 1 gets Good A and Good C, Person 2 gets Good B

This allocation gives Person 1 a total value of 80 and Person 2 a total value of 40, resulting in a total value of 120.",0,1,2,1
67,"A classic problem of allocating indivisible goods! This is a classic example of a combinatorial optimization problem, specifically a variant of the Assignment Problem.

To solve this problem, I'll use a simple and intuitive approach. I'll try to assign each good to the person who values it the most, while ensuring that each person gets at most one good. This is known as the ""greedy allocation"" method.

Here's the step-by-step allocation:

1. Good A: Person 1 values it at 45, while Person 2 values it at 35. Assign Good A to Person 1 (45 > 35).
2. Good B: Person 1 values it at 20, while Person 2 values it at 40. Assign Good B to Person 2 (40 > 20).
3. Good C: Person 1 values it at 35, while Person 2 values it at 25. Assign Good C to Person 1 (35 > 25).

The resulting allocation is:

* Person 1: Good A (45) and Good C (35) => Total value: 80
* Person 2: Good B (40) => Total value: 40

The total value derived by all individuals from their respective bundles is: 80 + 40 = 120

This allocation maximizes the sum of values derived by all individuals, as it assigns each good to the person who values it the most.

To verify that this is indeed the optimal allocation, we can calculate the total value for other possible allocations:

* If Person 1 gets Good A and Good B, and Person 2 gets Good C, the total value would be: 45 + 20 + 25 = 90 (less than 120)
* If Person 1 gets Good A and Good C, and Person 2 gets Good B, we already know this is the optimal allocation (120)
* If Person 2 gets Good A and Good B, and Person 1 gets Good C, the total value would be: 35 + 40 + 35 = 110 (less than 120)

Therefore, the allocation I proposed initially is indeed the optimal one, maximizing the sum of values derived by all individuals.",0,1,2,1
68,"A classic problem of fair allocation!

To determine the optimal allocation, I will use a simple greedy algorithm. The idea is to allocate each good to the person who values it the most.

Here are the values for each good:

**Good A**: Person 1 values it at 45, Person 2 values it at 35. Allocate Good A to Person 1.

**Good B**: Person 1 values it at 20, Person 2 values it at 40. Allocate Good B to Person 2.

**Good C**: Person 1 values it at 35, Person 2 values it at 25. Allocate Good C to Person 1.

The resulting allocation is:

* Person 1: Good A, Good C
* Person 2: Good B

The sum of values derived by all individuals from their respective bundles is:

* Person 1: 45 (Good A) + 35 (Good C) = 80
* Person 2: 40 (Good B) = 40
* Total: 80 + 40 = 120

This allocation maximizes the sum of values derived by all individuals from their respective bundles.",0,1,2,1
69,"A classic problem of fair allocation!

Let's analyze the situation:

We have two individuals, Person 1 and Person 2, and three indivisible goods, Good A, Good B, and Good C. We need to allocate these goods to maximize the sum of values derived by both individuals.

To find the optimal allocation, let's create a valuation matrix:

| Good | Person 1 | Person 2 |
| --- | --- | --- |
| A    | 45      | 35      |
| B    | 20      | 40      |
| C    | 35      | 25      |

To maximize the sum of values, we can use a simple greedy algorithm:

1. Identify the good with the highest total value (across both individuals).
2. Allocate that good to the individual who values it the most.
3. Remove the allocated good from the list.
4. Repeat steps 1-3 until all goods are allocated.

Let's apply this algorithm:

1. The good with the highest total value is Good A (45 + 35 = 80).
2. Good A is allocated to Person 1, who values it the most (45).
3. Remove Good A from the list.

Remaining goods: Good B and Good C.

1. The good with the highest total value is Good B (20 + 40 = 60).
2. Good B is allocated to Person 2, who values it the most (40).
3. Remove Good B from the list.

Only Good C remains.

1. Good C is allocated to Person 1, who values it the most (35).

The final allocation is:

* Person 1: Good A (45) and Good C (35) = Total value: 80
* Person 2: Good B (40) = Total value: 40

The sum of values derived by all individuals is: 80 + 40 = 120

This allocation maximizes the sum of values, and we can consider it a fair allocation.",0,1,2,1
70,"A classic problem in microeconomics!

To solve this problem, I'll use the concept of Pareto optimality, which states that an allocation is optimal if it is impossible to make one person better off without making someone else worse off.

Let's analyze the given values:

Person 1:

* Good A: 45
* Good B: 20
* Good C: 35

Person 2:

* Good A: 35
* Good B: 40
* Good C: 25

To maximize the sum of values, I'll try to allocate each good to the person who values it the most.

1. Good A: Person 1 values it more (45 > 35), so I'll allocate Good A to Person 1.
2. Good B: Person 2 values it more (40 > 20), so I'll allocate Good B to Person 2.
3. Good C: Person 1 values it more (35 > 25), so I'll allocate Good C to Person 1.

The resulting allocation is:

* Person 1: Good A, Good C
* Person 2: Good B

The total value derived from this allocation is:

Person 1: 45 (Good A) + 35 (Good C) = 80
Person 2: 40 (Good B) = 40
Total value: 80 + 40 = 120

This allocation is Pareto optimal because it is not possible to reallocate the goods in a way that would make one person better off without making the other person worse off.

Therefore, the optimal allocation that maximizes the sum of values is:

* Person 1: Good A, Good C
* Person 2: Good B",0,1,2,1
71,"A classic problem in microeconomics!

To solve this problem, we can use the concept of marginal value and the concept of Pareto optimality.

Let's analyze the situation:

**Person 1's values:**

* Good A: 45
* Good B: 20
* Good C: 35

**Person 2's values:**

* Good A: 35
* Good B: 40
* Good C: 25

To maximize the sum of values derived by all individuals, we need to allocate each good to the person who values it the most.

**Good A:** Person 1 values Good A at 45, while Person 2 values it at 35. So, we allocate Good A to Person 1.

**Good B:** Person 2 values Good B at 40, while Person 1 values it at 20. So, we allocate Good B to Person 2.

**Good C:** Person 1 values Good C at 35, while Person 2 values it at 25. So, we allocate Good C to Person 1.

The resulting allocation is:

* Person 1: Good A (45) + Good C (35) = 80
* Person 2: Good B (40) = 40

The sum of values derived by all individuals is: 80 + 40 = 120

This allocation is Pareto optimal because it is not possible to reallocate the goods to make one person better off without making the other person worse off.

Therefore, the optimal allocation is: Person 1 gets Good A and Good C, and Person 2 gets Good B.",0,1,2,1
72,"A classic problem of resource allocation!

To solve this problem, we can use a simple yet effective method: **linear programming**. Specifically, we can use the **Assignment Problem**, which is a special case of linear programming.

Let's break down the problem step by step:

**Variables**:

* We introduce binary variables `x_ij` to represent whether good `i` is allocated to person `j` or not. Specifically:
	+ `x_11` = 1 if Good A is allocated to Person 1, 0 otherwise
	+ `x_12` = 1 if Good A is allocated to Person 2, 0 otherwise
	+ `x_21` = 1 if Good B is allocated to Person 1, 0 otherwise
	+ `x_22` = 1 if Good B is allocated to Person 2, 0 otherwise
	+ `x_31` = 1 if Good C is allocated to Person 1, 0 otherwise
	+ `x_32` = 1 if Good C is allocated to Person 2, 0 otherwise

**Objective function**:

* We want to maximize the sum of values derived by all individuals from their respective bundles. The objective function can be written as:
`maximize`: 45x_11 + 20x_21 + 35x_31 + 35x_12 + 40x_22 + 25x_32

**Constraints**:

* Each good can only be allocated to one person or not allocated at all:
	+ x_11 + x_12 ≤ 1 (Good A is allocated to at most one person)
	+ x_21 + x_22 ≤ 1 (Good B is allocated to at most one person)
	+ x_31 + x_32 ≤ 1 (Good C is allocated to at most one person)
* Each person can only receive at most one good:
	+ x_11 + x_21 + x_31 ≤ 1 (Person 1 receives at most one good)
	+ x_12 + x_22 + x_32 ≤ 1 (Person 2 receives at most one good)

**Solving the problem**:

By solving the linear programming problem, we get the optimal allocation:

* Good A is allocated to Person 1 (x_11 = 1)
* Good B is allocated to Person 2 (x_22 = 1)
* Good C is allocated to Person 1 (x_31 = 1)

The optimal allocation yields a total value of:
45 + 40 + 35 = 120

This allocation maximizes the sum of values derived by all individuals from their respective bundles.

Here is a summary of the optimal allocation:

| Good | Allocated to |
| --- | --- |
| A | Person 1 |
| B | Person 2 |
| C | Person 1 |

I hope this helps! Let me know if you have any further questions.",0,1,2,1
73,"A classic problem of fair allocation!

Let's analyze the situation:

We have 3 indivisible goods (A, B, and C) and 2 individuals (Person 1 and Person 2). We need to find an allocation that maximizes the total value derived by both individuals.

To do this, we can use a simple algorithm:

1. Compute the total value of each good for each person.
2. For each good, allocate it to the person who values it the most.

Here are the calculations:

**Good A:**
Person 1's value: 45
Person 2's value: 35
Allocate to Person 1 (higher value)

**Good B:**
Person 1's value: 20
Person 2's value: 40
Allocate to Person 2 (higher value)

**Good C:**
Person 1's value: 35
Person 2's value: 25
Allocate to Person 1 (higher value)

The final allocation is:

* Person 1: Good A and Good C
* Person 2: Good B

The total value derived by Person 1 is: 45 + 35 = 80
The total value derived by Person 2 is: 40
The total value derived by both individuals is: 80 + 40 = 120

This allocation maximizes the sum of values derived by all individuals, which is 120.

Note that this algorithm is known as the "" serial dictatorship"" or ""greedy algorithm"" in this context, and it is optimal for this type of problem.",0,1,2,1
74,"A classic problem of allocating indivisible goods!

To solve this problem, we can use a simple yet effective method called the "" Serial Dictatorship"" algorithm. The idea is to allocate the goods one by one, giving each good to the person who values it the most.

Let's allocate the goods step by step:

**Good A:**
Person 1 values Good A at 45, and Person 2 values it at 35. Since Person 1 values it more, we allocate Good A to Person 1.

**Good B:**
Person 1 values Good B at 20, and Person 2 values it at 40. Since Person 2 values it more, we allocate Good B to Person 2.

**Good C:**
Person 1 values Good C at 35, and Person 2 values it at 25. Since Person 1 values it more, we allocate Good C to Person 1.

The resulting allocation is:

* Person 1: Good A (45) and Good C (35) = Total value: 80
* Person 2: Good B (40) = Total value: 40

The sum of values derived by all individuals from their respective bundles is: 80 + 40 = 120

This allocation maximizes the sum of values derived by all individuals. Well, it's not surprising, since we've allocated each good to the person who values it the most!",0,1,2,1
75,"A classic problem in welfare economics!

To determine the allocation that maximizes the sum of values derived by all individuals from their respective bundles, we can use a simple greedy algorithm.

Here's the step-by-step solution:

1. First, calculate the total value of each good for each person:

Person 1: Good A = 45, Good B = 20, Good C = 35
Person 2: Good A = 35, Good B = 40, Good C = 25

2. Then, identify the good that has the highest total value across both persons:

Good B: Person 2's value (40) > Person 1's value (20)

Allocate Good B to Person 2, as it is worth more to them.

Remaining goods: Good A, Good C
Remaining persons: Person 1

3. Identify the good that has the highest total value for the remaining person (Person 1):

Good A: 45 > Good C: 35

Allocate Good A to Person 1, as it is worth more to them.

Remaining goods: Good C
Remaining persons: Person 2

4. The only good left is Good C, which is allocated to Person 2.

The final allocation is:

* Person 1: Good A
* Person 2: Good B, Good C

The total value derived by Person 1 is 45, and the total value derived by Person 2 is 40 + 25 = 65. The sum of values derived by all individuals from their respective bundles is 45 + 65 = 110, which is the maximum possible value.

This allocation is Pareto efficient, meaning that it is not possible to reallocate the goods to make one person better off without making the other person worse off.",0,1,2,2
76,"A classic problem of allocating indivisible goods!

To determine the allocation that maximizes the sum of values derived by all individuals, we can use a simple greedy algorithm. Here's the step-by-step solution:

1. First, we need to calculate the total value of each good for each person. We can do this by summing up the values of each good for each person:

Person 1: 45 (A) + 20 (B) + 35 (C) = 100
Person 2: 35 (A) + 40 (B) + 25 (C) = 100
2. Next, we need to identify the good that has the highest total value across both individuals. In this case, it's Good A, with a total value of 80 (45 + 35).
3. We allocate Good A to the person who values it the most, which is Person 1, with a value of 45.
4. Now, we move on to the next good. We calculate the remaining total value for each good, excluding the good that has already been allocated (Good A):

Person 1: 20 (B) + 35 (C) = 55
Person 2: 40 (B) + 25 (C) = 65
5. The good with the highest remaining total value is Good B, with a total value of 60 (20 + 40).
6. We allocate Good B to the person who values it the most, which is Person 2, with a value of 40.
7. Finally, we allocate the remaining good, Good C, to the person who values it the most. In this case, it's Person 1, with a value of 35.

The final allocation is:

* Person 1: Good A (45) and Good C (35) = 80
* Person 2: Good B (40) = 40

This allocation maximizes the sum of values derived by all individuals from their respective bundles, with a total value of 120 (80 + 40).",0,1,2,1
77,"A classic problem of fair allocation of indivisible goods!

Let's analyze the situation:

We have two persons, Person 1 and Person 2, and three goods, Good A, Good B, and Good C. We need to allocate these goods to maximize the sum of values derived by both individuals.

First, let's write down the values of each good for each person:

| Good | Person 1's Value | Person 2's Value |
| --- | --- | --- |
| A    | 45             | 35             |
| B    | 20             | 40             |
| C    | 35             | 25             |

To maximize the sum of values, we can use a simple greedy algorithm. We'll allocate each good to the person who values it the most.

1. Good A: Person 1 values it more (45 > 35), so we allocate Good A to Person 1.
2. Good B: Person 2 values it more (40 > 20), so we allocate Good B to Person 2.
3. Good C: Person 1 values it more (35 > 25), so we allocate Good C to Person 1.

The allocation is:

* Person 1: Good A, Good C
* Person 2: Good B

Now, let's calculate the total value derived by each person:

* Person 1: 45 (Good A) + 35 (Good C) = 80
* Person 2: 40 (Good B) = 40

The total value derived by both individuals is: 80 + 40 = 120

This allocation maximizes the sum of values derived by all individuals from their respective bundles.",0,1,2,1
78,"A classic problem of allocating indivisible goods!

To solve this problem, I'll use a simple yet effective method: I'll allocate each good to the person who values it the most.

Let's go through each good:

**Good A**: Person 1 values it at 45, while Person 2 values it at 35. Since Person 1 values it more, I'll allocate Good A to Person 1.

**Good B**: Person 1 values it at 20, while Person 2 values it at 40. Since Person 2 values it more, I'll allocate Good B to Person 2.

**Good C**: Person 1 values it at 35, while Person 2 values it at 25. Since Person 1 values it more, I'll allocate Good C to Person 1.

The resulting allocation is:

* Person 1: Good A (45) + Good C (35) = 80
* Person 2: Good B (40) = 40

The sum of values derived by all individuals from their respective bundles is: 80 + 40 = 120

This allocation maximizes the sum of values, as it matches each good with the person who values it the most.",0,1,2,1
79,"A classic problem in microeconomics!

This problem is known as the ""Assignment Problem"" or ""Resource Allocation Problem"". To solve it, we can use the ""Greedy Algorithm"" or ""Linear Programming"". Here, I'll use the Greedy Algorithm to find the optimal allocation.

**Step 1: Create a matrix of values**

|  | Good A | Good B | Good C |
| --- | --- | --- | --- |
| Person 1 | 45 | 20 | 35 |
| Person 2 | 35 | 40 | 25 |

**Step 2: Identify the highest value for each good**

* Good A: highest value is 45 (Person 1)
* Good B: highest value is 40 (Person 2)
* Good C: highest value is 35 (Person 1)

**Step 3: Allocate the goods**

Based on the highest values, we allocate the goods as follows:

* Good A: Allocate to Person 1 (value 45)
* Good B: Allocate to Person 2 (value 40)
* Good C: Allocate to Person 1 (value 35)

The resulting allocation is:

* Person 1: Good A, Good C (total value: 45 + 35 = 80)
* Person 2: Good B (total value: 40)

**Step 4: Calculate the total value**

The total value derived by all individuals from their respective bundles is:
80 (Person 1) + 40 (Person 2) = 120

This allocation maximizes the sum of values derived by all individuals from their respective bundles.

So, the fair allocation of the 3 goods is: Good A and Good C to Person 1, and Good B to Person 2.",0,1,2,1
80,"A classic problem of fair allocation!

To determine the allocation that maximizes the sum of values derived by all individuals, we can use a simple greedy algorithm. Here's how we can approach it:

1. First, we calculate the total value of each good for each person:

Person 1: Good A (45), Good B (20), Good C (35)
Person 2: Good A (35), Good B (40), Good C (25)

2. Next, we identify the good that provides the highest total value across both individuals. In this case, it's Good B, with a total value of 60 (20 + 40).

3. We allocate Good B to Person 2, as they derive a higher value from it (40) compared to Person 1 (20).

4. Now, we move to the next good. The good that provides the highest total value among the remaining goods is Good A, with a total value of 80 (45 + 35).

5. We allocate Good A to Person 1, as they derive a higher value from it (45) compared to Person 2 (35).

6. Finally, we're left with Good C. We allocate it to Person 1, as they derive a higher value from it (35) compared to Person 2 (25).

The resulting allocation is:

* Person 1: Good A (45), Good C (35)
* Person 2: Good B (40)

The total value derived by both individuals from their respective bundles is:

45 + 35 + 40 = 120

This allocation maximizes the sum of values derived by all individuals from their respective bundles.",0,1,2,1
81,"This is a classic problem of fair allocation, and the solution involves finding the allocation that maximizes the total value derived by both individuals.

Let's analyze the values of each good for both individuals:

Good A:
Person 1: 45
Person 2: 35

Good B:
Person 1: 20
Person 2: 40

Good C:
Person 1: 35
Person 2: 25

To maximize the total value, we need to allocate each good to the person who values it the most.

Good A: Allocate to Person 1 (45 > 35)
Good B: Allocate to Person 2 (40 > 20)
Good C: Allocate to Person 1 (35 > 25)

The resulting allocation is:

Person 1: Good A (45) and Good C (35)
Person 2: Good B (40)

The total value derived by both individuals is:
45 + 35 + 40 = 120

This allocation maximizes the total value derived by all individuals from their respective bundles. Note that this solution is efficient, but it may not be considered ""fair"" by some standards, as Person 1 receives two goods and Person 2 receives only one. However, in terms of maximizing the total value, this is the optimal allocation.",0,1,2,1
82,"A classic problem of resource allocation!

To solve this problem, we can use a simple optimization technique. We want to maximize the total value derived by both individuals from their respective bundles. Let's analyze the situation:

**Person 1's values:**

* Good A: 45
* Good B: 20
* Good C: 35

**Person 2's values:**

* Good A: 35
* Good B: 40
* Good C: 25

Our goal is to allocate the goods to maximize the total value. Let's see which good each person values the most:

* Person 1 values Good A the most (45).
* Person 2 values Good B the most (40).

Now, let's allocate the goods:

1. Allocate Good A to Person 1 (45).
2. Allocate Good B to Person 2 (40).
3. Allocate Good C to Person 1 (35). (Since Person 1 values Good C more than Person 2)

The resulting allocation is:

**Person 1:** Good A, Good C (total value: 45 + 35 = 80)
**Person 2:** Good B (total value: 40)

The total value derived by both individuals from their respective bundles is: 80 + 40 = 120.

This allocation maximizes the sum of values derived by all individuals. If we were to allocate the goods differently, we would not be able to achieve a higher total value.

For example, if we allocated Good A to Person 2, the total value would be: 35 (Person 2) + 35 (Person 1, Good C) + 20 (Person 1, Good B) = 90, which is less than 120.

Therefore, the optimal allocation is: Person 1 gets Good A and Good C, and Person 2 gets Good B.",0,1,2,1
83,"A classic problem of optimal allocation!

To solve this problem, we can use a method called the ""Greedy Algorithm"" or ""Serial Dictatorship"". The idea is to allocate each good to the person who values it the most.

Let's go through the goods one by one:

1. Good A: Person 1 values it at 45, while Person 2 values it at 35. So, we allocate Good A to Person 1.

 Remaining goods: Good B, Good C
 Remaining values for Person 1: 20, 35
 Remaining values for Person 2: 40, 25

2. Good B: Person 2 values it at 40, while Person 1 values it at 20. So, we allocate Good B to Person 2.

 Remaining goods: Good C
 Remaining values for Person 1: 35
 Remaining values for Person 2: 25

3. Good C: Person 1 values it at 35, while Person 2 values it at 25. So, we allocate Good C to Person 1.

The final allocation is:
Person 1: Good A, Good C
Person 2: Good B

The total value derived by all individuals from their respective bundles is:
Person 1: 45 + 35 = 80
Person 2: 40
Total value: 80 + 40 = 120

This allocation maximizes the sum of values derived by all individuals. If we were to allocate the goods in a different way, the total value would be lower.",0,1,2,1
84,"A classic problem in microeconomics!

To solve this problem, we can use the method of assigning goods to individuals based on their relative valuations. The goal is to maximize the total value derived by both individuals from their respective bundles.

Let's analyze the valuations:

**Good A:**
Person 1 values it at 45, while Person 2 values it at 35. Since Person 1 values it more, we'll assign Good A to Person 1.

**Good B:**
Person 1 values it at 20, while Person 2 values it at 40. Since Person 2 values it more, we'll assign Good B to Person 2.

**Good C:**
Person 1 values it at 35, while Person 2 values it at 25. Since Person 1 values it more, we'll assign Good C to Person 1.

The allocation is:

* Person 1: Good A (45) + Good C (35) = 80
* Person 2: Good B (40) = 40

The total value derived by both individuals from their respective bundles is:
80 (Person 1) + 40 (Person 2) = 120

This allocation maximizes the sum of values derived by all individuals from their respective bundles.",0,1,2,1
85,"A classic problem of resource allocation!

To solve this problem, I'll use a simple yet effective method called the ""Serial Dictatorship"" (SD) mechanism. This mechanism ensures an efficient allocation that maximizes the sum of values derived by all individuals.

Here's how it works:

1. Person 1 is the ""dictator"" and chooses the good that gives them the highest value.
2. Then, Person 2 is the ""dictator"" and chooses the remaining good that gives them the highest value.
3. Repeat step 2 until all goods are allocated or no one wants to take any remaining good.

Let's apply the SD mechanism to our problem:

**Round 1: Person 1 is the dictator**

Person 1 values Good A the most (45), so they choose Good A.

**Remaining goods:** Good B, Good C
**Remaining values for Person 1:** 20, 35
**Remaining values for Person 2:** 40, 25

**Round 2: Person 2 is the dictator**

Person 2 values Good B the most (40), so they choose Good B.

**Remaining goods:** Good C
**Remaining values for Person 1:** 35
**Remaining values for Person 2:** 25

**Round 3: Person 1 is the dictator again**

Person 1 values Good C the most (35), so they choose Good C.

**All goods are now allocated.**

The final allocation is:

* Person 1: Good A (45) and Good C (35) => Total value: 80
* Person 2: Good B (40) => Total value: 40

The sum of values derived by all individuals from their respective bundles is: 80 + 40 = 120

This allocation is efficient because it maximizes the total value derived by both individuals. Had we allocated the goods differently, the total value would be lower.

Well, it looks like we've achieved a fair and efficient allocation!",0,1,2,1
86,"A classic problem of allocation!

To determine the allocation that maximizes the sum of values derived by all individuals, we can use a simple yet effective method called the ""Serial Dictatorship"" or ""Greedy Algorithm"".

Here's how it works:

1. Rank the goods by their total value to both individuals.
2. Assign the good with the highest total value to the individual who values it most.
3. Remove the assigned good from the list and repeat steps 1-2 until all goods are allocated.

Let's apply this method to our problem:

**Step 1: Rank the goods by their total value**

| Good | Person 1's value | Person 2's value | Total value |
| --- | --- | --- | --- |
| A    | 45             | 35             | 80          |
| B    | 20             | 40             | 60          |
| C    | 35             | 25             | 60          |

The ranking of goods by their total value is: A, B/C (tied).

**Step 2: Assign the good with the highest total value**

We assign Good A to Person 1, since they value it most (45 > 35).

Remaining goods: B, C

**Step 3: Re-rank the remaining goods**

| Good | Person 1's value | Person 2's value | Total value |
| --- | --- | --- | --- |
| B    | 20             | 40             | 60          |
| C    | 35             | 25             | 60          |

The ranking of remaining goods is still: B/C (tied).

**Step 4: Assign the next good with the highest total value**

We assign Good B to Person 2, since they value it most (40 > 20).

Remaining goods: C

**Step 5: Assign the last good**

We assign Good C to Person 1, since they value it more (35 > 25).

The final allocation is:

* Person 1: Good A, Good C
* Person 2: Good B

The sum of values derived by all individuals from their respective bundles is:

Person 1: 45 (Good A) + 35 (Good C) = 80
Person 2: 40 (Good B) = 40
Total value: 80 + 40 = 120

This allocation maximizes the sum of values derived by all individuals, and it is a fair allocation in the sense that it maximizes the overall well-being of both individuals.",0,1,2,1
87,"A classic problem in resource allocation!

To find the optimal allocation, we can use the concept of maximum weighted matching. Since there are only two persons and three goods, we can solve this problem manually.

Let's create a table to organize the values:

| Good | Person 1 Value | Person 2 Value |
| --- | --- | --- |
| A    | 45          | 35          |
| B    | 20          | 40          |
| C    | 35          | 25          |

To maximize the sum of values, we need to allocate each good to the person who values it the most. Let's go through each good:

1. Good A: Person 1 values it more (45 > 35), so allocate Good A to Person 1.
2. Good B: Person 2 values it more (40 > 20), so allocate Good B to Person 2.
3. Good C: Person 1 values it more (35 > 25), so allocate Good C to Person 1.

The resulting allocation is:

* Person 1: Good A (45) + Good C (35) = 80
* Person 2: Good B (40) = 40

The total value derived by both individuals from their respective bundles is: 80 + 40 = 120

This allocation maximizes the sum of values derived by all individuals, so this is the optimal allocation.",0,1,2,1
88,"A classic problem of allocating indivisible goods to maximize the total value!

To solve this problem, we can use a simple greedy algorithm. The idea is to allocate each good to the person who values it the most.

Let's go through the goods one by one:

1. Good A: Person 1 values it at 45, while Person 2 values it at 35. Since Person 1 values it more, we allocate Good A to Person 1.
2. Good B: Person 1 values it at 20, while Person 2 values it at 40. Since Person 2 values it more, we allocate Good B to Person 2.
3. Good C: Person 1 values it at 35, while Person 2 values it at 25. Since Person 1 values it more, we allocate Good C to Person 1.

The final allocation is:

* Person 1: Good A, Good C
* Person 2: Good B

The total value derived from this allocation is:

* Person 1: 45 (Good A) + 35 (Good C) = 80
* Person 2: 40 (Good B) = 40
* Total value: 80 + 40 = 120

This allocation maximizes the sum of values derived by all individuals from their respective bundles.",0,1,2,1
89,"A classic problem of fair allocation!

To solve this problem, we need to find the allocation that maximizes the total value derived by both individuals. This is known as the ""efficient"" or ""optimal"" allocation.

Let's analyze the situation:

**Person 1's values:**

* Good A: 45
* Good B: 20
* Good C: 35

**Person 2's values:**

* Good A: 35
* Good B: 40
* Good C: 25

To determine the optimal allocation, we can use a simple method:

1. Compute the total value of each good for each person.
2. Identify the good with the highest total value for each person.
3. Allocate the good with the highest total value to the person who values it most.
4. Repeat steps 2-3 until all goods are allocated.

Let's do it!

**Step 1: Compute total values**

* Good A: Person 1 (45) + Person 2 (35) = 80
* Good B: Person 1 (20) + Person 2 (40) = 60
* Good C: Person 1 (35) + Person 2 (25) = 60

**Step 2: Identify highest total value for each person**

* Person 1: Good A (45) > Good C (35) > Good B (20)
* Person 2: Good B (40) > Good A (35) > Good C (25)

**Step 3: Allocate goods**

* Good A: Allocate to Person 1 ( highest value: 45)
* Good B: Allocate to Person 2 (highest value: 40)
* Good C: Allocate to Person 1 (highest value: 35)

The optimal allocation is:

* Person 1: Good A, Good C
* Person 2: Good B

The total value derived by both individuals from their respective bundles is:

* Person 1: 45 (Good A) + 35 (Good C) = 80
* Person 2: 40 (Good B) = 40

The sum of values derived by all individuals is: 80 + 40 = 120

This allocation maximizes the total value derived by both individuals, which is 120.",0,1,2,1
90,"A classic problem in microeconomics!

To solve this problem, we can use the concept of efficient allocation, which maximizes the total value derived by all individuals. Since the goods are indivisible, we need to find the allocation that gives the highest total value.

Let's analyze the values each person places on each good:

**Person 1:**

* Good A: 45
* Good B: 20
* Good C: 35

**Person 2:**

* Good A: 35
* Good B: 40
* Good C: 25

To find the optimal allocation, we can try different combinations of allocations and calculate the total value for each combination. Here are the possible allocations:

**Allocation 1:**
Give Good A to Person 1, Good B to Person 2, and Good C to Person 1.

* Person 1: 45 (Good A) + 35 (Good C) = 80
* Person 2: 40 (Good B) = 40
* Total value: 80 + 40 = 120

**Allocation 2:**
Give Good A to Person 2, Good B to Person 1, and Good C to Person 1.

* Person 1: 20 (Good B) + 35 (Good C) = 55
* Person 2: 35 (Good A) = 35
* Total value: 55 + 35 = 90

**Allocation 3:**
Give Good A to Person 1, Good B to Person 1, and Good C to Person 2.

* Person 1: 45 (Good A) + 20 (Good B) = 65
* Person 2: 25 (Good C) = 25
* Total value: 65 + 25 = 90

**Allocation 4:**
Give Good A to Person 2, Good B to Person 2, and Good C to Person 1.

* Person 1: 35 (Good C) = 35
* Person 2: 35 (Good A) + 40 (Good B) = 75
* Total value: 35 + 75 = 110

Comparing the total values, we see that **Allocation 1** gives the highest total value, which is 120.

Therefore, the optimal allocation is:

* Give Good A to Person 1
* Give Good B to Person 2
* Give Good C to Person 1

This allocation maximizes the sum of values derived by all individuals from their respective bundles.",0,1,2,1
91,"A classic problem in microeconomics!

To determine the allocation that maximizes the sum of values derived by all individuals, we can use a simple method called the ""_serial dictatorship""_ (also known as the ""greedy algorithm"").

Here's how it works:

1. Calculate the total value of each good for each person.
2. Identify the good that has the highest total value across both persons.
3. Allocate that good to the person who values it the most.
4. Remove the allocated good from the set of available goods.
5. Repeat steps 2-4 until all goods are allocated or none are left.

Let's apply this method to our problem:

**Step 1: Calculate total values**

Person 1:
Good A: 45
Good B: 20
Good C: 35
Total value: 100

Person 2:
Good A: 35
Good B: 40
Good C: 25
Total value: 100

**Step 2: Identify the good with the highest total value**

Good A: 45 (Person 1) + 35 (Person 2) = 80
Good B: 20 (Person 1) + 40 (Person 2) = 60
Good C: 35 (Person 1) + 25 (Person 2) = 60

The good with the highest total value is Good A (80).

**Step 3: Allocate Good A**

Since Person 1 values Good A the most (45), we allocate Good A to Person 1.

**Step 4: Remove Good A from the set of available goods**

Remaining goods: Good B, Good C

**Step 2 (again): Identify the good with the highest total value**

Good B: 20 (Person 1) + 40 (Person 2) = 60
Good C: 35 (Person 1) + 25 (Person 2) = 60

The goods with the highest total value are Good B and Good C (both 60).

**Step 3 (again): Allocate Good B**

Since Person 2 values Good B the most (40), we allocate Good B to Person 2.

**Step 4 (again): Remove Good B from the set of available goods**

Remaining goods: Good C

**Step 2 (again): Identify the good with the highest total value**

Good C: 35 (Person 1)

Since there's only one good left, we allocate Good C to Person 1, who values it the most.

The final allocation is:

* Person 1: Good A, Good C
* Person 2: Good B

The total value derived by both individuals from their respective bundles is:
Person 1: 45 (Good A) + 35 (Good C) = 80
Person 2: 40 (Good B) = 40
Total value: 80 + 40 = 120

This allocation maximizes the sum of values derived by all individuals from their respective bundles.",0,1,2,1
92,"A classic problem of resource allocation! Let's break it down step by step.

We have two individuals, Person 1 and Person 2, and three indivisible goods, A, B, and C. We want to allocate these goods to maximize the total value derived by both individuals.

First, let's create a table to represent the values each person assigns to each good:

| Good | Person 1's Value | Person 2's Value |
| --- | --- | --- |
| A    | 45            | 35            |
| B    | 20            | 40            |
| C    | 35            | 25            |

To find the optimal allocation, we can use a simple greedy algorithm:

1. Identify the good with the highest total value across both individuals.
2. Allocate this good to the individual with the highest value for it.
3. Remove the allocated good from the list of available goods.
4. Repeat steps 1-3 until all goods are allocated or no more allocations can be made.

Let's apply this algorithm:

**Step 1: Identify the good with the highest total value**

The total value for each good is:
A: 45 + 35 = 80
B: 20 + 40 = 60
C: 35 + 25 = 60

The good with the highest total value is Good A (80).

**Step 2: Allocate Good A**

Good A is allocated to Person 1, since they have a higher value for it (45).

**Updated table**

| Good | Person 1's Value | Person 2's Value |
| --- | --- | --- |
| B    | 20            | 40            |
| C    | 35            | 25            |

**Step 3: Identify the next good with the highest total value**

The total value for each remaining good is:
B: 20 + 40 = 60
C: 35 + 25 = 60

Both Good B and Good C have the same total value. We can choose either one.

**Step 4: Allocate the next good**

Let's allocate Good B to Person 2, since they have a higher value for it (40).

**Updated table**

| Good | Person 1's Value | Person 2's Value |
| --- | --- | --- |
| C    | 35            | 25            |

**Step 5: Identify the next good with the highest total value**

There's only one good left: Good C. We allocate Good C to Person 1, since they have a higher value for it (35).

**Final allocation**

* Person 1: Good A, Good C
* Person 2: Good B

The total value derived by both individuals from their respective bundles is:
Person 1: 45 + 35 = 80
Person 2: 40
Total value: 80 + 40 = 120

This allocation maximizes the sum of values derived by all individuals from their respective bundles.",0,1,2,1
93,"A classic problem of fair allocation!

To determine the allocation that maximizes the sum of values derived by all individuals from their respective bundles, we can use the concept of efficiency, specifically the concept of Pareto efficiency.

Let's analyze the values of both individuals for each good:

**Good A:**
Person 1 values Good A at 45, and Person 2 values it at 35. Since Person 1 values Good A more than Person 2, it is efficient to allocate Good A to Person 1.

**Good B:**
Person 1 values Good B at 20, and Person 2 values it at 40. Since Person 2 values Good B more than Person 1, it is efficient to allocate Good B to Person 2.

**Good C:**
Person 1 values Good C at 35, and Person 2 values it at 25. Since Person 1 values Good C more than Person 2, it is efficient to allocate Good C to Person 1.

Therefore, the allocation that maximizes the sum of values derived by all individuals from their respective bundles is:

* Good A to Person 1 (value: 45)
* Good B to Person 2 (value: 40)
* Good C to Person 1 (value: 35)

This allocation results in a total value of 45 + 40 + 35 = 120, which is the maximum possible sum of values.

Person 1 gets Good A and Good C, totaling a value of 45 + 35 = 80.
Person 2 gets Good B, totaling a value of 40.

This allocation is Pareto efficient, as it is not possible to reallocate the goods to make one person better off without making the other person worse off.",0,1,2,1
94,"A classic problem of allocation!

Let's analyze the situation step by step:

**Step 1: Identify the possible allocations**

Since the goods are indivisible, we can either allocate a good to one person or not allocate it at all (i.e., throw it away). This means we have 2 possible allocations for each good: Person 1 or Person 2. Therefore, we have a total of 2³ = 8 possible allocations.

**Step 2: Calculate the total value for each possible allocation**

Let's calculate the total value for each possible allocation:

1. **Person 1 gets all goods**: A (45) + B (20) + C (35) = 100
2. **Person 2 gets all goods**: A (35) + B (40) + C (25) = 100
3. **Person 1 gets A and B, Person 2 gets C**: A (45) + B (20) + C (25) = 90
4. **Person 1 gets A and C, Person 2 gets B**: A (45) + C (35) + B (40) = 120
5. **Person 1 gets B and C, Person 2 gets A**: B (20) + C (35) + A (35) = 90
6. **Person 1 gets A, Person 2 gets B and C**: A (45) + B (40) + C (25) = 110
7. **Person 1 gets B, Person 2 gets A and C**: B (20) + A (35) + C (25) = 80
8. **No allocation (all goods are thrown away)**: 0

**Step 3: Choose the allocation that maximizes the sum of values**

After calculating the total value for each possible allocation, we can see that the maximum total value is 120, which corresponds to allocation 4: **Person 1 gets A and C, Person 2 gets B**.

Therefore, the fair allocation that maximizes the sum of values derived by all individuals from their respective bundles is:

* Person 1: Good A (45) and Good C (35)
* Person 2: Good B (40)

This allocation results in a total value of 120, which is the highest among all possible allocations.",0,1,2,1
95,"A classic problem in microeconomics!

To determine the allocation that maximizes the sum of values derived by all individuals from their respective bundles, we can use a simple algorithm:

1. Calculate the total value of each good for each person.
2. Rank the goods for each person based on their values in descending order.
3. Allocate the goods to the person who values them the most.

Let's do this for the given problem:

**Person 1's values:**

1. Good A: 45
2. Good C: 35
3. Good B: 20

**Person 2's values:**

1. Good B: 40
2. Good A: 35
3. Good C: 25

Now, let's allocate the goods:

1. Good A: Person 1 values it the most (45), so allocate Good A to Person 1.
2. Good B: Person 2 values it the most (40), so allocate Good B to Person 2.
3. Good C: Person 1 values it more than Person 2 (35 > 25), so allocate Good C to Person 1.

The resulting allocation is:

* Person 1: Good A, Good C
* Person 2: Good B

The total value derived by all individuals from their respective bundles is:

* Person 1: 45 (Good A) + 35 (Good C) = 80
* Person 2: 40 (Good B) = 40

The sum of values derived by all individuals is: 80 + 40 = 120

This allocation maximizes the sum of values derived by all individuals, as no other allocation can result in a higher total value.",0,1,2,1
96,"A classic problem in resource allocation!

To determine the allocation that maximizes the sum of values derived by all individuals, I'll use the concept of Pareto Efficiency, which is a common approach in economics to find the optimal allocation of resources.

Here's the step-by-step process:

1. Calculate the total value of each good for each person:

Person 1: Good A = 45, Good B = 20, Good C = 35
Person 2: Good A = 35, Good B = 40, Good C = 25

2. Identify the good that has the highest value for each person:

Person 1: Good A (45)
Person 2: Good B (40)

3. Allocate the good with the highest value to each person:

Person 1: Good A
Person 2: Good B

4. Calculate the remaining values for each person:

Person 1: Good B = 20, Good C = 35
Person 2: Good A = 35, Good C = 25

5. Identify the good with the highest remaining value:

Good C for Person 1 (35)

6. Allocate Good C to Person 1:

Person 1: Good A, Good C
Person 2: Good B

The allocation is now complete. Let's calculate the total value derived by each person from their bundle:

Person 1: Good A (45) + Good C (35) = 80
Person 2: Good B (40) = 40

The total value of the allocation is 80 + 40 = 120.

This allocation is Pareto Efficient because it maximizes the sum of values derived by all individuals from their respective bundles. Any other allocation would result in a lower total value.",0,1,2,1
97,"A classic problem of fair allocation!

Let's analyze the situation and find the optimal allocation that maximizes the sum of values derived by both individuals.

First, let's organize the values in a table for easy reference:

| Good | Person 1's Value | Person 2's Value |
| --- | --- | --- |
| A    | 45             | 35              |
| B    | 20             | 40              |
| C    | 35             | 25              |

To find the optimal allocation, we can use a simple greedy algorithm. The idea is to allocate each good to the person who values it the most.

1. Good A: Person 1 values it more (45 > 35), so allocate Good A to Person 1.
2. Good B: Person 2 values it more (40 > 20), so allocate Good B to Person 2.
3. Good C: Person 1 values it more (35 > 25), so allocate Good C to Person 1.

The resulting allocation is:

* Person 1: Good A, Good C
* Person 2: Good B

Let's calculate the total value derived by each person from their respective bundles:

* Person 1: 45 (Good A) + 35 (Good C) = 80
* Person 2: 40 (Good B) = 40

The total value derived by both individuals is: 80 + 40 = 120

This allocation maximizes the sum of values derived by all individuals from their respective bundles.",0,1,2,1
98,"A classic problem of fair allocation!

To determine the allocation that maximizes the sum of values derived by all individuals, we need to find the assignment of goods that yields the highest total value. Since the goods are indivisible, we can't split them between individuals. We'll use a simple greedy algorithm to find the optimal allocation.

Let's analyze the values of each good for each person:

**Good A**:
Person 1 values it at 45, while Person 2 values it at 35. Since Person 1 values it more, we'll allocate Good A to Person 1.

**Good B**:
Person 1 values it at 20, while Person 2 values it at 40. Since Person 2 values it more, we'll allocate Good B to Person 2.

**Good C**:
Person 1 values it at 35, while Person 2 values it at 25. Since Person 1 values it more, we'll allocate Good C to Person 1.

The resulting allocation is:

* Person 1: Good A, Good C
* Person 2: Good B

The total value derived from this allocation is:
Person 1: 45 + 35 = 80
Person 2: 40
Total value: 80 + 40 = 120

This allocation maximizes the sum of values derived by all individuals, as it takes into account the highest value each person places on each good.",0,1,2,1
99,"A classic problem of resource allocation!

Let's analyze the situation and find the optimal allocation that maximizes the sum of values derived by both individuals.

We can create a table to summarize the values of each good for each person:

| Good | Person 1's Value | Person 2's Value |
| --- | --- | --- |
| A | 45 | 35 |
| B | 20 | 40 |
| C | 35 | 25 |

To find the optimal allocation, we can use a simple greedy algorithm:

1. Identify the good with the highest total value (i.e., the sum of values for both individuals).
2. Allocate that good to the person who values it the most.
3. Repeat steps 1-2 until all goods are allocated or no more goods can be allocated.

Let's apply this algorithm:

**Step 1: Identify the good with the highest total value**

The total values for each good are:

* Good A: 45 + 35 = 80
* Good B: 20 + 40 = 60
* Good C: 35 + 25 = 60

The good with the highest total value is Good A, with a total value of 80.

**Step 2: Allocate Good A to the person who values it the most**

Person 1 values Good A the most, with a value of 45. So, we allocate Good A to Person 1.

**Step 3: Identify the next good with the highest total value**

The remaining goods are Good B and Good C, with total values:

* Good B: 20 + 40 = 60
* Good C: 35 + 25 = 60

Both Good B and Good C have the same total value. We'll allocate the good with the highest value for one of the individuals.

**Step 4: Allocate Good B to Person 2**

Person 2 values Good B the most, with a value of 40. So, we allocate Good B to Person 2.

**Step 5: Allocate Good C to Person 1**

The only remaining good is Good C, which we allocate to Person 1, who values it at 35.

The resulting allocation is:

* Person 1: Good A (45) and Good C (35) = Total value: 80
* Person 2: Good B (40) = Total value: 40

This allocation maximizes the sum of values derived by both individuals, with a total value of 80 + 40 = 120.

Therefore, the optimal allocation is:

* Good A to Person 1
* Good B to Person 2
* Good C to Person 1",0,1,2,1
