,Text,Tokens,Good A,Good B,Good C,Good D,Good E
0,"Here's how to determine the allocation that maximizes the total value:

**1. Create a Table:**

| Good | Person 1 | Person 2 | Person 3 |
|---|---|---|---|
| A | 40 | 14 | 10 |
| B | 2  | 26 | 26 |
| C | 3  | 8  | 26 |
| D | 25 | 26 | 12 |
| E | 30 | 26 | 26 |

**2. Identify the Highest Value for Each Good:**

* **Good A:** Person 1 (40)
* **Good B:** Person 2 & Person 3 (Tie - 26)
* **Good C:** Person 3 (26)
* **Good D:** Person 2 (26)
* **Good E:** Person 1, Person 2, & Person 3 (Three-way Tie - 26)

**3. Resolve Ties:**

* **Good B:**  Both Person 2 and Person 3 value Good B equally.  We can arbitrarily assign it to Person 2.
* **Good E:** All three individuals value Good E equally.  We can arbitrarily assign it to Person 1.

**4. Final Allocation:**

* **Person 1:** Good A (40) + Good E (30) = **Total Value: 70**
* **Person 2:** Good B (26) + Good D (26) = **Total Value: 52**
* **Person 3:** Good C (26) = **Total Value: 26**

**5. Total Value Maximized:** 70 + 52 + 26 = **148**

**Therefore, the allocation that maximizes the sum of values is:**

* Person 1 receives Good A and Good E.
* Person 2 receives Good B and Good D.
* Person 3 receives Good C. 
",0,1,2,3,2,1
1,"Here's how to find the allocation that maximizes the total value:

**1. Create a Table**

It's helpful to visualize the values in a table:

| Good | Person 1 | Person 2 | Person 3 |
|---|---|---|---|
| A | 40 | 14 | 10 |
| B | 2 | 26 | 26 |
| C | 3 | 8 | 26 |
| D | 25 | 26 | 12 |
| E | 30 | 26 | 26 |

**2. Identify the Highest Value for Each Good**

* **Good A:** Person 1 values it the most (40).
* **Good B:** Person 2 and Person 3 both value it the most (26).
* **Good C:** Person 3 values it the most (26).
* **Good D:** Person 2 values it the most (26). 
* **Good E:** Person 1, Person 2, and Person 3 all value it the most (26).

**3. Resolve Ties and Optimize Allocation**

* **Good B, D, and E have ties:** We need to figure out the allocation that leads to the highest *overall* value, not just individual goods.
    * Notice that Person 2 has the highest value for both Good B and Good D. 
    * To maximize total value, we'll give Good B and Good D to Person 2.
    * This leaves Good E open. Since Person 1, 2, and 3 all value it equally, we can assign it to any of them. Let's give it to Person 1 to further increase their bundle value.

**4. Final Allocation**

* **Person 1:** Good A (40) + Good E (30) = **Total Value: 70**
* **Person 2:** Good B (26) + Good D (26) = **Total Value: 52**
* **Person 3:** Good C (26) = **Total Value: 26**

**5. Total Value Maximized**

The sum of the total values is 70 + 52 + 26 = **148**

**Therefore, this allocation maximizes the sum of values derived by all individuals.** 
",0,1,2,3,2,1
2,"Here's how we can determine the allocation that maximizes the total value:

**1. Create a Table:**

| Good | Person 1 | Person 2 | Person 3 |
|---|---|---|---|
| A | 40 | 14 | 10 |
| B | 2  | 26 | 26 |
| C | 3  | 8  | 26 |
| D | 25 | 26 | 12 |
| E | 30 | 26 | 26 |

**2.  Identify the Highest Value for Each Good:**

* **Good A:** Person 1 values it the most (40)
* **Good B:** Person 2 and Person 3 have the highest value (26) 
* **Good C:** Person 3 values it the most (26)
* **Good D:** Person 2 has the highest value (26)
* **Good E:** Person 2 and Person 3 have the highest value (26)

**3. Resolve Ties:**

* **Good B:** Both Person 2 and Person 3 value it equally. We can arbitrarily assign it to Person 2.
* **Good E:**  Again, both Person 2 and Person 3 value it equally. We can arbitrarily assign it to Person 3.

**4.  Optimal Allocation:**

* **Person 1:** Good A 
* **Person 2:** Good B, Good D
* **Person 3:** Good C, Good E

**5. Calculate Total Value:**

* **Person 1:** 40
* **Person 2:** 26 + 26 = 52
* **Person 3:** 26 + 26 = 52
* **Total Value:** 40 + 52 + 52 = **144**

**Therefore, the allocation that maximizes the sum of values is:**

* **Person 1:** Good A
* **Person 2:** Good B, Good D
* **Person 3:** Good C, Good E

**This allocation results in a total value of 144.** 
",0,1,2,3,2,3
3,"Here's how to find the allocation maximizing the total value:

**1. Create a Table:**

| Good | Person 1 | Person 2 | Person 3 |
|---|---|---|---|
| A | 40 | 14 | 10 |
| B | 2  | 26 | 26 |
| C | 3  | 8  | 26 |
| D | 25 | 26 | 12 |
| E | 30 | 26 | 26 |

**2. Identify the Highest Value for Each Good:**

* **Good A:** Person 1 (40)
* **Good B:** Person 2 & Person 3 (Tie - 26)
* **Good C:** Person 3 (26)
* **Good D:** Person 2 (26) 
* **Good E:** Person 1, Person 2 & Person 3 (Three-way tie - 26)

**3. Resolve Ties:**

* **Good B:** Both Person 2 and 3 value Good B at 26.  We can arbitrarily choose to give it to Person 2.
* **Good E:**  All three individuals value Good E equally. We can arbitrarily choose to give it to Person 1. 

**4. Final Allocation:**

* **Person 1:** Good A (40) + Good E (30) = **Total Value: 70**
* **Person 2:** Good B (26) + Good D (26) = **Total Value: 52**
* **Person 3:** Good C (26) = **Total Value: 26**

**5. Total Value Achieved:** 70 + 52 + 26 = **148**

**Therefore, the allocation that maximizes the sum of values is:**

* **Person 1:** Goods A and E
* **Person 2:** Goods B and D
* **Person 3:** Good C 

This results in a total value of 148. 
",0,1,2,3,2,1
4,"Here's how to determine the allocation that maximizes the total value:

**1. Create a Table:**

| Good | Person 1 | Person 2 | Person 3 |
|---|---|---|---|
| A | 40 | 14 | 10 |
| B | 2  | 26 | 26 |
| C | 3  | 8  | 26 |
| D | 25 | 26 | 12 |
| E | 30 | 26 | 26 |

**2.  Identify the Highest Value for Each Good:**

* **Good A:** Person 1 (40)
* **Good B:** Person 2 & Person 3 (Tie at 26) 
* **Good C:** Person 3 (26)
* **Good D:** Person 2 (26)
* **Good E:** Person 1, Person 2 & Person 3 (Three-way tie at 26)

**3. Resolve Ties and Allocate:**

* **Good A:** Goes to Person 1 (40)
* **Good B:**  We need to decide between Person 2 and 3. Looking at the other goods, Person 3 has a higher value for Good C, so to maximize total value, we'll give Good B to Person 2 (26).
* **Good C:** Goes to Person 3 (26)
* **Good D:** Goes to Person 2 (26)
* **Good E:** We have a three-way tie. Since Person 1 doesn't have a high value for any other good besides A (which they're already getting), we'll give Good E to Person 1 (30).

**Optimal Allocation:**

* **Person 1:** Good A (40) + Good E (30) = **Total Value: 70**
* **Person 2:** Good B (26) + Good D (26) = **Total Value: 52**
* **Person 3:** Good C (26) = **Total Value: 26**

**Total Value for All Individuals: 70 + 52 + 26 = 148**

**Therefore, this allocation maximizes the sum of values derived by all individuals.** 
",0,1,2,3,2,1
5,"Here's how we can find the allocation that maximizes the total value:

**1. Create a Table:**

It's helpful to visualize the information in a table:

| Good | Person 1 | Person 2 | Person 3 |
|---|---|---|---|
| A | 40 | 14 | 10 |
| B | 2  | 26 | 26 |
| C | 3  | 8  | 26 |
| D | 25 | 26 | 12 |
| E | 30 | 26 | 26 |

**2. Analyze Each Good:**

* **Good A:** Person 1 values Good A the most (40).
* **Good B:** Person 2 and Person 3 both value Good B equally high (26), and significantly more than Person 1. 
* **Good C:** Person 3 has the highest value for Good C (26).
* **Good D:** Person 2 has the highest value for Good D (26).
* **Good E:** Person 1, Person 2, and Person 3 all value Good E equally (26, 26, 26).

**3. Determine the Optimal Allocation:**

Based on our analysis:

* **Person 1 gets Good A:** This maximizes the value from Good A.
* **Person 2 gets Good D:** They have the highest value for Good D.
* **Person 3 gets Good C:** They have the highest value for Good C.

Now, for Good B and Good E:

* **Person 2 or Person 3 get Good B:**  Since they both value it equally and higher than Person 1. We can choose either person here.
* **Good E is not allocated (or randomly allocated):** Since all three people value it equally, allocating it to any one person doesn't change the total value derived. 

**4. Calculate Total Value:**

Let's say we give Good B to Person 2:

* Person 1: 40 (Good A) 
* Person 2: 26 (Good B) + 26 (Good D) = 52
* Person 3: 26 (Good C) 

**Total Value = 40 + 52 + 26 = 118**

**Conclusion:**

The allocation that maximizes the total value (118) is:

* **Person 1:** Good A
* **Person 2:** Good B and Good D
* **Person 3:** Good C
* **Good E:** Not allocated (or randomly allocated) 
",0,1,2,3,2,None
6,"Here's how we can determine the allocation that maximizes the total value:

**1. Create a Table:**

| Good | Person 1 | Person 2 | Person 3 |
|---|---|---|---|
| A | 40 | 14 | 10 |
| B | 2 | 26 | 26 |
| C | 3 | 8  | 26 |
| D | 25 | 26 | 12 |
| E | 30 | 26 | 26 |

**2. Analyze the Table:**

* **Good A:** Person 1 values it the most (40).
* **Good B:** Both Person 2 and Person 3 value it equally high (26), exceeding Person 1's value. 
* **Good C:** Person 3 values it the most (26).
* **Good D:** Person 2 values it the most (26), slightly exceeding Person 1's value.
* **Good E:** All three individuals value it equally high (26).

**3. Determine the Optimal Allocation:**

To maximize total value, we allocate each good to the person who values it most, considering ties:

* **Person 1:** Receives **Good A** (Value 40)
* **Person 2:** Receives **Good D** (Value 26) 
* **Person 3:** Receives **Good B** (Value 26) and **Good C** (Value 26)
* **Good E:** Can be allocated to any of the three individuals since they all place the same value on it. We could flip a coin, or let the individuals decide amongst themselves. Let's say Person 2 receives **Good E** (Value 26).

**4. Calculate the Total Value:**

* Person 1: 40
* Person 2: 26 + 26 = 52
* Person 3: 26 + 26 = 52 
* **Total Value: 40 + 52 + 52 = 144**

**Therefore, the allocation that maximizes the sum of values is:**

* **Person 1:** Good A
* **Person 2:** Good D, Good E
* **Person 3:** Good B, Good C

**This allocation results in a total value of 144.** 
",0,1,3,3,2,2
7,"Here's how to determine the allocation that maximizes the total value:

**1. Create a Table**

Organize the information in a table for clarity:

| Good | Person 1 | Person 2 | Person 3 |
|---|---|---|---|
| A | 40 | 14 | 10 |
| B | 2 | 26 | 26 |
| C | 3 | 8 | 26 |
| D | 25 | 26 | 12 |
| E | 30 | 26 | 26 |

**2. Identify the Highest Value for Each Good**

* **Good A:** Person 1 values it the most (40).
* **Good B:** Person 2 and Person 3 have the highest value (26).
* **Good C:** Person 3 values it the most (26).
* **Good D:** Person 2 has the highest value (26).
* **Good E:** Person 1, Person 2, and Person 3 all value it equally (26).

**3. Allocate Based on Highest Value and Resolve Ties**

* **Good A:** Allocate to Person 1.
* **Good B:**  Allocate to Person 2 (arbitrary choice between Person 2 and 3).
* **Good C:** Allocate to Person 3.
* **Good D:** Allocate to Person 2.
* **Good E:** Allocate to Person 1 (arbitrary choice since all value it equally).

**4. Calculate Total Value**

* Person 1: 40 (Good A) + 30 (Good E) = 70
* Person 2: 26 (Good B) + 26 (Good D) = 52
* Person 3: 26 (Good C) = 26

**Total Value: 70 + 52 + 26 = 148**

**Optimal Allocation:**

* **Person 1:** Good A, Good E
* **Person 2:** Good B, Good D
* **Person 3:** Good C

**This allocation maximizes the total value derived by all individuals at 148.** 
",0,1,2,3,2,1
8,"Here's how to determine the allocation maximizing total value:

**1. Create a Table:**

| Good | Person 1 | Person 2 | Person 3 |
|---|---|---|---|
| A | 40 | 14 | 10 |
| B | 2  | 26 | 26 |
| C | 3  | 8  | 26 |
| D | 25 | 26 | 12 |
| E | 30 | 26 | 26 |

**2. Identify the Highest Value for Each Good:**

* **Good A:** Person 1 (40)
* **Good B:** Person 2 & Person 3 (Tie at 26)
* **Good C:** Person 3 (26)
* **Good D:** Person 2 (26)
* **Good E:** Person 1, Person 2 & Person 3 (Three-way tie at 26)

**3. Resolve Ties:**

* **Good B:** Both Person 2 and 3 have the same value. Since Person 2 has a higher value for Good D than Person 3, we can give Good B to Person 2 to potentially maximize the total value.
* **Good E:** We have a three-way tie. Let's analyze:
    * Giving Good E to Person 1 yields a total value of 40 (A) + 30 (E) = 70
    * Giving Good E to Person 2 yields a total value of 26 (B) + 26 (D) + 26 (E) = 78 
    * Giving Good E to Person 3 yields a total value of 26 (C) + 26 (E) = 52

    Therefore, giving Good E to Person 2 maximizes the value.

**4. Final Allocation:**

* **Person 1:** Good A (Value 40)
* **Person 2:** Good B (Value 26), Good D (Value 26), Good E (Value 26)
* **Person 3:** Good C (Value 26)

**5. Total Value:**

The total value achieved with this allocation is 40 + 26 + 26 + 26 + 26 = **144**

**This allocation maximizes the sum of values derived by all individuals.** 
",0,1,2,3,2,2
9,"Here's how to determine the allocation maximizing the total value:

**1. Create a Table:**

| Good | Person 1 | Person 2 | Person 3 |
|---|---|---|---|
| A | 40 | 14 | 10 |
| B | 2  | 26 | 26 |
| C | 3  | 8  | 26 |
| D | 25 | 26 | 12 |
| E | 30 | 26 | 26 |

**2. Identify the Highest Value for Each Good:**

* **Good A:** Person 1 (40)
* **Good B:** Person 2 & Person 3 (Tie - 26)
* **Good C:** Person 3 (26)
* **Good D:** Person 2 (26)
* **Good E:** Person 1, Person 2 & Person 3 (Three-way Tie - 26)

**3. Allocate Based on Highest Value and Resolve Ties:**

* **Good A goes to Person 1 (Value 40).**
* **Good B goes to Person 2 (Value 26).** We could choose either Person 2 or 3, but picking one allows us to potentially give the other person a different good they value highly.
* **Good C goes to Person 3 (Value 26).**
* **Good D goes to Person 2 (Value 26).**
* **Good E goes to Person 3 (Value 26).**  We already assigned Good B to Person 2, so we choose Person 3 to maximize their value.

**4. Calculate Total Value:**

* Person 1: 40 (Good A) 
* Person 2: 26 (Good B) + 26 (Good D) = 52
* Person 3: 26 (Good C) + 26 (Good E) = 52

**Total Value: 40 + 52 + 52 = 144**

**Final Allocation:**

* **Person 1:** Good A
* **Person 2:** Good B, Good D
* **Person 3:** Good C, Good E

This allocation maximizes the total value derived by all individuals at **144**. 
",0,1,2,3,2,3
10,"Here's how we can determine the allocation that maximizes the total value:

**1. Create a Table:**

| Good | Person 1 | Person 2 | Person 3 |
|---|---|---|---|
| A | 40 | 14 | 10 |
| B | 2  | 26 | 26 |
| C | 3  | 8  | 26 |
| D | 25 | 26 | 12 |
| E | 30 | 26 | 26 |

**2. Analyze Each Good:**

* **Good A:** Person 1 values it the most (40).
* **Good B:** Person 2 and Person 3 have the highest value (26).
* **Good C:** Person 3 has the highest value (26).
* **Good D:** Person 2 has a slightly higher value (26) than Person 1 (25).
* **Good E:** Person 1, Person 2, and Person 3 all value it equally (26).

**3. Optimal Allocation:**

To maximize the total value, we allocate the goods as follows:

* **Good A to Person 1:**  (Value = 40)
* **Good B to Person 2 (or Person 3 - it's a tie):** (Value = 26)
* **Good C to Person 3:** (Value = 26)
* **Good D to Person 2:** (Value = 26)
* **Good E to Person 1 (or Person 2 or Person 3 - all tie):**(Value = 30)

**4. Calculate Total Value:**

Total Value = 40 + 26 + 26 + 26 + 30 = **148**

**Conclusion:**

This allocation maximizes the sum of values derived by all individuals. There's some flexibility with Goods B and E due to ties.  You can choose to allocate them randomly between the tied individuals, or you might introduce a secondary factor to break the tie (e.g., if someone expresses a slightly stronger preference even though their numerical value is the same). 
",0,1,2,3,2,1
11,"Here's how to determine the allocation that maximizes the total value:

**1. Create a Table:**

| Good | Person 1 | Person 2 | Person 3 |
|---|---|---|---|
| A | 40 | 14 | 10 |
| B | 2  | 26 | 26 |
| C | 3  | 8  | 26 |
| D | 25 | 26 | 12 |
| E | 30 | 26 | 26 |

**2.  Identify the Highest Value for Each Good:**

* **Good A:** Person 1 (40)
* **Good B:** Person 2 & Person 3 (Tie at 26) 
* **Good C:** Person 3 (26)
* **Good D:** Person 2 (26)
* **Good E:** Person 2 & Person 3 (Tie at 26)

**3. Resolve Ties:**

* **Good B:**  Although both Person 2 and Person 3 value Good B at 26, observe that Person 3 has higher valuations for other goods (C and E).  To maximize total value, we'll assign Good B to Person 2.
* **Good E:** Similar to Good B, Person 3 has a higher valuation for Good C. We'll assign Good E to Person 2.

**4. Optimal Allocation:**

* **Person 1:** Good A (Value = 40)
* **Person 2:** Good B (Value = 26), Good D (Value = 26), Good E (Value = 26)
* **Person 3:** Good C (Value = 26)

**5. Total Value:**

40 + 26 + 26 + 26 + 26 = **144**

**Therefore, the allocation that maximizes the sum of values is:**

* **Person 1:** Good A
* **Person 2:** Goods B, D, and E
* **Person 3:** Good C 

This results in a total combined value of **144**. 
",0,1,2,3,2,2
12,"Here's how we can determine the allocation that maximizes the total value:

**1. Create a Table:**

| Good | Person 1 | Person 2 | Person 3 |
|---|---|---|---|
| A | 40 | 14 | 10 |
| B | 2 | 26 | 26 |
| C | 3 | 8 | 26 |
| D | 25 | 26 | 12 |
| E | 30 | 26 | 26 |

**2. Identify the Highest Value for Each Good:**

* **Good A:** Person 1 (40)
* **Good B:** Person 2 & Person 3 (Tie at 26)
* **Good C:** Person 3 (26)
* **Good D:** Person 2 (26) 
* **Good E:** Person 1, Person 2, & Person 3 (Three-way tie at 26)

**3. Resolve Ties:**

* **Good B:** Both Person 2 and Person 3 value Good B equally.  We can arbitrarily choose to give it to Person 2.
* **Good E:** All three people value Good E equally. Again, we can arbitrarily choose to give it to Person 1.

**4. Final Allocation:**

* **Person 1:** Good A (40) + Good E (30) = **Total Value: 70**
* **Person 2:** Good B (26) + Good D (26) = **Total Value: 52**
* **Person 3:** Good C (26) = **Total Value: 26**

**5. Total Value Maximized:**

70 (Person 1) + 52 (Person 2) + 26 (Person 3) = **148**

**Therefore, the allocation that maximizes the sum of values is:**

* **Person 1:** Goods A and E
* **Person 2:** Goods B and D
* **Person 3:** Good C 
",0,1,2,3,2,1
13,"Here's how we can determine the allocation that maximizes the total value:

**1. Create a Table:**

| Good  | Person 1 | Person 2 | Person 3 |
|-------|-----------|-----------|-----------|
| Good A |    40     |    14     |    10     |
| Good B |     2     |    26     |    26     |
| Good C |     3     |     8     |    26     |
| Good D |    25     |    26     |    12     |
| Good E |    30     |    26     |    26     |

**2. Identify the Highest Value for Each Good:**

* **Good A:** Person 1 (40)
* **Good B:** Tie between Person 2 and Person 3 (26) 
* **Good C:** Person 3 (26)
* **Good D:** Person 2 (26)
* **Good E:** Three-way tie (26)

**3. Allocate Goods Based on Highest Value:**

* **Person 1:** Receives Good A (40)
* **Person 2:** Receives Good D (26) - Since there's a tie for Good B and Person 3 has a higher value for Good C, it's more efficient to give Good D to Person 2.
* **Person 3:** Receives Good B and Good C (26 + 26)

**4. Address Ties and Leftover Goods:**

* **Good E:** We have a three-way tie. Since all three individuals value Good E at 26, we can allocate it to any of them.  Let's say we give it to Person 2 to maximize their value.

**Final Allocation:**

* **Person 1:** Good A (Total Value: 40)
* **Person 2:** Good B, Good D, and Good E (Total Value: 26 + 26 + 26 = 78)
* **Person 3:** Good C (Total Value: 26)

**Total Value Achieved: 40 + 78 + 26 = 144**

**Conclusion:** This allocation maximizes the total value derived by all individuals.  It ensures that each good goes to the person who values it most, leading to the highest overall satisfaction. 
",0,1,2,3,2,2
14,"Here's how we can determine the allocation maximizing the total value:

**1. Create a Table:**

| Good | Person 1 | Person 2 | Person 3 |
|---|---|---|---|
| A | 40 | 14 | 10 |
| B | 2 | 26 | 26 |
| C | 3 | 8 | 26 |
| D | 25 | 26 | 12 |
| E | 30 | 26 | 26 |

**2. Identify the Highest Value for Each Good:**

* **Good A:** Person 1 (40)
* **Good B:** Person 2 & Person 3 (Tie at 26) 
* **Good C:** Person 3 (26)
* **Good D:** Person 2 (26)
* **Good E:** Person 1, Person 2, & Person 3 (Three-way tie at 26)

**3.  Resolve Ties and Allocate:**

* **Good A:** Goes to Person 1 (40)
* **Good B:**  We have a tie. To maximize total value, we can choose either Person 2 or 3. Let's arbitrarily assign it to Person 2. 
* **Good C:** Goes to Person 3 (26)
* **Good D:** Goes to Person 2 (26)
* **Good E:** Three-way tie. Again, to maximize value, let's arbitrarily assign it to Person 1.

**4. Final Allocation:**

* **Person 1:** Good A (40) + Good E (30) = **Total Value: 70**
* **Person 2:** Good B (26) + Good D (26) = **Total Value: 52**
* **Person 3:** Good C (26) = **Total Value: 26**

**5. Total Value Achieved:** 70 + 52 + 26 = **148**

**Therefore, this allocation maximizes the sum of values derived by all individuals, achieving a total value of 148.** 
",0,1,2,3,2,1
15,"Here's how we can determine the allocation that maximizes the total value:

**1. Create a Table:**

| Good | Person 1 | Person 2 | Person 3 |
|---|---|---|---|
| A | 40 | 14 | 10 |
| B | 2  | 26 | 26 |
| C | 3  | 8  | 26 |
| D | 25 | 26 | 12 |
| E | 30 | 26 | 26 |

**2. Identify the Highest Value for Each Good:**

* **Good A:** Person 1 (40)
* **Good B:** Person 2 & Person 3 (Tie at 26)
* **Good C:** Person 3 (26)
* **Good D:** Person 2 (26) 
* **Good E:** Person 1, Person 2 & Person 3 (Three-way tie at 26)

**3. Resolve Ties:**

* **Good B:** Both Person 2 and Person 3 value Good B equally. We can arbitrarily assign it to either person. 
* **Good E:**  We have a three-way tie. Since Person 1 has the highest overall value for Good E, we'll allocate it to them.

**4. Final Allocation:**

* **Person 1:** Good A, Good E (Total Value: 40 + 30 = 70)
* **Person 2:** Good B, Good D (Total Value: 26 + 26 = 52)
* **Person 3:** Good C (Total Value: 26)

**5. Total Value Maximized:** 70 + 52 + 26 = **148**

**Therefore, the allocation that maximizes the sum of values is:**

* **Person 1:** Good A, Good E
* **Person 2:** Good B, Good D
* **Person 3:** Good C 
",0,1,2,3,2,1
16,"Here's how to determine the allocation maximizing the total value:

**1. Create a Table:**

| Good | Person 1 | Person 2 | Person 3 |
|---|---|---|---|
| A | 40 | 14 | 10 |
| B | 2 | 26 | 26 |
| C | 3 | 8 | 26 |
| D | 25 | 26 | 12 |
| E | 30 | 26 | 26 |

**2. Identify the Highest Value for Each Good:**

* **Good A:** Person 1 (40)
* **Good B:** Person 2 & Person 3 (Tie at 26)
* **Good C:** Person 3 (26)
* **Good D:** Person 2 (26)
* **Good E:** Person 1, Person 2 & Person 3 (Three-way tie at 26)

**3. Resolve Ties (if any):**

* **Good B:**  Although both Person 2 and Person 3 value Good B at 26, we need to consider the overall allocation. Since Person 3 will likely receive Good C (their highest value), giving Good B to Person 2 creates a more balanced distribution.
* **Good E:** With a three-way tie, let's analyze. Giving Good E to Person 1 yields the highest individual value (30). However, Person 2 and Person 3 both have Good E as their highest value across all goods. To maximize overall happiness and avoid heavily favoring one person, it makes sense to assign Good E to either Person 2 or Person 3. 

**4.  Optimal Allocation:**

* **Person 1:** Good A (40) 
* **Person 2:** Good B (26) and Good D (26)
* **Person 3:** Good C (26) and Good E (26)

**5. Calculate Total Value:**

* **Person 1:** 40
* **Person 2:** 26 + 26 = 52
* **Person 3:** 26 + 26 = 52
* **Total Value:** 40 + 52 + 52 = **144**

**Therefore, the allocation maximizing the sum of values is to give Good A to Person 1, Goods B and D to Person 2, and Goods C and E to Person 3. This results in a total value of 144.** 
",0,1,2,3,2,3
17,"Here's how to determine the allocation that maximizes the total value:

**1. Create a Table:**

| Good | Person 1 | Person 2 | Person 3 |
|---|---|---|---|
| A | 40 | 14 | 10 |
| B | 2 | 26 | 26 |
| C | 3 | 8 | 26 |
| D | 25 | 26 | 12 |
| E | 30 | 26 | 26 |

**2. Find the Highest Value for Each Good:**

* **Good A:** Person 1 values it most (40).
* **Good B:** Person 2 and Person 3 have the highest value (26). 
* **Good C:** Person 3 values it most (26).
* **Good D:** Person 2 values it most (26).
* **Good E:** Person 2 and Person 3 have the highest value (26).

**3. Allocate Based on Highest Value and Resolve Ties:**

* **Good A:** Goes to Person 1 (value 40)
* **Good B:**  We have a tie. Since we are maximizing total value, we can give it to either Person 2 or 3. Let's say we give it to Person 2 (value 26).
* **Good C:** Goes to Person 3 (value 26)
* **Good D:** Goes to Person 2 (value 26)
* **Good E:** We have a tie.  Let's say we give it to Person 3 (value 26).

**4.  Final Allocation:**

* **Person 1:** Good A (value 40)
* **Person 2:** Good B (value 26), Good D (value 26)
* **Person 3:** Good C (value 26), Good E (value 26)

**5. Calculate Total Value:**

* **Total Value:** 40 + 26 + 26 + 26 + 26 = **144**

**Therefore, the allocation that maximizes the sum of values is:**

* **Person 1: Good A**
* **Person 2: Good B and Good D**
* **Person 3: Good C and Good E**

**This allocation results in a total value of 144.** 
",0,1,2,3,2,3
18,"Here's how we can determine the allocation that maximizes the total value:

**1. Create a Table:**

| Good | Person 1 | Person 2 | Person 3 |
|---|---|---|---|
| A | 40 | 14 | 10 |
| B | 2  | 26 | 26 |
| C | 3  | 8  | 26 |
| D | 25 | 26 | 12 |
| E | 30 | 26 | 26 |

**2. Analyze Each Good:**

* **Good A:** Person 1 values it the most (40).
* **Good B:** Person 2 and Person 3 have the highest and equal value (26).
* **Good C:** Person 3 values it the most (26).
* **Good D:** Person 2 has the highest value (26).
* **Good E:** Person 1, Person 2, and Person 3 have the highest and equal value (26). 

**3. Determine the Optimal Allocation:**

* **Person 1:** Gets **Good A** (40) 
* **Person 2:** Gets **Good D** (26)
* **Person 3:** Gets **Good C** (26)

Now, let's look at Good B and Good E:

* **Good B:** Both Person 2 and Person 3 value it equally. Since Person 2 already has a good, we can give **Good B** to **Person 3**.
* **Good E:** All three individuals value it equally. We can randomly assign it to any of them.  Let's say we give **Good E** to **Person 2**.

**4. Final Allocation:**

* **Person 1:** Good A (Value: 40)
* **Person 2:** Good D, Good E (Value: 26 + 26 = 52)
* **Person 3:** Good B, Good C (Value: 26 + 26 = 52)

**5. Total Value:** 40 + 52 + 52 = **144**

**This allocation maximizes the total value all individuals derive from the goods.** 
",0,1,3,3,2,2
19,"Here's how to determine the allocation that maximizes total value:

**1. Create a Table**

Organize the information in a table for easier comparison:

| Good | Person 1 | Person 2 | Person 3 |
|---|---|---|---|
| A | 40 | 14 | 10 |
| B | 2  | 26 | 26 |
| C | 3  | 8  | 26 |
| D | 25 | 26 | 12 |
| E | 30 | 26 | 26 |

**2. Identify the Highest Value for Each Good**

For each good, find the person who values it the most:

* **Good A:** Person 1 (40)
* **Good B:** Person 2 & Person 3 (Tie at 26)
* **Good C:** Person 3 (26)
* **Good D:** Person 2 (26)
* **Good E:** Person 1, Person 2 & Person 3 (Three-way tie at 26) 

**3. Resolve Ties**

* **Good B:**  Both Person 2 and 3 value Good B at 26. However, Person 2 has a higher value for Good D (26 vs. 12 for Person 3). To maximize overall value, it's better to give Good B to Person 2 and Good D to Person 2. 
* **Good E:** All three people value Good E equally.  Since Person 1 has the highest value for Good A and Person 2 will receive Good B and D, it makes sense to give Good E to Person 3 to create a more balanced distribution of value.

**4. Final Allocation**

Based on this analysis, the allocation maximizing total value is:

* **Person 1:**  Good A 
* **Person 2:**  Good B, Good D
* **Person 3:**  Good C, Good E

**5. Calculate Total Value**

* **Person 1:** 40
* **Person 2:** 26 + 26 = 52
* **Person 3:** 26 + 26 = 52 

**Total Value: 40 + 52 + 52 = 144**

**Therefore, this allocation strategy yields the highest possible combined value for all individuals.** 
",0,1,2,3,2,3
20,"Here's how we can determine the allocation that maximizes the total value:

**1. Create a Table:**

| Good | Person 1 | Person 2 | Person 3 |
|---|---|---|---|
| Good A | 40 | 14 | 10 |
| Good B | 2  | 26 | 26 |
| Good C | 3  | 8  | 26 |
| Good D | 25 | 26 | 12 |
| Good E | 30 | 26 | 26 |

**2. Identify the Highest Value for Each Good:**

* **Good A:** Person 1 (40)
* **Good B:** Person 2 & Person 3 (Tie - 26)
* **Good C:** Person 3 (26)
* **Good D:** Person 2 (26)
* **Good E:** Person 1, Person 2, & Person 3 (Three-way Tie - 26)

**3. Allocate Goods Based on Highest Value:**

* **Person 1:** Receives Good A (40) 
* **Person 2:** Receives Good D (26)
* **Person 3:** Receives Good C (26)

**4. Resolve Ties:**

* **Good B:** Both Person 2 and Person 3 value it equally. Since Person 2 already has a good, we allocate Good B to Person 3.
* **Good E:** We have a three-way tie. To maximize total value, we can allocate Good E to any of the three people as they all derive the same value. Let's arbitrarily assign it to Person 1. 

**5. Final Allocation:**

* **Person 1:** Good A (40) + Good E (30) = **Total Value: 70**
* **Person 2:** Good D (26) = **Total Value: 26**
* **Person 3:** Good B (26) + Good C (26) = **Total Value: 52**

**6. Total Value Derived:** 70 + 26 + 52 = **148**

**Therefore, the allocation that maximizes the sum of values is:**

* **Person 1: Good A, Good E**
* **Person 2: Good D**
* **Person 3: Good B, Good C**

**This allocation results in a total combined value of 148.** 
",0,1,3,3,2,1
21,"Here's how we can find the allocation that maximizes the total value:

**1. Create a table:**

| Good | Person 1 | Person 2 | Person 3 |
|---|---|---|---|
| A | 40 | 14 | 10 |
| B | 2  | 26 | 26 |
| C | 3  | 8  | 26 |
| D | 25 | 26 | 12 |
| E | 30 | 26 | 26 |

**2. Analyze each good:**

* **Good A:** Person 1 values it the most (40).
* **Good B:** Person 2 and Person 3 both value it equally at 26 (which is higher than Person 1's valuation).
* **Good C:** Person 3 values it the most (26).
* **Good D:** Person 2 values it the most (26). 
* **Good E:** Person 1, Person 2, and Person 3 all value it equally at 26.

**3. Determine the optimal allocation:**

* **Person 1:** Receives Good A (40)
* **Person 2:** Receives Good D (26)
* **Person 3:** Receives Good C (26) 

Since Good B and Good E are valued equally by multiple people, we have some options:

* **Option 1: Maximize total value**
   * Person 2 receives Good B (26)
   * Person 3 receives Good E (26)
   * **Total Value: 40 + 26 + 26 + 26 + 26 = 144**

* **Option 2: Introduce a random element (like a coin flip) to allocate Good B and Good E fairly between Person 2 and Person 3.**  This doesn't change the total value (144) but adds fairness if we want to avoid always favoring one person in a tie.

**Conclusion:**

The allocation maximizing the sum of values is:

* **Person 1:** Good A 
* **Person 2:** Good B and Good D
* **Person 3:** Good C and Good E 

This allocation results in a total value of 144. 
",0,1,2,3,2,3
22,"Here's how we can find the allocation that maximizes the total value:

**1. Create a Table:**

| Good | Person 1 | Person 2 | Person 3 |
|---|---|---|---|
| A | 40 | 14 | 10 |
| B | 2  | 26 | 26 |
| C | 3  | 8  | 26 |
| D | 25 | 26 | 12 |
| E | 30 | 26 | 26 |

**2. Analyze the Table:**

* **Good A:** Person 1 values it the most (40).
* **Good B:** Person 2 and Person 3 have the highest and equal value (26).
* **Good C:** Person 3 values it the most (26).
* **Good D:** Person 2 values it the most (26). 
* **Good E:** Person 1, Person 2, and Person 3 have the highest and equal value (26).

**3. Determine the Optimal Allocation:**

* **Person 1:** Gets Good A (40) 
* **Person 2:** Gets Good D (26)
* **Person 3:** Gets Good C (26)

Now, we need to decide between Person 1, Person 2, and Person 3 for Good E, since they all value it equally.  To maximize total value, we should give it to the person who doesn't get their top value from the other goods:

* Person 1 already gets their top valued Good A.
* Person 2 already gets their top valued Good D.
* **Person 3:** Gets Good E (26).

Good B is not allocated to anyone, as the total value would not increase.

**4. Calculate Total Value:**

* Person 1: 40
* Person 2: 26
* Person 3: 26 + 26 = 52

**Total Value: 40 + 26 + 52 = 118**

**Therefore, the allocation that maximizes the sum of values is:**

* **Person 1:** Good A
* **Person 2:** Good D
* **Person 3:** Good C, Good E 
",0,1,None,3,2,3
23,"Here's how we can determine the allocation that maximizes the total value:

**1. Create a Table:**

| Good | Person 1 | Person 2 | Person 3 |
|---|---|---|---|
| A | 40 | 14 | 10 |
| B | 2  | 26 | 26 |
| C | 3  | 8  | 26 |
| D | 25 | 26 | 12 |
| E | 30 | 26 | 26 |

**2.  Identify the Highest Value for Each Good:**

* **Good A:** Person 1 (40)
* **Good B:** Person 2 & Person 3 (Tie - 26) 
* **Good C:** Person 3 (26)
* **Good D:** Person 2 (26)
* **Good E:** Person 1, Person 2 & Person 3 (Three-way Tie - 26)

**3. Resolve Ties (and Potential Conflicts):**

* **Good B:** Both Person 2 and Person 3 value Good B at 26. We need to look at their values for other goods. Person 3 has a higher value for Good C, so we'll assign Good B to Person 2 to potentially maximize overall value.
* **Good E:**  We have a three-way tie. Since Person 1 has the highest value for Good A (which is significantly higher than other values for Good A), and Person 2 is already getting Good B, we'll assign Good E to Person 3. 

**4. Final Allocation:**

* **Person 1:** Good A (40) 
* **Person 2:** Good B (26) and Good D (26)
* **Person 3:** Good C (26) and Good E (26)

**5. Calculate Total Value:**

* **Person 1:** 40
* **Person 2:** 26 + 26 = 52
* **Person 3:** 26 + 26 = 52
* **Total Value:** 40 + 52 + 52 = **144**

**Therefore, this allocation maximizes the total value at 144.** 
",0,1,2,3,2,3
24,"Here's how to determine the allocation that maximizes the total value:

**1. Create a Table**

Organize the information into a table for easier visualization:

| Good | Person 1 | Person 2 | Person 3 |
|---|---|---|---|
| A | 40 | 14 | 10 |
| B | 2  | 26 | 26 |
| C | 3  | 8  | 26 |
| D | 25 | 26 | 12 |
| E | 30 | 26 | 26 |

**2. Identify the Highest Value for Each Good**

* **Good A:** Person 1 values it the most (40).
* **Good B:** Person 2 and Person 3 both value it the most (26).
* **Good C:** Person 3 values it the most (26).
* **Good D:** Person 2 values it the most (26).
* **Good E:** Person 2 and Person 3 both value it the most (26).

**3. Allocate Based on Highest Value and Resolve Ties**

* **Person 1 gets Good A** (40) -  This is straightforward.
* **Person 2 gets Good D** (26) - They are the only one with the highest value. 
* **Person 3 gets Good C** (26) -  They are the only one with the highest value.

Now we need to resolve the ties for Good B and Good E:

* **Good B:** Since both Person 2 and Person 3 value it equally, we can assign it to either. Let's say we give it to **Person 2**.
* **Good E:**  Similarly, either Person 2 or Person 3 could receive this.  Let's give it to **Person 3**.

**4. Final Allocation**

* **Person 1:** Good A (value 40)
* **Person 2:** Good B (value 26) and Good D (value 26)
* **Person 3:** Good C (value 26) and Good E (value 26)

**5. Calculate Total Value**

The total value generated by this allocation is: 40 + 26 + 26 + 26 + 26 = **144**

**Conclusion**

This allocation maximizes the sum of values, ensuring that each good goes to the individual who places the highest value on it (or in the case of ties, finding a solution that still maximizes the total). 
",0,1,2,3,2,3
25,"Here's how we can determine the allocation that maximizes the total value:

**1. Create a Table:**

| Good | Person 1 | Person 2 | Person 3 |
|---|---|---|---|
| A | 40 | 14 | 10 |
| B | 2  | 26 | 26 |
| C | 3  | 8  | 26 |
| D | 25 | 26 | 12 |
| E | 30 | 26 | 26 |

**2. Identify the Highest Value for Each Good:**

* **Good A:** Person 1 (40)
* **Good B:** Person 2 & Person 3 (Tie at 26)
* **Good C:** Person 3 (26)
* **Good D:** Person 2 (26) 
* **Good E:** Person 1, Person 2, & Person 3 (Three-way tie at 26)

**3. Resolve Ties (and Potential Conflicts):**

* **Good B:** Both Person 2 and 3 value it equally. We can arbitrarily choose either, as it won't affect the total value. 
* **Good E:**  We have a three-way tie. Since Person 1 has the highest overall value for Good E (and doesn't get any other good in this scenario), we'll allocate it to them.

**4. Final Allocation:**

* **Person 1:** Good A (40) + Good E (30) = **70**
* **Person 2:** Good B (26) + Good D (26) = **52**
* **Person 3:** Good C (26) = **26**

**5. Total Value:** 70 + 52 + 26 = **148**

**Therefore, the allocation that maximizes the sum of values is:**

* **Person 1:** Goods A and E 
* **Person 2:** Goods B and D
* **Person 3:** Good C

**This results in a total combined value of 148.** 
",0,1,2,3,2,1
26,"Here's how we can determine the allocation that maximizes the total value:

**1. Create a Table:**

| Good | Person 1 | Person 2 | Person 3 |
|---|---|---|---|
| A | 40 | 14 | 10 |
| B | 2  | 26 | 26 |
| C | 3  | 8  | 26 |
| D | 25 | 26 | 12 |
| E | 30 | 26 | 26 |

**2. Find the Highest Value for Each Good:**

* **Good A:** Person 1 values it the most (40).
* **Good B:** Person 2 and Person 3 have the highest value (26).
* **Good C:** Person 3 values it the most (26).
* **Good D:** Person 2 values it the most (26).
* **Good E:** Person 1, Person 2, and Person 3 all value it equally (26).

**3. Allocate Based on Highest Value and Resolve Ties:**

* **Good A:** Goes to Person 1 (Value 40)
* **Good B:**  We have a tie. To maximize total value, give it to Person 2 or Person 3 (Value 26). 
* **Good C:** Goes to Person 3 (Value 26)
* **Good D:** Goes to Person 2 (Value 26)
* **Good E:** We have a three-way tie.  Since Person 1 doesn't have Good E and values it highly, allocate to Person 1 (Value 30). 

**Optimal Allocation:**

* **Person 1:** Good A, Good E (Total Value: 40 + 30 = 70)
* **Person 2:** Good B, Good D (Total Value: 26 + 26 = 52)
* **Person 3:** Good C (Total Value: 26)

**Total Value Achieved: 70 + 52 + 26 = 148**

**Important Note:** There might be other allocations with the same maximum total value.  For instance, we could have given Good B to Person 3 instead of Person 2, and the total value would remain the same. 
",0,1,2,3,2,1
27,"Here's how we can find the allocation that maximizes the total value:

**1. Create a Table:**

| Good  | Person 1 | Person 2 | Person 3 |
|-------|----------|----------|----------|
| A     | 40       | 14       | 10       |
| B     | 2        | 26       | 26       |
| C     | 3        | 8        | 26       |
| D     | 25       | 26       | 12       |
| E     | 30       | 26       | 26       |

**2. Identify the Highest Value for Each Good:**

* **Good A:** Person 1 (40)
* **Good B:** Person 2 & Person 3 (Tie at 26)
* **Good C:** Person 3 (26)
* **Good D:** Person 2 (26) 
* **Good E:** Person 1, Person 2 & Person 3 (Three-way tie at 26)

**3. Resolve Ties:**

* **Good B:**  Both Person 2 and Person 3 value Good B equally. We can choose either person to receive it, as it won't affect the total value.
* **Good E:** All three people have the same value. Again, we can choose any person to receive the good.

**4. Optimal Allocation:**

Here's one possible allocation that maximizes the total value:

* **Person 1:** Good A (40), Good E (30) 
* **Person 2:** Good B (26), Good D (26)
* **Person 3:** Good C (26)

**Total Value: 40 + 30 + 26 + 26 + 26 = 148**

**Explanation:**

This allocation ensures that each good goes to the person who values it the most (or is tied for the most). This strategy guarantees the highest possible sum of values across all individuals. 
",0,1,2,3,2,1
28,"Here's how to determine the allocation that maximizes the total value:

**1. Create a Table:**

| Good | Person 1 | Person 2 | Person 3 |
|---|---|---|---|
| A | 40 | 14 | 10 |
| B | 2 | 26 | 26 |
| C | 3 | 8 | 26 |
| D | 25 | 26 | 12 |
| E | 30 | 26 | 26 |

**2.  Identify the Highest Value for Each Good:**

* **Good A:** Person 1 (40)
* **Good B:** Person 2 & Person 3 (Tie at 26)
* **Good C:** Person 3 (26)
* **Good D:** Person 2 (26) 
* **Good E:** Person 1, Person 2 & Person 3 (Three-way tie at 26)

**3. Resolve Ties (and potential conflicts):**

* **Good B:** Both Person 2 and 3 value Good B equally. However, Person 2 has a higher value for Good D compared to Person 3. To maximize total value, we assign Good B to Person 2.
* **Good E:**  We have a three-way tie. Since Person 1 has the highest overall value for Good E compared to their other assigned goods, we assign Good E to Person 1.

**4. Final Allocation:**

* **Person 1:** Good A (40) + Good E (30) = **Total Value: 70**
* **Person 2:** Good B (26) + Good D (26) = **Total Value: 52**
* **Person 3:** Good C (26) = **Total Value: 26**

**5. Total Value Achieved:** 70 + 52 + 26 = **148**

**Therefore, the allocation that maximizes the sum of values is:**

* **Person 1:** Goods A and E
* **Person 2:** Goods B and D
* **Person 3:** Good C 
 
This allocation achieves a total value of **148**. 
",0,1,2,3,2,1
29,"Here's how to determine the allocation that maximizes the total value:

**1. Create a Table:**

| Good  | Person 1 | Person 2 | Person 3 |
|-------|----------|----------|----------|
| A     | 40       | 14       | 10       |
| B     | 2        | 26       | 26       |
| C     | 3        | 8        | 26       |
| D     | 25       | 26       | 12       |
| E     | 30       | 26       | 26       |

**2. Identify the Highest Value for Each Good:**

* **Good A:** Person 1 (40)
* **Good B:** Person 2 & Person 3 (Tie at 26)
* **Good C:** Person 3 (26)
* **Good D:** Person 2 (26) 
* **Good E:** Person 1, Person 2, & Person 3 (Three-way tie at 26)

**3. Resolve Ties:**

* **Good B:**  Both Person 2 and Person 3 value Good B equally. We can arbitrarily assign it to either person.
* **Good E:** All three people value Good E equally. Again, we can arbitrarily assign it to one person.

**4. Optimal Allocation:**

* **Person 1:** Good A (40)
* **Person 2:** Good B (26), Good D (26)
* **Person 3:** Good C (26), Good E (26) 

**5. Calculate Total Value:**

* **Person 1:** 40
* **Person 2:** 26 + 26 = 52
* **Person 3:** 26 + 26 = 52
* **Total:** 40 + 52 + 52 = **144**

**Therefore, the allocation that maximizes the sum of values is:**

* **Person 1:** Good A
* **Person 2:** Good B, Good D
* **Person 3:** Good C, Good E

This allocation results in a total value of 144. 
",0,1,2,3,2,3
30,"Here's how to find the allocation maximizing the total value:

**1. Create a Table:**

| Good | Person 1 | Person 2 | Person 3 |
|---|---|---|---|
| A | 40 | 14 | 10 |
| B | 2  | 26 | 26 |
| C | 3  | 8  | 26 |
| D | 25 | 26 | 12 |
| E | 30 | 26 | 26 |

**2. Identify the Highest Value for Each Good:**

* **Good A:** Person 1 (40)
* **Good B:** Person 2 & Person 3 (Tie - 26)
* **Good C:** Person 3 (26)
* **Good D:** Person 2 (26)
* **Good E:** Person 1, Person 2 & Person 3 (Three-way Tie - 26) 

**3. Resolve Ties:**

* **Good B:**  Both Person 2 and Person 3 value Good B at 26. We'll need to consider other factors to break this tie. Looking ahead, Person 2 has higher values for other goods they don't get assigned. Let's tentatively assign Good B to Person 2.
* **Good E:** With a three-way tie, we again need to look ahead. Person 1 gets Good A (their highest value), and we've tentatively assigned Good B to Person 2. To maximize the total, let's assign Good E to Person 3.

**4. Final Allocation:**

* **Person 1:**  Good A (Value 40) 
* **Person 2:**  Good B (Value 26), Good D (Value 26)
* **Person 3:**  Good C (Value 26), Good E (Value 26)

**5. Calculate Total Value:**

* Person 1: 40
* Person 2: 26 + 26 = 52
* Person 3: 26 + 26 = 52
* **Total Value: 40 + 52 + 52 = 144**

**This allocation maximizes the sum of values derived by all individuals.** 
",0,1,2,3,2,3
31,"Here's how we can determine the allocation that maximizes total value:

**1. Create a Table:**

| Good | Person 1 | Person 2 | Person 3 |
|---|---|---|---|
| A | 40 | 14 | 10 |
| B | 2  | 26 | 26 |
| C | 3  | 8  | 26 |
| D | 25 | 26 | 12 |
| E | 30 | 26 | 26 |

**2. Analyze Each Good:**

* **Good A:** Person 1 values it the most (40).
* **Good B:** Person 2 and Person 3 both value it the most (26). 
* **Good C:** Person 3 values it the most (26).
* **Good D:** Person 2 values it the most (26).
* **Good E:** Person 1, Person 2, and Person 3 all value it equally (26). 

**3. Determine the Optimal Allocation:**

* **Good A to Person 1 (Value 40)**
* **Good B to Person 2 (Value 26)** - We could choose either Person 2 or 3, but we'll allocate to Person 2 for now.
* **Good C to Person 3 (Value 26)**
* **Good D to Person 2 (Value 26)** 
* **Good E to Person 3 (Value 26)** - Again, we could choose between Person 2 and 3, but let's give it to Person 3.

**4. Calculate the Total Value:**

The total value of this allocation is 40 + 26 + 26 + 26 + 26 = **144**

**Final Allocation:**

* **Person 1:** Good A
* **Person 2:** Good B, Good D
* **Person 3:** Good C, Good E

**Important Note:** This allocation assumes we are maximizing the *sum* of individual values. There are other ways to define ""fairness"" in allocation problems. For example, we might want to ensure a more even distribution of value, even if it means slightly reducing the overall total. 
",0,1,2,3,2,3
32,"Here's how we can determine the allocation that maximizes the total value:

**1. Create a Value Table:**

| Good | Person 1 | Person 2 | Person 3 |
|---|---|---|---|
| A | 40 | 14 | 10 |
| B | 2  | 26 | 26 |
| C | 3  | 8  | 26 |
| D | 25 | 26 | 12 |
| E | 30 | 26 | 26 |

**2. Identify the Highest Value for Each Good:**

* **Good A:** Person 1 (40)
* **Good B:** Person 2 or Person 3 (Both value it at 26)
* **Good C:** Person 3 (26)
* **Good D:** Person 2 (26) 
* **Good E:** Person 1, Person 2, or Person 3 (All value it at 26)

**3. Optimal Allocation:**

* **Person 1:** Receives **Good A** (40) 
* **Person 2:** Receives **Good D** (26)
* **Person 3:** Receives **Good C** (26)

Now we need to decide between Person 1, Person 2, and Person 3 for Good E, as they all value it equally.  Let's analyze by giving it to each person:

* **Scenario 1: Person 1 gets Good E:** Total value = 40 + 26 + 26 + 30 = 122
* **Scenario 2: Person 2 gets Good E:** Total value = 40 + 26 + 26 + 26 = 118
* **Scenario 3: Person 3 gets Good E:** Total value = 40 + 26 + 26 + 26 = 118

Good B is left unallocated because allocating it to either Person 2 or Person 3 will not change the total value from the scenarios where Good E is allocated.

**4. Conclusion:**

The allocation that maximizes the total value (122) is:

* **Person 1:** Good A, Good E
* **Person 2:** Good D
* **Person 3:** Good C 
",0,1,None,3,2,1
33,"Here's how to find the allocation that maximizes the total value:

**1. Create a Table**

Organize the information in a table to easily compare values:

| Good | Person 1 | Person 2 | Person 3 |
|---|---|---|---|
| A | 40 | 14 | 10 |
| B | 2  | 26 | 26 |
| C | 3  | 8  | 26 |
| D | 25 | 26 | 12 |
| E | 30 | 26 | 26 |

**2. Identify the Highest Value for Each Good**

* **Good A:** Person 1 values it most (40)
* **Good B:** Person 2 and Person 3 have the highest value (26)
* **Good C:** Person 3 values it most (26)
* **Good D:** Person 2 values it most (26) 
* **Good E:** Person 1, Person 2, and Person 3 all value it equally (26)

**3. Resolve Ties and Optimize Allocation**

* **Good B:**  Both Person 2 and Person 3 value it at 26. We can assign it to either one; it doesn't change the total value.
* **Good E:** All three people value it at 26. Again, assigning it to any of them yields the same total value. However, Person 1 has a significantly higher value for Good A, so we'll give Good E to either Person 2 or Person 3.

**Optimal Allocation:**

* **Person 1:** Good A (value 40)
* **Person 2:** Good B and Good D (value 26 + 26 = 52) 
* **Person 3:** Good C and Good E (value 26 + 26 = 52)

**Total Value:** 40 + 52 + 52 = **144**

**Explanation:**

This allocation ensures that each good goes to the person who values it most (or is tied for the highest value). By doing this, we maximize the overall satisfaction or utility derived from the goods. 
 
Let me know if you'd like to explore other allocation scenarios or fairness principles! 
",0,1,2,3,2,3
34,"Here's how to determine the allocation that maximizes the total value:

**1. Create a Table:**

| Good | Person 1 | Person 2 | Person 3 |
|---|---|---|---|
| A | 40 | 14 | 10 |
| B | 2  | 26 | 26 |
| C | 3  | 8  | 26 |
| D | 25 | 26 | 12 |
| E | 30 | 26 | 26 |

**2. Identify the Highest Value for Each Good:**

* **Good A:** Person 1 (40)
* **Good B:** Person 2 & Person 3 (Tie at 26)
* **Good C:** Person 3 (26)
* **Good D:** Person 2 (26)
* **Good E:** Person 1, Person 2, & Person 3 (Tie at 26)

**3. Resolve Ties (if any):**

* **Good B:** Both Person 2 and Person 3 value Good B at 26. We can choose either person, as it won't affect the total value. 
* **Good E:**  All three people value Good E equally. Again, we can choose arbitrarily.

**4. Optimal Allocation:**

* **Person 1:**  Good A (40) + Good E (30) = **70**
* **Person 2:** Good B (26) + Good D (26) = **52**
* **Person 3:** Good C (26)  = **26**

**5. Total Value:** 70 + 52 + 26 = **148**

**Therefore, the allocation that maximizes the sum of values is:**

* **Person 1:** Goods A and E
* **Person 2:** Goods B and D
* **Person 3:** Good C

**This allocation results in a total value of 148.** 
",0,1,2,3,2,1
35,"Here's how to determine the allocation that maximizes the total value:

**1. Create a Table:**

| Good | Person 1 | Person 2 | Person 3 |
|---|---|---|---|
| Good A | 40 | 14 | 10 |
| Good B | 2  | 26 | 26 |
| Good C | 3  | 8  | 26 |
| Good D | 25 | 26 | 12 |
| Good E | 30 | 26 | 26 |

**2. Identify the Highest Value for Each Good:**

* **Good A:** Person 1 (40)
* **Good B:** Person 2 & Person 3 (Tie at 26)
* **Good C:** Person 3 (26)
* **Good D:** Person 2 (26) 
* **Good E:** Person 1, Person 2 & Person 3 (Three-way tie at 26)

**3. Resolve Ties (and potential conflicts):**

* **Good E:**  While there's a three-way tie, Person 1 values Good E at 30, which is higher than their value for any other good. Therefore, it makes sense to allocate Good E to Person 1.

**4. Final Allocation:**

* **Person 1:** Good A, Good E (Total Value = 40 + 30 = 70)
* **Person 2:** Good B, Good D (Total Value = 26 + 26 = 52)
* **Person 3:** Good C  (Total Value = 26)

**5. Total Value:**

The total value derived from this allocation is 70 + 52 + 26 = **148**.

**This allocation maximizes the sum of values because each good is given to the person who places the highest value on it.** 
",0,1,2,3,2,1
36,"Here's how we can find the allocation that maximizes the total value:

**1. Create a Table:**

| Good | Person 1 | Person 2 | Person 3 |
|---|---|---|---|
| A | 40 | 14 | 10 |
| B | 2  | 26 | 26 |
| C | 3  | 8  | 26 |
| D | 25 | 26 | 12 |
| E | 30 | 26 | 26 |

**2. Analyze Each Good:**

* **Good A:** Person 1 values Good A the highest (40).
* **Good B:** Both Person 2 and Person 3 value Good B the highest (26). 
* **Good C:** Person 3 values Good C the highest (26).
* **Good D:** Both Person 2 and Person 3 value Good D the highest (26).
* **Good E:** Both Person 2 and Person 3 value Good E the highest (26).

**3. Determine Optimal Allocation:**

To maximize the total value, we allocate each good to the person who values it most:

* **Person 1:** Receives Good A (Value 40)
* **Person 2:** Receives Good D (Value 26) - We could give them B or E, but D has no ties.
* **Person 3:** Receives Good B (Value 26), Good C (Value 26), and Good E (Value 26).

**4. Calculate Total Value:**

* Person 1: 40
* Person 2: 26
* Person 3: 26 + 26 + 26 = 78

**Total Value = 40 + 26 + 78 = 144**

**Conclusion:**

The allocation that maximizes the sum of values is:

* **Person 1:** Good A
* **Person 2:** Good D
* **Person 3:** Good B, Good C, Good E

This allocation results in a total value of **144**. 
",0,1,3,3,2,3
37,"Here's how we can determine the allocation that maximizes the total value:

**1. Create a Table:**

| Good | Person 1 | Person 2 | Person 3 |
|---|---|---|---|
| A | 40 | 14 | 10 |
| B | 2  | 26 | 26 |
| C | 3  | 8  | 26 |
| D | 25 | 26 | 12 |
| E | 30 | 26 | 26 |

**2. Analyze Each Good:**

* **Good A:** Person 1 values it the most (40).
* **Good B:** Person 2 and Person 3 both value it the most (26). 
* **Good C:** Person 3 values it the most (26).
* **Good D:** Person 2 values it the most (26).
* **Good E:** Person 1, Person 2, and Person 3 all value it equally (26).

**3. Determine the Optimal Allocation:**

* **Good A to Person 1 (Value = 40)**
* **Good B to either Person 2 or Person 3 (Value = 26)** 
* **Good C to Person 3 (Value = 26)**
* **Good D to Person 2 (Value = 26)**
* **Good E to either Person 1, Person 2, or Person 3 (Value = 26)**

**4.  Addressing the Tie in Good E:**

Since Good E is valued equally by all three people, we can allocate it to any of them without changing the total value.  

**5.  Addressing the Tie in Good B:**

We have a tie for Good B.  To be completely fair, you could consider flipping a coin. However, since the goal is to maximize total value, and this decision doesn't impact that total, it may be unnecessary.

**Optimal Allocation:**

* **Person 1: Good A, (and optionally Good E) (Total Value: 40 or 66)**
* **Person 2: Good B, Good D (Total Value: 52)**
* **Person 3: Good C (and optionally Good E) (Total Value: 26 or 52)**

**Total Value:  128 (or 144 if Good E is assigned)** 

This allocation strategy ensures that each good goes to the person who values it most (or in the case of ties, at least to someone who has a high valuation), maximizing the overall benefit derived from the goods. 
",0,1,2,3,2,1
38,"Here's how we can determine the allocation that maximizes the total value:

**1. Create a Table:**

| Good | Person 1 | Person 2 | Person 3 |
|---|---|---|---|
| A | 40 | 14 | 10 |
| B | 2  | 26 | 26 |
| C | 3  | 8  | 26 |
| D | 25 | 26 | 12 |
| E | 30 | 26 | 26 |

**2. Identify the Highest Value for Each Good:**

* **Good A:** Person 1 (40)
* **Good B:** Person 2 & Person 3 (Tied at 26)
* **Good C:** Person 3 (26)
* **Good D:** Person 2 (26) 
* **Good E:** Person 1, Person 2, & Person 3 (Tied at 26)

**3. Resolve Ties (Where Applicable):**

* **Good B:**  Both Person 2 and Person 3 value Good B at 26.  We can arbitrarily choose to give it to Person 2.
* **Good E:** All three people value Good E at 26. Again, we can arbitrarily choose to give it to Person 1.

**4. Final Allocation:**

* **Person 1:** Good A (40) + Good E (30) = **Total Value: 70**
* **Person 2:** Good B (26) + Good D (26) = **Total Value: 52**
* **Person 3:** Good C (26) = **Total Value: 26**

**5. Total Value Maximized:** 70 + 52 + 26 = **148**

**Therefore, the allocation that maximizes the sum of values is:**

* **Person 1:** Good A, Good E
* **Person 2:** Good B, Good D
* **Person 3:** Good C 
",0,1,2,3,2,1
39,"Here's how we can determine the allocation that maximizes the total value:

**1. Create a Table:**

| Good | Person 1 | Person 2 | Person 3 |
|---|---|---|---|
| A | 40 | 14 | 10 |
| B | 2  | 26 | 26 |
| C | 3  | 8  | 26 |
| D | 25 | 26 | 12 |
| E | 30 | 26 | 26 |

**2. Identify the Highest Value for Each Good:**

* **Good A:** Person 1 (40)
* **Good B:** Person 2 & Person 3 (Tie - 26) 
* **Good C:** Person 3 (26)
* **Good D:** Person 2 (26)
* **Good E:** Person 1, Person 2 & Person 3 (Three-way tie - 26)

**3. Resolve Ties:**

* **Good B:**  Both Person 2 and Person 3 value Good B equally.  We can arbitrarily choose to give it to Person 2.
* **Good E:** We have a three-way tie. To maximize total value, we should allocate Good E to the person who has the lowest value for another good they are already receiving. In this case, since we are giving Good B to Person 2, we should give Good E to Person 3.

**4. Final Allocation:**

* **Person 1:** Good A (Value: 40)
* **Person 2:** Good B (Value: 26), Good D (Value: 26)
* **Person 3:** Good C (Value: 26), Good E (Value: 26)

**5. Calculate Total Value:**

* **Total Value:** 40 + 26 + 26 + 26 + 26 = **144**

**Therefore, the allocation that maximizes the sum of values is:**

* **Person 1:** Good A
* **Person 2:** Good B, Good D
* **Person 3:** Good C, Good E

**This allocation results in a total value of 144.** 
",0,1,2,3,2,3
40,"Here's how to determine the allocation that maximizes the total value:

**1. Create a Table**

Organize the information into a table for easy comparison:

| Good | Person 1 | Person 2 | Person 3 |
|---|---|---|---|
| A | 40 | 14 | 10 |
| B | 2  | 26 | 26 |
| C | 3  | 8  | 26 |
| D | 25 | 26 | 12 |
| E | 30 | 26 | 26 |

**2. Identify the Highest Value for Each Good**

* **Good A:** Person 1 values it the most (40)
* **Good B:** Person 2 and Person 3 have the highest value (26) 
* **Good C:** Person 3 values it the most (26)
* **Good D:** Person 2 values it the most (26)
* **Good E:** Person 1, Person 2, and Person 3 all value it equally (26)

**3. Allocate Based on Highest Value and Resolve Ties**

* **Good A to Person 1 (Value 40)**
* **Good B to either Person 2 or Person 3 (Value 26) - We'll decide later**
* **Good C to Person 3 (Value 26)**
* **Good D to Person 2 (Value 26)**
* **Good E to either Person 1, Person 2, or Person 3 (Value 26) - We'll decide later**

**4. Resolve Ties to Maximize Total Value**

* **Good B:**  Since Person 3 is already getting Good C (also valued at 26), we'll give Good B to Person 2 to maximize their value.
* **Good E:** We have three options:
    * Give it to Person 1: Total value = 40 + 26 + 26 + 26 + 30 = 148
    * Give it to Person 2: Total value = 40 + 26 + 26 + 26 + 26 = 144
    * Give it to Person 3: Total value = 40 + 26 + 26 + 26 + 26 = 144

**Optimal Allocation:**

* **Person 1:** Good A, Good E (Total Value = 70)
* **Person 2:** Good B, Good D (Total Value = 52)
* **Person 3:** Good C (Total Value = 26) 

**This allocation maximizes the total value at 148.** 
",0,1,2,3,2,1
41,"Here's how to determine the allocation that maximizes the total value:

**1. Create a Table:**

| Good | Person 1 | Person 2 | Person 3 |
|---|---|---|---|
| A | 40 | 14 | 10 |
| B | 2  | 26 | 26 |
| C | 3  | 8  | 26 |
| D | 25 | 26 | 12 |
| E | 30 | 26 | 26 |

**2. Identify the Highest Value for Each Good:**

* **Good A:** Person 1 (40)
* **Good B:** Person 2 & Person 3 (Tie at 26)
* **Good C:** Person 3 (26)
* **Good D:** Person 2 (26) 
* **Good E:** Person 1, Person 2, & Person 3 (Three-way tie at 26)

**3. Resolve Ties:**

* **Good B:** Both Person 2 and 3 value Good B equally.  We can arbitrarily assign it to either person, as it won't affect the total value.
* **Good E:**  We need to find the allocation that benefits the most people. Giving it to any of the three individuals will yield the same total value (26). We can arbitrarily assign it. 

**4. Optimal Allocation:**

* **Person 1:** Good A (40) 
* **Person 2:** Good B (26) and Good D (26)
* **Person 3:** Good C (26) and Good E (26)

**5. Calculate Total Value:**

* Person 1: 40
* Person 2: 26 + 26 = 52
* Person 3: 26 + 26 = 52
* **Total Value: 40 + 52 + 52 = 144**

**Therefore, the allocation that maximizes the sum of values is:**

* **Person 1:** Good A
* **Person 2:** Good B and Good D
* **Person 3:** Good C and Good E 

This allocation results in a total value of **144**. 
",0,1,2,3,2,3
42,"Here's how to determine the allocation that maximizes the total value:

**1. Create a Table:**

| Good | Person 1 | Person 2 | Person 3 |
|---|---|---|---|
| A | 40 | 14 | 10 |
| B | 2  | 26 | 26 |
| C | 3  | 8  | 26 |
| D | 25 | 26 | 12 |
| E | 30 | 26 | 26 |

**2.  Identify the Highest Value for Each Good:**

* **Good A:** Person 1 (40)
* **Good B:** Person 2 & Person 3 (Tie at 26)
* **Good C:** Person 3 (26)
* **Good D:** Person 2 (26) 
* **Good E:** Person 1, Person 2 & Person 3 (Three-way tie at 26)

**3.  Resolve Ties (and Potential Conflicts):**

* **Good B:** Both Person 2 and Person 3 value Good B equally. We need to see if one person has a higher value for another good, making them a better fit there.  Person 3 values Good C at 26 (higher than anyone else), so we'll assign Good B to Person 2.
* **Good E:**  We have a three-way tie.  Looking across, Person 1 has the highest value for Good A, Person 2 is getting Good B, and Person 3 is getting Good C.  Therefore, it makes sense to give Good E to Person 2, as they don't have a clear 'best' good otherwise.

**4. Final Allocation:**

* **Person 1:** Good A (value 40)
* **Person 2:** Good B (value 26) + Good E (value 26) = 52
* **Person 3:** Good C (value 26) + Good D (value 12) = 38

**5. Total Value:**

40 (Person 1) + 52 (Person 2) + 38 (Person 3) = **130**

**Therefore, this allocation maximizes the total value at 130.** 
",0,1,2,3,3,2
43,"Here's how we can determine the allocation that maximizes the total value:

**1. Create a Table:**

| Good | Person 1 | Person 2 | Person 3 |
|---|---|---|---|
| A | 40 | 14 | 10 |
| B | 2  | 26 | 26 |
| C | 3  | 8  | 26 |
| D | 25 | 26 | 12 |
| E | 30 | 26 | 26 |

**2. Identify the Highest Value for Each Good:**

* **Good A:** Person 1 (40)
* **Good B:** Person 2 & Person 3 (Tie at 26)
* **Good C:** Person 3 (26)
* **Good D:** Person 2 (26) 
* **Good E:** Person 1, Person 2 & Person 3 (Three-way tie at 26)

**3. Resolve Ties:**

* **Good B:** Both Person 2 and Person 3 have the same value. We can arbitrarily choose to give it to Person 2.
* **Good E:**  All three individuals have the same value. Again, we can arbitrarily choose to give it to Person 1.

**4. Optimal Allocation:**

* **Person 1:** Good A (40) + Good E (30) = **70**
* **Person 2:** Good B (26) + Good D (26) = **52**
* **Person 3:** Good C (26) = **26**

**5. Total Value:** 70 + 52 + 26 = **148**

**Therefore, the allocation that maximizes the sum of values is:**

* **Person 1:** Goods A and E
* **Person 2:** Goods B and D
* **Person 3:** Good C

**This allocation results in a total value of 148.** 
",0,1,2,3,2,1
44,"Here's how we can determine the allocation that maximizes the total value:

**1. Create a Table:**

| Good | Person 1 | Person 2 | Person 3 |
|---|---|---|---|
| A | 40 | 14 | 10 |
| B | 2  | 26 | 26 |
| C | 3  | 8  | 26 |
| D | 25 | 26 | 12 |
| E | 30 | 26 | 26 |

**2.  Identify the Highest Value for Each Good:**

* **Good A:** Person 1 values it most at 40.
* **Good B:** Person 2 and Person 3 both value it most at 26.
* **Good C:** Person 3 values it most at 26.
* **Good D:** Person 2 values it most at 26.
* **Good E:** Person 1, Person 2, and Person 3 all value it at 26.

**3.  Resolve Ties and Allocate:**

* **Good A:** Goes to Person 1 (value 40).
* **Good B:**  We have a tie. Since we want to maximize total value, we need to consider where else Person 2 and Person 3 get their highest values. Person 2 also has the highest value for Good D, while Person 3 also has the highest value for Good C.  Therefore, it's better to give:
    * Good B to Person 2 (value 26)
    * Good C to Person 3 (value 26)
* **Good D:** Goes to Person 2 (value 26)
* **Good E:**  We have a three-way tie. To maximize value, we should give it to the person who doesn't get another good where they have the highest value. This would be Person 1. (value 30)

**Optimal Allocation:**

* **Person 1:** Good A (40) + Good E (30) = **Total Value 70**
* **Person 2:** Good B (26) + Good D (26) = **Total Value 52**
* **Person 3:** Good C (26) = **Total Value 26**

**Total Value for All Individuals: 70 + 52 + 26 = 148**

This allocation strategy ensures that the goods go to the individuals who value them most, maximizing the overall satisfaction and the sum of values derived. 
",0,1,2,3,2,1
45,"Here's how to determine the allocation that maximizes total value:

**1. Create a Table:**

| Good | Person 1 | Person 2 | Person 3 |
|---|---|---|---|
| A | 40 | 14 | 10 |
| B | 2  | 26 | 26 |
| C | 3  | 8  | 26 |
| D | 25 | 26 | 12 |
| E | 30 | 26 | 26 |

**2.  Identify the Highest Value for Each Good:**

* **Good A:** Person 1 (40)
* **Good B:** Tie between Person 2 and Person 3 (26) 
* **Good C:** Person 3 (26)
* **Good D:** Person 2 (26)
* **Good E:** Tie between Person 2 and Person 3 (26)

**3. Resolve Ties:**

* **Good B:** Both Person 2 and 3 have the same value. We can arbitrarily choose to give it to Person 2 (this won't affect the final sum since their values are equal).
* **Good E:** Similar to Good B, we can arbitrarily choose Person 2.

**4.  Optimal Allocation:**

* **Person 1:** Good A 
* **Person 2:** Good B, Good D, Good E
* **Person 3:** Good C

**5. Calculate Total Value:**

* **Person 1:** 40
* **Person 2:** 26 + 26 + 26 = 78
* **Person 3:** 26 
* **Total Value:** 40 + 78 + 26 = **144**

**Therefore, the allocation that maximizes the sum of values is:**

* **Person 1:** Good A
* **Person 2:** Good B, Good D, Good E
* **Person 3:** Good C

**This allocation results in a total value of 144.** 
",0,1,2,3,2,2
46,"Here's how we can determine the allocation that maximizes the total value:

**1. Create a Table:**

| Good | Person 1 | Person 2 | Person 3 |
|---|---|---|---|
| A | 40 | 14 | 10 |
| B | 2  | 26 | 26 |
| C | 3  | 8  | 26 |
| D | 25 | 26 | 12 |
| E | 30 | 26 | 26 |

**2. Identify the Highest Value for Each Good:**

* **Good A:** Person 1 (40)
* **Good B:** Person 2 & Person 3 (Tie - 26)
* **Good C:** Person 3 (26)
* **Good D:** Person 2 (26)
* **Good E:** Person 1, Person 2 & Person 3 (Three-way Tie - 26)

**3. Allocate Goods Based on Highest Value:**

* **Person 1:**  Receives Good A (40). 
* **Person 2:** Receives Good D (26).
* **Person 3:** Receives Good C (26).

**4. Address Ties and Remaining Goods:**

* **Good B:** Both Person 2 and Person 3 value it equally. You can choose to allocate it randomly between them, or use an additional criterion to break the tie (e.g., who would benefit more from it).
* **Good E:**  We have a three-way tie. Again, random allocation or an additional criterion can be used. However, notice that Person 1 gets a significantly higher value from Good A (40) compared to Good E (30). It might be more efficient to give Good E to either Person 2 or 3, as they value it equally to their other allocated goods.

**Possible Optimal Allocations:**

**Option 1:**

* **Person 1:** Good A 
* **Person 2:** Good B, Good D
* **Person 3:** Good C, Good E

**Option 2:**

* **Person 1:** Good A
* **Person 2:** Good D, Good E
* **Person 3:** Good B, Good C 

**Calculating Total Value:**

Let's calculate the total value for both options:

* **Option 1:** 40 + 26 + 26 + 26 + 26 = **144**
* **Option 2:** 40 + 26 + 26 + 26 + 26 = **144**

**Conclusion:**

Both Option 1 and Option 2 result in the same maximum total value of **144**. You can choose either option as they both represent fair and efficient allocations based on maximizing the sum of values for all individuals. 
",0,1,2,3,2,3
47,"Here's how to determine the allocation that maximizes the total value:

**1. Create a Table:**

| Good | Person 1 | Person 2 | Person 3 |
|---|---|---|---|
| A | 40 | 14 | 10 |
| B | 2  | 26 | 26 |
| C | 3  | 8  | 26 |
| D | 25 | 26 | 12 |
| E | 30 | 26 | 26 |

**2. Identify the Highest Value for Each Good:**

* **Good A:** Person 1 (40)
* **Good B:** Person 2 & Person 3 (Tie - 26) 
* **Good C:** Person 3 (26)
* **Good D:** Person 2 (26)
* **Good E:** Person 1, Person 2 & Person 3 (Three-way tie - 26)

**3. Resolve Ties:**

* **Good B:**  Both Person 2 and 3 value Good B equally. We can arbitrarily assign it to either. Let's say we give it to Person 2. 
* **Good E:**  All three people value Good E equally. Again, we can arbitrarily assign it. Let's give it to Person 1.

**4. Final Allocation:**

* **Person 1:** Good A (40) + Good E (30) = **Total Value: 70**
* **Person 2:** Good B (26) + Good D (26) = **Total Value: 52**
* **Person 3:** Good C (26) = **Total Value: 26**

**5. Total Value Maximized:** 70 + 52 + 26 = **148**

**Therefore, the allocation that maximizes the sum of values is:**

* **Person 1:** Goods A and E
* **Person 2:** Goods B and D
* **Person 3:** Good C 

This allocation results in a total value of 148, the highest possible in this scenario. 
",0,1,2,3,2,1
48,"Here's how we can determine the allocation that maximizes the total value:

**1. Create a Table:**

| Good | Person 1 | Person 2 | Person 3 |
|---|---|---|---|
| A | 40 | 14 | 10 |
| B | 2  | 26 | 26 |
| C | 3  | 8  | 26 |
| D | 25 | 26 | 12 |
| E | 30 | 26 | 26 |

**2. Analyze Each Good:**

* **Good A:** Person 1 values this the highest (40).
* **Good B:** Person 2 and Person 3 both value this equally high (26).
* **Good C:** Person 3 values this the highest (26).
* **Good D:** Person 2 values this the highest (26). 
* **Good E:** Person 1, Person 2, and Person 3 all value this equally (26).  We will need to make a decision that benefits the group as a whole the most.

**3. Optimal Allocation:**

* **Person 1:** Receives Good A (value 40) 
* **Person 2:** Receives Good D (value 26)
* **Person 3:** Receives Good C (value 26)

**Decision regarding Good B and Good E:**

* **Good B:**  We could flip a coin to fairly decide between Person 2 and 3.
* **Good E:** Since everyone values it equally, we could also flip a coin to decide who receives it.  Alternatively, we could choose not to allocate Good E to anyone, as it doesn't create a difference in maximizing the total value.

**4. Total Value:**

This allocation results in a total value of: 40 + 26 + 26 = **92** (plus the value of Good B and E depending on how we choose to allocate them).

**Important Note:** This solution prioritizes maximizing the *total* value. Depending on your definition of ""fair,"" there might be other allocations you'd consider. For instance, you might prioritize giving each person at least one good, even if it means a slightly lower total value. 
",0,1,2,3,2,None
49,"Here's how to find the allocation that maximizes total value:

**1. Create a Table:**

| Good | Person 1 | Person 2 | Person 3 |
|---|---|---|---|
| A | 40 | 14 | 10 |
| B | 2  | 26 | 26 |
| C | 3  | 8  | 26 |
| D | 25 | 26 | 12 |
| E | 30 | 26 | 26 |

**2. Identify the Highest Value for Each Good:**

* **Good A:** Person 1 values it most (40)
* **Good B:** Person 2 and Person 3 have the highest value (26) - *This means we need to make a choice later*
* **Good C:** Person 3 values it most (26)
* **Good D:** Person 2 values it most (26)
* **Good E:** Person 1, Person 2, and Person 3 all value it equally (26) - *Another choice to make*

**3. Make Choices for Ties:**

* **Good B:**  Although both Person 2 and 3 value Good B at 26, giving it to Person 3 results in a higher overall value when considering their other allocations.
* **Good E:** All three individuals value Good E at 26.  Since Person 1 has the highest overall value for the goods, assigning Good E to Person 1 maximizes total value.

**4. Optimal Allocation:**

* **Person 1:** Good A, Good E 
* **Person 2:** Good D
* **Person 3:** Good B, Good C

**5. Calculate Total Value:**

* **Person 1:** 40 (Good A) + 30 (Good E) = 70
* **Person 2:** 26 (Good D) = 26
* **Person 3:** 26 (Good B) + 26 (Good C) = 52

**Total Value: 70 + 26 + 52 = 148**

**Therefore, the allocation that maximizes the sum of values is:**

* **Person 1:** Good A, Good E
* **Person 2:** Good D
* **Person 3:** Good B, Good C

This allocation results in a total value of 148. 
",0,1,3,3,2,1
50,"Here's how to determine the allocation maximizing total value:

**1. Create a Table:**

| Good | Person 1 | Person 2 | Person 3 |
|---|---|---|---|
| A | 40 | 14 | 10 |
| B | 2 | 26 | 26 |
| C | 3 | 8 | 26 |
| D | 25 | 26 | 12 |
| E | 30 | 26 | 26 |

**2. Find the Highest Value for Each Good:**

* **Good A:** Person 1 (40)
* **Good B:** Person 2 & Person 3 (Tie - 26)
* **Good C:** Person 3 (26)
* **Good D:** Person 2 (26)
* **Good E:** Person 1, Person 2, & Person 3 (Three-way tie - 26)

**3. Resolve Ties:**

* **Good B:** Both Person 2 and 3 value Good B equally.  Since Person 2 has a higher value for Good D (another tie), we'll allocate Good B to Person 3 to potentially maximize overall value.
* **Good E:** With a three-way tie, we need to look for the allocation that yields the highest *combined* value.  Let's consider the options:
    * **Person 1 gets E:** Total value from E = 30 
    * **Person 2 gets E:** Total value from E = 26 (and they lose out on D)
    * **Person 3 gets E:** Total value from E = 26 (and they lose out on C) 

    Giving Good E to Person 1 yields the highest potential combined value.

**4. Final Allocation:**

* **Person 1:** Good A (40) + Good E (30) = **70**
* **Person 2:** Good D (26) = **26**
* **Person 3:** Good B (26) + Good C (26) = **52**

**5. Total Value:** 70 + 26 + 52 = **148**

**Therefore, the allocation that maximizes the sum of values is:**

* **Person 1:** Goods A and E
* **Person 2:** Good D
* **Person 3:** Goods B and C 

This allocation results in a total combined value of 148. 
",0,1,3,3,2,1
51,"Here's how to find the allocation maximizing the total value:

**1. Create a table:**

| Good | Person 1 | Person 2 | Person 3 |
|---|---|---|---|
| A | 40 | 14 | 10 |
| B | 2  | 26 | 26 |
| C | 3  | 8  | 26 |
| D | 25 | 26 | 12 |
| E | 30 | 26 | 26 |

**2. Identify the highest value for each good:**

* **Good A:** Person 1 (40)
* **Good B:** Person 2 & Person 3 (Tie - 26)
* **Good C:** Person 3 (26)
* **Good D:** Person 2 (26)
* **Good E:** Person 1, Person 2 & Person 3 (Three-way tie - 26)

**3. Resolve ties (if any):**

* **Good B:** Both Person 2 and 3 value it equally. We can arbitrarily choose to give it to Person 2. 
* **Good E:** All three individuals value it equally. Again, we can arbitrarily choose to give it to Person 1.

**4. Final Allocation:**

* **Person 1:** Good A (40) + Good E (30) = **Total Value: 70**
* **Person 2:** Good B (26) + Good D (26) = **Total Value: 52**
* **Person 3:** Good C (26) = **Total Value: 26**

**5. Calculate the total value:**

Total value = 70 (Person 1) + 52 (Person 2) + 26 (Person 3) = **148**

**Therefore, the allocation that maximizes the sum of values is:**

* **Person 1: Good A, Good E**
* **Person 2: Good B, Good D**
* **Person 3: Good C**

This allocation results in a total combined value of **148**. 
",0,1,2,3,2,1
52,"Here's how to determine the allocation that maximizes the total value:

**1. Create a Table:**

| Good | Person 1 | Person 2 | Person 3 |
|---|---|---|---|
| A | 40 | 14 | 10 |
| B | 2  | 26 | 26 |
| C | 3  | 8  | 26 |
| D | 25 | 26 | 12 |
| E | 30 | 26 | 26 | 

**2. Identify the Highest Value for Each Good:**

* **Good A:** Person 1 (40)
* **Good B:** Person 2 & Person 3 (Tie at 26)
* **Good C:** Person 3 (26)
* **Good D:** Person 2 (26)
* **Good E:** Person 1, Person 2 & Person 3 (Three-way tie at 26)

**3. Resolve Ties:**

* **Good B:** Since both Person 2 and Person 3 value Good B equally, you can allocate it to either.  Let's say we give it to Person 2.
* **Good E:** We have a three-way tie.  To maximize total value, allocate Good E to Person 1 (30) as they have the highest value for it compared to their other potential allocations.

**4. Final Allocation:**

* **Person 1:** Good A (40) + Good E (30) = **Total Value: 70**
* **Person 2:** Good B (26) + Good D (26) = **Total Value: 52**
* **Person 3:** Good C (26) = **Total Value: 26**

**5. Total Value Achieved:** 70 + 52 + 26 = **148**

**Therefore, the allocation that maximizes the sum of values is:**

* **Person 1:** Goods A and E
* **Person 2:** Goods B and D
* **Person 3:** Good C 

This allocation achieves a total value of 148, the highest possible in this scenario. 
",0,1,2,3,2,1
53,"Here's how we can determine the allocation that maximizes the total value:

**1. Create a Table:**

| Good | Person 1 | Person 2 | Person 3 |
|---|---|---|---|
| A | 40 | 14 | 10 |
| B | 2  | 26 | 26 |
| C | 3  | 8  | 26 |
| D | 25 | 26 | 12 |
| E | 30 | 26 | 26 |

**2. Identify the Highest Value for Each Good:**

* **Good A:** Person 1 (40)
* **Good B:** Person 2 & Person 3 (Tie at 26)
* **Good C:** Person 3 (26)
* **Good D:** Person 2 (26)
* **Good E:** Person 1, Person 2 & Person 3 (Three-way tie at 26)

**3. Resolve Ties:**

* **Good B:**  Both Person 2 and Person 3 value Good B equally. We can arbitrarily choose to give it to Person 2.
* **Good E:** We have a three-way tie. To maximize total value, let's see who benefits most *relative* to their other allocations:
    * Person 1 gets Good A (high value).
    * Person 2 gets Good B and D (high values).
    * Person 3 gets Good C (high value). 
    * Giving Good E to Person 3 would increase the total value the most.

**4. Final Allocation:**

* **Person 1:** Good A (Value: 40) 
* **Person 2:** Good B (Value: 26) and Good D (Value: 26)
* **Person 3:** Good C (Value: 26) and Good E (Value: 26)

**5. Total Value:**

* Person 1: 40
* Person 2: 26 + 26 = 52
* Person 3: 26 + 26 = 52
* **Total:** 40 + 52 + 52 = **144**

**Therefore, this allocation maximizes the sum of values to 144.** 
",0,1,2,3,2,3
54,"Here's how to determine the allocation maximizing total value:

**1. Create a Table:**

| Good | Person 1 | Person 2 | Person 3 |
|---|---|---|---|
| A | 40 | 14 | 10 |
| B | 2  | 26 | 26 |
| C | 3  | 8  | 26 |
| D | 25 | 26 | 12 |
| E | 30 | 26 | 26 |

**2. Identify the Highest Value for Each Good:**

* **Good A:** Person 1 (40)
* **Good B:** Person 2 & Person 3 (Tie - 26)
* **Good C:** Person 3 (26)
* **Good D:** Person 2 (26) 
* **Good E:** Person 1, Person 2 & Person 3 (Three-way tie - 26)

**3. Resolve Ties:**

* **Good B:** Both Person 2 and 3 value Good B equally. We can arbitrarily assign it to Person 2. 
* **Good E:**  We have a three-way tie. To maximize total value, assign Good E to Person 1 (their highest valued item).

**4. Final Allocation:**

* **Person 1:** Good A (40) + Good E (30) = **70**
* **Person 2:** Good B (26) + Good D (26) = **52**
* **Person 3:** Good C (26) = **26**

**5. Total Value:** 70 + 52 + 26 = **148**

**Therefore, the allocation that maximizes the sum of values is:**

* **Person 1:** Goods A and E
* **Person 2:** Goods B and D
* **Person 3:** Good C 

This results in a total combined value of **148**. 
",0,1,2,3,2,1
55,"Here's how to find the allocation that maximizes total value:

**1. Create a Table:**

| Good  | Person 1 | Person 2 | Person 3 |
|-------|----------|----------|----------|
| Good A |    40    |    14    |    10    |
| Good B |     2    |    26    |    26    |
| Good C |     3    |     8    |    26    |
| Good D |    25    |    26    |    12    |
| Good E |    30    |    26    |    26    |

**2.  Identify the Highest Value for Each Good:**

* **Good A:** Person 1 (40)
* **Good B:** Person 2 & Person 3 (Tie at 26)
* **Good C:** Person 3 (26)
* **Good D:** Person 2 (26)
* **Good E:** Person 2 & Person 3 (Tie at 26)

**3. Resolve Ties:**

* **Good B:**  Both Person 2 and 3 value it equally. We can arbitrarily assign it to either. Let's give it to Person 2 for this example.
* **Good E:** Similar to Good B, both Person 2 and 3 value it equally. Let's give it to Person 3.

**4. Final Allocation:**

* **Person 1:** Good A (Value = 40)
* **Person 2:** Good B (Value = 26), Good D (Value = 26)
* **Person 3:** Good C (Value = 26), Good E (Value = 26)

**5. Calculate Total Value:**

* Total Value = 40 + 26 + 26 + 26 + 26 = **144**

**Therefore, the allocation that maximizes the sum of values is:**

* **Person 1:** Good A
* **Person 2:** Good B, Good D
* **Person 3:** Good C, Good E 

**This allocation results in a total value of 144.** 
",0,1,2,3,2,3
56,"Here's how to determine the allocation that maximizes total value:

**1. Create a Table:**

| Good | Person 1 | Person 2 | Person 3 |
|---|---|---|---|
| A | 40 | 14 | 10 |
| B | 2 | 26 | 26 |
| C | 3 | 8 | 26 |
| D | 25 | 26 | 12 |
| E | 30 | 26 | 26 |

**2.  Identify the Highest Value for Each Good:**

* **Good A:** Person 1 (40)
* **Good B:** Person 2 & Person 3 (Tie at 26)
* **Good C:** Person 3 (26)
* **Good D:** Person 2 (26) 
* **Good E:** Person 1, Person 2, & Person 3 (Three-way tie at 26)

**3. Resolve Ties (and potential conflicts):**

* **Good B:** Both Person 2 and 3 value Good B equally. However, Person 3 has a higher value for Good C. To maximize total value, we assign Good B to Person 2 and Good C to Person 3.
* **Good E:**  We have a three-way tie. Since Person 1 has the highest value for Good A, and Person 2 benefits from receiving Good B, it makes sense to give Good E to Person 3.

**4. Final Allocation:**

* **Person 1:** Good A (Value: 40)
* **Person 2:** Good B (Value: 26), Good D (Value: 26)
* **Person 3:** Good C (Value: 26), Good E (Value: 26)

**5. Calculate Total Value:**

* Person 1: 40
* Person 2: 26 + 26 = 52
* Person 3: 26 + 26 = 52
* **Total Value: 40 + 52 + 52 = 144**

**Therefore, the allocation that maximizes the sum of values is:**

* **Person 1: Good A**
* **Person 2: Good B and Good D**
* **Person 3: Good C and Good E**

This allocation results in a total value of **144**. 
",0,1,2,3,2,3
57,"Here's how to determine the allocation maximizing total value:

**1. Create a Table:**

| Good | Person 1 | Person 2 | Person 3 |
|------|----------|----------|----------|
| A    | 40       | 14       | 10       |
| B    | 2        | 26       | 26       |
| C    | 3        | 8        | 26       |
| D    | 25       | 26       | 12       |
| E    | 30       | 26       | 26       |

**2. Identify the Highest Value for Each Good:**

* **Good A:** Person 1 (40)
* **Good B:** Person 2 & Person 3 (Tied at 26) 
* **Good C:** Person 3 (26)
* **Good D:** Person 2 (26)
* **Good E:** Person 2 & Person 3 (Tied at 26)

**3. Resolve Ties:**

* **Good B:** Both Person 2 and 3 value it equally. We can arbitrarily choose to give it to Person 2.
* **Good E:** Again, both Person 2 and 3 value it equally. We can arbitrarily choose to give it to Person 3.

**4. Optimal Allocation:**

* **Person 1:** Good A 
* **Person 2:** Good B, Good D
* **Person 3:** Good C, Good E

**5. Calculate Total Value:**

* **Person 1:** 40
* **Person 2:** 26 + 26 = 52
* **Person 3:** 26 + 26 = 52

**Total Value = 40 + 52 + 52 = 144**

**Therefore, the allocation that maximizes the sum of values is:**

* **Person 1: Good A**
* **Person 2: Good B, Good D**
* **Person 3: Good C, Good E**

**This results in a total value of 144.** 
",0,1,2,3,2,3
58,"Here's how to determine the allocation that maximizes the total value:

**1. Create a Table:**

| Good | Person 1 | Person 2 | Person 3 |
|---|---|---|---|
| A | 40 | 14 | 10 |
| B | 2  | 26 | 26 |
| C | 3  | 8  | 26 |
| D | 25 | 26 | 12 |
| E | 30 | 26 | 26 |

**2. Find the Highest Value for Each Good:**

* **Good A:** Person 1 (40)
* **Good B:** Person 2 & Person 3 (Tie - 26)
* **Good C:** Person 3 (26)
* **Good D:** Person 2 (26) 
* **Good E:** Person 1, Person 2 & Person 3 (Three-way tie - 26)

**3. Resolve Ties:**

* **Good B:** Both Person 2 and Person 3 value Good B equally. We can choose either one – it won't affect the total value.
* **Good E:** We have a three-way tie.  To maximize total value, assign it to the person who doesn't get another high-value item. Let's give it to Person 2. 

**4. The Optimal Allocation:**

* **Person 1:** Good A (40) 
* **Person 2:** Good B (26) and Good E (26)
* **Person 3:** Good C (26) and Good D (26)

**5. Total Value:**

* **Person 1:** 40
* **Person 2:** 52
* **Person 3:** 52
* **Total:** 144

**Therefore, the allocation that maximizes the sum of values is:**

* **Person 1:** Good A
* **Person 2:** Good B, Good E
* **Person 3:** Good C, Good D 

**This allocation results in a total value of 144.** 
",0,1,2,3,3,2
59,"Here's how to determine the allocation that maximizes the total value:

**1. Create a Table:**

| Good | Person 1 | Person 2 | Person 3 |
|---|---|---|---|
| A | 40 | 14 | 10 |
| B | 2 | 26 | 26 |
| C | 3 | 8 | 26 |
| D | 25 | 26 | 12 |
| E | 30 | 26 | 26 |

**2. Identify the Highest Value for Each Good:**

* **Good A:** Person 1 (40)
* **Good B:** Person 2 & Person 3 (Tie at 26)
* **Good C:** Person 3 (26)
* **Good D:** Person 2 (26)
* **Good E:** Person 1, Person 2 & Person 3 (Three-way tie at 26)

**3.  Resolve Ties and Allocate:**

* **Good A:** Goes to Person 1 (40)
* **Good B:**  Allocate to either Person 2 or Person 3 (both value it at 26). 
* **Good C:** Goes to Person 3 (26)
* **Good D:** Goes to Person 2 (26)
* **Good E:** Allocate to either Person 1, Person 2, or Person 3 (all value it at 26).

**Possible Optimal Allocations:**

Since we have ties, there are multiple allocations that maximize value:

* **Option 1:**
    * Person 1: Good A, Good E (40 + 26 = 66)
    * Person 2: Good D (26)
    * Person 3: Good B, Good C (26 + 26 = 52)
    * **Total Value: 144**

* **Option 2:**
    * Person 1: Good A (40)
    * Person 2: Good B, Good D, Good E (26 + 26 + 26 = 78)
    * Person 3: Good C (26)
    * **Total Value: 144**

* **Option 3:**  (And other variations based on the tie for Good E) 

**Conclusion:**

The maximum total value achievable is **144**. There are multiple ways to allocate the goods to achieve this maximum, highlighting that fairness and equity often involve considerations beyond simply maximizing the sum of values. 
",0,1,2,3,2,1
60,"Here's how to determine the allocation that maximizes the total value:

**1. Create a Table for Visualization:**

| Good | Person 1 | Person 2 | Person 3 |
|---|---|---|---|
| A | 40 | 14 | 10 |
| B | 2  | 26 | 26 |
| C | 3  | 8  | 26 |
| D | 25 | 26 | 12 |
| E | 30 | 26 | 26 |

**2. Identify the Highest Value for Each Good:**

* **Good A:** Person 1 (40)
* **Good B:** Person 2 & Person 3 (Tie at 26)
* **Good C:** Person 3 (26)
* **Good D:** Person 2 (26)
* **Good E:** Person 2 & Person 3 (Tie at 26)

**3. Resolve Ties:**

* **Good B:**  Both Person 2 and Person 3 value Good B at 26.  We need to look at their valuations for other goods. Person 2 has a higher value for Good D than Person 3.  Therefore, we'll assign Good B to Person 2 to potentially maximize the total value.
* **Good E:** Similar situation with Good E. Since we assigned Good B to Person 2, and they have the same high value for Good E as Person 3, we'll assign Good E to Person 3.

**4. Final Allocation:**

* **Person 1:** Good A (Value 40)
* **Person 2:** Good B (Value 26), Good D (Value 26)
* **Person 3:** Good C (Value 26), Good E (Value 26)

**5. Calculate Total Value:**

* Total Value = 40 + 26 + 26 + 26 + 26 = **144**

**Therefore, the allocation that maximizes the sum of values is:**

* **Person 1:** Good A
* **Person 2:** Good B, Good D
* **Person 3:** Good C, Good E 

This allocation results in a total combined value of **144**. 
",0,1,2,3,2,3
61,"Here's how we can determine the allocation that maximizes the total value:

**1. Create a Table:**

| Good | Person 1 | Person 2 | Person 3 |
|---|---|---|---|
| A | 40 | 14 | 10 |
| B | 2 | 26 | 26 |
| C | 3 | 8  | 26 |
| D | 25 | 26 | 12 |
| E | 30 | 26 | 26 |

**2. Identify the Highest Value for Each Good:**

* **Good A:** Person 1 values it most (40)
* **Good B:** Person 2 and Person 3 have the highest value (26) -  We'll decide who gets it later based on overall benefit.
* **Good C:** Person 3 values it most (26)
* **Good D:** Person 2 values it most (26)
* **Good E:** Person 1, Person 2, and Person 3 all value it equally (26) - We'll decide allocation strategically.

**3. Strategic Allocation:**

* **Good A to Person 1:** This is straightforward.
* **Good B to Person 3:** Although both Person 2 and 3 value it at 26, Person 3 will benefit more overall as they also get the highest value from Good C. 
* **Good C to Person 3:** As determined above.
* **Good D to Person 2:**  This is straightforward.
* **Good E to Person 1:** While all three value it equally, giving it to Person 1 maximizes the total value since Person 1 has a significantly higher value for Good A compared to the others.

**4. Final Allocation:**

* **Person 1:** Good A (40) + Good E (30) = **Total Value: 70**
* **Person 2:** Good D (26) = **Total Value: 26**
* **Person 3:** Good B (26) + Good C (26) = **Total Value: 52**

**5. Total Value Achieved: 70 + 26 + 52 = 148**

**Therefore, this allocation maximizes the sum of values derived by all individuals, resulting in a total value of 148.** 
",0,1,3,3,2,1
62,"Here's how we can find the allocation that maximizes the total value:

**1. Create a Table:**

| Good | Person 1 | Person 2 | Person 3 |
|---|---|---|---|
| A | 40 | 14 | 10 |
| B | 2  | 26 | 26 |
| C | 3  | 8  | 26 |
| D | 25 | 26 | 12 |
| E | 30 | 26 | 26 |

**2. Identify the Highest Value for Each Good:**

* **Good A:** Person 1 (40)
* **Good B:** Person 2 & Person 3 (Tie at 26) 
* **Good C:** Person 3 (26)
* **Good D:** Person 2 (26) 
* **Good E:** Person 1, Person 2 & Person 3 (Three-way tie at 26)

**3. Resolve Ties:**

* **Good B:** Both Person 2 and Person 3 value Good B equally. We can arbitrarily assign it to either person. Let's assign it to Person 2.
* **Good E:**  We have a three-way tie. To maximize total value, let's see who benefits most from getting Good E *in addition* to the goods they are already assigned:
    * Person 1: Already getting Good A (40) + Good E (30) = 70
    * Person 2: Already getting Good B (26) + Good E (26) = 52 
    * Person 3: Already getting Good C (26) + Good E (26) = 52
    * Person 1 benefits most from also getting Good E.

**4. Final Allocation:**

* **Person 1:** Good A (40) + Good E (30) = **70**
* **Person 2:** Good B (26) + Good D (26) = **52**
* **Person 3:** Good C (26) = **26**

**Total Value = 70 + 52 + 26 = 148**

**Therefore, this allocation maximizes the sum of values derived by all individuals.** 
",0,1,2,3,2,1
63,"Here's how to determine the allocation maximizing the total value:

**1. Create a Table:**

| Good | Person 1 | Person 2 | Person 3 |
|---|---|---|---|
| A | 40 | 14 | 10 |
| B | 2 | 26 | 26 |
| C | 3 | 8 | 26 |
| D | 25 | 26 | 12 |
| E | 30 | 26 | 26 |

**2. Identify the Highest Value for Each Good:**

* **Good A:** Person 1 (40)
* **Good B:** Person 2 & Person 3 (Tie at 26) 
* **Good C:** Person 3 (26)
* **Good D:** Person 2 (26)
* **Good E:** Person 1, Person 2, & Person 3 (Tie at 26)

**3. Resolve Ties:**

* **Good B:**  Both Person 2 and 3 value Good B equally. We can choose either person, as it won't affect the total value. 
* **Good E:** All three people have the same value. Again, the choice won't affect the total sum. We can randomly assign it to one of them.

**4. Optimal Allocation:**

* **Person 1:** Good A (40), Good E (30) 
* **Person 2:** Good B (26), Good D (26)
* **Person 3:** Good C (26)

**5. Calculate Total Value:**

* Person 1: 40 + 30 = 70
* Person 2: 26 + 26 = 52
* Person 3: 26

Total Value = 70 + 52 + 26 = **148**

**Therefore, the allocation that maximizes the sum of values is:**

* **Person 1:** Good A, Good E
* **Person 2:** Good B, Good D
* **Person 3:** Good C

This allocation results in a total combined value of 148. 
",0,1,2,3,2,1
64,"Here's how we can determine the allocation that maximizes the total value:

**1. Create a Table:**

| Good | Person 1 | Person 2 | Person 3 |
|---|---|---|---|
| A | 40 | 14 | 10 |
| B | 2  | 26 | 26 |
| C | 3  | 8  | 26 |
| D | 25 | 26 | 12 |
| E | 30 | 26 | 26 |

**2. Analyze Each Good:**

* **Good A:** Person 1 values Good A the most (40).
* **Good B:** Person 2 and Person 3 both value Good B the most (26). 
* **Good C:** Person 3 values Good C the most (26).
* **Good D:** Person 2 values Good D the most (26).
* **Good E:** Person 1, Person 2, and Person 3 all value Good E equally (26).

**3. Determine Optimal Allocation:**

* **Good A to Person 1:** This is the most straightforward choice.
* **Good B to either Person 2 or Person 3:**  Since they both value it equally, we can choose either one. Let's say we give it to Person 2.
* **Good C to Person 3:** Person 3 has the highest value.
* **Good D to Person 2:**  Person 2 has the highest value.
* **Good E to either Person 1, Person 2, or Person 3:**  They all value it equally. Since Person 2 is already getting Good B and Good D, let's give Good E to either Person 1 or Person 3 to be fair. Let's say we give it to Person 1.

**4. Final Allocation:**

* **Person 1:** Good A (40) + Good E (30) = **Total Value 70**
* **Person 2:** Good B (26) + Good D (26) = **Total Value 52**
* **Person 3:** Good C (26) = **Total Value 26**

**Total Value for All Individuals: 70 + 52 + 26 = 148**

**This allocation maximizes the total value to 148.** 

**Important Note:** There might be slight variations in allocation (like giving Good E to Person 3 instead of Person 1), but the total maximized value will remain the same. 
",0,1,2,3,2,1
65,"Here's how we can determine the allocation that maximizes the total value:

**1. Create a Table:**

| Good | Person 1 | Person 2 | Person 3 |
|---|---|---|---|
| A | 40 | 14 | 10 |
| B | 2  | 26 | 26 |
| C | 3  | 8  | 26 |
| D | 25 | 26 | 12 |
| E | 30 | 26 | 26 |

**2.  Identify the Highest Value for Each Good:**

* **Good A:** Person 1 (40)
* **Good B:** Tie between Person 2 & 3 (26) 
* **Good C:** Person 3 (26)
* **Good D:** Tie between Person 2 & 3 (26)
* **Good E:** Tie between Person 2 & 3 (26)

**3. Resolve Ties (Where Applicable):**

* **Good B:**  Although both Person 2 and 3 value Good B at 26, Person 3 has higher valuations for other goods, making Good B more valuable to Person 2.
* **Good D:**  Person 2 has a slightly higher overall valuation for the goods compared to Person 3.

**4. Optimal Allocation:**

* **Person 1:** Good A 
* **Person 2:** Good B, Good D
* **Person 3:** Good C, Good E

**5. Calculate Total Value:**

* **Person 1:** 40
* **Person 2:** 26 + 26 = 52
* **Person 3:** 26 + 26 = 52
* **Total Value:** 40 + 52 + 52 = **144**

**Therefore, the allocation that maximizes the sum of values is to give Good A to Person 1, Goods B and D to Person 2, and Goods C and E to Person 3, resulting in a total value of 144.** 
",0,1,2,3,2,3
66,"Here's how to find the allocation maximizing total value:

**1. Create a Table:**

| Good | Person 1 | Person 2 | Person 3 |
|---|---|---|---|
| A | 40 | 14 | 10 |
| B | 2  | 26 | 26 |
| C | 3  | 8  | 26 |
| D | 25 | 26 | 12 |
| E | 30 | 26 | 26 |

**2. Identify the Highest Value for Each Good:**

* **Good A:** Person 1 (40)
* **Good B:** Person 2 & Person 3 (Tie at 26)
* **Good C:** Person 3 (26)
* **Good D:** Person 2 (26) 
* **Good E:** Person 1, Person 2 & Person 3 (Three-way tie at 26)

**3.  Resolve Ties (and Potential Conflicts):**

* **Good B:**  Both Person 2 and 3 equally value Good B. We'll decide later based on overall value maximization.
* **Good E:**  Three-way tie. Again, we'll decide allocation later based on maximizing total value.

**4.  Preliminary Allocation:**

* **Person 1:** Good A 
* **Person 2:** Good D
* **Person 3:** Good C 

**5. Decide on Good B and Good E:**

* **Option 1: (Good B to Person 2, Good E to Person 1)**
    * Total Value = (Person 1: 40 + 30) + (Person 2: 26 + 26) + (Person 3: 26) = **148**
* **Option 2: (Good B to Person 3, Good E to Person 1)**
    * Total Value = (Person 1: 40 + 30) + (Person 2: 26) + (Person 3: 26 + 26) = **148**
* **Option 3: (Good B to Person 2, Good E to Person 2)**
    * Total Value = (Person 1: 40) + (Person 2: 26 + 26 + 26) + (Person 3: 26) = **144**
* **Option 4: (Good B to Person 2, Good E to Person 3)**
    * Total Value = (Person 1: 40) + (Person 2: 26 + 26) + (Person 3: 26 + 26) = **144**
* **Option 5: (Good B to Person 3, Good E to Person 2)**
    * Total Value = (Person 1: 40) + (Person 2: 26 + 26) + (Person 3: 26 + 26) = **144**
* **Option 6: (Good B to Person 3, Good E to Person 3)**
    * Total Value = (Person 1: 40) + (Person 2: 26) + (Person 3: 26 + 26 + 26) = **144**

**Optimal Allocation (Options 1 and 2 are equally good):**

* **Person 1:**  Good A, Good E (Total Value: 70)
* **Person 2:**  Good B, Good D (Total Value: 52)  *or* 
* **Person 2:**  Good D (Total Value: 26)
* **Person 3:**  Good C  (Total Value: 26) *or*
* **Person 3:**  Good B, Good C (Total Value: 52)

**Maximum Total Value: 148** 
",0,1,2,3,2,1
67,"Here's how to find the allocation that maximizes the total value:

**1. Create a Table:**

| Good | Person 1 | Person 2 | Person 3 |
|---|---|---|---|
| A | 40 | 14 | 10 |
| B | 2  | 26 | 26 |
| C | 3  | 8  | 26 |
| D | 25 | 26 | 12 |
| E | 30 | 26 | 26 |

**2. Identify the Highest Value for Each Good:**

* **Good A:** Person 1 (40)
* **Good B:** Person 2 & Person 3 (Tie at 26)
* **Good C:** Person 3 (26)
* **Good D:** Person 2 (26) 
* **Good E:** Person 1, Person 2 & Person 3 (Three-way tie at 26)

**3. Resolve Ties (and Potential Conflicts):**

* **Good B:** Both Person 2 and Person 3 value Good B equally.  We need to look at their values for other goods. Person 2 also has the highest value for Good D. To maximize total value, we'll assign Good B to Person 2 and Good D to Person 2.
* **Good E:** There's a three-way tie. Since Person 1 has the highest value for Good A, and we want to be fair, let's assign Good E to either Person 2 or Person 3. There's no difference in total value created in this case. Let's arbitrarily assign it to Person 2.

**4. Final Allocation:**

* **Person 1:** Good A (value 40) 
* **Person 2:** Good B (value 26), Good D (value 26), and Good E (value 26)
* **Person 3:** Good C (value 26)

**5. Total Value:**

* Person 1: 40
* Person 2: 26 + 26 + 26 = 78
* Person 3: 26
* **Total: 40 + 78 + 26 = 144**

**Therefore, the allocation that maximizes the sum of values is:**

* **Person 1: Good A**
* **Person 2: Goods B, D, and E**
* **Person 3: Good C**

This allocation results in a total combined value of **144**. 
",0,1,2,3,2,2
68,"Here's how to determine the allocation that maximizes total value:

**1. Create a Table:**

| Good | Person 1 | Person 2 | Person 3 |
|---|---|---|---|
| A | 40 | 14 | 10 |
| B | 2  | 26 | 26 |
| C | 3  | 8  | 26 |
| D | 25 | 26 | 12 |
| E | 30 | 26 | 26 |

**2. Identify the Highest Value for Each Good:**

* **Good A:** Person 1 (40)
* **Good B:** Person 2 & Person 3 (Tie at 26)
* **Good C:** Person 3 (26)
* **Good D:** Person 2 (26)
* **Good E:** Person 1, Person 2, & Person 3 (Tie at 26)

**3. Resolve Ties:**

* **Good B:**  Both Person 2 and 3 value Good B equally. We can arbitrarily choose to give it to Person 2.
* **Good E:** All three individuals value Good E equally. We can arbitrarily choose to give it to Person 1.

**4.  Optimal Allocation:**

* **Person 1:** Good A (40) + Good E (30) = **Total Value: 70**
* **Person 2:** Good B (26) + Good D (26) = **Total Value: 52**
* **Person 3:** Good C (26) = **Total Value: 26**

**5. Total Value Maximized:** 70 + 52 + 26 = **148**

**Therefore, the allocation that maximizes the sum of values is:**

* **Person 1:** Goods A and E
* **Person 2:** Goods B and D
* **Person 3:** Good C 
",0,1,2,3,2,1
69,"Here's how to determine the allocation maximizing the total value:

**1. Create a Table:**

| Good | Person 1 | Person 2 | Person 3 |
|---|---|---|---|
| A | 40 | 14 | 10 |
| B | 2 | 26 | 26 |
| C | 3 | 8 | 26 |
| D | 25 | 26 | 12 |
| E | 30 | 26 | 26 |

**2. Identify the Highest Value for Each Good:**

* **Good A:** Person 1 (40)
* **Good B:** Person 2 & Person 3 (Tie - 26) 
* **Good C:** Person 3 (26)
* **Good D:** Person 2 (26)
* **Good E:** Person 1, Person 2, & Person 3 (Three-way tie - 26)

**3. Resolve Ties (and potential conflicts):**

* **Good B:** Both Person 2 and 3 equally value Good B. We need to see where else we can maximize value. Since Person 2 has higher values for other goods compared to Person 3, we'll allocate Good B to Person 3.
* **Good E:**  There's a three-way tie. Person 1 has the highest overall value for this good, and it doesn't conflict with any other allocations.

**4. Final Allocation:**

* **Person 1:** Good A (40) + Good E (30) = **70**
* **Person 2:** Good D (26) = **26**
* **Person 3:** Good B (26) + Good C (26) = **52**

**5. Total Value:** 70 + 26 + 52 = **148**

**Therefore, the allocation that maximizes the sum of values is:**

* **Person 1:** Good A, Good E
* **Person 2:** Good D
* **Person 3:** Good B, Good C 

**This allocation results in a total value of 148.** 
",0,1,3,3,2,1
70,"Here's how to find the allocation that maximizes the total value:

**1. Create a Table:**

| Good | Person 1 | Person 2 | Person 3 |
|---|---|---|---|
| A | 40 | 14 | 10 |
| B | 2  | 26 | 26 |
| C | 3  | 8  | 26 |
| D | 25 | 26 | 12 |
| E | 30 | 26 | 26 |

**2. Identify the Highest Value for Each Good:**

* **Good A:** Person 1 (40)
* **Good B:** Person 2 & Person 3 (Tied at 26)
* **Good C:** Person 3 (26)
* **Good D:** Person 2 (26)
* **Good E:** Person 1, Person 2, & Person 3 (Tied at 26)

**3. Resolve Ties:**

* **Good B:** Both Person 2 and Person 3 value Good B equally. We can arbitrarily choose to give it to Person 2. 
* **Good E:**  All three people value Good E equally. Again, we can arbitrarily choose to give it to Person 1. 

**4. Final Allocation:**

* **Person 1:** Good A (40) + Good E (30) = **Total Value: 70**
* **Person 2:** Good B (26) + Good D (26) = **Total Value: 52**
* **Person 3:** Good C (26) = **Total Value: 26**

**5. Total Value Achieved:** 70 + 52 + 26 = **148**

**Therefore, the allocation that maximizes the sum of values is:**

* **Person 1:** Goods A and E
* **Person 2:** Goods B and D
* **Person 3:** Good C 

This allocation results in a total combined value of 148. 
",0,1,2,3,2,1
71,"Here's how to find the allocation that maximizes the total value:

**1. Create a Table:**

| Good | Person 1 | Person 2 | Person 3 |
|---|---|---|---|
| A | 40 | 14 | 10 |
| B | 2  | 26 | 26 |
| C | 3  | 8  | 26 |
| D | 25 | 26 | 12 |
| E | 30 | 26 | 26 |

**2. Identify the Highest Value for Each Good:**

* **Good A:** Person 1 values it the most (40).
* **Good B:** Person 2 and Person 3 have the highest value (26).
* **Good C:** Person 3 values it the most (26).
* **Good D:** Person 2 values it the most (26). 
* **Good E:** Person 2 and Person 3 have the highest value (26).

**3. Resolve Ties:**

* **Good B:** Both Person 2 and 3 value it at 26. We need to see where else Person 2 or 3 might have a unique highest value to make the allocation efficient. Person 2 uniquely values Good D highest, so we will allocate Good D to person 2 and Good B to Person 3. 
* **Good E:**  Both Person 2 and 3 value it at 26.  We need to see where else Person 2 or 3 might have a unique highest value to make the allocation efficient. Person 3 uniquely values Good C highest, so we will allocate Good C to Person 3 and Good E to person 2.

**4.  Final Allocation:**

* **Person 1:**  Good A (value 40)
* **Person 2:**  Good D (value 26) and Good E (value 26)
* **Person 3:**  Good B (value 26) and Good C (value 26)

**5. Total Value:**

* Person 1: 40
* Person 2: 52 
* Person 3: 52
* **Total: 144**

**Therefore, this allocation maximizes the sum of values derived by all individuals at 144.** 
",0,1,3,3,2,2
72,"Here's how to determine the allocation that maximizes the total value:

**1. Create a Table:**

Organize the information into a table for easy comparison:

| Good | Person 1 | Person 2 | Person 3 |
|---|---|---|---|
| A | 40 | 14 | 10 |
| B | 2  | 26 | 26 |
| C | 3  | 8  | 26 |
| D | 25 | 26 | 12 |
| E | 30 | 26 | 26 |

**2. Identify the Highest Value for Each Good:**

* **Good A:** Person 1 values it most (40).
* **Good B:** Person 2 and Person 3 have the highest value (26).
* **Good C:** Person 3 values it most (26).
* **Good D:** Person 2 values it most (26). 
* **Good E:** Person 1, Person 2, and Person 3 all value it equally (26).

**3. Allocate Based on Highest Value and Resolve Ties:**

* **Good A** goes to **Person 1** (40).
* **Good B** can go to either **Person 2 or Person 3**.
* **Good C** goes to **Person 3** (26).
* **Good D** goes to **Person 2** (26).
* **Good E** can go to **Person 1, Person 2, or Person 3**.

**4. Decide on Tied Goods:**

* **Good B:**  Since Person 3 is already receiving Good C (also valued at 26), we'll give **Good B to Person 2**. This ensures both receive a good they highly value.
* **Good E:** There's a three-way tie. To maximize total value, we need to see who benefits most.  Let's compare:
    * Giving Good E to Person 1 adds 30 to the total value.
    * Giving Good E to Person 2 adds 26 to the total value.
    * Giving Good E to Person 3 adds 26 to the total value. 
    * **Therefore, Good E should go to Person 1.**

**Optimal Allocation:**

* **Person 1:** Good A, Good E (Total Value: 40 + 30 = 70)
* **Person 2:** Good B, Good D (Total Value: 26 + 26 = 52)
* **Person 3:** Good C (Total Value: 26)

**Total Value from this allocation: 70 + 52 + 26 = 148** 
",0,1,2,3,2,1
73,"Here's how to determine the allocation that maximizes the total value:

**1. Create a Table:**

| Good | Person 1 | Person 2 | Person 3 |
|---|---|---|---|
| A | 40 | 14 | 10 |
| B | 2 | 26 | 26 |
| C | 3 | 8 | 26 |
| D | 25 | 26 | 12 |
| E | 30 | 26 | 26 |

**2. Identify the Highest Value for Each Good:**

* **Good A:** Person 1 (40)
* **Good B:** Person 2 & Person 3 (Tie at 26)
* **Good C:** Person 3 (26)
* **Good D:** Person 2 (26)
* **Good E:** Person 1, Person 2 & Person 3 (Three-way tie at 26)

**3.  Resolve Ties (and optimize for total value):**

* **Good B:** Both Person 2 and 3 value Good B at 26.  However, notice that Person 2 has a higher value for Good D than Person 3. To maximize total value, we'll allocate Good B to Person 3 and Good D to Person 2.
* **Good E:**  All three individuals have the same value.  We can arbitrarily assign this good to any of them. Let's give it to Person 1 since they don't get another good with a three-way tie.

**4. Final Allocation:**

* **Person 1:**  Good A, Good E (Total Value: 40 + 30 = 70)
* **Person 2:** Good D (Total Value: 26)
* **Person 3:** Good B, Good C (Total Value: 26 + 26 = 52)

**5. Total Value Achieved:** 70 + 26 + 52 = **148**

**This allocation maximizes the sum of values derived by all individuals, resulting in a total value of 148.** 
",0,1,3,3,2,1
74,"Here's how to determine the allocation that maximizes the total value:

**1. Create a Table:**

| Good | Person 1 | Person 2 | Person 3 |
|---|---|---|---|
| A | 40 | 14 | 10 |
| B | 2  | 26 | 26 |
| C | 3  | 8  | 26 |
| D | 25 | 26 | 12 |
| E | 30 | 26 | 26 |

**2. Identify the Highest Value for Each Good:**

* **Good A:** Person 1 (40)
* **Good B:** Person 2 & Person 3 (Tie - 26)
* **Good C:** Person 3 (26)
* **Good D:** Person 2 (26) 
* **Good E:** Person 1, Person 2 & Person 3 (Three-way Tie - 26)

**3.  Resolve Ties (and potential conflicts):**

* **Good B:** Both Person 2 and 3 value Good B equally. However, Person 3 has a higher value for Good C, so we'll assign Good C to Person 3 and Good B to Person 2.
* **Good E:**  We have a three-way tie. To maximize total value, assign Good E to Person 1, as they have the highest overall value loss if they don't get it.

**4. Final Allocation:**

* **Person 1:** Good A (40) + Good E (30) = **70**
* **Person 2:** Good B (26) + Good D (26) = **52**
* **Person 3:** Good C (26) = **26**

**5. Calculate Total Value:**

Total value = 70 + 52 + 26 = **148**

**Therefore, the allocation that maximizes the sum of values is:**

* **Person 1:** Good A, Good E
* **Person 2:** Good B, Good D
* **Person 3:** Good C 

**This allocation results in a total value of 148.** 
",0,1,2,3,2,1
75,"Here's how to find the allocation that maximizes the total value:

**1. Create a Table**

Organize the information into a table for clarity:

| Good | Person 1 | Person 2 | Person 3 |
|---|---|---|---|
| A | 40 | 14 | 10 |
| B | 2  | 26 | 26 |
| C | 3  | 8  | 26 |
| D | 25 | 26 | 12 |
| E | 30 | 26 | 26 |

**2. Identify the Highest Value for Each Good**

* **Good A:** Person 1 values it most (40).
* **Good B:** Person 2 and Person 3 have the highest value (26).
* **Good C:** Person 3 values it most (26).
* **Good D:** Person 2 values it most (26). 
* **Good E:** Person 2 and Person 3 have the highest value (26).

**3. Resolve Ties**

* **Good B & E:**  While both Person 2 and 3 equally value these goods, we need to allocate them to maximize the total value.  There are a couple of scenarios to consider:
    * **Scenario 1: Person 2 gets B & E:** Total value = 26 (B) + 26 (E) = 52
    * **Scenario 2: Person 3 gets B & E:** Total value = 26 (B) + 26 (E) = 52

   In this case, both scenarios result in the same total value. We can choose either one. 

**4. Determine the Optimal Allocation**

Based on the above, here's an allocation that maximizes the sum of values:

* **Person 1:** Good A (40)
* **Person 2:** Good B (26) and Good D (26) 
* **Person 3:** Good C (26) and Good E (26)

**5. Calculate Total Value**

Total value = 40 + 26 + 26 + 26 + 26 = **144**

**Therefore, the allocation that maximizes the sum of values gives Good A to Person 1, Good B and D to Person 2, and Good C and E to Person 3. This allocation results in a total value of 144.** 
",0,1,2,3,2,3
76,"Here's how to determine the allocation that maximizes total value:

**1. Create a Table:**

| Good | Person 1 | Person 2 | Person 3 |
|---|---|---|---|
| A | 40 | 14 | 10 |
| B | 2  | 26 | 26 |
| C | 3  | 8  | 26 |
| D | 25 | 26 | 12 |
| E | 30 | 26 | 26 |

**2. Identify the Highest Value for Each Good:**

* **Good A:** Person 1 (40)
* **Good B:** Person 2 & Person 3 (Tie - 26)
* **Good C:** Person 3 (26)
* **Good D:** Person 2 (26) 
* **Good E:** Person 1, Person 2 & Person 3 (Three-way tie - 26)

**3. Allocate Goods Based on Highest Value:**

* **Person 1:** Receives Good A (40) 
* **Person 2:** Receives Good D (26)
* **Person 3:** Receives Good C (26)

**4. Address Ties and Remaining Goods:**

* **Good B:**  We have a tie between Person 2 and Person 3. To maximize total value, allocate Good B to either Person 2 or Person 3, as both have the same valuation. 
* **Good E:** We have a three-way tie.  Since Person 1 has a slightly lower value for Good E (30) compared to their value for Good A (40), and Person 2 and 3 both have a value of 26, it makes sense to NOT allocate Good E. This way, we avoid diminishing returns in terms of overall value.

**Optimal Allocation:**

* **Person 1:** Good A 
* **Person 2:** Good B, Good D
* **Person 3:** Good C
* **Not Allocated:** Good E

**Total Value:** 40 (A) + 26 (B) + 26 (C) + 26 (D) = **118**

**Explanation:**

This allocation strategy ensures that each good goes to the person who values it the most, thus maximizing the overall sum of values. By not allocating Good E, we prevent a situation where one person receives a good that only marginally increases the total value. 
",0,1,2,3,2,None
77,"Here's how we can determine the allocation that maximizes the total value:

**1. Create a Table:**

| Good | Person 1 | Person 2 | Person 3 |
|---|---|---|---|
| A | 40 | 14 | 10 |
| B | 2  | 26 | 26 |
| C | 3  | 8  | 26 |
| D | 25 | 26 | 12 |
| E | 30 | 26 | 26 |

**2. Identify the Highest Value for Each Good:**

* **Good A:** Person 1 (40)
* **Good B:** Person 2 & Person 3 (Tie at 26)
* **Good C:** Person 3 (26)
* **Good D:** Person 2 (26)
* **Good E:** Person 1, Person 2 & Person 3 (Three-way tie at 26)

**3. Resolve Ties and Allocate:**

* **Good A:** Goes to Person 1 (40)
* **Good B:** We need to decide between Person 2 and 3.  Let's look at their other potential allocations to break the tie. Person 2 is also a strong contender for Good D and E. Giving Good B to Person 3 might lead to a higher overall value.
* **Good C:** Goes to Person 3 (26)
* **Good D:** Goes to Person 2 (26) 
* **Good E:**  Let's see: Giving it to Person 1 yields 30, Person 2 yields 26, and Person 3 yields 26. Person 1 gets the highest value.

**4. Final Allocation:**

* **Person 1:** Good A (40) + Good E (30) = **70**
* **Person 2:** Good D (26) = **26**
* **Person 3:** Good B (26) + Good C (26) = **52**

**5. Total Value:** 70 + 26 + 52 = **148**

**Therefore, the allocation that maximizes the sum of values is:**

* **Person 1:** Goods A and E
* **Person 2:** Good D
* **Person 3:** Goods B and C 

This allocation results in a total value of **148**. 
",0,1,3,3,2,1
78,"Here's how to determine the allocation maximizing the total value:

**1. Create a Table:**

| Good | Person 1 | Person 2 | Person 3 |
|---|---|---|---|
| A | 40 | 14 | 10 |
| B | 2  | 26 | 26 |
| C | 3  | 8  | 26 |
| D | 25 | 26 | 12 |
| E | 30 | 26 | 26 |

**2.  Identify the Highest Value for Each Good:**

* **Good A:** Person 1 (40)
* **Good B:** Person 2 & Person 3 (Tie at 26) 
* **Good C:** Person 3 (26)
* **Good D:** Person 2 (26)
* **Good E:** Person 1, Person 2, & Person 3 (Three-way tie at 26)

**3.  Resolve Ties and Allocate:**

* **Good A:** Goes to Person 1 
* **Good B:**  We need to decide between Person 2 and 3. Look at their values for other goods. Person 3 has a higher value for Good C than Person 2. To potentially maximize total value, we'll assign Good B to Person 2 and Good C to Person 3.
* **Good D:** Goes to Person 2
* **Good E:** We have a three-way tie.  Since Person 1 has the highest value for Good A which is significantly higher than others' valuations, and to avoid giving too many goods to one person, we'll assign Good E to either Person 2 or Person 3.  Let's say we give it to Person 2.

**4. Final Allocation:**

* **Person 1:** Good A (Value 40)
* **Person 2:** Good B (Value 26), Good D (Value 26), Good E (Value 26)
* **Person 3:** Good C (Value 26)

**5. Calculate Total Value:**

* **Total Value:** 40 + 26 + 26 + 26 + 26 = **144**

**Therefore, the allocation maximizing the sum of values is:**

* Person 1 gets Good A.
* Person 2 gets Goods B, D, and E.
* Person 3 gets Good C. 

This results in a total value of 144. 
",0,1,2,3,2,2
79,"Here's how we can find the allocation that maximizes the total value:

**1. Create a Table**

It's helpful to visualize the values each person assigns to each good:

| Good | Person 1 | Person 2 | Person 3 |
|---|---|---|---|
| A | 40 | 14 | 10 |
| B | 2  | 26 | 26 |
| C | 3  | 8  | 26 |
| D | 25 | 26 | 12 |
| E | 30 | 26 | 26 |

**2. Identify the Highest Value for Each Good**

* **Good A:** Person 1 values it most (40)
* **Good B:** Person 2 and Person 3 tie (26) 
* **Good C:** Person 3 values it most (26)
* **Good D:** Person 2 values it most (26)
* **Good E:** Person 1, Person 2, and Person 3 tie (26)

**3. Resolve Ties (if any)**

* **Good B:** Both Person 2 and 3 value Good B at 26. We can choose either person, as it won't affect the total value. Let's assign it to Person 2. 
* **Good E:** All three people value it at 26. Again, the choice doesn't affect the total. Let's assign it to Person 1.

**4. The Optimal Allocation**

* **Person 1:** Good A (40) + Good E (30) = **70**
* **Person 2:** Good B (26) + Good D (26) = **52**
* **Person 3:** Good C (26) = **26**

**5. Calculate Total Value**

The total value of this allocation is 70 + 52 + 26 = **148**

**Conclusion:**

This allocation maximizes the total value derived by all individuals. It ensures that the goods go to the people who value them the most, thus creating the highest overall satisfaction. 
",0,1,2,3,2,1
80,"Here's how to determine the allocation that maximizes the total value:

**1. Create a Table:**

| Good | Person 1 | Person 2 | Person 3 |
|---|---|---|---|
| A | 40 | 14 | 10 |
| B | 2  | 26 | 26 |
| C | 3  | 8  | 26 |
| D | 25 | 26 | 12 |
| E | 30 | 26 | 26 |

**2.  Identify the Highest Value for Each Good:**

* **Good A:** Person 1 values it highest (40)
* **Good B:** Person 2 and Person 3 tie (26)
* **Good C:** Person 3 values it highest (26)
* **Good D:** Person 2 values it highest (26)
* **Good E:** Person 2 and Person 3 tie (26)

**3. Resolve Ties:**

* **Good B:**  Both Person 2 and 3 value it at 26.  We need to look at their other allocations. Since Person 3 will get Good C (higher value), it makes sense to give Good B to Person 2.
* **Good E:** Similar to Good B, both Person 2 and 3 value it at 26. Since Person 2 will get Good D (higher value), it makes sense to give Good E to Person 3.

**4. Final Allocation:**

* **Person 1:** Good A (Value 40)
* **Person 2:** Good B (Value 26), Good D (Value 26)
* **Person 3:** Good C (Value 26), Good E (Value 26)

**5. Total Value:**

* **Person 1:** 40
* **Person 2:** 26 + 26 = 52
* **Person 3:** 26 + 26 = 52
* **Total:** 40 + 52 + 52 = **144**

**Therefore, the allocation that maximizes the sum of values is:**

* Person 1 gets Good A.
* Person 2 gets Good B and Good D.
* Person 3 gets Good C and Good E. 

**This allocation results in a total value of 144.** 
",0,1,2,3,2,3
81,"Here's how we can find the allocation that maximizes the total value:

**1. Create a Table:**

| Good | Person 1 | Person 2 | Person 3 |
|---|---|---|---|
| A | 40 | 14 | 10 |
| B | 2  | 26 | 26 |
| C | 3  | 8  | 26 |
| D | 25 | 26 | 12 |
| E | 30 | 26 | 26 |

**2.  Identify the Highest Value for Each Good:**

* **Good A:** Person 1 (40)
* **Good B:** Person 2 & Person 3 (Tie - 26)
* **Good C:** Person 3 (26)
* **Good D:** Person 2 (26)
* **Good E:** Person 1, Person 2 & Person 3 (Three-way Tie - 26)

**3. Resolve Ties:**

* **Good B:**  Both Person 2 and Person 3 value Good B equally. We can choose either person; it won't affect the total value.
* **Good E:**  All three individuals value Good E equally. Again, we can choose arbitrarily. 

**4. Optimal Allocation:**

* **Person 1:** Good A, Good E 
* **Person 2:** Good B, Good D
* **Person 3:** Good C

**5. Calculate Total Value:**

* **Person 1:** 40 (Good A) + 30 (Good E) = 70
* **Person 2:** 26 (Good B) + 26 (Good D) = 52
* **Person 3:** 26 (Good C) = 26

**Total Value = 70 + 52 + 26 = 148**

**Conclusion:**

The allocation that maximizes the sum of values is as described above, resulting in a total value of 148. 
",0,1,2,3,2,1
82,"Here's how to find the allocation that maximizes the total value:

**1. Create a Table:**

| Good  | Person 1 | Person 2 | Person 3 |
|-------|----------|----------|----------|
|   A   |    40    |    14    |    10    |
|   B   |     2     |    26    |    26    |
|   C   |     3     |     8    |    26    |
|   D   |    25    |    26    |    12    |
|   E   |    30    |    26    |    26    |

**2. Identify the Highest Value for Each Good:**

* **Good A:** Person 1 (40)
* **Good B:** Person 2 & Person 3 (Tie at 26)
* **Good C:** Person 3 (26)
* **Good D:** Person 2 (26) 
* **Good E:** Person 1, Person 2 & Person 3 (Three-way tie at 26)

**3. Resolve Ties and Allocate:**

* **Good A:** Goes to Person 1 (40)
* **Good B:**  Allocate to either Person 2 or 3 (both value it at 26)
* **Good C:** Goes to Person 3 (26)
* **Good D:** Goes to Person 2 (26)
* **Good E:** Allocate to either Person 1, Person 2, or Person 3 (all value it at 26)

**Possible Optimal Allocations:**

Since we have ties, there are multiple allocations that maximize value:

**Option 1:**

* **Person 1:** Good A, Good E (40 + 26 = 66)
* **Person 2:** Good D (26)
* **Person 3:** Good B, Good C (26 + 26 = 52) 
   * **Total Value: 144**

**Option 2:**

* **Person 1:** Good A  (40)
* **Person 2:** Good B, Good D, Good E (26 + 26 + 26 = 78)
* **Person 3:** Good C (26)
   * **Total Value: 144**

**Option 3 (and other variations):** 

You can create other optimal allocations by switching Good E between Person 1, Person 2, and Person 3, and switching Good B between Person 2 and Person 3.

**Conclusion:**

The key is to ensure Goods B and E go to someone who values them at 26. All optimal allocations achieve a total value of **144**. 
",0,1,2,3,2,1
83,"Here's how we can determine the allocation that maximizes the total value:

**1. Create a Table:**

| Good  | Person 1 | Person 2 | Person 3 |
|-------|----------|----------|----------|
|   A   |    40    |    14    |    10    |
|   B   |     2    |    26    |    26    |
|   C   |     3    |     8    |    26    |
|   D   |    25    |    26    |    12    |
|   E   |    30    |    26    |    26    |

**2. Identify the Highest Value for Each Good:**

* **Good A:** Person 1 (40)
* **Good B:** Person 2 & Person 3 (Tie - 26)
* **Good C:** Person 3 (26)
* **Good D:** Person 2 (26)
* **Good E:** Person 1, Person 2, & Person 3 (Three-way tie - 26)

**3. Resolve Ties:**

* **Good B:**  Both Person 2 and Person 3 value Good B equally. We can arbitrarily assign it to either. Let's give it to Person 2 for now.
* **Good E:** All three people value Good E equally. Again, we can arbitrarily assign it. Let's give it to Person 1.

**4. Optimal Allocation:**

* **Person 1:** Good A (40) + Good E (30) = **70**
* **Person 2:** Good B (26) + Good D (26) = **52**
* **Person 3:** Good C (26) = **26**

**5. Total Value:** 70 + 52 + 26 = **148**

**Therefore, the allocation that maximizes the sum of values is:**

* **Person 1:** Goods A and E
* **Person 2:** Goods B and D
* **Person 3:** Good C

**This allocation results in a total value of 148.** 
",0,1,2,3,2,1
84,"Here's how we can determine the allocation that maximizes the total value:

**1. Create a Table:**

| Good | Person 1 | Person 2 | Person 3 |
|---|---|---|---|
| A | 40 | 14 | 10 |
| B | 2  | 26 | 26 |
| C | 3  | 8  | 26 |
| D | 25 | 26 | 12 |
| E | 30 | 26 | 26 |

**2. Identify the Highest Value for Each Good:**

* **Good A:** Person 1 (40)
* **Good B:** Person 2 & Person 3 (Tied at 26) 
* **Good C:** Person 3 (26)
* **Good D:** Person 2 (26)
* **Good E:** Person 1, Person 2 & Person 3 (All tied at 26)

**3. Resolve Ties (and Avoid Conflicts):**

* **Good B:** Both Person 2 and 3 equally value Good B. However, Person 2 has a higher value for Good D than Person 3.  To maximize total value, we'll assign Good B to Person 2 and Good D to Person 2.
* **Good E:** All three individuals value Good E equally. Since Person 1 has the highest value for Good A and Person 3 has the highest value for Good C, assigning Good E to either of them won't change the overall sum. We can arbitrarily assign it to Person 1.

**4. Final Allocation:**

* **Person 1:** Good A (40) + Good E (30) = **70**
* **Person 2:** Good B (26) + Good D (26) = **52**
* **Person 3:** Good C (26) = **26**

**5. Total Value:** 70 + 52 + 26 = **148**

**Therefore, the allocation that maximizes the sum of values is:**

* **Person 1:** Good A, Good E
* **Person 2:** Good B, Good D
* **Person 3:** Good C 

**This allocation results in a total value of 148.** 
",0,1,2,3,2,1
85,"Here's how we can determine the allocation that maximizes the total value:

**1. Create a Table:**

| Good | Person 1 | Person 2 | Person 3 |
|---|---|---|---|
| A | 40 | 14 | 10 |
| B | 2  | 26 | 26 |
| C | 3  | 8  | 26 |
| D | 25 | 26 | 12 |
| E | 30 | 26 | 26 |

**2. Find the Highest Value for Each Good:**

* **Good A:** Person 1 (40)
* **Good B:** Person 2 & Person 3 (Tie at 26)
* **Good C:** Person 3 (26)
* **Good D:** Person 2 (26) 
* **Good E:** Person 1, Person 2 & Person 3 (Tie at 26)

**3. Resolve Ties (where applicable):**

* **Good B:**  Both Person 2 and Person 3 value Good B at 26. We can arbitrarily choose to give it to Person 2. 
* **Good E:** All three individuals value Good E at 26. Again, we can arbitrarily choose to give it to Person 1. 

**4. Final Allocation:**

* **Person 1:** Good A (40) + Good E (30) = **Total Value: 70**
* **Person 2:** Good B (26) + Good D (26) = **Total Value: 52**
* **Person 3:** Good C (26) = **Total Value: 26**

**5. Total Value Achieved:** 70 + 52 + 26 = **148**

**Therefore, the allocation that maximizes the sum of values is:**

* **Person 1:**  Good A, Good E
* **Person 2:**  Good B, Good D
* **Person 3:**  Good C 

This allocation achieves a total combined value of **148**. 
",0,1,2,3,2,1
86,"Here's how we can determine the allocation that maximizes total value:

**1. Create a Table:**

| Good | Person 1 | Person 2 | Person 3 |
|---|---|---|---|
| A | 40 | 14 | 10 |
| B | 2  | 26 | 26 |
| C | 3  | 8  | 26 |
| D | 25 | 26 | 12 |
| E | 30 | 26 | 26 |

**2. Find the Highest Value for Each Good:**

* **Good A:** Person 1 values it the most (40).
* **Good B:** Person 2 and Person 3 both value it the most (26).
* **Good C:** Person 3 values it the most (26).
* **Good D:** Person 2 values it the most (26). 
* **Good E:** Person 1, Person 2, and Person 3 all value it equally (26).

**3. Allocate Goods Based on Highest Value:**

* **Person 1:** Gets Good A (40)
* **Person 2:** Gets Good D (26) - Since Person 2 and Person 3 tie for Good B, we can arbitrarily choose Person 2 to receive it. This doesn't affect the total value. 
* **Person 3:** Gets Good C (26)
* **Unallocated:** Good B and Good E

**4. Address Unallocated Goods:**

* **Good B:** While both Person 2 and Person 3 value it at 26, Person 2 already has a good. Giving it to Person 3 increases the total value.
* **Good E:** All three people value it equally. We can arbitrarily assign it to any of them. 

**Final Allocation:**

* **Person 1:** Good A (value 40)
* **Person 2:** Good B (value 26) and Good D (value 26)
* **Person 3:** Good C (value 26) and Good E (value 26)

**Total Value:** 40 + 26 + 26 + 26 + 26 = **144**

This allocation maximizes the total value all individuals derive from the goods. 
",0,1,2,3,2,3
87,"Here's how we can determine the allocation that maximizes the total value:

**1. Create a Table:**

| Good | Person 1 | Person 2 | Person 3 |
|---|---|---|---|
| A | 40 | 14 | 10 |
| B | 2  | 26 | 26 |
| C | 3  | 8  | 26 |
| D | 25 | 26 | 12 |
| E | 30 | 26 | 26 |

**2. Analyze Each Good:**

* **Good A:** Person 1 values it the most (40).
* **Good B:** Person 2 and Person 3 have the highest and equal value (26). 
* **Good C:** Person 3 values it the most (26).
* **Good D:** Person 2 has the highest value (26).
* **Good E:** Person 1, Person 2, and Person 3 have the highest and equal value (26).

**3. Determine the Optimal Allocation:**

* **Good A to Person 1:** This maximizes the value derived from Good A.
* **Good B to Person 2 or Person 3:**  Both have equal valuation.  We'll assign it to Person 2 for now, but this could be switched.
* **Good C to Person 3:**  This maximizes the value from Good C.
* **Good D to Person 2:** This maximizes the value from Good D.
* **Good E to Person 1, Person 2, or Person 3:** All have equal valuations. We'll assign it to Person 3, but this could also be switched with Person 1.

**4. Calculate Total Value:**

* Person 1: Good A (40) +  Good E (30) = 70
* Person 2: Good B (26) + Good D (26) = 52
* Person 3: Good C (26)  = 26

Total Value = 70 + 52 + 26 = **148**

**Final Allocation:**

* **Person 1:** Good A, Good E
* **Person 2:** Good B, Good D
* **Person 3:** Good C 

**Important Note:** There could be alternative allocations with the same maximum total value (148) due to ties in valuations. For example, we could have given Good B to Person 3 and Good E to Person 2, and the total value would remain the same. 
",0,1,2,3,2,3
88,"Here's how we can determine the allocation that maximizes the total value:

**1. Create a Table:**

| Good | Person 1 | Person 2 | Person 3 |
|---|---|---|---|
| A | 40 | 14 | 10 |
| B | 2  | 26 | 26 |
| C | 3  | 8  | 26 |
| D | 25 | 26 | 12 |
| E | 30 | 26 | 26 |

**2. Analyze Each Good:**

* **Good A:** Person 1 values it the most (40).
* **Good B:** Person 2 and Person 3 both value it equally at 26 (highest).
* **Good C:** Person 3 values it the most (26).
* **Good D:** Person 2 values it the most (26). 
* **Good E:** Person 1, Person 2, and Person 3 value it equally at 26 (highest).

**3. Resolve Ties:**

* **Good B:**  We have a tie. Since we aim to maximize the *total* value, it doesn't matter who gets it between Person 2 and Person 3. Let's arbitrarily assign it to Person 2.
* **Good E:** Another tie. Again, let's arbitrarily assign it to Person 1.

**4.  Final Allocation:**

* **Person 1:** Good A, Good E (Total Value: 40 + 30 = 70)
* **Person 2:** Good B, Good D (Total Value: 26 + 26 = 52)
* **Person 3:** Good C (Total Value: 26)

**5. Total Value:**

The total value derived from this allocation is 70 + 52 + 26 = **148**

**Therefore, the allocation that maximizes the sum of values is:**

* **Person 1:** Good A, Good E
* **Person 2:** Good B, Good D
* **Person 3:** Good C 
",0,1,2,3,2,1
89,"Here's how we can determine the allocation that maximizes the total value:

**1. Create a Table:**

| Good | Person 1 | Person 2 | Person 3 |
|---|---|---|---|
| A | 40 | 14 | 10 |
| B | 2  | 26 | 26 |
| C | 3  | 8  | 26 |
| D | 25 | 26 | 12 |
| E | 30 | 26 | 26 |

**2.  Identify the Highest Value for Each Good:**

* **Good A:** Person 1 (40)
* **Good B:** Person 2 & Person 3 (Tie - 26) 
* **Good C:** Person 3 (26)
* **Good D:** Person 2 (26)
* **Good E:** Person 1, Person 2 & Person 3 (Three-way tie - 26)

**3.  Resolve Ties and Allocate:**

* **Good A:** Goes to Person 1 
* **Good B:** We need to decide between Person 2 and 3.  Let's look at their other values. Person 3 has a higher value for Good C, so to potentially maximize total value, we'll give Good B to Person 2.
* **Good C:** Goes to Person 3.
* **Good D:** Goes to Person 2.
* **Good E:** We have a three-way tie. Since Person 1 has the highest unmatched value (and no other goods allocated to them yet), we'll give Good E to Person 1.

**4. Final Allocation:**

* **Person 1:** Good A (40) + Good E (30) = **Total Value: 70**
* **Person 2:** Good B (26) + Good D (26) = **Total Value: 52**
* **Person 3:** Good C (26) = **Total Value: 26**

**5. Total Value Maximized:** 70 + 52 + 26 = **148**

**Therefore, the allocation that maximizes the sum of values is:**

* **Person 1:** Good A, Good E
* **Person 2:** Good B, Good D
* **Person 3:** Good C 
",0,1,2,3,2,1
90,"Here's how to determine the allocation that maximizes the total value:

**1. Create a Table:**

| Good | Person 1 | Person 2 | Person 3 |
|---|---|---|---|
| A | 40 | 14 | 10 |
| B | 2  | 26 | 26 |
| C | 3  | 8  | 26 |
| D | 25 | 26 | 12 |
| E | 30 | 26 | 26 |

**2. Identify the Highest Value for Each Good:**

* **Good A:** Person 1 (40)
* **Good B:** Person 2 & Person 3 (Tie - 26) 
* **Good C:** Person 3 (26)
* **Good D:** Person 2 (26)
* **Good E:** Person 1, Person 2, & Person 3 (Three-way Tie - 26)

**3. Resolve Ties:**

* **Good B:** Both Person 2 and Person 3 value Good B equally. We can arbitrarily choose to allocate it to Person 2.
* **Good E:** All three individuals value Good E equally.  Again, we can arbitrarily choose to allocate it to Person 1.

**4. Final Allocation:**

* **Person 1:** Good A (40) + Good E (30) = **Total Value: 70**
* **Person 2:** Good B (26) + Good D (26) = **Total Value: 52**
* **Person 3:** Good C (26) = **Total Value: 26**

**5. Total Value Achieved:** 70 + 52 + 26 = **148**

**Therefore, the allocation that maximizes the sum of values is:**

* **Person 1:** Goods A and E
* **Person 2:** Goods B and D
* **Person 3:** Good C

This allocation results in a total combined value of 148. 
",0,1,2,3,2,1
91,"Here's how we can determine the allocation that maximizes the total value:

**1. Create a Table:**

| Good | Person 1 | Person 2 | Person 3 |
|---|---|---|---|
| A | 40 | 14 | 10 |
| B | 2  | 26 | 26 |
| C | 3  | 8  | 26 |
| D | 25 | 26 | 12 |
| E | 30 | 26 | 26 | 

**2. Analyze Each Good:**

* **Good A:** Person 1 values it the most (40).
* **Good B:** Both Person 2 and Person 3 value it the most (26).
* **Good C:** Person 3 values it the most (26).
* **Good D:** Person 2 values it the most (26). 
* **Good E:** Person 1, Person 2, and Person 3 all value it equally (26).

**3. Determine the Optimal Allocation:**

* **Person 1:** Receives Good A (40) 
* **Person 2:** Receives Good D (26)
* **Person 3:** Receives Good C (26)

**Goods B and E are not allocated because in all possible scenarios, allocating either good would result in a lower total value.**

**4. Calculate Total Value:**

* Person 1: 40
* Person 2: 26
* Person 3: 26
* **Total Value: 92**

**Therefore, the allocation that maximizes the sum of values is:**

* **Person 1: Good A**
* **Person 2: Good D**
* **Person 3: Good C**

**This allocation results in a total value of 92.** 
",0,1,None,3,2,None
92,"Here's how we can determine the allocation that maximizes the total value:

**1. Create a Table**

To visualize the problem, let's organize the values in a table:

| Good | Person 1 | Person 2 | Person 3 |
|---|---|---|---|
| Good A | 40 | 14 | 10 |
| Good B | 2  | 26 | 26 |
| Good C | 3  | 8  | 26 |
| Good D | 25 | 26 | 12 |
| Good E | 30 | 26 | 26 |

**2. Identify the Highest Value for Each Good**

* **Good A:** Person 1 (40)
* **Good B:** Person 2 and Person 3 (tied at 26)
* **Good C:** Person 3 (26)
* **Good D:** Person 2 (26)
* **Good E:** Person 1, Person 2, and Person 3 (tied at 26)

**3.  Resolve Ties and Allocate Goods**

* **Good A:** Clearly goes to Person 1.
* **Good B:**  We have a tie. To maximize total value, we can give it to either Person 2 or Person 3. 
* **Good C:** Goes to Person 3.
* **Good D:** Goes to Person 2.
* **Good E:** Another tie. We can give it to any of the three people.

**4.  Optimal Allocation(s)**

Given the ties, we have a few optimal allocations that all yield the same maximum total value:

**Option 1:**

* Person 1: Good A, Good E
* Person 2: Good D 
* Person 3: Good B, Good C 

**Option 2:**

* Person 1: Good A
* Person 2: Good B, Good D, Good E
* Person 3: Good C 

**Option 3:**

* Person 1: Good A 
* Person 2: Good D
* Person 3: Good B, Good C, Good E

**5. Calculate Total Value**

Let's calculate the total value for one of the options (the others will be the same):

* **Option 1:** 40 (A) + 30 (E) + 26 (D) + 26 (B) + 26 (C) = **148**

**Conclusion**

The maximum total value achievable is 148. There are multiple ways to allocate the goods to reach this maximum value. 
",0,1,3,3,2,1
93,"Here's how to determine the allocation that maximizes the total value:

**1. Create a Table:**

| Good | Person 1 | Person 2 | Person 3 |
|---|---|---|---|
| A | 40 | 14 | 10 |
| B | 2  | 26 | 26 |
| C | 3  | 8  | 26 |
| D | 25 | 26 | 12 |
| E | 30 | 26 | 26 |

**2. Identify the Highest Value for Each Good:**

* **Good A:** Person 1 (40)
* **Good B:** Person 2 or Person 3 (Tie at 26)
* **Good C:** Person 3 (26)
* **Good D:** Person 2 (26) 
* **Good E:** Person 1, Person 2, or Person 3 (Three-way tie at 26)

**3. Resolve Ties:**

* **Good B:** Both Person 2 and Person 3 value Good B equally. We can choose either person to receive it. Let's arbitrarily assign Good B to Person 2.
* **Good E:**  All three individuals value Good E equally. Again, we can choose arbitrarily. Let's assign Good E to Person 1.

**4. Final Allocation:**

* **Person 1:** Good A (40) + Good E (30) = **Total Value: 70**
* **Person 2:** Good B (26) + Good D (26) = **Total Value: 52**
* **Person 3:** Good C (26) = **Total Value: 26**

**5. Total Value Maximized:**

The sum of the values for this allocation is 70 + 52 + 26 = **148**

**Therefore, the allocation that maximizes the sum of values is:**

* **Person 1:** Goods A and E
* **Person 2:** Goods B and D
* **Person 3:** Good C 
",0,1,2,3,2,1
94,"Here's how to find the allocation that maximizes the total value:

**1. Create a Table:**

| Good | Person 1 | Person 2 | Person 3 |
|---|---|---|---|
| A | 40 | 14 | 10 |
| B | 2  | 26 | 26 |
| C | 3  | 8  | 26 |
| D | 25 | 26 | 12 |
| E | 30 | 26 | 26 |

**2. Identify the Highest Value for Each Good:**

* **Good A:** Person 1 (40)
* **Good B:** Person 2 & Person 3 (Tie at 26) 
* **Good C:** Person 3 (26)
* **Good D:** Person 2 (26)
* **Good E:** Person 1, Person 2 & Person 3 (Three-way tie at 26)

**3. Resolve Ties (Where Applicable):**

* **Good B:**  Both Person 2 and Person 3 value Good B at 26. We can arbitrarily choose to give it to Person 2.
* **Good E:** All three people value Good E equally. We can arbitrarily choose to give it to Person 1.

**4. Final Allocation:**

* **Person 1:** Good A (40) + Good E (30) = **Total Value: 70**
* **Person 2:** Good B (26) + Good D (26) = **Total Value: 52**
* **Person 3:** Good C (26) = **Total Value: 26**

**5. Calculate Total Value:**

70 (Person 1) + 52 (Person 2) + 26 (Person 3) = **148**

**Therefore, the allocation that maximizes the sum of values is:**

* **Person 1:** Good A, Good E
* **Person 2:** Good B, Good D
* **Person 3:** Good C

**This allocation results in a total value of 148.** 
",0,1,2,3,2,1
95,"Here's how to determine the allocation that maximizes the total value:

**1. Create a Table:**

| Good | Person 1 | Person 2 | Person 3 |
|---|---|---|---|
| A | 40 | 14 | 10 |
| B | 2  | 26 | 26 |
| C | 3  | 8  | 26 |
| D | 25 | 26 | 12 |
| E | 30 | 26 | 26 |

**2. Identify the Highest Value for Each Good:**

* **Good A:** Person 1 (40)
* **Good B:** Person 2 & Person 3 (Tie at 26)
* **Good C:** Person 3 (26)
* **Good D:** Person 2 (26) 
* **Good E:** Person 1, Person 2 & Person 3 (Three-way tie at 26)

**3. Resolve Ties:**

* **Good B:**  Both Person 2 and Person 3 value Good B equally. We can arbitrarily choose to give it to Person 2.
* **Good E:** All three people value Good E equally. Again, we can arbitrarily choose to give it to Person 1. 

**4. Optimal Allocation:**

* **Person 1:** Good A (40) + Good E (30) = **Total Value: 70**
* **Person 2:** Good B (26) + Good D (26) = **Total Value: 52**
* **Person 3:** Good C (26) = **Total Value: 26**

**5. Total Value for All Individuals:** 70 + 52 + 26 = **148**

**Therefore, the allocation that maximizes the sum of values is:**

* **Person 1:**  Goods A and E
* **Person 2:**  Goods B and D
* **Person 3:**  Good C

This allocation results in a total combined value of 148. 
",0,1,2,3,2,1
96,"Here's how to determine the allocation that maximizes the total value:

**1. Create a Table:**

| Good | Person 1 | Person 2 | Person 3 |
|---|---|---|---|
| A | 40 | 14 | 10 |
| B | 2  | 26 | 26 |
| C | 3  | 8  | 26 |
| D | 25 | 26 | 12 |
| E | 30 | 26 | 26 |

**2. Identify the Highest Value for Each Good:**

* **Good A:** Person 1 (40)
* **Good B:** Person 2 & Person 3 (Tie - 26)
* **Good C:** Person 3 (26)
* **Good D:** Person 2 (26)
* **Good E:** Person 1, Person 2 & Person 3 (Three-way Tie - 26)

**3. Resolve Ties:**

* **Good B:** Both Person 2 and 3 value it equally. We can choose either, as it doesn't affect the total value.
* **Good E:** All three value it equally. Again, the choice doesn't affect the total value.

**4. Optimal Allocation:**

* **Person 1:** Good A (40) 
* **Person 2:** Good B (26) and Good D (26)
* **Person 3:** Good C (26) and Good E (26)

**5. Calculate Total Value:**

* Person 1: 40
* Person 2: 26 + 26 = 52
* Person 3: 26 + 26 = 52
* **Total Value: 40 + 52 + 52 = 144**

**Therefore, the allocation that maximizes the sum of values is:**

* **Person 1:** Good A
* **Person 2:** Good B and Good D
* **Person 3:** Good C and Good E

**This allocation results in a total value of 144.** 
",0,1,2,3,2,3
97,"Here's how we can determine the allocation that maximizes the total value:

**1. Create a Table:**

It's helpful to visualize the values each person has for each good:

| Good | Person 1 | Person 2 | Person 3 |
|---|---|---|---|
| A | 40 | 14 | 10 |
| B | 2  | 26 | 26 |
| C | 3  | 8  | 26 |
| D | 25 | 26 | 12 |
| E | 30 | 26 | 26 |

**2. Identify the Highest Value for Each Good:**

* **Good A:** Person 1 (40)
* **Good B:** Person 2 & Person 3 (Tied at 26)
* **Good C:** Person 3 (26)
* **Good D:** Person 2 (26)
* **Good E:** Person 2 & Person 3 (Tied at 26) 

**3. Resolve Ties and Allocate:**

* **Good A:** Goes to Person 1 
* **Good B:** We need to decide between Person 2 and 3. Let's look at their other potential allocations. Person 2 also has the highest value for Good D.  Person 3 has the highest value for Good C. To maximize total value, we should:
    * Give Good B to Person 2
    * Give Good C to Person 3
* **Good D:** Goes to Person 2
* **Good E:** We need to decide again between Person 2 and 3. Since Person 2 already has two goods, we'll give Good E to Person 3.

**4. Final Allocation:**

* **Person 1:** Good A (Value 40)
* **Person 2:** Good B (Value 26), Good D (Value 26)
* **Person 3:** Good C (Value 26), Good E (Value 26)

**5. Total Value:**

40 + 26 + 26 + 26 + 26 = **144**

**This allocation maximizes the sum of values derived by all individuals, resulting in a total value of 144.** 
",0,1,2,3,2,3
98,"Here's how we can find the allocation that maximizes the total value:

**1. Create a Table:**

Organize the information into a table for easy comparison:

| Good | Person 1 | Person 2 | Person 3 |
|---|---|---|---|
| A | 40 | 14 | 10 |
| B | 2 | 26 | 26 |
| C | 3 | 8 | 26 |
| D | 25 | 26 | 12 |
| E | 30 | 26 | 26 |

**2. Identify the Highest Value for Each Good:**

* **Good A:** Person 1 values it the most (40).
* **Good B:** Person 2 and Person 3 value it equally the most (26). 
* **Good C:** Person 3 values it the most (26).
* **Good D:** Person 2 values it the most (26).
* **Good E:** Person 2 and Person 3 value it equally the most (26).

**3.  Allocate Based on Highest Value and Resolve Ties:**

* **Good A** goes to Person 1 (40).
* **Good B** could go to either Person 2 or Person 3. We'll come back to this. 
* **Good C** goes to Person 3 (26).
* **Good D** goes to Person 2 (26).
* **Good E** could go to either Person 2 or Person 3. We'll come back to this.

**4.  Resolve Ties to Maximize Total Value:**

*  We need to decide between Person 2 and Person 3 for Goods B and E.
* **Scenario 1: Good B to Person 2, Good E to Person 3:** Total value = 40 (A) + 26 (B) + 26 (C) + 26 (D) + 26 (E) = 144
* **Scenario 2: Good B to Person 3, Good E to Person 2:** Total value = 40 (A) + 26 (B) + 26 (C) + 26 (D) + 26 (E) = 144

Both scenarios yield the same total value.

**Optimal Allocation:**

* **Person 1:** Good A
* **Person 2:** Good D, and either Good B or Good E 
* **Person 3:** Good C, and either Good B or Good E

**Maximum Total Value:** 144 
",0,1,2,3,2,3
99,"Here's how to determine the allocation maximizing the total value:

**1. Create a table:**

| Good | Person 1 | Person 2 | Person 3 |
|---|---|---|---|
| A | 40 | 14 | 10 |
| B | 2  | 26 | 26 |
| C | 3  | 8  | 26 |
| D | 25 | 26 | 12 |
| E | 30 | 26 | 26 | 

**2.  Identify the highest value for each good:**

* **Good A:** Person 1 (40)
* **Good B:** Person 2 & Person 3 (Tie at 26) 
* **Good C:** Person 3 (26)
* **Good D:** Person 2 (26)
* **Good E:** Person 1, Person 2 & Person 3 (Three-way tie at 26)

**3. Resolve ties (if any):**

* **Good B:** Both Person 2 and Person 3 value Good B equally. We can arbitrarily assign it to Person 2.
* **Good E:**  We have a three-way tie. Since Person 1 has the highest overall value for Good E compared to their other valuations, we assign Good E to Person 1. 

**4. Final Allocation:**

* **Person 1:** Good A (40) + Good E (30) = **Total Value: 70**
* **Person 2:** Good B (26) + Good D (26) = **Total Value: 52**
* **Person 3:** Good C (26) = **Total Value: 26**

**5. Total Value Achieved:** 70 + 52 + 26 = **148**

**Therefore, the allocation maximizing the sum of values is:**

* **Person 1:** Goods A and E
* **Person 2:** Goods B and D
* **Person 3:** Good C 

This allocation results in a total value of 148. 
",0,1,2,3,2,1
