,Text,Tokens,Good A,Good B,Good C
0,"Here's a breakdown of the problem and some allocation approaches I'd consider, keeping in mind the goal of fairness:

**Understanding the Problem**

* **Indivisible Goods:** We can't split the goods. It's all or nothing.
* **Subjective Value:**  Each person values the goods differently.
* **Fairness:** There are multiple interpretations of ""fair."" We need to choose a principle to guide our allocation.

**Possible Allocation Approaches**

Here are a few approaches with their justifications:

1. **Maximize Total Value (Utilitarian Approach)**

   * **Idea:** Allocate goods to maximize the combined value for both people. 
   * **Allocation:**
      * Person 1 gets Good A (80)
      * Person 2 gets Good B (60)
      * Good C is not allocated (no one gains significant value)
   * **Total Value:** 140
   * **Justification:** This approach maximizes overall ""happiness"" or utility, even if one person gets slightly more.

2. **Prioritize the Highest Individual Value**

   * **Idea:**  Ensure the good most valuable to *someone* is allocated.
   * **Allocation:**
      * Person 1 gets Good A (80)
      * Person 2 gets Good B (60)
      * Good C is not allocated 
   * **Justification:**  This recognizes the significance of a good being highly valued by at least one person. 

3. **""Envy-Free"" Allocation (Difficult in this Case)**

   * **Idea:** Allocate so that no person would rather have the other person's goods.
   * **Challenge:**  Difficult to achieve here. Person 1 will always envy Person 2's Good B and vice versa.
   * **Possible Compromise:**  Since a perfectly envy-free allocation isn't possible, we might fall back to maximizing total value.

**My Decision (and Why)**

In this specific scenario, I would likely choose **approach 1 (maximizing total value)**.  Here's why:

* **Significant Value Difference:** Person 1 values Good A significantly more than Person 2. 
* **Minimal Loss on Good C:** While both people value Good C, neither of them assigns it a very high value. Not allocating it doesn't result in a major loss.

**Important Considerations:**

* **Real-world Context:** If this were a real-world situation, I'd talk to the individuals. Understanding their reasons for valuing the goods might reveal a fairer solution.
* **Fairness is Subjective:** There's rarely a single ""right"" answer. Transparency about the chosen approach and the reasons behind it is crucial. 

Let me know if you'd like to explore other fairness principles or consider different scenarios! 
",0,1,2,None
1,"Here's how I'd approach this allocation problem, along with my reasoning:

**Understanding Fairness:**

* **Utilitarian Approach:**  Maximize the total value across both people.
* **Egalitarian Approach:** Aim for the most equal distribution of value, even if it means a slightly lower total value.
* **Prioritization:** Are there any external factors that might make one person's need greater (e.g., one person is significantly worse off)?

**Analyzing the Values:**

| Good | Person 1 Value | Person 2 Value |
|---|---|---|
| Good A | 80 | 20 |
| Good B | 5  | 60 |
| Good C | 15 | 20 |

**Proposed Allocation:**

* **Person 1 receives Good A.** This allocates the highest value item to the person who values it most significantly.
* **Person 2 receives Good B.** Similar to Good A, this ensures the good goes where it's valued most.
* **Good C is not allocated (or is left for a later decision).** Neither person has a strong preference for Good C. Not allocating it prevents a minor gain for one person at the expense of a potential feeling of unfairness by the other.

**Reasoning:**

* **Maximizes Total Value:** This allocation achieves a total value of 140 (80 + 60), the highest possible.
* **Addresses Potential Inequality:** While Person 1 receives a higher overall value, not allocating Good C recognizes that Person 2 has a slightly higher value for it. This acknowledges the potential for perceived unfairness.

**Important Considerations:**

* **Communication:** It's crucial to explain this reasoning to both people. Transparency builds trust, even if they don't get their ideal outcome.
* **Context Matters:**  If there were additional factors (like one person being in greater need), the ""fairest"" allocation might shift.

**This solution aims to balance maximizing overall benefit with a degree of fairness in allocation.** 
",0,1,2,None
2,"Here's a breakdown of the problem and a few allocation approaches considering fairness:

**The Challenge:**

* **Indivisibility:**  You can't split the goods. This makes compromise difficult.
* **Subjectivity of Value:**  ""Fairness"" depends on how you prioritize the individuals' preferences and the overall ""social good"" of the allocation.

**Possible Allocation Approaches and Fairness Considerations:**

1. **Maximize Total Value:**

   * Allocate each good to the person who values it most.
   * **Result:** Person 1 gets Good A (80), Person 2 gets Good B (60) and Good C (20).
   * **Fairness Argument:** This creates the highest total value (160) across both people, maximizing overall benefit. However, it might be seen as unfair that Person 1 receives only one good while Person 2 receives two. 

2. **Prioritize the Highest Individual Value:**

   * Identify the single highest valuation any person has for any good (Person 1 values Good A at 80).
   * Allocate that good accordingly.
   * Repeat for the remaining goods.
   * **Result:**  Person 1 gets Good A (80), Person 2 gets Good B (60) and Good C (20). 
   * **Fairness Argument:**  This ensures that the most valued item for each individual is accounted for, but might still result in an uneven distribution of goods.

3. **Consider Proportional Value:**

   * Calculate the percentage each good represents of a person's total valuation.
     * Example: For Person 1, Good A is 80/(80+5+15) = 80% of their total perceived value.
   * Try to allocate goods in a way that roughly aligns with these proportions.
   * **Result:** This is tricky with indivisible goods. You might end up having to make a judgment call based on which allocations feel most proportionally representative. 
   * **Fairness Argument:** This aims for each person to receive a set of goods that reflects their overall preferences, even if the total value isn't perfectly maximized.

**Which is the ""fairest""?**

There's no single right answer. It depends on your values:

* **Utilitarian:** Maximize total value (Approach 1).
* **Egalitarian:**  Focus on a more even distribution of goods, potentially prioritizing the person who gets fewer items (a variation of Approach 2 or 3).
* **Needs-Based:**  Are there any external factors not reflected in the valuations that might make one person ""need"" a particular good more?

**Important Note:**  In a real-world scenario, open communication with Person 1 and Person 2 about their needs and priorities would be crucial for reaching a truly fair and mutually agreeable solution. 
",0,1,2,2
3,"This is a classic resource allocation problem where fairness is key. Here are a couple of approaches I could take, each reflecting a different aspect of fairness:

**Option 1: Maximizing Total Value**

* **Logic:**  Allocate each good to the person who values it most, regardless of how the other goods are allocated. This maximizes the overall ""utility"" derived from the goods.
* **Allocation:**
    * Person 1 gets Good A (80) 
    * Person 2 gets Good B (60)
    * Person 2 gets Good C (20)
* **Justification:** This approach is efficient. It ensures no value is wasted, as each good goes to the person who benefits most. 
* **Potential Drawback:** Person 2 receives two goods, while Person 1 only receives one. This outcome might be perceived as unfair, even though the total value is maximized.

**Option 2:  Prioritizing the Highest Individual Value**

* **Logic:** Identify the highest individual valuation for any good and prioritize that allocation. Then proceed to the next highest, and so on.
* **Allocation:**
    * Person 1 gets Good A (80 - highest individual valuation)
    * Person 2 gets Good B (60 - second highest)
    * Person 2 gets Good C (20 - remaining good)
* **Justification:** This approach recognizes and prioritizes the most significant individual preferences.
* **Potential Drawback:**  Similar to Option 1, Person 2 receives two goods, which might raise fairness concerns.

**Option 3: Seeking a More Balanced Distribution**

* **Logic:**  Consider the total value each person receives from the allocation to try and create a more even distribution.
* **Allocation:**
    * Person 1 gets Good A (80)
    * Person 2 gets Good B (60)
    * Good C is not allocated (thrown away).
* **Justification:** While this approach doesn't maximize the total value (Good C is wasted), it provides a sense of balance. Person 1 gets their most valued item, and Person 2 gets their most valued item. 
* **Potential Drawback:** Discarding Good C seems wasteful. 

**Important Considerations:**

* **Communication:**  Before finalizing any allocation, I would explain my reasoning to both Person 1 and Person 2. Transparency is essential for fairness. 
* **Negotiation:**  I might encourage Person 1 and Person 2 to discuss potential trades or compromises after the initial allocation. This allows them to factor in their own preferences and priorities.

**In conclusion, there's no single ""fairest"" solution. The best approach depends on the specific definition of fairness being prioritized and a willingness to consider potential compromises.** 
",0,1,2,None
4,"Here's a breakdown of the situation and some approaches to consider for a ""fair"" allocation:

**Understanding the Values**

* **Person 1** highly values Good A (80) while placing lower value on Goods B and C.
* **Person 2** values Good B the most (60), followed by Good C and then Good A.

**Fairness Considerations**

There are several ways to think about fairness in this scenario:

1. **Maximizing Total Value:**  We could aim to allocate the goods in a way that creates the highest total value across both people.
2. **Prioritizing the Most Valued Good:** We could focus on ensuring each person receives the good they value most, even if it means a lower overall value.
3. **Finding a Compromise:**  We could seek a solution where each person gets something they value, even if it's not their absolute top choice.

**Possible Allocation Scenarios**

Let's explore some options:

* **Scenario 1: Maximize Total Value**
   * Person 1 gets Good A (80)
   * Person 2 gets Good B (60)
   * Good C is not allocated.
   * **Total Value: 140** 

* **Scenario 2: Prioritize Most Valued Goods**
   * Person 1 gets Good A (80)
   * Person 2 gets Good B (60)
   * Good C is not allocated.
   * **Total Value: 140** (same as Scenario 1)

* **Scenario 3: Compromise**
    * Person 1 gets Good C (15) 
    * Person 2 gets Good B (60)
    * Good A is not allocated.
    * **Total Value: 75**

**Which Scenario is Fairest?**

* **Scenarios 1 & 2** are identical in outcome and maximize the overall value gained. This seems objectively fair from an efficiency standpoint. 
* **Scenario 3** might be perceived as fairer by some because both people receive something. However, it comes at a significant loss of total value.

**My Decision as the Allocator**

I would likely choose **Scenario 1 or 2**.  Here's why:

* **Efficiency:** Maximizing the total value derived from the goods seems like a responsible use of resources.
* **Transparency:** I would explain my reasoning to both people, emphasizing that while I recognize not everyone gets their absolute top choice, the chosen allocation creates the most overall benefit.

**Important Note:**  Fairness is subjective. There's no single ""right"" answer. The best approach often involves open communication and a willingness to consider different perspectives. 
",0,1,2,None
5,"This is a classic allocation problem with no single ""fairest"" solution, as fairness can be defined in several ways. Here's a breakdown of some common approaches and their outcomes for this scenario: 

**1. Maximizing Total Value:**

* **Goal:**  Allocate goods to maximize the combined value for both people.
* **Solution:**
    * Person 1 gets Good A (80)
    * Person 2 gets Good B (60) 
    * Good C is not allocated.
* **Total Value:** 140
* **Pros:**  Efficient use of resources.
* **Cons:** Ignores individual preferences and potential for one person to benefit much more.

**2.  Prioritizing the Less Well-Off:**

* **Goal:**  Allocate to improve the situation of the person with the lowest overall value.
* **Solution:**
    * Person 1 gets Good A (80)
    * Person 2 gets Good B (60) and Good C (20)
* **Total Value:** 160
* **Pros:**  More equitable outcome; Person 2 is better off.
* **Cons:** Potentially less efficient; Person 1 might feel it's unfair they didn't receive more.

**3. Finding a Compromise:**

* **Goal:**  Balance individual preferences and overall value.
* **Solution:**
    * Person 1 gets Good A (80) and Good C (15)
    * Person 2 gets Good B (60)
* **Total Value:** 155
* **Pros:** Both individuals receive something they value.
* **Cons:** Might not perfectly maximize total value or fully address inequity.

**Additional Considerations:**

* **Communication:**  In a real-world scenario, I would talk to Person 1 and Person 2 to understand if they have any priorities or if there's room for negotiation.
* **Context:** The ""fairest"" allocation might depend on the context. Are these resources scarce? Are the individuals facing hardship? 

**Conclusion:**

There is no universally ""correct"" allocation. The fairest approach depends on your definition of fairness and the specific circumstances.  Communicating with the individuals involved is crucial to finding a solution they perceive as fair. 
",0,1,2,1
6,"Here's how I'd approach this allocation problem, along with my reasoning:

**Understanding Fairness:**

* **Utilitarian Approach:** Maximize total value across both individuals. 
* **Egalitarian Approach:** Aim for the ""fairest"" outcome, even if total value is slightly lower. This often involves trying to balance who gets the highest individual benefit.

**Analyzing the Values:**

| Person | Good A | Good B | Good C |
|---|---|---|---|
| Person 1 | 80 | 5  | 15 |
| Person 2 | 20 | 60 | 20 |

**Proposed Allocation:**

* **Person 1 receives Good A:** This is a clear win for Person 1 (80 value) and doesn't disadvantage Person 2 significantly (they only value it at 20).
* **Person 2 receives Good B:**  Similarly, this maximizes value for Person 2 (60) while Person 1 doesn't have a strong preference for it.
* **Good C is left unallocated (or randomly assigned):**  Neither person has a strong preference for Good C, and the difference in their valuations is small.  

**Reasoning:**

This allocation prioritizes the following:

* **Maximizing Overall Value:**  Goods A and B go to the individuals who value them most.
* **Acknowledging Individual Preferences:**  Each person gets something they value significantly more than the other person.
* **Minimizing Potential for Dispute:** By not allocating Good C, we avoid a situation where one person feels significantly ""shortchanged."" 

**Important Considerations:**

* **Context Matters:** If this were a real-world scenario, understanding the *nature* of the goods and the relationship between the individuals would be crucial.
* **Fairness is Subjective:** There's no single ""right"" answer. This allocation aims for a balance between utility and a sense of equitable treatment. 

Let me know if you'd like to explore alternative allocation methods or discuss the ethical implications further! 
",0,1,2,None
7,"Here's how I'd approach this allocation problem, considering fairness as the primary objective:

**Understanding Fairness:**

* **Utilitarian Approach:** Maximize the total value across all individuals.
* **Egalitarian Approach:**  Make the allocation as equal as possible in terms of value received.
* **Envy-Freeness:** Ensure that no individual would prefer another person's allocation over their own.

**Analyzing the Values:**

| Person | Good A | Good B | Good C |
|---|---|---|---|
| Person 1 | 80 | 5 | 15 |
| Person 2 | 20 | 60 | 20 |

**Allocation and Justification:**

1. **Good A to Person 1:** This is a clear choice. Person 1 values Good A significantly higher (80) than Person 2 (20). This aligns with both utilitarian and envy-free principles.

2. **Good B to Person 2:**  Similarly, Person 2 values Good B much higher (60) than Person 1 (5). 

3. **Good C: Point of Contention:** This is where the decision gets trickier.  Person 2 values Good C slightly more than Person 1 (20 vs. 15), but not overwhelmingly so.

   * **Option 1: Allocate Good C to Person 2 (Utilitarian):** This maximizes the total value (20 for Person 2).
   * **Option 2: Allocate Good C to Person 1 (Egalitarian):**  This brings Person 1's total value closer to Person 2's, promoting a more equal distribution.
   * **Option 3:  Don't Allocate Good C:** If fairness is paramount and a clear 'winner' can't be determined, discarding Good C prevents either person from feeling they received a less favorable outcome.

**My Decision (and Why):**

I would likely choose **Option 2: Allocate Good C to Person 1**.  While the utilitarian approach suggests giving it to Person 2, I believe the difference in value is small enough that promoting a more equal distribution feels fairer in this context. It's important to note that this is a subjective judgment call based on my interpretation of fairness.

**Important Considerations:**

* **Communication:** In a real-world scenario, I'd explain my reasoning transparently to both individuals.
* **Context:** The concept of fairness can be influenced by external factors not stated in the problem (e.g., Are these goods essential? Are the individuals facing hardship?). 
",0,1,2,1
8,"Here's how I'd approach this allocation problem, considering fairness, and why my chosen method feels most appropriate:

**Understanding the Challenge:**

* **Indivisibility:** We can't split the goods, making compromise difficult.
* **Subjectivity of Value:**  Value is personal. What one person treasures, another might find less desirable.

**Possible Allocation Methods and Their Fairness Implications:**

1. **Maximizing Total Value:**

   * Give Good A to Person 1 (80 value)
   * Give Good B to Person 2 (60 value)
   * Give Good C to Person 2 (20 value)

   * **Total Value:** 160 
   * **Fairness Concerns:** While this seems efficient, Person 1 gets significantly more value (80 vs 80). This could be perceived as unfair by Person 2.

2. **Prioritizing Individual Happiness:**

   * Give Good A to Person 1 (they value it most)
   * Give Good B to Person 2 (they value it most)
   * Give Good C to Person 1 (it's their second highest valued item)

   * **Fairness Considerations:** Both people get their top preference, and Person 1 gets a slight edge. This feels more balanced than pure value maximization.

3. **Introducing a Lottery System:**

   * Each person gets an equal chance to win each good.

   * **Fairness Considerations:** Perfectly fair in terms of opportunity. However, it might lead to a very inefficient outcome (e.g., Person 2 winning all three goods despite valuing some much less).

**My Decision - A Hybrid Approach for This Scenario:**

In this specific case, I'd lean towards a hybrid of maximizing value and individual happiness:

* **Good A to Person 1:**  The value difference is significant (80 vs 20).
* **Good B to Person 2:**  They value it highly (60), and it's less critical for Person 1 (5). 
* **Good C to Person 2:** While Person 1 likes it, Person 2 gets more value, and this allocation feels more balanced overall.

**Why This Feels Fairest:**

* **Acknowledges Value Discrepancies:** We're not just blindly giving everything to the highest total.
* **Prioritizes High-Impact Items:**  Both people get a good that's very important to them.
* **Aims for Balance:** Person 2 might not have the highest total value, but they get two goods they want, mitigating potential feelings of unfairness.

**Important Note:** Fairness is subjective. A good discussion with Person 1 and Person 2 about their values and priorities would be crucial in a real-world scenario to ensure they feel the allocation is just. 
",0,1,2,2
9,"This is a classic resource allocation problem where fairness is subjective and depends on your priorities. Here's a breakdown of some approaches and why I might choose one:

**Possible Allocation Strategies:**

1. **Maximize Total Value:**

   - Give Good A to Person 1 (80 value)
   - Give Good B to Person 2 (60 value)
   - Give Good C to Person 2 (20 value)

   **Reasoning:** This allocation creates the highest total value (160) across both people. It's focused on maximizing overall benefit, even if one person gets more.

2. **Prioritize the Highest Individual Value:**

   - Give Good A to Person 1 (80 value) 
   - Give Good B to Person 2 (60 value)
   - Don't allocate Good C

   **Reasoning:**  This ensures the goods with the absolute highest value to each individual are allocated.  It might be seen as fairer in a scenario where having *something* is crucial, even if it means discarding a good.

3. **Aim for More Balanced Individual Happiness:**

   - Give Good A to Person 2 (20 value)
   - Give Good B to Person 2 (60 value)
   - Give Good C to Person 1 (15 value) 

   **Reasoning:** While not maximizing total value, this comes closer to equalizing the benefit each person receives (Person 1 gets 95, Person 2 gets 35). This might be considered fairer from a perspective of reducing inequality.

**My Choice and Justification:**

I would lean towards **Option 2: Prioritize the Highest Individual Value**. Here's why:

* **Focus on Needs/Wants:**  The values suggest Good A is significantly more important to Person 1 than to Person 2. Similarly, Good B is far more valuable to Person 2. This allocation might better reflect what each person actually wants or needs. 
* **Avoiding Subjective Comparisons:**  It's hard to say if 80 ""happiness points"" for Person 1 is directly comparable to 60 ""happiness points"" for Person 2.  By focusing on the highest individual values, I avoid making assumptions about the relative intensity of their preferences. 
* **Transparency:** I can easily explain to both people that my goal was to make sure the most valued good for each person was allocated.

**Important Notes:**

* **Context Matters:** In a real-world scenario, understanding the *reasons* behind the values would be crucial. Is Good A essential for Person 1's well-being? Is Good B just a luxury for Person 2?
* **Fairness is Subjective:** There's no universally ""right"" answer. Different people would find different allocation methods fairer based on their values. 
",0,1,2,None
10,"This is a classic resource allocation problem with a fairness objective.  Given that there's no single ""correct"" answer, here's how I would approach finding a fair allocation and the reasoning behind it:

**Principles to Consider**

* **Pareto Efficiency:**  An allocation is Pareto efficient if you cannot make one person better off without making someone else worse off. This is a basic measure of efficiency.
* **Envy-Freeness:** An allocation is envy-free if no one would prefer to have the goods allocated to another person. This promotes a sense of fairness.
* **Maximizing Total Value:** We can aim to allocate goods in a way that maximizes the total value perceived by all individuals. This approach prioritizes overall well-being.

**Analyzing the Valuations**

Let's represent the valuations in a table:

|       | Good A | Good B | Good C |
|-------|--------|--------|--------|
| Person 1 | 80     | 5      | 15     |
| Person 2 | 20     | 60     | 20     |

**Possible Allocation Scenarios**

1. **Maximize Total Value:**
   - Person 1 gets Good A (80)
   - Person 2 gets Good B (60)
   - Good C is not allocated 
   - **Total Value: 140**

2. **Prioritize Envy-Freeness:**
   - Person 1 gets Good A (80) 
   - Person 2 gets Good C (20)
   - Good B is not allocated
   - **Total Value: 100** 

     *Reasoning:* While the total value is lower, this allocation reduces envy. Person 2 might envy Person 1's Good A, but at least they receive a good they value more than Good B (which Person 1 highly values).

**My Decision & Justification**

In this scenario, I would lean towards **Scenario 1 (Maximizing Total Value).** Here's why:

* **Significant Difference in Value:** Person 1 values Good A significantly more than Person 2. Allocating it based on this large difference seems inherently fair.
* **Unallocated Good:** While Good C isn't allocated, neither person places extremely high value on it. Its omission doesn't drastically impact the perceived fairness.

**Important Considerations:**

* **Communication:** In a real-world situation, I'd communicate these allocations and the reasoning to both individuals. Transparency is key in fairness.
* **Context:** The ""fairest"" solution might change depending on the specific relationship between the individuals and any external factors. 

**There's no single right answer, but a well-reasoned, transparent approach that considers efficiency and fairness is crucial.** 
",0,1,2,None
11,"This is a classic resource allocation problem where fairness is a key concern. Here's how I'd approach finding a ""fair"" allocation, acknowledging that there are multiple valid perspectives:

**Understanding Fairness Criteria**

Before allocating, we need to define ""fair."" Here are some common fairness criteria:

* **Utilitarian:** Maximize the total value across all individuals.
* **Egalitarian:** Make the allocation as equal as possible in terms of value received.
* **Envy-Free:** Ensure no individual would rather have the goods allocated to someone else.

**Analyzing the Values**

Let's visualize the values for clarity:

| Person | Good A | Good B | Good C |
|---|---|---|---|
| Person 1 | 80 | 5  | 15 |
| Person 2 | 20 | 60 | 20 |

**Possible Allocations and Fairness Considerations:**

1. **Maximize Total Value (Utilitarian):**

   * **Allocation:** Person 1 gets Good A, Person 2 gets Good B and Good C.
   * **Total Value:** 80 + 60 + 20 = 160
   * **Pros:** Highest overall benefit.
   * **Cons:** Person 1 receives significantly more value (80 vs. 80 for Person 2).

2. **Prioritize High-Value Items (Hybrid Approach):**

   * **Allocation:** Person 1 gets Good A, Person 2 gets Good B. Good C is not allocated.
   * **Total Value:** 80 + 60 = 140
   * **Pros:** Both individuals receive a good they highly value. 
   * **Cons:**  Not maximizing total potential value (Good C is wasted).

3. **Forced Equality (Strictly Egalitarian, Impractical Here):**

   * It's impossible to divide the goods to achieve perfectly equal value. This highlights the limitation of strict egalitarianism in indivisible goods scenarios.

**My Decision and Reasoning:**

In this specific case, I would likely choose **option 2 (Prioritize High-Value Items).** Here's why:

* **Focus on Significant Preferences:** Both individuals receive an item they value substantially more than the other person. This feels intuitively fairer than a purely utilitarian approach that might leave one person feeling like they got the short end of the stick.
* **Avoiding Waste is Difficult:** While I dislike wasting Good C, allocating it to someone who values it less creates a smaller overall benefit and potential envy.

**Important Notes:**

* **Context Matters:** The ""fairest"" allocation can change depending on the specific context, the relationship between the individuals, and whether there are any external constraints or considerations. 
* **Communication is Key:**  In a real-world scenario, I would explain the different fairness criteria to Person 1 and Person 2.  Their input and perspectives are crucial in making a decision that feels fair and agreeable to all parties involved. 

Let me know if you'd like to explore any of these fairness concepts or allocation scenarios in more detail! 
",0,1,2,None
12,"Here's how I'd approach this allocation problem, along with the reasoning behind my choices:

**Understanding Fairness**

There are several ways to define ""fairness."" Here are two common principles I'll consider:

* **Maximizing Total Value (Utilitarian Approach):** Allocate goods to maximize the combined value for both individuals. This approach aims for the most ""good"" overall.
* **Prioritizing the Disadvantaged:** Consider if one person has a significantly lower total value across all goods and try to allocate in a way that benefits them more.

**Analyzing the Valuations**

Let's represent the valuations in a table:

| Good | Person 1 | Person 2 |
|---|---|---|
| A | 80 | 20 |
| B | 5  | 60 |
| C | 15 | 20 |

**Allocation Decision**

* **Good A:** Person 1 values Good A significantly more than Person 2 (80 vs. 20). Allocating Good A to Person 1 maximizes the overall value generated.
* **Good B:** Person 2 values Good B much higher than Person 1 (60 vs. 5).  Good B should go to Person 2.
* **Good C:** This is a bit trickier. Person 2 values Good C slightly more than Person 1 (20 vs. 15). However, Person 1 is not getting much value from the overall allocation so far. 

**My Decision:**

* **Person 1:**  Receives Good A 
* **Person 2:** Receives Good B
* **Good C:** This is where my sense of fairness comes in. While discarding the good is an option, I would likely allocate Good C to Person 1.  This acknowledges the value difference isn't huge, and Person 1 benefits minimally from the other allocations.

**Justification**

This allocation might not maximize the pure numerical value (Person 2 valuing C slightly more). However, it leans towards a more equitable distribution. Person 1 gets the good they highly value, Person 2 gets their high-value good, and Good C acts as a way to provide some value to Person 1, who otherwise wouldn't benefit much.

**Important Note:**  Fairness is subjective. Another person might prioritize maximizing the total value and allocate Good C to Person 2. There's no single right answer, but the key is to have a clear rationale for your choices. 
",0,1,2,1
13,"Here's a breakdown of the allocation problem and some approaches to consider, given that fairness is subjective:

**Understanding the Problem**

* **Indivisible Goods:** You can't split the goods. It's all or nothing.
* **Subjective Value:**  Each person has their own idea of how much each good is worth to them.
* **Fairness:** There are multiple ways to define ""fairness,"" and no single answer will satisfy everyone in every situation.

**Possible Allocation Approaches**

Here are a few ways to approach the allocation, along with their implications for ""fairness"":

1. **Maximize Total Value:**

   * **Allocation:**
      * Person 1 gets Good A (80 value)
      * Person 2 gets Good B (60 value)
      * Good C is not allocated 
   * **Total Value:** 140
   * **Fairness Considerations:** This maximizes the overall ""good"" derived from the goods, but Person 2 might feel it's unfair they don't get Good C, even if its value to them is relatively low.

2. **Prioritize Higher Individual Valuations:**

   * **Allocation:**
      * Person 1 gets Good A (80 value)
      * Person 2 gets Good B (60 value)
      * Person 2 gets Good C (20 value)
   * **Total Value:** 160
   * **Fairness Considerations:** This prioritizes giving each person the good they value most highly, even if the difference in value is small (like with Good C). It could be seen as fairer in that everyone gets something they want.

3. **Negotiation and Compromise:**

   * **Process:** Facilitate a discussion between Person 1 and Person 2. They could:
      * Trade goods after the initial allocation.
      * Find a way to share the goods (if possible in reality).
   * **Fairness Considerations:** This emphasizes autonomy and lets the individuals decide what ""fairness"" means to them. However, it might not lead to a clear outcome if they can't agree.

**Which Allocation is ""Fairest""?**

There's no single right answer. The ""fairest"" approach depends on your own definition of fairness and what you prioritize:

* **Utilitarian Fairness:** Maximizing total value (Allocation 1) could be seen as the most utilitarian approach.
* **Egalitarian Fairness:** Prioritizing higher individual valuations (Allocation 2) might feel fairer because everyone gets something they value highly.
* **Procedural Fairness:** Negotiation and compromise prioritize a fair process, even if the outcome is uncertain.

**Additional Factors**

In a real-world scenario, you might consider:

* **The relationship between the individuals:** Are they friends, siblings, strangers?
* **The history of allocation:** Have similar allocations happened before?
* **External factors:** Are there any resource constraints or special circumstances? 

**Conclusion**

Allocating goods fairly is complex. By understanding the different approaches and the values they prioritize, you can make a more informed decision about what ""fairness"" means in this specific situation. 
",0,1,2,None
14,"This is a classic resource allocation problem with no single ""fairest"" solution, as fairness itself is subjective. Here's a breakdown of approaches and why I might choose one based on different ideas of fairness:

**1. Maximizing Total Value (Utilitarian Approach)**

* **Allocation:** Person 1 gets Good A (80), Person 2 gets Good B (60) and Good C (20).
* **Total Value:** 80 + 60 + 20 = 160
* **Reasoning:**  This approach aims to create the highest overall happiness or utility. By allocating goods based on who values them most, we maximize the total ""satisfaction"" derived.
* **Potential Issue:**  This approach can lead to unequal outcomes, where one person might receive significantly more value than the other. 

**2.  Prioritizing the Disadvantaged (Egalitarian Approach)**

* **Allocation:** Person 1 gets Good A (80), Person 2 gets Good B (60). Good C is not allocated.
* **Reasoning:**  This approach prioritizes minimizing inequality.  While Person 2 has a higher value for Good C, giving it to Person 1 brings their total value closer to Person 2's. Not allocating Good C acknowledges that sometimes perfect fairness isn't possible.
* **Potential Issue:** This can lead to situations where potential value is wasted (Good C not being used).

**3.  Fair Negotiation and Compromise**

* **Ideal Scenario:** I would facilitate a discussion between Person 1 and Person 2. Perhaps they can reach a compromise, like Person 1 getting Good A and C (since their value difference is significant), and Person 2 getting Good B.  
* **Reasoning:**  This approach emphasizes autonomy and mutual agreement, which are often seen as key components of fairness. 
* **Potential Issue:**  This approach requires willingness to compromise and might not be feasible if the individuals have highly conflicting preferences.

**My Decision & Justification**

In this specific scenario, I lean towards **Prioritizing the Disadvantaged (option 2)**. Here's why:

* **Significant Value Disparity:** Person 1 has a significantly higher value for Good A, while their value for Good C is relatively low.
* **Minimizing Inequality:**  Giving Good B to Person 2 and Good A to Person 1 creates a more balanced outcome in terms of perceived value received. 

**Important Note:** There's no single ""correct"" answer. The ""fairest"" solution depends heavily on the chosen definition of fairness and the specific context of the situation. 
",0,1,2,None
15,"This is a classic resource allocation problem where fairness is a key concern. Here's how I'd approach it, along with my reasoning:

**Understanding Fairness:**

* **Utilitarian Approach:** Maximize the total value across both people.
* **Egalitarian Approach:**  Make the allocation as ""equal"" as possible in terms of value received.
* **Envy-Freeness:** Ensure neither person would rather have the other person's allocation.

**Analyzing the Values:**

| Person | Good A | Good B | Good C |
|---|---|---|---|
| Person 1 | 80 | 5  | 15 |
| Person 2 | 20 | 60 | 20 |

**My Proposed Allocation:**

* **Person 1 receives Good A.** This maximizes the overall ""utility"" as Person 1 values it much higher than Person 2.
* **Person 2 receives Good B.** Similar logic to Good A, Person 2 has a much higher valuation.
* **Good C is not allocated (or ""thrown away"").** Neither person values Good C significantly, and giving it to either person wouldn't significantly improve fairness.

**Reasoning:**

* **Maximizes Utility:** This allocation results in a combined value of 140 (80 + 60), the highest achievable.
* **Addresses Envy:** While Person 1 might slightly envy Person 2's Good B, the difference in their valuations (5 vs. 60) is substantial. It's unlikely Person 1 would trade Good A (80) for Good B even with the slight envy.  The same logic applies to Person 2 and Good A.

**Important Considerations:**

* This solution leans towards a utilitarian approach.  If pure egalitarianism is paramount, other solutions might be considered, though they'd likely result in lower overall value.
* In real-world scenarios, communication and negotiation between Person 1 and Person 2 might lead to a different, mutually agreeable outcome.

**Let me know if you'd like to explore alternative allocations or fairness principles!** 
",0,1,2,None
16,"Here's a breakdown of the situation and some allocation approaches considering fairness:

**The Challenge:**

* **Indivisibility:**  You can't split the goods, making compromise difficult.
* **Subjectivity of Value:**  Value is personal. What one person treasures, another might find less desirable.

**Possible Allocation Approaches and Fairness Considerations:**

1. **Maximizing Total Value (Utilitarian Approach):**

   * Allocate each good to the person who values it most.
   * **Outcome:** Person 1 gets Good A (80), Person 2 gets Good B (60) and Good C (20).
   * **Total Value:** 160 
   * **Fairness:** This approach might seem mathematically ""optimal,"" but it ignores the distribution of happiness. Person 2 gets two goods while Person 1 only gets one, potentially leading to feelings of unfairness.

2. **Prioritizing the Highest Individual Value:**

   * Identify the single highest valuation any individual has for any good (Person 1 values Good A at 80).
   * Allocate that good to that person.
   * Allocate remaining goods to maximize value for the other person.
   * **Outcome:** Person 1 gets Good A (80), Person 2 gets Good B (60). Good C is not allocated.
   * **Total Value:** 140
   * **Fairness:** This recognizes the intensity of Person 1's preference for Good A. However, it might feel unfair to Person 2 if they strongly desired Good C, even if their valuation was lower.

3. **Negotiation and Compromise:**

   * **If possible, involve Person 1 and Person 2 in the decision.**  They might be willing to trade or come to an agreement you haven't considered.
   * **Example:** Person 2 might trade Good B to Person 1 for Good A, as this would be mutually beneficial. 
   * **Fairness:** This approach often leads to the most agreeable outcome since both parties have a say. 

**Which Allocation is ""Fairest""**

There's no single right answer.  Fairness depends on your values:

* **Do you prioritize overall happiness (maximizing total value)?** 
* **Is it more important to ensure the person who wants something the *most* gets it?**
* **Is a collaborative solution with potential compromise the fairest approach?**

**Additional Considerations:**

* **Context:**  If these allocations are part of a larger system or repeated interaction, fairness might need to be considered over multiple instances.
* **Communication:** Clearly explaining your reasoning for the allocation, regardless of the method you choose, is crucial for perceived fairness. 
",0,1,2,None
17,"This is a classic resource allocation problem with a focus on fairness. Here's how I'd approach it, along with the rationale behind my decision:

**Understanding Fairness:**

* **Utilitarian Approach:** Maximize the total value across both individuals.
* **Egalitarian Approach:**  Make the distribution as equal as possible in terms of value received.
* **Envy-Freeness:**  Ensure neither person would prefer the other person's allocation.

**Analyzing the Values:**

| Person | Good A | Good B | Good C |
|---|---|---|---|
| Person 1 | 80 | 5  | 15 |
| Person 2 | 20 | 60 | 20 |

**My Allocation Decision:**

* **Person 1 receives Good A.** This is a clear win for Person 1 (high value) and a relatively low loss for Person 2.
* **Person 2 receives Good B.**  Similar reasoning as above, maximizing value for Person 2.
* **Good C is not allocated.**  Neither person has a particularly high value for it, and allocating it wouldn't significantly increase overall fairness.

**Rationale:**

This allocation prioritizes the following:

* **Maximizing Total Value (Utilitarian):**  Person 1 gets 80 units of value, and Person 2 gets 60, totaling 140. This is higher than any other allocation combination.
* **Addressing Envy-Freeness:** Person 1 wouldn't want to swap with Person 2 (they get their highest valued item), and vice-versa.

**Important Considerations:**

* **Subjectivity of Value:**  The provided values are numerical, but fairness is subjective. In a real-world scenario, understanding the *reasons* behind these values would be crucial. 
* **Communication:** Transparency about the allocation process and reasoning is essential to maintain trust and fairness perception.

**Alternative Approaches:**

You could explore other allocations if different fairness principles are prioritized. For example, you could try to find allocations that result in closer to equal total value for both people, even if it means a slightly lower overall value. 
",0,1,2,None
18,"Here's how I'd approach this allocation problem, considering fairness as a priority:

**Understanding Fairness:**

* **Utilitarian Approach:** Maximize total value across both individuals.
* **Egalitarian Approach:** Aim for relatively equal value received by each person.
* **Envy-Freeness:** Ensure neither person would prefer the other's allocation.

**Analyzing the Valuations:**

| Good  | Person 1 Value | Person 2 Value |
|-------|-----------------|-----------------|
| Good A | 80             | 20              |
| Good B | 5              | 60              |
| Good C | 15             | 20              |

**Possible Allocations and Considerations:**

1. **Maximize Total Value:**
   * Person 1 gets Good A (80)
   * Person 2 gets Good B (60)
   * Good C is not allocated 
   * **Total Value:** 140 
   * **Pros:** Highest overall satisfaction.
   * **Cons:**  Person 1 gets significantly more value, potentially seen as unfair by Person 2.

2. **Prioritize Higher Individual Preferences:**
   * Person 1 gets Good A (80)
   * Person 2 gets Good B (60)
   * Person 2 gets Good C (20)
   * **Total Value:** 160
   * **Pros:** Each person gets their most valued good.
   * **Cons:** Person 2 gets significantly more value overall.

3. **Compromise for Relative Equality:**
   * Person 1 gets Good A (80)
   * Person 2 gets Good B and C (60 + 20 = 80)
   * **Total Value:** 160
   * **Pros:**  Closest to equal value distribution, minimizes potential envy.
   * **Cons:** Not the absolute highest total value achievable.

**My Decision (and Rationale):**

In this scenario, I find **Option 3 (Compromise for Relative Equality)** to be the fairest. While not maximizing the *total* value, it prioritizes a more balanced distribution. This allocation ensures that:

* Neither person feels significantly disadvantaged.
* Both individuals receive their most valued goods.
* It fosters a sense of fairness and minimizes potential conflict between the parties.

**Important Note:**  Fairness is subjective.  Depending on the context and your priorities, a different allocation might be deemed more suitable. 
",0,1,2,2
19,"Here's a breakdown of the situation and a few allocation approaches considering fairness:

**The Challenge:**

* **Indivisible Goods:** You can't split the goods, making compromise difficult.
* **Subjective Value:**  Each person values the goods differently, making a universally ""fair"" solution tricky.

**Possible Allocation Approaches & Considerations:**

1. **Maximize Total Value (Utilitarian Approach):**

   * Allocate each good to the person who values it most.
   * **Outcome:** 
      * Person 1 gets Good A (80)
      * Person 2 gets Good B (60) and Good C (20)
   * **Pros:**  Maximizes the overall ""happiness"" or utility derived from the goods.
   * **Cons:**  Can lead to one person receiving significantly more value, potentially feeling unfair to the other.

2. **Prioritize the Most Valued Item (Maximax Approach):**

   * Identify the good with the highest value difference between the two people (Good A).
   * Give that good to the person who values it most.
   * Allocate remaining goods to maximize total value.
   * **Outcome:**
      * Person 1 gets Good A (80)
      * Person 2 gets Good B (60)
      * Good C is not allocated. 
   * **Pros:**  Acknowledges the significance of the most desired item.
   * **Cons:**  Might still lead to an unbalanced distribution of overall value.

3. **Find a ""Fairly"" Balanced Allocation:**

   * Aim for an outcome where the difference in total value received by each person is minimized.
   * **Outcome (Possible Solution):**
      * Person 1 gets Good A (80)
      * Person 2 gets Good C (20)
      * Good B is not allocated.
   * **Pros:**  Attempts a more equitable distribution of perceived value.
   * **Cons:**  Might involve not allocating all goods, potentially seen as wasteful.

**Which Approach is ""Fairest""?**

There's no single correct answer. The fairest approach depends on your personal definition of fairness and the priorities in this specific situation. 

* **If maximizing overall happiness is most important**, the utilitarian approach is suitable. 
* **If acknowledging the importance of the most desired item is crucial**, prioritize that. 
* **If a more balanced perception of fairness is desired**, try to minimize the difference in total value received.

**Additional Factors to Consider:**

* **Context:**  Is there any background information or relationship dynamic between Person 1 and Person 2 that might influence your decision?
* **Discussion:**  Could you facilitate a discussion between Person 1 and Person 2 to see if they can reach a mutually agreeable solution?

Let me know if you'd like to explore any of these approaches further! 
",0,1,None,2
20,"Here's how I'd approach this allocation problem, aiming for fairness, and why:

**Understanding Fairness:**

* **Utilitarian:** Maximize total satisfaction (sum of values).
* **Egalitarian:**  Make sure each person gets as close to equal value as possible.
* **Prioritization:**  Does one person have a greater need or deserve priority for a specific good? 

**Analyzing the Values:**

| Good | Person 1's Value | Person 2's Value |
|---|---|---|
| A | 80 | 20 |
| B | 5  | 60 |
| C | 15 | 20 |

**The Allocation:**

* **Person 1 receives Good A.** This is the most straightforward decision. Person 1 values Good A significantly more than Person 2.
* **Person 2 receives Good B.** Similarly, Person 2 greatly values Good B over Person 1.
* **Good C is not allocated (or could be considered for a future allocation).**  Neither person has a strong preference for Good C, and the difference in their valuations is relatively small. 

**Justification:**

* **Utilitarian:** This allocation maximizes total satisfaction (80 + 60 > 20 + 60 > 80 + 20).
* **Egalitarian:** While not perfectly equal, this allocation comes closest to giving each person a similar level of value relative to their own preferences.
* **Avoids Waste:**  Good C is not allocated to someone who places little value on it.

**Important Considerations:**

* **Context Matters:** Are these goods essential resources, luxury items, or something in between? This influences the importance of each fairness principle.
* **Communication:** It's crucial to explain this reasoning to Person 1 and Person 2 to ensure transparency and understanding, even if they don't receive every item they might desire.

**Let me know if you'd like to explore other allocation scenarios or fairness principles!** 
",0,1,2,None
21,"Here's a breakdown of the problem and some approaches to consider for a ""fair"" allocation:

**The Challenge:**

* **Indivisibility:** You can't split the goods. This makes simple compromises difficult.
* **Subjectivity of Value:**  Fairness is tricky because each person values the goods differently.

**Possible Allocation Approaches & Their Reasoning:**

1. **Maximize Total Value (Utilitarian Approach):**

   * Allocate each good to the person who values it most.
   * **Outcome:** Person 1 gets Good A (80), Person 2 gets Good B (60) and Good C (20). 
   * **Pros:** Maximizes the overall ""happiness"" or utility derived from the goods.
   * **Cons:**  Person 1 gets a much higher total value (80) compared to Person 2 (80).  This approach ignores fairness in terms of distribution.

2. **Prioritize the Most Valued Good (Maximax Approach):**

   * Identify the good with the highest value difference between the two people (Good A). 
   * Allocate that good to the person who values it most, then consider the remaining goods.
   * **Outcome:** Person 1 gets Good A (80), Person 2 gets Good B (60), Good C is not allocated.
   * **Pros:**  Addresses the most significant value disparity.
   * **Cons:** Potentially leaves goods unallocated, even if someone would gain value from them.

3. **Find a ""Balanced"" Allocation:**

    * Aim for an allocation where the difference in total value received by each person is minimized.
    * **Outcome (Possible):** Person 1 gets Good A (80) and Good C (15), Person 2 gets Good B (60).
    * **Pros:** Attempts to create a more even distribution of value.
    * **Cons:** Might involve difficult trade-offs and may not be a mathematically perfect ""balance.""

**Which Approach is ""Fairest""**

There is no single right answer. The fairest approach depends on your personal definition of fairness and what you prioritize:

* **Pure Utility:** Go with maximizing total value.
* **Equity:** Prioritize minimizing the difference in value received.
* **Addressing Large Disparities:** Focus on the most valued goods first.

**Additional Factors to Consider (If Possible):**

* **Communication:** Could you talk to Person 1 and Person 2 to see if they have any pre-existing agreements or preferences that could guide your decision?
* **Context:** Is there a reason why these goods need to be allocated? Knowing the context might provide additional insights into a fair solution. 

**Important Note:**  This exercise highlights that ""fairness"" is complex and often subjective. There might not be a solution that satisfies everyone perfectly. 
",0,1,2,1
22,"This is a classic resource allocation problem with no single ""correct"" answer. Here's how I'd approach finding a fair allocation, along with the reasoning behind different methods:

**Understanding Fairness**

There are multiple interpretations of ""fairness"":

* **Utilitarian:** Maximize the total value across all people.
* **Egalitarian:** Make the allocation as equal as possible in terms of value received.
* **Envy-Free:** Ensure no one would rather have the goods assigned to someone else.

**Possible Allocation Methods**

Here are a few ways to allocate the goods, considering the different fairness concepts:

**1. Utilitarian Approach:**

* **Allocation:** Person 1 gets Good A and Good C, Person 2 gets Good B.
* **Reasoning:** This maximizes total value: 
    * Person 1: 80 (A) + 15 (C) = 95
    * Person 2: 60 (B)
    * Total: 155
* **Fairness:** High on overall utility, but Person 1 gets significantly more value.

**2. Egalitarian Approach (Approximate):**

* **Allocation:** Person 1 gets Good A, Person 2 gets Good B and Good C.
* **Reasoning:** This gets closer to equal value:
    * Person 1: 80 (A) 
    * Person 2: 60 (B) + 20 (C) = 80
* **Fairness:** More equal in terms of value received, but doesn't maximize total utility.

**3.  Addressing Envy:**

* **Allocation:**  Person 1 gets Good B and Good C, Person 2 gets Good A. 
* **Reasoning:** While not the most efficient in total value, this might reduce envy:
    * Person 1 might have preferred Good A, but at least they got two goods. 
    * Person 2 gets their highest valued item.
* **Fairness:** Attempts to minimize envy, but sacrifices some total value.

**Additional Considerations:**

* **Communication:** In a real-world scenario, I'd talk to Person 1 and Person 2. Maybe they have preferences beyond the stated values.
* **Compromise:** Could the goods be shared or used at different times to increase overall satisfaction?

**Conclusion**

There's no single ""fairest"" solution. The best approach depends on which definition of fairness is prioritized and if there's room for negotiation or compromise. 
",0,2,1,1
23,"This is a classic resource allocation problem with a focus on fairness.  Given there's no single ""correct"" answer, here's how I'd approach finding a fair allocation and the reasoning behind it:

**Understanding Fairness**

* **Utilitarian Approach:** Maximize the total value across both people.
* **Egalitarian Approach:** Make sure each person gets as close to equal value as possible.
* **Envy-Freeness:** Ensure neither person would rather have the other person's goods.

**Analyzing the Values**

| Good | Person 1 Value | Person 2 Value |
|---|---|---|
| Good A | 80 | 20 |
| Good B | 5  | 60 |
| Good C | 15 | 20 |

**Possible Allocations and Their Fairness Implications:**

* **Allocation 1: Person 1 gets A, Person 2 gets B and C**
    * **Total Value:** 160 (80 + 60 + 20) - This maximizes utility.
    * **Fairness:** 
        * Utilitarian: Strong
        * Egalitarian: Weak (Person 1 gets much more value)
        * Envy-Freeness: Potential for Person 2 to envy Person 1's allocation.

* **Allocation 2: Person 1 gets A and C, Person 2 gets B**
    * **Total Value:** 155 (80 + 15 + 60)
    * **Fairness:**
        * Utilitarian: Still good, but not maximized.
        * Egalitarian:  Slightly better than Allocation 1.
        * Envy-Freeness: Less likely for envy, but Person 2 might still prefer A and C.

* **Allocation 3:  Discard Good C, Person 1 gets A, Person 2 gets B**
    * **Total Value:** 140 (80 + 60)
    * **Fairness:**
        * Utilitarian:  Lower than the other options.
        * Egalitarian: Most balanced in terms of value received.
        * Envy-Freeness: Potentially the most envy-free.

**My Decision and Reasoning:**

While maximizing total value is important, I find the potential for envy and the large value disparity in Allocation 1 to be problematic.  Therefore, I would choose **Allocation 3**.

**Why Allocation 3?**

* **Promotes Fairness:**  Even though it means sacrificing the value of Good C, it results in the most balanced allocation in terms of perceived value by the individuals.
* **Minimizes Potential Conflict:** By discarding Good C, we eliminate a potential source of envy. 
* **Transparency:**  I would explain my reasoning to both individuals, emphasizing the importance of fairness and minimizing potential conflict.

**Important Note:**  In a real-world scenario, I'd also want to understand if there's any context or history behind these goods and the individuals' valuations. This additional information might influence my decision. 
",0,1,2,None
24,"Here's a breakdown of the problem and some approaches to consider, given that fairness is subjective:

**Understanding the Problem**

* **Indivisible Goods:**  We can't split the goods. It's all or nothing.
* **Subjective Values:**  Each person has a different idea of how valuable each good is to them.
* **Fairness:** There are many interpretations of fairness, and no single solution will satisfy everyone.

**Possible Allocation Approaches**

Here are a few methods, each reflecting a different aspect of fairness:

1. **Maximizing Total Value:**

   * **Idea:**  Allocate goods to whoever values them most, regardless of who gets more items. This maximizes the overall ""utility"" derived from the goods.
   * **Allocation:**
      * Person 1 gets Good A (80 value)
      * Person 2 gets Good B (60 value)
      * Person 2 gets Good C (20 value)
   * **Pros:**  Efficient, potentially leads to the most ""good"" overall.
   * **Cons:** Can be seen as unfair if one person gets most of the value, even if the other person gets more items.

2. **Prioritizing the Most Valued Good:**

   * **Idea:**  Ensure the good with the highest individual value goes to the person who values it most. The rest can be allocated to maximize value or promote equality.
   * **Allocation:**
      * Person 1 gets Good A (80 value - highest overall)
      * Person 2 gets Good B (60 value)
      * Person 1 gets Good C (15 value - to balance slightly)
   * **Pros:** Recognizes the importance of a particularly valuable item. 
   * **Cons:**  Might not be the most efficient in terms of total value.

3. **Seeking Equal Value (Approximate):**

   * **Idea:**  Try to distribute the goods so each person receives a similar amount of total value.
   * **Allocation (This is tricky with indivisible goods):**
       * Person 1 gets Good A (80 value)
       * Person 2 gets Good B and Good C (60 + 20 = 80 value)
   * **Pros:**  Aims for the most equitable distribution of value.
   * **Cons:** Often impossible to achieve perfect equality with indivisible goods. Might involve discarding an item to achieve balance.

**Discussion with Person 1 and Person 2**

The most important step is to explain these different approaches to Person 1 and Person 2. They might have preferences or additional information:

* **Are they willing to compromise?**  Would they accept a slightly lower value for themselves if it means a fairer outcome overall?
* **Do they have any external factors?** For example, is one of the goods essential to one person's well-being?

**Conclusion**

There is no mathematically ""correct"" answer when it comes to fairness. The best allocation depends on the values and priorities of Person 1 and Person 2. By explaining the trade-offs and involving them in the decision-making process, you can reach an outcome that feels fair and transparent to everyone. 
",0,1,2,2
25,"This is a classic resource allocation problem with a focus on fairness.  Here's how I'd approach it, considering a few different fairness principles:

**Understanding the Values**

* **Person 1** highly values Good A (80), while placing less importance on Goods B (5) and C (15).
* **Person 2** values Good B (60) the most, followed by Good C (20) and then Good A (20).

**Fairness Principles**

Here are some common fairness principles that could guide the allocation:

1. **Maximizing Total Value:** Allocate goods to maximize the combined value for both people.
2. **Prioritizing the Most Valued Good:** Ensure each person gets the good they value most, if possible.
3. **Equalizing Happiness (Utilitarian Approach):** Aim for an allocation where both people feel they received a relatively equal share of value.

**Possible Allocations & Analysis**

Let's consider a few allocation scenarios:

* **Scenario 1: Maximize Total Value**
    * Person 1 gets Good A (80)
    * Person 2 gets Good B (60)
    * Good C is not allocated 
    * **Total Value: 140**
    * **Analysis:** This maximizes the overall value gained but leaves Person 2 without their second most valued good (Good C).

* **Scenario 2: Prioritize Most Valued Goods**
    * Person 1 gets Good A (80)
    * Person 2 gets Good B (60)
    * Good C is not allocated
    * **Total Value: 140**
    * **Analysis:**  Similar to Scenario 1, this prioritizes what each person wants most but doesn't improve the overall fairness for Person 2.

* **Scenario 3: Aim for Equal Happiness**
    * Person 1 gets Good A (80)
    * Person 2 gets Good C (20)
    * Good B is not allocated 
    * **Total Value: 100**
    * **Analysis:** While this has a lower total value, it provides Person 2 with something they value, leading to a potentially fairer outcome in terms of perceived gain.

**My Decision & Justification**

In this specific case, I would lean towards **Scenario 3 (Person 1 gets Good A, Person 2 gets Good C).**  Here's why:

* **Fairness:** While not maximizing total numerical value, it acknowledges that giving something to Person 2 is important for a sense of fairness. 
* **Preventing Disproportionate Gain:** Scenario 1 and 2 create a large value disparity between the two individuals (80 vs 60). Scenario 3 brings it closer (80 vs 20), even if it means sacrificing some overall potential value.

**Important Note:** There's no single ""correct"" answer in fairness dilemmas. The best approach depends on the values and priorities of the decision-maker and the specific context of the situation. 
",0,1,None,2
26,"Here's a breakdown of the situation and how I'd approach a fair allocation, along with some ethical considerations:

**Understanding the Values**

* **Person 1** highly values Good A (80), moderately values Good C (15), and places low value on Good B (5).
* **Person 2** highly values Good B (60), moderately values Good A and C (20 each).

**Fair Allocation Approaches**

Here are a few ways to approach fairness in this scenario:

1. **Maximizing Total Value:**

   * Allocate Good A to Person 1 (80) 
   * Allocate Good B to Person 2 (60)
   * Allocate Good C to Person 2 (20)

   **Rationale:** This allocation results in the highest total perceived value (80 + 60 + 20 = 160). This approach prioritizes overall efficiency and the ""greater good.""

2. **Prioritizing Individual Happiness:**

   * Allocate Good A to Person 1 (80)
   * Allocate Good B to Person 2 (60)
   * Do not allocate Good C.

   **Rationale:**  This approach focuses on giving each person the good they value most significantly, even if it means one good goes unallocated. This prioritizes individual satisfaction and recognizes the subjective nature of value.

3. **Negotiation and Compromise (Ideal but requires more information):**

   * **Facilitate a discussion:** If possible, encourage Person 1 and Person 2 to discuss their valuations and potential compromises.  
   * **Explore trades:** Could Person 1 offer something to Person 2 in exchange for Good C, knowing its importance to them?
   * **Find creative solutions:** Are there ways to share the goods, even if they are indivisible? For example, could they agree on a schedule for using Good C?

**Ethical Considerations**

* **Subjectivity of Value:** What one person values highly, another might find less important. There's no single ""correct"" measure of fairness.
* **Transparency:**  Being open about your allocation process and the reasoning behind your decisions is crucial, even if the individuals don't ultimately agree with the outcome.
* **Power Dynamics:** As the allocator, you have a position of power. It's important to be aware of this and strive for impartiality. 

**My Recommendation:**

In this specific scenario, I would lean towards **Prioritizing Individual Happiness** (allocation #2). While maximizing total value is tempting, I think the substantial difference in how Person 1 and Person 2 value Goods A and B warrants giving each person the good they desire most. 

**Important Note:**  The ""fairest"" allocation depends heavily on the specific context, the relationship between the individuals, and your own definition of fairness. 
",0,1,2,None
27,"Here's how I'd approach this allocation problem, along with my reasoning:

**Understanding the Situation**

* **Indivisible Goods:**  We can't split the goods. It's all or nothing for each item.
* **Fairness:** This is subjective!  There are different ways to define ""fair"" in this context.

**Possible Allocation Methods (and Their Fairness Implications)**

1. **Maximizing Total Value:**

   * **Allocation:** 
      * Person 1 gets Good A (80 value)
      * Person 2 gets Good B (60 value)
      * Good C is not allocated.
   * **Total Value:** 140
   * **Fairness:** This approach maximizes the overall ""good"" derived from the goods. However, it leaves Person 2 without a third good and might be perceived as unfair by some.

2. **Prioritizing Highest Individual Valuations:**

   * **Allocation:**
      * Person 1 gets Good A (80 value)
      * Person 2 gets Good B (60 value)
      * Person 2 gets Good C (20 value)
   * **Total Value:** 160
   * **Fairness:** This prioritizes giving each person the good they value most. It seems fairer in terms of distribution, but Good C is much less valuable to Person 2 compared to Person 1.

3. **Negotiation and Compromise:**

   * **Ideal Scenario:** Person 1 recognizes that while they value Good C, Person 2 values it more proportionally to their other goods. Person 1 agrees to give up Good C in exchange for something else (perhaps a future favor, a small token, or even just the satisfaction of being generous).
   * **Fairness:** This is often the most subjectively ""fair"" outcome because it involves communication and potentially finding a win-win. However, it relies on the willingness of the individuals to compromise.

**My Decision (and Why)**

In this specific case, I lean towards **Option 2 (Prioritizing Highest Individual Valuations).** Here's why:

* **Significant Value Disparity for Good A:** Person 1 values Good A massively more than Person 2.  Giving it to Person 1 creates a large amount of ""utility.""
* **Reasonable Distribution:** Both individuals get at least one good they value highly. 

**Important Note:** Fairness is context-dependent. If there were additional factors (the history between the individuals, the nature of the goods, etc.), my chosen allocation might change. 
",0,1,2,2
28,"This is a classic resource allocation problem where fairness is a key concern. Here are a few approaches I could take, each reflecting a different concept of fairness:

**1. Maximizing Total Value (Utilitarian Approach)**

* **Goal:** Allocate goods to maximize the combined value for both people.
* **Allocation:**
    * Person 1 gets Good A (80)
    * Person 2 gets Good B (60) 
    * Good C is not allocated (no one gains significant value)
* **Rationale:** This approach prioritizes overall societal benefit, even if one person benefits more than the other.

**2.  Ensuring Envy-Freeness**

* **Goal:** Allocate goods so that no person would prefer to have the other person's bundle.
* **Challenge:**  Achieving perfect envy-freeness is difficult in this specific scenario due to the indivisible nature of the goods. 
* **Possible Compromise:**
    * Person 1 gets Good A and Good C (80 + 15 = 95)
    * Person 2 gets Good B (60)
* **Rationale:** While not perfectly envy-free, this allocation minimizes the potential for envy. Person 2 might envy Person 1's Good A, but the combined value of Person 1's bundle is closer to Person 2's.

**3.  Prioritizing the Least Well-Off (Egalitarian Approach)**

* **Goal:** Allocate goods to improve the situation of the person who is worst off.
* **Analysis:** Person 2 has the lowest potential value if they only receive their most preferred good (60).
* **Allocation:**
    * Person 1 gets Good A (80)
    * Person 2 gets Good B and Good C (60 + 20 = 80)
* **Rationale:** This approach focuses on reducing inequality, even if it means slightly lower overall value.

**4.  Introducing a Lottery System**

* **Goal:** When fairness is difficult to determine objectively, a lottery can introduce randomness and perceived fairness.
* **Process:** Assign equal chances to different allocation scenarios (even including options where some goods are not allocated).
* **Rationale:** While arbitrary, this ensures no one feels their preferences were completely ignored.

**My Decision and Justification**

In this scenario, I find the **egalitarian approach (Option 3)** to be the fairest. While maximizing total value is important, ensuring a more equitable outcome where both individuals receive a similar overall value feels more just. This approach recognizes the subjective nature of value and attempts to level the playing field. 

**Important Note:**  My concept of fairness is just one perspective. Open communication with Person 1 and Person 2, understanding their priorities, and exploring potential compromises would be crucial in a real-world situation. 
",0,1,2,2
29,"Here's how I'd approach this allocation problem, along with my reasoning:

**Understanding Fairness:**

* **Utilitarian Approach:**  Maximize total value across both people.
* **Egalitarian Approach:** Aim for roughly equal value received by each person.
* **Prioritization of Needs/Preferences:**  Consider if one person has a significantly stronger need for a particular good.

**Analyzing the Values:**

| Good | Person 1's Value | Person 2's Value |
|---|---|---|
| A | 80       | 20      |
| B | 5        | 60      |
| C | 15       | 20      |

**Allocation Decision:**

* **Good A to Person 1:** This is a clear choice. Person 1 values Good A significantly more than Person 2.
* **Good B to Person 2:** Similar logic applies here. Person 2 values Good B much higher than Person 1.
* **Good C:** This is trickier.  Both individuals have relatively similar valuations.  

    * **Option 1: Don't Allocate:**  If my goal is pure egalitarianism, I might choose not to allocate Good C at all. This prevents either person from getting a slight advantage.
    * **Option 2: Allocate based on overall gain:** Person 1 gains a larger net benefit (80 - 20 = 60) from their allocated good compared to Person 2 (60-5 = 55).  To slightly balance this, I could allocate Good C to Person 2.

**My Chosen Allocation (and Why):**

* **Good A to Person 1**
* **Good B to Person 2**
* **Good C to Person 2** 

While not perfectly egalitarian, this allocation leans towards maximizing overall utility while still attempting to keep the perceived ""value received"" relatively balanced between the two people.

**Important Note:**  Fairness is subjective. Another person might prioritize different aspects of the allocation. A discussion with Person 1 and Person 2 about their priorities and what they consider fair could lead to a different, potentially even better outcome. 
",0,1,2,2
30,"Here's how I'd approach this allocation problem, aiming for fairness, and why:

**Understanding Fairness**

* **Utilitarian:** Maximize total happiness (highest combined value).
* **Egalitarian:** Make individuals as equal as possible in terms of value received.
* **Envy-Free:**  Ensure no one wants to swap their allocation with someone else's.

**Analyzing the Valuations**

| Person | Good A | Good B | Good C |
|---|---|---|---|
| Person 1 | 80 | 5 | 15 |
| Person 2 | 20 | 60 | 20 |

**The Proposed Allocation**

* **Person 1:** Good A 
* **Person 2:** Good B
* **Not Allocated:** Good C

**Justification**

* **Maximizes Utility:** This allocation results in a combined value of 140 (80 + 60), the highest achievable.
* **Minimizes Envy:** 
    * Person 1 wouldn't want to swap with Person 2 because they highly value Good A.
    * Person 2 wouldn't want to swap because they highly value Good B.
* **Addresses Disparity:** While Good C isn't allocated, giving it to either person wouldn't significantly close the value gap created by the other two goods.

**Why not other approaches?**

* **Giving everything to one person:** Extremely unfair to the other person, creating significant inequality.
* **Trying to equalize value received:** Difficult in this scenario. Even if we gave Good C to Person 2, they'd still receive less overall value.

**Important Note:** Fairness is subjective. This allocation prioritizes maximizing overall happiness and minimizing envy, which might be suitable in a situation where maximizing the use of resources is important.  Other fairness concepts might lead to different allocations. 
",0,1,2,None
31,"Here's a breakdown of the situation and how I'd approach a ""fair"" allocation, keeping in mind there's no single right answer:

**Understanding the Values**

* **Person 1** highly values Good A (80), indicating it's very important to them. They place lower values on Good B (5) and Good C (15).
* **Person 2** values Good B significantly (60), while their values for Good A (20) and Good C (20) are equal and moderate.

**Allocation Strategies and Rationale**

Here are a few potential approaches to consider:

**1. Maximizing Total Value (Utilitarian Approach)**

* **Allocation:** Person 1 gets Good A, Person 2 gets Good B, Good C is not allocated.
* **Rationale:** This maximizes the overall ""happiness"" or utility derived from the goods. Person 1 gets the good they value most, and Person 2 gets their most valued good. The combined value (80 + 60 = 140) is the highest achievable.
* **Potential Issue:** It might feel unfair to Person 2 that Good C is wasted, especially since they place some value on it.

**2. Prioritizing the Most Valued Good (Envy-Freeness)**

* **Allocation:** Person 1 gets Good A, Person 2 gets Good B and Good C.
* **Rationale:**  Each person gets the good they value most, potentially reducing feelings of envy.
* **Potential Issue:** Person 1 might argue that the value difference between Good A (80) and the combined value of Good B and C for Person 2 (80) is significant, even though those weren't their top choices.

**3.  Finding a Compromise (Negotiation and Trade)**

* **Ideal Outcome:**  After the initial allocation (perhaps based on maximizing total value), encourage Person 1 and Person 2 to discuss if a trade involving Good C would be mutually beneficial.
* **Rationale:**  This recognizes that ""fairness"" might involve finding solutions where both parties feel they've gained something.  

**My Decision as the Allocator**

In this specific scenario, I'd lean towards **Maximizing Total Value (Allocation 1)** with a strong encouragement for **Negotiation and Trade**. Here's why:

* **Efficiency:**  The combined value is maximized, meaning the goods are going to those who value them most overall.
* **Potential for Trade:** Person 2 might be willing to offer Person 1 something (perhaps a small token of appreciation) in exchange for Good C. This allows them to address any feeling of unfairness and opens up a dialogue.

**Important Note:**  The concept of ""fairness"" is subjective. What's important is to be transparent about the allocation process and the reasoning behind it, allowing for open communication and potential adjustments if possible. 
",0,1,2,None
32,"Here's how I'd approach this allocation problem, along with the reasoning behind my choices:

**Understanding the Concepts**

* **Indivisible Goods:** We can't split the goods. It's all or nothing.
* **Fairness:** This is subjective. Common interpretations include:
    * **Pareto Efficiency:**  An allocation where we can't make someone better off without making someone else worse off.
    * **Envy-Freeness:** No one would want to trade their allocated goods with someone else's.
    * **Maximizing Total Value:** Allocate goods to maximize the combined value for all individuals.

**Analyzing the Values**

| Good | Person 1's Value | Person 2's Value |
|---|---|---|
| A | 80 | 20 |
| B | 5  | 60 |
| C | 15 | 20 |

**My Allocation Decision**

* **Good A to Person 1:** Person 1 values Good A significantly more than Person 2.
* **Good B to Person 2:** Person 2 values Good B significantly more than Person 1. 
* **Good C to Person 2:** While the difference in value is not as stark as the other goods, Person 2 still values it more than Person 1.

**Justification**

This allocation prioritizes **maximizing total value** while also aiming for a degree of **envy-freeness**.

* **Maximizing Value:**  This allocation results in a combined value of 160 (80 + 60 + 20), the highest possible.
* **Envy-Freeness:**  While Person 1 might slightly prefer Good C over nothing, they likely wouldn't envy Person 2's overall allocation, as Good A holds significantly more value for them.

**Important Considerations**

* **Subjectivity:** Fairness is subjective.  Other people might prioritize different allocation methods. For instance, one could argue that Person 1 should receive Good C to compensate for not receiving Good B, even if it doesn't maximize total value.
* **Context:** In real-world scenarios, additional factors like need, prior contributions, or external circumstances could influence what's considered a ""fair"" allocation. 

**Let me know if you'd like to explore other allocation methods or discuss the ethical implications of different approaches!** 
",0,1,2,2
33,"Here's a breakdown of the problem and some allocation approaches considering fairness:

**The Challenge:**

* **Indivisibility:**  You can't split the goods, making compromise difficult.
* **Subjectivity of Value:**  ""Fairness"" depends on how you weigh each person's preferences.

**Possible Allocation Approaches and Their Fairness Implications:**

1. **Maximizing Total Value:**

   * **Allocation:** 
      * Person 1 gets Good A (80 value)
      * Person 2 gets Good B (60 value)
      * Good C is not allocated
   * **Total Value:** 140
   * **Fairness Considerations:** This approach ignores Person 1's preference for Good C, even though it's less valuable to Person 2. It might be seen as favoring the overall ""greater good"" but neglecting individual needs.

2. **Prioritizing Highest Individual Value:**

   * **Allocation:**
      * Person 1 gets Good A (80 value)
      * Person 2 gets Good B (60 value)
      * Good C is not allocated 
   * **Fairness Considerations:**  This is similar to maximizing total value.  It recognizes the most significant preferences but could leave one person feeling like their less-valued items don't matter.

3. **Enhancing Fairness - A Potential Solution:**

   * **Allocation:**
      * Person 1 gets Good A and Good C (80 + 15 = 95 value)
      * Person 2 gets Good B (60 value)
   * **Fairness Considerations:** While the total value (155) is slightly lower than the first approach, this option considers the following:
      * **Proportionality:**  Person 1's total value gain (95) is proportionally larger than Person 2's (60), reflecting the larger disparity in their initial valuations.
      * **Addressing Needs:**  Person 1 gets their most valued item (A) and their second most valued item (C), even if C is less ""efficient"" in terms of overall value.

**Important Notes:**

* There's no single ""correct"" answer, as fairness is subjective.
* Open communication with Person 1 and Person 2 about their values and priorities is crucial in a real-world scenario. You could even explore potential trades after the initial allocation.
* You might consider other fairness principles, such as drawing lots for a chance-based allocation.

**Ultimately, the ""fairest"" solution depends on the values and priorities you choose to emphasize in your decision-making process.** 
",0,1,2,1
34,"This is a classic resource allocation problem where fairness is key.  Here's how I'd approach it and my reasoning:

**Understanding the Values:**

* **Person 1** highly values Good A (80) compared to their relatively low valuations for Goods B and C.
* **Person 2** places a more moderate value on Good A (20) but significantly values Good B (60). Good C is of moderate importance to them.

**Fair Allocation Options:**

Here are a few approaches, each with a different concept of fairness:

**1. Maximizing Total Value (Utilitarian Approach):**

* **Allocation:** 
    * Person 1 receives Good A (80)
    * Person 2 receives Good B (60)
    * Good C is not allocated.
* **Reasoning:** This allocation maximizes the combined ""happiness"" or utility derived from the goods. The total value is 140. 
* **Fairness Consideration:** While efficient, it might be perceived as unfair by Person 2 who doesn't get their second-most valued good (C), even though the overall ""pie"" is bigger.

**2.  Prioritizing the Most Valued Good:**

* **Allocation:**
    * Person 1 receives Good A (80)
    * Person 2 receives Good C (20)
    * Good B is not allocated.
* **Reasoning:**  Each person gets the good they value most. 
* **Fairness Consideration:** This feels intuitively fairer than the first option, as each person gets something they want. However, Person 2 might argue that the difference in value received (20 vs 80) is substantial.

**3.  Seeking a More Balanced Allocation:**

* **Allocation:**
    * Person 1 receives Good C (15)
    * Person 2 receives Good A (20) and Good B (60)
* **Reasoning:** This allocation tries to even out the value each person gets. Person 2 gets their two most valued goods, but Person 1 still receives something.
* **Fairness Consideration:** This option might be perceived as fairer to Person 2, as they receive a greater overall value (80). However, Person 1 might feel they received a less valuable allocation. 

**Discussion and Conclusion:**

There's no single ""right"" answer. The fairest allocation depends on the chosen principle of fairness:

* **Efficiency:**  Option 1 maximizes total value.
* **Individual Preference:** Option 2 prioritizes each person getting their top choice.
* **Balance:** Option 3 attempts to distribute value more evenly.

In a real-world scenario, I would discuss these options with Person 1 and Person 2, explaining the reasoning behind each.  A fair solution often involves compromise and understanding the other person's perspective. 
",0,2,2,1
35,"Here's a breakdown of the situation and some allocation approaches considering fairness:

**The Challenge:**

* **Indivisibility:** You can't split the goods, making compromise difficult.
* **Subjectivity of Value:**  ""Fairness"" is subjective. What one person finds fair, another might not.

**Possible Allocation Approaches and Their Fairness Implications:**

1. **Maximize Total Value:**

   * Give Good A to Person 1 (80 value)
   * Give Good B to Person 2 (60 value)
   * Give Good C to Person 2 (20 value)
   * **Total Value: 160** 
   * **Fairness Argument:** This approach aims to create the most overall ""happiness"" or utility. It's often considered economically efficient.
   * **Potential Drawback:** Person 1 might feel it's unfair they get one item while Person 2 gets two, even if the total value is higher.

2. **Prioritize Highest Individual Valuations:**

   * Give Good A to Person 1 (80 value)
   * Give Good B to Person 2 (60 value)
   * Good C is not allocated (neither person values it highly)
   * **Total Value: 140**
   * **Fairness Argument:**  This ensures each person gets the item they value most, potentially leading to greater individual satisfaction.
   * **Potential Drawback:**  Lower overall value, and Person 2 might still desire Good C even if it's not their top preference.

3. **Negotiation and Compromise (Ideal but Requires More Information):**

    * **Ideal Scenario:** If possible, I'd facilitate a discussion between Person 1 and Person 2. Maybe Person 1 values Good A so much they'd be willing to give up Good C to ensure they get it. 
    * **Fairness Argument:** This approach empowers the individuals involved to reach a solution they both find fair.

**My Decision:**

In the absence of being able to facilitate a discussion (option 3), I would lean towards **Prioritizing Highest Individual Valuations (option 2)**. This approach feels fairer because:

* **Each person receives something they genuinely value.** 
* **While not perfect, it avoids a scenario where one person receives multiple goods while the other receives only one.**

**Important Note:**  Fairness is complex. Without a universally agreed-upon definition, any allocation will have potential criticisms. The best approach often involves understanding the values and priorities of the individuals involved. 
",0,1,2,None
36,"This is a classic resource allocation problem with a fairness objective.  Since there's no single ""correct"" answer, the fairest approach depends on the principles you prioritize. Here are a few approaches and how they apply to this situation:

**1. Maximizing Total Value (Utilitarian Approach)**

* **Goal:** Allocate goods to maximize the sum of values for both individuals.
* **Calculation:**
    * Person 1 gets Good A (80) + Good C (15) = 95
    * Person 2 gets Good B (60) 
    * Total Value = 95 + 60 = 155
* **Decision:** Person 1 gets Good A and Good C, Person 2 gets Good B. 
* **Pros:**  Efficient, maximizes overall ""happiness"" in economic terms.
* **Cons:** Can lead to unequal outcomes where one person gets significantly more value.

**2.  Ensuring Envy-Freeness**

* **Goal:** Allocate goods so that neither person would prefer the other person's allocation over their own.
* **Challenge:**  Difficult to achieve perfect envy-freeness in this scenario.
* **Possible Compromise:** 
    * Person 1 gets Good A (80) 
    * Person 2 gets Good B (60) and Good C (20)
    * While not perfectly envy-free, it reduces envy compared to the utilitarian approach.
* **Pros:**  Promotes a sense of fairness where no one feels cheated.
* **Cons:**  Might not maximize total value or address potential inequalities in initial valuations.

**3.  Equalizing Gains (Egalitarian Approach)**

* **Goal:** Allocate goods so that each person receives as close to equal value as possible.
* **Challenge:**  Impossible to achieve perfect equality in this case.
* **Possible Compromise:**
    * Person 1 gets Good A (80)
    * Person 2 gets Good B (60) and Good C (20)
    * This still favors Person 1, but it's the closest to equal value we can get.
* **Pros:** Aims for an outcome where both individuals benefit relatively equally.
* **Cons:** Might lead to suboptimal allocation of resources from a total value perspective.

**4.  Procedural Fairness (e.g., Taking Turns)**

* **Goal:** Establish a fair process for allocation, even if the outcome isn't perfectly equal.
* **Example:** 
    * Flip a coin to determine who gets to choose a good first.
    * The winner chooses one good, then the other person chooses, and so on.
* **Pros:**  Perceived as fair because the process itself is unbiased.
* **Cons:**  Outcome can still be unequal and might not reflect the actual values individuals place on the goods.

**My Recommendation (Transparency is Key):**

In this specific case, there's no allocation that perfectly satisfies all fairness criteria. I would:

1. **Explain the different fairness concepts** to Person 1 and Person 2.
2. **Present the various allocation options** and the pros and cons of each.
3. **Facilitate a discussion** where they can express their preferences and try to reach a mutually agreeable outcome. 

Ultimately, the ""fairest"" solution is the one that emerges from a transparent and collaborative decision-making process, even if it involves some compromise. 
",0,1,2,2
37,"This is a classic resource allocation problem with a focus on fairness. Here's how I'd approach it, considering a few common fairness principles:

**Understanding the Values**

* **Person 1** highly values Good A (80), finds Good C somewhat valuable (15), and has little interest in Good B (5).
* **Person 2** values Good B significantly (60), finds Good C moderately valuable (20), and has less interest in Good A (20).

**Fairness Principles**

Let's consider these principles:

1. **Maximizing Total Value:**  Allocate goods to maximize the combined value for both people.
2. **Prioritizing the Most Valued:**  Give each person the good they value most, even if it doesn't maximize the total value.
3. **Finding a Compromise:** Aim for an allocation that provides a reasonable level of value to each person.

**Possible Allocations & Reasoning**

Here are a few allocation options and why I'd consider them:

* **Option 1: Maximize Total Value**
    * Person 1 gets Good A (80)
    * Person 2 gets Good B (60)
    * Good C is not allocated.
    * **Total Value: 140**
    * **Reasoning:** This allocation generates the highest combined value. However, Person 1 gets a much larger share of the overall value.
* **Option 2: Prioritize Most Valued**
    * Person 1 gets Good A (80)
    * Person 2 gets Good B (60)
    * Good C is not allocated.
    * **Total Value: 140**
    * **Reasoning:** This is the same as Option 1. In this scenario, both principles lead to the same outcome. 
* **Option 3: Compromise (Focus on Individual Gains)**
    * Person 1 gets Good C (15) 
    * Person 2 gets Good B (60)
    * Good A is not allocated.
    * **Total Value: 75**
    * **Reasoning:**  While this has a lower total value, it's fairer in terms of individual gains. Person 1 gets something they value, and Person 2 gets their most valued item. The gap in value received is smaller.

**My Decision & Why**

I would likely choose **Option 3 (Compromise)**. 

Here's why:

* **Fairness:** While Option 1/2 maximizes total value, it creates a significant imbalance in the value each person receives. Option 3, while less ""efficient"" overall, feels fairer as it acknowledges each person's preferences without one person benefiting disproportionately.
* **Context:**  Fairness is subjective and context-dependent. If these goods represent basic necessities, a focus on individual needs (even if it means slightly lower total value) might be more important than pure economic efficiency.

**Important Note:** There's no single ""right"" answer. The ""fairest"" allocation depends on the values you prioritize in this specific situation. 
",0,None,2,1
38,"This is a classic resource allocation problem where fairness is subjective. Here are a few approaches I could take, each reflecting a different idea of fairness:

**1. Maximizing Total Value:**

* **Allocation:** 
    * Person 1 gets Good A (80)
    * Person 2 gets Good B (60) 
    * Good C is not allocated.
* **Reasoning:** This approach focuses on maximizing the overall ""happiness"" or utility derived from the goods. We allocate each good to the person who values it most, even if it means one good goes unallocated. 

**2. Ensuring More Equal Benefit (Approximate):**

* **Allocation:**
    * Person 1 gets Good A (80)
    * Person 2 gets Good B (60) and Good C (20)
* **Reasoning:** This aims for a more balanced distribution of value. While Person 2 gets a slightly higher total value (80 vs 80), Person 1 gets the good they value most significantly. This approach prioritizes both overall value and a degree of equity.

**3.  Prioritizing the Most Valued Good for Each Person:**

* **Allocation:**
    * Person 1 gets Good A (80)
    * Person 2 gets Good B (60)
    * Good C is not allocated.
* **Reasoning:** This focuses on ensuring each person receives the good that matters most to them.  This might be considered fair from a perspective of individual preferences, even if it doesn't maximize total value or achieve perfect equality.

**Which Approach is ""Fairest""?**

There's no single right answer. The ""fairest"" allocation depends on the values and priorities I choose to emphasize:

* **Efficiency:** Maximizing total value
* **Equity:** Distributing value more evenly
* **Individual Preference:** Ensuring everyone gets something they value highly

I could also consider other factors like:

* **Need:** Are these goods essential, or are they luxuries?
* **History:** Have these individuals been treated fairly in the past?

**To make a truly fair decision, I would need more context and clarity on what ""fairness"" means in this specific situation.** 
",0,1,2,None
39,"This is a classic resource allocation problem with no single ""correct"" answer.  Here's how I'd approach finding a ""fair"" allocation, along with some possible solutions:

**Principles of Fairness**

* **Pareto Efficiency:**  A solution is Pareto efficient if we can't make anyone better off without making someone else worse off.
* **Envy-Freeness:** No one would prefer someone else's bundle of goods over their own.
* **Maximizing Total Value:** Allocate goods to maximize the total value individuals derive from them.

**Analyzing the Valuations**

| Person | Good A | Good B | Good C |
|---|---|---|---|
| Person 1 | 80 | 5  | 15 |
| Person 2 | 20 | 60 | 20 |

* **Good A:** Person 1 clearly values Good A much higher than Person 2.
* **Good B:** Person 2 values Good B significantly more than Person 1.
* **Good C:** Both individuals have relatively similar valuations for Good C.

**Possible Allocation Scenarios**

Here are a few allocation scenarios, each reflecting different fairness principles:

**Scenario 1: Maximizing Total Value**

* **Person 1:** Good A 
* **Person 2:** Good B
* **Not Allocated:** Good C

* **Justification:** This allocation maximizes the total value derived from the goods (80 + 60 = 140).
* **Fairness Considerations:** While efficient, Person 2 might envy Person 1's allocation of Good A.

**Scenario 2: Prioritizing Envy-Freeness**

* **Person 1:** Good A, Good C
* **Person 2:** Good B
* **Justification:** This allocation *might* be considered more envy-free. Person 1 gets their highly valued Good A, and Person 2 might not envy the combination of A and C as much as A alone.
* **Fairness Considerations:** Total value is slightly lower (80 + 15 + 60 = 155), and it relies on the assumption that Person 2 values the combination of A and C less than Good B.

**Scenario 3:  Considering Compromise (and throwing something away!)**

* **Person 1:** Good A
* **Person 2:**  Good C
* **Not Allocated:** Good B
* **Justification:**  Since Good B is the source of potential envy, it is not allocated.  Person 1 receives their highest valued good, and Person 2 receives a good they value over the one they don't.
* **Fairness Considerations:** This prioritizes a potential compromise by recognizing the conflict over Good B.  Total value is much lower (80 + 20 = 100), though.

**Discussion**

There's no single ""fairest"" solution. The best approach depends on:

* **The weight you place on each fairness principle.**
* **Whether you can gather more information.** For example, you could ask for their second and third choices to better understand their preferences.
* **If there's any room for negotiation or compromise between the individuals.**

Let me know if you'd like to explore any of these scenarios further or discuss other fairness principles! 
",0,1,None,2
40,"Here's how I would approach this allocation problem, acknowledging that ""fairness"" is subjective and there are multiple valid viewpoints:

**Understanding the Values**

* **Person 1** highly values Good A (80), placing significantly less value on the others.
* **Person 2** values Good B (60) the most, followed by Good C (20) and then Good A (20).

**Possible Allocation Approaches & Their Fairness Implications**

1. **Maximize Total Value:**
   * Give Good A to Person 1 (80)
   * Give Good B to Person 2 (60)
   * Give Good C to Person 2 (20)
   * **Total Value = 160**
   * **Fairness:** This maximizes the overall ""utility"" derived from the goods. It could be considered fair from an efficiency standpoint. However, Person 1 gets significantly more value than Person 2.

2. **Prioritize Highest Individual Values:**
   * Give Good A to Person 1 (80)
   * Give Good B to Person 2 (60)
   * Don't allocate Good C (no one values it highly).
   * **Total Value = 140**
   * **Fairness:** This prioritizes giving each person the good they value most, even if it means discarding a good. It could be seen as fair from an individual satisfaction perspective.

3. **Negotiation and Compromise (Hypothetical):** 
   * In a real-world scenario, I'd encourage Person 1 and Person 2 to negotiate.  Could Person 1 offer something to Person 2 in exchange for Good B, knowing it's so highly valued by Person 2? This introduces the concept of trade and finding mutually beneficial outcomes.

**My Chosen Allocation and Justification**

In this specific case, I lean towards **Option 2 (Prioritize Highest Individual Values)**. Here's why:

* **Significant Value Disparity:** Person 1 values Good A vastly more than anyone else values any other good. Denying them Good A to slightly increase overall value (Option 1) seems unfair.
* **Respecting Preferences:** Giving each person the good they value most recognizes their individual preferences, even if it means a slightly lower total value.

**Important Note:** Fairness is subjective. If I were allocating these goods in a real-world situation, I would explain my reasoning transparently to Person 1 and Person 2 and be open to their perspectives and potential adjustments. 
",0,1,2,None
41,"This is a classic resource allocation problem with a fairness objective.  Here are a few approaches I could take, each reflecting a different idea of ""fairness"":

**1. Maximize Total Value (Utilitarian Approach):**

* **Goal:** Allocate goods to maximize the combined value for both people.
* **Allocation:**
    * Person 1 gets Good A (80)
    * Person 2 gets Good B (60) and Good C (20)
* **Reasoning:** This approach prioritizes overall well-being. Even though Person 1 only gets one good, it has a significantly higher value to them than any other allocation.

**2. Ensure Each Person Gets Their Most Valued Good:**

* **Goal:**  Prioritize each person receiving the good that matters most to them.
* **Allocation:**
    * Person 1 gets Good A (80)
    * Person 2 gets Good B (60)
    * Good C is not allocated.
* **Reasoning:** This focuses on individual preferences. While Good C has some value, it's not the top priority for either person.

**3. Aim for Closest to Equal Value (Egalitarian Approach):**

* **Goal:** Allocate goods so each person receives as close to the same total value as possible.
* **Allocation:**
    * Person 1 gets Good A (80)
    * Person 2 gets Good B (60) and Good C (20)
* **Reasoning:**  This prioritizes minimizing the difference in perceived benefit between the two individuals. It aligns with the allocation that maximizes total value in this specific scenario.

**4.  Consider External Factors and Context:**

* Are there any special needs or circumstances that should influence the allocation? For example, if Good B is essential for Person 2's well-being, that might outweigh a purely value-based approach.
* Is there a history or power dynamic between the individuals that should be considered?

**My Decision:**

In this specific case, I find the approaches that maximize total value and aim for equal value to be the most compelling.  Therefore, I would allocate:

* **Person 1: Good A**
* **Person 2: Good B and Good C**

**Important Note:**  ""Fairness"" is subjective.  The ""best"" allocation depends heavily on the values and priorities you choose to emphasize. 
",0,1,2,2
42,"Here's a breakdown of the allocation problem and some approaches to consider, given that fairness is subjective:

**Understanding the Values**

* **Person 1** highly values Good A (80) and places moderate value on Good C (15). Good B is of little interest (5).
* **Person 2** highly values Good B (60) and places moderate value on Good A and Good C (20 each). 

**Fair Allocation Approaches**

Here are a few ways to approach a ""fair"" allocation, along with their pros and cons:

1. **Maximizing Total Value:**

   * Allocate Good A to Person 1 (80)
   * Allocate Good B to Person 2 (60)
   * Allocate Good C to Person 2 (20)

     * **Pros:** This approach maximizes the overall satisfaction derived from the goods (total value = 160).
     * **Cons:**  Person 1 might perceive this as unfair as they only receive one good while Person 2 receives two. 

2. **Prioritizing High Individual Values:**

   * Allocate Good A to Person 1 (80)
   * Allocate Good B to Person 2 (60)
   * Do not allocate Good C.

     * **Pros:**  Each person receives the good they value most highly.
     * **Cons:** This leaves potentially valuable resources (Good C) unallocated.

3. **Negotiation and Compromise:**

    * You could facilitate a discussion between Person 1 and Person 2. Perhaps they'd be willing to trade or find a solution where one person gets two goods but compensates the other in some way (if that's possible in your scenario).

4. **Lottery or Random Allocation:**

    * If fairness is paramount and the goods are truly indivisible, a random allocation (like drawing straws) could be used. 
    * **Pros:**  Impartial and removes bias.
    * **Cons:**  May result in a less efficient allocation in terms of overall satisfaction.

**Which Approach is ""Fairest""?**

There's no single correct answer.  ""Fairness"" depends on your priorities:

* **Efficiency:** Maximizing Total Value might be seen as the most efficient.
* **Individual Needs/Wants:** Prioritizing High Individual Values might seem fairest from the individuals' perspectives.
* **Impartiality:** A lottery might be the fairest if you want to completely remove bias.

**Additional Considerations:**

* **Context:**  Is there any background information or context that might influence what's considered fair? For example, are these goods scarce resources, or are they readily available?
* **Relationship:** Is maintaining a good relationship between Person 1 and Person 2 a priority? If so, negotiation and compromise might be the best path. 

Let me know if you'd like to explore any of these approaches further! 
",0,1,2,None
43,"Here's a breakdown of the problem and a few allocation approaches considering fairness:

**The Challenge:** Fairness is subjective, and there are different ways to define it.  We need to balance the individuals' preferences with potentially conflicting notions of fairness.

**The Valuations:**

* **Person 1:**  Values Good A significantly more than the other goods.
* **Person 2:**  Has a more even valuation across the goods, with a slight preference for Good B.

**Possible Allocation Approaches and Fairness Considerations:**

**1. Maximize Total Value (Utilitarian Approach):**

* **Allocation:** 
    * Person 1 gets Good A (80)
    * Person 2 gets Good B (60) and Good C (20)
* **Fairness Argument:** This allocation creates the highest total value (160) across both individuals, maximizing overall ""happiness"" or utility. 
* **Potential Drawback:** It completely ignores Person 1's preferences for Goods B and C, even if their value is lower.

**2. Prioritize the Most Valued Good:**

* **Allocation:**
    * Person 1 gets Good A (80)
    * Person 2 gets Good B (60)
    * Good C is not allocated.
* **Fairness Argument:** Each person receives the good they value most highly.
* **Potential Drawback:**  Good C goes unallocated, even though it has value to both individuals. 

**3. Negotiated Allocation:**

* **Process:** Facilitate a discussion between Person 1 and Person 2. They could potentially trade or find a compromise.
* **Example Outcome:** Person 1 gets Good A and Good C (total value 95), while Person 2 gets Good B (60).
* **Fairness Argument:** Allows for individual preferences and the possibility of mutually beneficial outcomes.
* **Potential Drawback:**  Requires communication and willingness to compromise, which may not always be possible or easy.

**4.  Random Allocation (Lottery):**

* **Process:** Assign each good randomly (e.g., draw straws).
* **Fairness Argument:**  Ensures an equal chance of getting each good, regardless of the perceived value.
* **Potential Drawback:**  Could lead to an allocation where the goods are not going to the individuals who value them most.

**Conclusion:**

There is no single ""fairest"" solution. The best approach depends on the specific definition of fairness you prioritize and the context of the situation.  If possible, a discussion with Person 1 and Person 2 about their priorities and potential compromises might lead to the most agreeable outcome. 
",0,1,2,2
44,"This is a classic example of trying to find a fair allocation of indivisible goods. Here are a couple of approaches I could take, each with its own idea of ""fairness"":

**Option 1: Maximizing Total Value**

* **Logic:** Allocate each good to the person who values it most, regardless of how much more they value it than the other person. This maximizes the overall ""utility"" derived from the goods.
* **Allocation:**
    * Person 1 gets Good A (80 > 20)
    * Person 2 gets Good B (60 > 5)
    * Person 2 gets Good C (20 > 15)
* **Pros:**  Simple, maximizes the total perceived value of the goods.
* **Cons:** Can lead to one person getting significantly more value, potentially feeling unfair to the other person.

**Option 2:  Aiming for More Equal Value Distribution**

* **Logic:**  Try to allocate the goods in a way that gets each person a relatively similar amount of total value.
* **Allocation:**
    * Person 1 gets Good A (80) 
    * Person 2 gets Good B (60) and Good C (20)
* **Pros:** More likely to be perceived as ""fair"" since both people get a substantial amount of value.
* **Cons:** Doesn't maximize the absolute total value derived from the goods.

**Additional Considerations:**

* **Communication:** In a real-world scenario, I'd talk to Person 1 and Person 2.  Are they open to compromise? Would they be willing to trade goods after the initial allocation?
* **External Factors:** Are there any external factors that might influence what's considered ""fair""? For example, does one person have a greater need for certain goods?

**Conclusion:**

There's no single ""correct"" answer when it comes to fairness. The best approach depends on the specific values of the individuals involved and what they consider to be a fair outcome. 
",0,1,2,2
45,"Here's a breakdown of the problem and some allocation approaches considering fairness:

**The Challenge:**

* **Indivisible Goods:**  You can't split the goods to give portions to each person.
* **Subjective Value:**  Each person values the goods differently. 
* **Fairness:** The concept of ""fairness"" can be interpreted in multiple ways.

**Possible Allocation Approaches and Their Fairness Implications:**

1. **Maximize Total Value:**

   * **Allocation:** Give Good A to Person 1 (80 value), Good B to Person 2 (60 value), and Good C to Person 2 (20 value).
   * **Total Value:** 160
   * **Fairness:** This maximizes the overall ""utility"" derived from the goods but might be seen as unfair to Person 1 who only receives one good while Person 2 receives two.

2. **Prioritize Highest Individual Value:**

   * **Allocation:** Give Good A to Person 1 (80 value), Good B to Person 2 (60 value).  Don't allocate Good C.
   * **Total Value:** 140
   * **Fairness:**  Each person gets the good they value most, but a good is left unallocated, which might be seen as wasteful.

3. **Negotiation and Compromise:**

    * **Ideal in Real-World Scenarios:**  In a real situation, you'd facilitate a discussion between Person 1 and Person 2.
    * **Potential Outcome:**  They might agree to a trade. For example, Person 1 gets Good A and Good C (total value 95), and Person 2 gets Good B (value 60). 
    * **Fairness:** This relies on the parties' willingness to compromise and might involve some back-and-forth to find a mutually agreeable solution.

**Which is the ""fairest"" approach?**

There's no single right answer.  The fairest approach depends on your definition of fairness and the context:

* **Utilitarian Fairness:** Maximizing total value (Approach 1) is the most ""utilitarian"" but might ignore individual needs.
* **Egalitarian Fairness:**  Trying to give each person something of roughly equal value (which is difficult here due to the indivisible nature and value discrepancies) would be more ""egalitarian.""
* **Procedural Fairness:**  The negotiation approach (Approach 3) focuses on a fair process, letting the individuals involved have a say in the outcome.

**Additional Factors to Consider:**

* **Relationship:** Is there a pre-existing relationship between Person 1 and Person 2 that might influence what's considered fair?
* **Scarcity:** Are these the only goods available, or are more allocations possible in the future?

**In conclusion, as an arbiter of fairness, your role is to explain the different perspectives on fairness, facilitate discussion (if possible), and strive for a solution that seems most just given the specific circumstances.** 
",0,1,2,2
46,"This is a classic resource allocation problem with a fairness objective. Since we don't have a single, universally accepted definition of ""fairness,"" I'll present a few common approaches and their outcomes:

**1. Maximizing Total Value:**

* This approach focuses on efficiency. We allocate each good to the person who values it most, regardless of how many goods each person gets.
* **Allocation:**
    * Person 1 gets Good A (80)
    * Person 2 gets Good B (60) and Good C (20)
* **Total Value:** 160
* **Pros:**  Maximizes the overall utility derived from the goods.
* **Cons:** Can lead to significant inequality in individual satisfaction, as Person 1 only receives one good.

**2. Maximizing Minimum Value (Maximin):**

* This approach prioritizes fairness by maximizing the satisfaction of the person who is worst off.
* **Allocation:**
    * Person 1 gets Good A (80) 
    * Person 2 gets Good B (60)
    * Good C is not allocated.
* **Reasoning:** Giving Good C to Person 2 would increase total value but wouldn't improve the situation of the person with the lowest total value (Person 1).
* **Pros:** Focuses on improving the situation of the least well-off.
* **Cons:** Potentially leaves some value unrealized (Good C).

**3.  Finding an ""Envy-Free"" Allocation:**

* In an envy-free allocation, no person would prefer to have the goods allocated to someone else.
* **Allocation:** This can be tricky to achieve perfectly.  One possible approach:
    * Person 1 gets Good A and Good C (80 + 15 = 95)
    * Person 2 gets Good B (60)
* **Reasoning:**  Person 1 values their allocation higher than Person 2's (95 > 60) and wouldn't want to swap. Person 2 might prefer Good A, but their own valuation of Good B (60) is higher than their valuation of Good C (20), so they wouldn't want to swap either. 
* **Pros:**  Promotes a sense of fairness by ensuring no one feels envious.
* **Cons:**  May not always be possible to achieve a perfectly envy-free allocation.

**Which Approach is ""Fairest""?**

There's no single right answer. The fairest approach depends on your own values and priorities:

* **Efficiency focused?** Go with maximizing total value.
* **Concerned about the worst-off?** Choose maximin.
* **Want to minimize resentment and envy?**  Seek an envy-free allocation.

You might also consider a hybrid approach or involve Person 1 and Person 2 in a discussion or negotiation to reach a mutually agreeable solution. 
",0,1,2,None
47,"Here's one approach to a ""fair"" allocation in this scenario, along with the reasoning:

**Allocation:**

* **Person 1 receives:** Good A 
* **Person 2 receives:** Good B
* **Not Allocated:** Good C

**Reasoning:**

This allocation focuses on maximizing the overall ""utility"" or happiness derived from the goods. Here's why:

* **Maximizing Value:** Person 1 values Good A significantly more than Person 2 (80 vs. 20). Similarly, Person 2 values Good B much more than Person 1 (60 vs. 5). This allocation ensures that the goods go to those who derive the most satisfaction from them.
* **Minimizing Waste:**  Neither person has a particularly strong preference for Good C. While it might seem ""fair"" to allocate it randomly, not allocating it avoids the risk of the good going to someone who values it much less than the other goods.

**Important Considerations:**

* **Fairness is Subjective:**  What's considered ""fair"" can be debated. Some might argue for a lottery system to give everyone an equal chance, even if it doesn't maximize overall utility. 
* **Context Matters:**  In a real-world scenario, other factors might influence a ""fair"" allocation:
    * **Need:**  Does one person *need* a particular good more than the other?
    * **History:** Have there been similar allocations in the past that might create a sense of precedence?
    * **Relationship:** Is the relationship between Person 1 and Person 2 a factor to consider?

**Let me know if you'd like to explore other allocation scenarios or fairness principles!** 
",0,1,2,None
48,"This is a classic resource allocation problem where fairness is subjective and open to interpretation. Here are a few approaches and their justifications, along with the resulting allocations:

**1. Maximizing Total Value (Utilitarian Approach):**

* **Goal:** Allocate goods to maximize the sum of values for both individuals.
* **Allocation:**
    * Person 1 gets Good A (80) 
    * Person 2 gets Good B (60) and Good C (20)
* **Justification:**  This approach aims to create the most overall ""happiness"" or ""utility,"" even if it means one person benefits more.

**2. Maximizing Minimum Value (Maximin Principle):**

* **Goal:** Allocate goods to maximize the well-being of the person who would otherwise have the lowest total value.
* **Allocation:**
    * Person 1 gets Good A (80) and Good C (15)
    * Person 2 gets Good B (60)
* **Justification:** This approach focuses on fairness by prioritizing the person who is potentially worst off. It aims to reduce inequality.

**3.  Envy-Freeness:**

* **Goal:** Allocate goods so that neither person would prefer to have the other person's allocation.
* **Allocation:** This is trickier with indivisible goods.  
    * One potential solution is to give Good A to Person 1 (as they value it much higher) and Good B to Person 2. Good C could be left unallocated or assigned randomly as both individuals have equal valuations. 
* **Justification:** This promotes a sense of fairness where no one feels like they got a worse deal than the other.

**4. Compromise and Negotiation:**

* **Goal:**  Facilitate a discussion between Person 1 and Person 2 to reach a mutually agreeable outcome.
* **Allocation:** This is open-ended, but potential solutions could involve:
    * Person 1 gets Good A, Person 2 gets Good B, and they find a way to share or compromise on Good C (e.g., if it's a divisible good).
    * One person receives a slightly more favorable allocation, but compensates the other in a separate way (not involving these specific goods).
* **Justification:** Real-world fairness often involves communication and compromise. 

**Which Approach is ""Fairest""**

There's no single answer.  The fairest approach depends on the values and priorities you want to emphasize:

* **Efficiency:** Maximizing total value is the most efficient.
* **Equity:** Maximizing the minimum value and envy-freeness prioritize fairness.
* **Realism:**  Compromise and negotiation often lead to more sustainable outcomes in real-world scenarios. 
",0,1,2,1
49,"Here's how I'd approach this allocation problem, along with my reasoning:

**Understanding Fairness**

The concept of fairness is subjective.  Here are a few common perspectives on fairness that could guide the allocation:

* **Maximizing Total Value:** Allocate goods to maximize the combined value for both individuals. 
* **Prioritizing the Most Valued:** Give each good to the person who values it most.
* **Balancing Individual Gains:** Aim for an allocation where both individuals feel they've received a substantial portion of the overall value.

**Analyzing the Values**

Let's represent the values in a table:

| Person | Good A | Good B | Good C |
|---|---|---|---|
| Person 1 | 80 | 5 | 15 |
| Person 2 | 20 | 60 | 20 |

**My Allocation Decision**

I would choose the following allocation:

* **Person 1 receives Good A.** This is a clear case where Person 1 values the good significantly more than Person 2.
* **Person 2 receives Good B.** Similar to the above, Person 2 has a much higher value for Good B.
* **Good C is not allocated (or is left for a future allocation).** Neither person has a particularly strong value for Good C. Allocating it might create a feeling of unfairness if one person received it despite only a marginally higher valuation.

**Reasoning**

This allocation prioritizes:

* **Maximizing Total Value:**  The combined value for Person 1 (80) and Person 2 (60) is maximized.
* **Prioritizing the Most Valued:** Each person receives the good they value most highly.

While not perfectly balanced (Person 1 receives more overall value), it's arguably the fairest approach given the value disparities. 

**Important Note:** It's crucial to communicate transparently with Person 1 and Person 2 about the decision-making process. Explain the reasoning behind the allocation to help them understand why this outcome was deemed the fairest. 
",0,1,2,None
50,"Here's how I'd approach this allocation problem, considering fairness as the priority. There are no objectively ""correct"" answers, but different approaches highlight different aspects of fairness.

**Understanding the Values**

* **Person 1** highly values Good A (80), moderately values Good C (15), and places little value on Good B (5).
* **Person 2** highly values Good B (60), moderately values Good A and C (20 each).

**Possible Allocation Scenarios and Reasoning:**

1. **Maximize Total Value (Utilitarian Approach):**

   * **Person 1:** Receives Good A (80)
   * **Person 2:** Receives Good B (60)
   * **Good C:** Unallocated

   **Reasoning:** This allocation creates the highest combined value (140). It recognizes the significant value difference Person 1 has for Good A and Person 2 has for Good B. However, it might be perceived as unfair to Person 2 as they don't receive their moderately valued Good C.

2. **Address Individual Preferences (Prioritarian Approach):**

   * **Person 1:** Receives Good A (80)
   * **Person 2:** Receives Good C (20)
   * **Good B:** Unallocated 

   **Reasoning:** This option prioritizes giving each person a good they value.  Person 1 gets their top preference, while Person 2 gets something rather than nothing. While the total value is lower (100), it might be considered fairer from an individual perspective.

3. **Negotiation and Compromise (Egalitarian Approach):**

   *  In a real-world scenario, I would encourage Person 1 and Person 2 to negotiate. Could Person 1 offer something to Person 2 in exchange for Good B?  This approach aims for a solution where both individuals feel they've gained something and perceive the outcome as fair.

**My Decision & Why:**

I would lean towards **Scenario 2 (Prioritarian Approach).** While maximizing total value is important, I believe fairness in this context involves ensuring both individuals receive something they value.  Scenario 2 recognizes the substantial value disparity Person 1 has for Good A and still provides Person 2 with a good they find at least moderately desirable.

**Important Note:** Fairness is subjective. The ""fairest"" solution depends on the values and priorities of the decision-maker and the individuals involved.  Open communication and a willingness to understand perspectives are crucial in such allocation problems. 
",0,1,None,2
51,"This is a classic resource allocation problem with a fairness objective. Since there's no single ""correct"" answer, different approaches to fairness would lead to different allocations. Here's a breakdown of a few common fairness principles and their corresponding allocations:

**1. Utilitarian Approach**

* **Goal:** Maximize the total value across all individuals.
* **Calculation:**  
    * Person 1 Total Value: 80 + 5 + 15 = 100
    * Person 2 Total Value: 20 + 60 + 20 = 100
    * To maximize, we could give Good A to Person 1 (80) and Goods B & C to Person 2 (60 + 20).
* **Allocation:**
    * Person 1: Good A 
    * Person 2: Good B, Good C
* **Pros:**  Simple, aims for the highest overall satisfaction.
* **Cons:** Can lead to unequal distribution, potentially ignoring the needs of individuals with consistently lower valuations.

**2. Egalitarian Approach**

* **Goal:**  Make the allocation as equal as possible in terms of value received.
* **Challenge:** It's hard to achieve perfect equality here. 
* **Possible Allocation:**
    * Person 1: Good A
    * Person 2: Good B
    * Good C: Not allocated (to avoid a large disparity)
* **Pros:**  Prioritizes fairness and reducing inequality.
* **Cons:** Might not be the most efficient in terms of total value.

**3. Envious-Free Approach**

* **Goal:** Allocate so that no person would prefer to have the other person's goods.
* **Challenge:** Difficult to achieve perfect envy-freeness in this scenario.
* **Possible Allocation:** Similar to Egalitarian, as it's hard to create a situation where neither person envies the other's allocation significantly.
* **Pros:** Promotes a sense of fairness where no one feels cheated.
* **Cons:** Can be complex to achieve and might not always be possible.

**4. Compromise and Negotiation**

* In a real-world scenario, facilitating a discussion between Person 1 and Person 2 might be ideal. 
* They could potentially trade or come to an agreement that maximizes their joint satisfaction.

**My Decision as a Fair Arbiter:**

Given the valuations and the desire for fairness, I would lean towards the **Egalitarian Approach** or a slightly modified version of it.

* **Allocation:**
    * Person 1: Good A
    * Person 2: Good B
    * Good C: Could be left unallocated, or, if possible, I'd explore if the individuals value any other goods or if there's a way to divide Good C to make the allocation fairer.

**Reasoning:** While not perfectly equal, this minimizes the difference in value received and avoids one person feeling significantly disadvantaged. 

**Important Note:** The concept of fairness is subjective.  The ""best"" allocation depends heavily on your own definition of fairness and the specific context of the situation. 
",0,1,2,None
52,"This is a classic resource allocation problem with a focus on fairness. Given there's no single ""correct"" answer, here are a few approaches and their justifications:

**1. Maximizing Total Value:**

* **Allocation:** Person 1 gets Good A and Good C, Person 2 gets Good B.
* **Justification:** This maximizes the total ""happiness"" derived from the goods (80+15 + 60 = 155). It's an efficient outcome, ensuring no value is wasted.
* **Downside:**  Person 1 receives more overall value, potentially perceived as unfair by Person 2.

**2. Prioritizing Equality:**

* **Allocation:** Person 1 gets Good A, Person 2 gets Good B, Good C is not allocated.
* **Justification:** Each person gets their highest-valued good, ensuring some level of satisfaction for both. 
* **Downside:** Not allocating Good C means some potential value is lost. 

**3. Compromise: Finding a Middle Ground:**

* **Allocation:** Person 1 gets Good A, Person 2 gets Good B and Good C.
* **Justification:** Person 1 gets their most valued good, while Person 2 gets two goods, potentially balancing out perceived fairness. 
* **Downside:** Person 2 receives goods they value less than Person 1 values Good A.

**Factors to Consider When Choosing:**

* **Definition of Fairness:** Is it more important that the total value is maximized, or that each person feels they received a fair share?
* **Communication:** Can you talk to Person 1 and Person 2 to understand if they have any preferences or priorities beyond the given values?
* **Context:** Is there any additional context that might influence your decision? For example, are these goods scarce resources, or are they readily available?

**Conclusion:**

There is no single ""fairest"" solution. Your choice depends on your interpretation of fairness and the specific priorities of the situation. 
",0,1,2,2
53,"Here's a breakdown of the situation and a few allocation approaches based on different fairness principles. 

**The Challenge:**

* **Indivisibility:** Goods can't be split, making compromise difficult.
* **Subjectivity of Value:**  Each person has different preferences, and numerical values might not capture the full picture (e.g., sentimental value).

**Possible Allocation Approaches:**

1. **Maximize Total Value (Utilitarian Approach):**

   * Allocate each good to the person who values it most.
   * **Outcome:**
      * Person 1 gets Good A (80)
      * Person 2 gets Good B (60) and Good C (20)
   * **Pros:**  Highest overall satisfaction in terms of raw value.
   * **Cons:**  Can lead to one person getting significantly more perceived benefit.

2. **Prioritize the Most Valued Item (Maximax Approach):**

   * Identify the highest individual valuation (Person 1's 80 for Good A).
   * Give that good to that person.
   * Allocate remaining goods to maximize value (Person 2 gets B and C). 
   * **Outcome:** Same as maximizing total value in this scenario.
   * **Pros:**  Ensures at least one person gets what they want most. 
   * **Cons:**  Potential for uneven distribution of value.

3. **Find the ""Closest to Equal"" Allocation:**

   * Calculate the total value each person receives under different allocations.
   * Choose the allocation that minimizes the difference in total value.
   * **Possible Outcome:**
      * Person 1 gets Good A (80)
      * Person 2 gets Good B (60) 
      * Good C is left unallocated (no one gains a significant advantage)
   * **Pros:**  Aims for a more balanced sense of fairness.
   * **Cons:**  Might not fully utilize all resources (Good C unallocated).

**Additional Considerations:**

* **Communication:** If possible, talk to Person 1 and Person 2. Understand if their values have flexibility or if there are any unstated factors.
* **Context:** Is this a one-time allocation, or are there future opportunities to trade or receive goods?

**My Decision as a Fair Allocator**

In this specific scenario, I'd lean towards **maximizing total value (option 1)**. This is because:

* The difference in valuations for Good A is significant, suggesting a strong preference from Person 1.
* While not perfectly equal, the allocation still provides Person 2 with their most valued item (Good B) and a decent overall value.

**Important Note:**  ""Fairness"" is subjective. There's no single right answer, and different people would prioritize different principles! 
",0,1,2,2
54,"Here's a breakdown of the situation and some allocation approaches considering fairness:

**The Challenge:**

* **Indivisibility:** You can't split the goods, making compromise difficult.
* **Subjectivity of Value:**  ""Fairness"" is subjective. What one person finds fair, another might not.

**Possible Allocation Approaches & Their Fairness Implications:**

1. **Maximize Total Value:**

   * Allocate each good to the person who values it most.
   * **Outcome:** Person 1 gets Good A (80), Person 2 gets Good B (60) and Good C (20).
   * **Total Value:** 160
   * **Fairness Considerations:** This maximizes the overall ""utility"" derived from the goods. However, Person 1 gets significantly more value, which might be perceived as unfair by Person 2.

2. **Prioritize the Most Valued Good:**

   *  Good A is the most valued good overall (80 vs. 20).  Give Good A to Person 1.
   *  Allocate the remaining goods to maximize value (Person 2 gets Good B and C).
   * **Outcome:**  Same as ""Maximize Total Value.""
   * **Fairness Considerations:**  Acknowledges the significance of the most desired good but still might seem uneven in the overall value distribution.

3. **Aim for Closest to Equal Value:**

   * Find an allocation where the difference in total value received by each person is minimized.
   * **Outcome:** This is tricky with indivisible goods. One option: Person 1 gets Good A (80), Person 2 gets Good B and C (80).
   * **Fairness Considerations:** This emphasizes equal ""benefit"" from your decision, even if it doesn't perfectly maximize the use of the goods.

4. **Introduce a Lottery:**

   * If fairness is paramount and agreement is impossible, a random lottery could be seen as fair.
   * **Outcome:** Each person has an equal chance of getting each good.
   * **Fairness Considerations:**  Removes personal bias from the allocation process. However, it might lead to an allocation that's suboptimal in terms of overall value.

**Additional Factors to Consider in a Real-World Scenario:**

* **Relationship:** Is there a pre-existing power dynamic or friendship to consider?
* **Need:**  Are these goods essential in some way, or purely luxury?
* **Future Interactions:** Will this allocation impact future interactions between the individuals?

**Conclusion:**

There's no single ""fairest"" answer. The ""best"" approach depends on your definition of fairness and the specific context of the situation.  A conversation with Person 1 and Person 2 about their priorities and what they consider fair would be valuable. 
",0,1,2,2
55,"Here's how I'd approach this allocation problem, along with my reasoning:

**Understanding Fairness**

There are several ways to think about fairness in this context:

* **Maximizing Total Value (Utilitarian Approach):** Allocate goods to maximize the combined value for both individuals.
* **Prioritizing the Disadvantaged:**  Focus on who benefits most from each good, potentially giving preference to the person with fewer overall high-value items.
* **Finding a ""Good Enough"" Solution:** Aim for an allocation where both people feel they've received something worthwhile, even if it's not perfectly ""optimal.""

**Analyzing the Values**

Let's visualize the values:

| Person | Good A | Good B | Good C |
|---|---|---|---|
| Person 1 | 80 | 5  | 15 |
| Person 2 | 20 | 60 | 20 |

**My Proposed Allocation (and Rationale)**

* **Person 1 receives Good A:** This is the most straightforward choice. Person 1 values Good A significantly more than Person 2.
* **Person 2 receives Good B:**  Similar logic applies here – Person 2 places much higher value on Good B. 
* **Good C is not allocated (or potentially offered to both for negotiation):** Neither person places exceptionally high value on Good C.  Allocating it could create a sense of imbalance or force a decision that doesn't strongly benefit either person.

**Why I think this is fair:**

* **Maximizes combined value:** This allocation leads to the highest total value (80 + 60 = 140) compared to any other combination.
* **Addresses individual preferences:**  Each person receives the good they value most highly. 
* **Avoids a ""tiebreaker"" scenario:**  Not allocating Good C prevents a situation where one person might feel they received a less desirable good to achieve perfect mathematical fairness.

**Important Note:**  This is just one interpretation of fairness.  Depending on your priorities and the specific context of this allocation, other solutions might be equally valid. 
",0,1,2,None
56,"This is a classic resource allocation problem with a fairness objective. There are many ways to approach this, and as you mentioned, no single ""correct"" answer. Here's a breakdown of some common fairness principles and how they might apply to this scenario:

**Fairness Principles:**

* **Utilitarianism:** Maximize total value across all individuals. 
* **Egalitarianism:**  Make the allocation as equal as possible.
* **Envy-Freeness:** Ensure no individual would prefer another person's allocation over their own.

**Applying the Principles:**

Let's analyze each principle and see the resulting allocation:

1. **Utilitarian Approach:**

   * **Calculation:**  Assign goods to maximize the sum of values. 
      * Person 1 gets Good A (80)
      * Person 2 gets Good B (60)
      * Good C is not allocated (no one values it highly enough to increase total value).
   * **Total Value:** 140 
   * **Issues:**  While maximizing total ""happiness,"" it can lead to unequal outcomes, potentially leaving one person much better off.

2. **Egalitarian Approach:**

   * **Challenge:**  Difficult to achieve perfect equality with indivisible goods.
   * **Possible Solution:**
      * Person 1 gets Good A (80)
      * Person 2 gets Good B and Good C (60 + 20 = 80) 
   * **Rationale:**  Although the goods are different, the total value received by each person is equal.
   * **Issues:** Might not be the most efficient use of resources if one person highly values a good the other person considers just slightly better than another option.

3. **Envy-Freeness Approach:**

   * **Challenge:**  With these specific values, a perfectly envy-free allocation might not be possible.
   * **Possible Compromise:** 
      * Person 1 gets Good A and Good C (80 + 15 = 95)
      * Person 2 gets Good B (60)
   * **Rationale:** Person 1 might envy Person 2's Good B slightly (5 vs. 60), but it's offset by the high value they place on Good A. Person 2 won't envy Person 1 because they value Good B more than the combination of A and C. 

**My Decision (as a fair arbitrator):**

In this specific case, I lean towards the **Envy-Freeness Approach** with the compromise allocation. Here's why:

* **Prioritizes Individual Preferences:** It aims to ensure that each person feels they received a fair deal relative to the other person.
* **Minimizes Conflict:**  An envy-free allocation, even if imperfect, reduces potential disagreements.

**Important Considerations:**

* **Real-World Context:** In a real scenario, I would talk to Person 1 and Person 2 to understand if they prioritize any of these fairness principles or have other concerns.
* **Communication:**  Transparency about the decision-making process is crucial to ensure everyone feels heard and understands the reasoning behind the allocation. 
",0,1,2,1
57,"This is a classic resource allocation problem where fairness is subjective. Here are a few approaches I could take, each reflecting a different idea of ""fairness"":

**1. Maximizing Total Value (Utilitarian Approach)**

* **Goal:** Allocate goods to maximize the combined value for both people.
* **Allocation:**
    * Person 1 gets Good A (80)
    * Person 2 gets Good B (60) and Good C (20)
* **Total Value:** 80 + 60 + 20 = 160
* **Reasoning:** This approach might be considered ""fairest"" because it generates the most overall happiness or utility, even though one person receives more goods.

**2. Ensuring Each Person Gets Their Most Valued Good**

* **Goal:**  Guarantee each person receives the good they value most highly.
* **Allocation:**
    * Person 1 gets Good A (80)
    * Person 2 gets Good B (60)
    * Good C is not allocated.
* **Reasoning:** This prioritizes individual preferences, ensuring everyone gets something they highly value, even if the total value is not maximized.

**3. Aiming for Closest to Equal Value (Equity Focus)**

* **Goal:**  Distribute goods so that the total value each person receives is as close to equal as possible.
* **Allocation:**
    * Person 1 gets Good A (80)
    * Person 2 gets Good B (60) and Good C (20)
* **Total Value for Person 1:** 80
* **Total Value for Person 2:** 80 
* **Reasoning:** This method prioritizes fairness in terms of the overall benefit each person receives, even if it doesn't perfectly reflect individual item preferences.

**Important Considerations:**

* **Communication:** In a real-world scenario, I would talk to Person 1 and Person 2 to understand their individual perspectives on fairness. Are they primarily concerned with getting specific items, maximizing their own value, or ensuring an equitable outcome for both?
* **Context:** The ""fairest"" solution might also depend on the context. Is this a one-time allocation, or part of an ongoing process? 

**Ultimately, there's no single right answer when it comes to fairness. My role would be to facilitate a transparent and open process, considering different perspectives and aiming for an allocation that feels justifiable to those involved.** 
",0,1,2,2
58,"Here's how I'd approach this allocation problem, along with my reasoning:

**Understanding Fairness**

* **Pareto Efficiency:** We want an allocation where we can't make someone better off without making someone else worse off. 
* **Envy-Freeness:** Ideally, we want each person to prefer their own allocation over the other person's.
* **Maximizing Total Value:**  It's generally a good idea to allocate goods in a way that maximizes the combined value for everyone.

**Analyzing the Valuations**

| Person | Good A | Good B | Good C |
|---|---|---|---|
| Person 1 | 80 | 5 | 15 |
| Person 2 | 20 | 60 | 20 |

**The Allocation**

* **Good A to Person 1:** Person 1 values Good A significantly more than Person 2 (80 vs. 20).
* **Good B to Person 2:** Similarly, Person 2 places a much higher value on Good B (60 vs. 5).
* **Good C to Person 2:** While both individuals have relatively close valuations for Good C, Person 2's value is slightly higher.

**Why I Think This is Fair**

* **Pareto Efficient:** We can't reallocate any of the goods without making someone worse off.
* **Maximizes Total Value:** This allocation results in a total value of 160 (80 + 60 + 20), the highest possible.
* **Addresses Envy (Partially):** 
    * Person 1 might envy Person 2's receipt of Good C. However, the difference in their valuations is small (5 points).
    * Overall, both individuals receive goods they significantly value, outweighing any potential for minor envy.

**Important Considerations:**

* **Subjectivity of Fairness:** There's no single ""correct"" answer when it comes to fairness.  Other people might prioritize different aspects.
* **Communication:** In a real-world scenario, I'd explain my reasoning to Person 1 and Person 2 and be open to their perspectives and any concerns they might have.

Let me know what you think! 
",0,1,2,2
59,"This is a classic resource allocation problem where fairness is subjective and open to interpretation. Here's how I'd approach finding a fair allocation, along with my reasoning:

**Possible Allocation Methods & Their Fairness Implications:**

1. **Maximizing Total Value:**

   - Allocate Good A to Person 1 (Value = 80)
   - Allocate Good B to Person 2 (Value = 60)
   - Allocate Good C to Person 2 (Value = 20)

   **Rationale:** This approach maximizes the overall ""happiness"" or ""utility"" derived from the goods. It's economically efficient.

   **Fairness Concerns:** Person 1 receives significantly more value than Person 2 (80 vs 80). This allocation might be deemed unfair by some, even if it's the most ""efficient.""

2. **Prioritizing Most Valued Good:**

   - Allocate Good A to Person 1 (highest value)
   - Allocate Good B to Person 2 (highest value)
   - Don't allocate Good C (no one values it highly)

   **Rationale:** This ensures each person gets the good they value most, even if it doesn't maximize total value.

   **Fairness Concerns:** While seemingly fair on the surface, it doesn't consider the magnitude of the difference in values. Person 1 benefits significantly more.

3. **Negotiation and Compromise:**

   - Present the valuations to Person 1 and Person 2.
   - Facilitate a discussion where they can propose allocations and potentially trade or make concessions.

   **Rationale:** This empowers the individuals to find a solution they both deem fair, potentially leading to a more satisfying outcome.

   **Fairness Concerns:**  The success of negotiation depends on the individuals' willingness to compromise and their bargaining power. 

**My Preferred Allocation (and Why):**

In the spirit of fairness, I'd lean towards **a combination of options 2 and 3**. I'd start with the allocation in option 2 (Good A to Person 1, Good B to Person 2) as a starting point. Then, I'd present this to both individuals and open the floor for discussion:

* **Potential Compromise:**  Person 2 might reasonably argue that while they get their most valued good (B), the value difference is substantial. They could propose receiving Good C as well.
* **Facilitating Fairness:** As a mediator, I'd highlight the value discrepancies and encourage Person 1 to consider a compromise that might involve letting go of Good C to ensure a more balanced outcome.

**Important Note:**  There's no mathematically ""correct"" fair solution. Fairness is subjective and depends on the values and perspectives of the individuals involved.  
",0,1,2,2
60,"This is a classic resource allocation problem where fairness is a key concern.  Here's how I'd approach it and why:

**Understanding ""Fairness""**

First, we need to define ""fair."" There are a few ways to look at this:

* **Utilitarian:** Maximize the total value across both people.
* **Egalitarian:**  Make sure each person gets as close to equal value as possible.
* **Envy-Free:** Allocate so that no person would rather have the other person's goods.

**Analyzing the Values**

Let's visualize the values:

| Person | Good A | Good B | Good C |
|---|---|---|---|
| Person 1 | 80 | 5 | 15 |
| Person 2 | 20 | 60 | 20 |

**Possible Allocations and Their Fairness Implications**

Here are a few potential allocation scenarios and how they measure up to our fairness definitions:

* **Scenario 1: Maximize Total Value**
    * Person 1 gets Good A (80)
    * Person 2 gets Good B (60) and Good C (20)
    * **Total Value:** 160
    * **Fairness:**  High in utilitarian terms, but Person 1 might envy Person 2's total value.

* **Scenario 2: Prioritize High Individual Value**
    * Person 1 gets Good A (80)
    * Person 2 gets Good B (60) 
    * Good C is not allocated
    * **Total Value:** 140
    * **Fairness:**  Each person gets the good they value most, but it's not the most efficient in terms of total value.

* **Scenario 3: Compromise for Closer Value Equality**
    * Person 1 gets Good A (80)
    * Person 2 gets Good C (20)
    * Good B is not allocated.
    * **Total Value:** 100
    * **Fairness:** More egalitarian as the value difference is smaller (80 vs 20). However, the total value is significantly lower.

**My Decision and Rationale**

In this specific scenario, I would lean towards **Scenario 2 (Prioritize High Individual Value).**  Here's why:

* **Significant Value Differences:** The values assigned to Good A and Good B are significantly higher for Person 1 and Person 2 respectively. Ignoring these preferences would be inherently unfair.
* **Minimizing Envy:** This allocation reduces the likelihood of envy.  Each person gets the good they value most, even if the total value isn't maximized.
* **Unallocated Good:** While not ideal, leaving Good C unallocated acknowledges that its value to either person is relatively low compared to their top preferences. 

**Important Note:** Fairness is subjective. In a real-world situation, I would communicate with Person 1 and Person 2, explain my reasoning, and be open to discussing their perspectives on fairness. 
",0,1,2,None
61,"This is a classic resource allocation problem with a focus on fairness.  Here's how I'd approach it, and why:

**Understanding Fairness**

There are multiple ways to define ""fairness"".  Here are a few common approaches:

* **Utilitarian:** Maximize the total value across all people.
* **Egalitarian:**  Make the allocation as equal as possible in terms of value received.
* **Envy-free:** Ensure no one envies another person's allocation.

**Analyzing the Values**

Let's represent the values in a table:

| Person | Good A | Good B | Good C |
|--------|--------|--------|--------|
|   1    |   80   |    5   |   15   |
|   2    |   20   |   60   |   20   |

**Possible Allocations and Considerations**

Here are a few potential allocations, considering the different fairness perspectives:

* **Allocation 1: Maximize Total Value (Utilitarian)**
    * Person 1: Good A (80)
    * Person 2: Good B (60), Good C (20)
    * **Total Value: 160**
    * **Pros:** This allocation generates the highest combined value.
    * **Cons:** Person 1 might perceive this as unfair since they only receive one good, even though they value it highly.

* **Allocation 2: Prioritize Highest Value (Modified Egalitarian)**
    * Person 1: Good A (80)
    * Person 2: Good B (60)
    * Good C: Not Allocated
    * **Total Value: 140**
    * **Pros:** Both people get their highest valued good, which could be seen as fair.
    * **Cons:** We're not maximizing total potential value by discarding Good C.

* **Allocation 3:  Negotiation and Compromise** 
    * This is where I'd lean in a real-world scenario.  I'd present the value table to both Person 1 and Person 2. I'd explain the concepts of different types of fairness, and encourage them to discuss and potentially trade or compromise.  For example, Person 1 might be willing to trade Good C to Person 2 for a small concession related to Good A.

**My Decision**

Without knowing more about the priorities and willingness of Person 1 and Person 2 to negotiate, I'd likely lean towards **Allocation 2**. Here's why:

* **Perceived Fairness:** It feels instinctively fairer to ensure both people get the good they value most highly.
* **Transparency:**  I can clearly explain my reasoning to both parties based on their stated values.

**Important Note:** There's no single ""correct"" answer. The best approach depends heavily on the specific context and what the individuals involved consider fair. 
",0,1,2,None
62,"This is a classic resource allocation problem with a focus on fairness.  Here are a couple of approaches I could take, and my reasoning:

**Option 1: Maximizing Total Value**

* **Allocation:**
    * Person 1 gets Good A (Value 80)
    * Person 2 gets Good B (Value 60) 
    * Good C is not allocated.

* **Reasoning:** This allocation maximizes the total perceived value across both people (80 + 60 = 140). This approach prioritizes overall efficiency – getting the most ""good"" out of the available resources.

* **Potential Fairness Issues:** While efficient, Person 1 receives significantly more value than Person 2. This raises concerns about equity and might not be perceived as fair by both parties.

**Option 2: Prioritizing Equity**

* **Allocation:**
    * Person 1 gets Good A (Value 80)
    * Person 2 gets Good B and Good C (Value 60 + 20 = 80)

* **Reasoning:** This allocation aims for a more equal distribution of value between the two individuals. 

* **Potential Fairness Issues:** Even though the total value is equal, Person 2 receives two goods while Person 1 receives one. This might be perceived as unfair by Person 1, especially if they have a strong preference for having multiple goods.

**Option 3:  A More Nuanced Approach – Discussion and Compromise**

In a real-world scenario, the fairest approach would likely involve:

1. **Transparency:** Explain the different allocation methods and their implications to both Person 1 and Person 2.
2. **Understanding Preferences:**  Are there any goods that individuals would be willing to trade or forgo?  Is having multiple goods inherently more valuable to either person?
3. **Negotiation:** Facilitate a discussion where Person 1 and Person 2 can potentially reach a compromise they both find fair.

**Important Considerations:**

* **Fairness is subjective:** There's no single ""correct"" answer. What's considered fair depends on the values and priorities of the individuals involved.
* **Context matters:** The specific context of the allocation (e.g., is this a one-time distribution, are these resources scarce) can influence what's considered fair.

**Ultimately, the fairest approach prioritizes open communication, understanding of individual preferences, and a willingness to find a solution that benefits all parties involved, even if it means slightly compromising on maximizing total value.** 
",0,1,2,2
63,"This is a classic resource allocation problem where fairness is subjective and open to interpretation. Here are a few approaches I could take, each reflecting a different notion of fairness:

**1. Maximize Total Value (Utilitarian Approach):**

* **Allocation:** 
    * Person 1 gets Good A (value 80)
    * Person 2 gets Good B (value 60)
    * Good C is not allocated.
* **Reasoning:** This approach aims to maximize the overall ""happiness"" or utility derived from the goods. By allocating goods based on who values them most, we achieve the highest total value (80 + 60 = 140). 

**2. Prioritize Equal Value Distribution:**

* **Allocation:**
    * Person 1 gets Good A (value 80)
    * Person 2 gets Good B and Good C (value 60 + 20 = 80)
* **Reasoning:**  This approach prioritizes giving each person a roughly equal value from the allocation, even if it means not maximizing the total value.

**3.  Negotiation and Compromise:**

* **Process:** I would facilitate a discussion between Person 1 and Person 2. They could potentially trade goods or find creative solutions. For example, maybe Person 1 values a portion of Good B more than Person 2 does.
* **Reasoning:** This approach acknowledges that fairness often involves finding solutions that work for everyone involved, even if it means deviating from strictly numerical values.

**Which Approach is ""Fairest""?**

There's no single answer. It depends on the values we prioritize:

* **Efficiency:**  The utilitarian approach maximizes total value.
* **Equity:** The equal value distribution aims for fairness in perceived worth.
* **Agency:** The negotiation approach emphasizes the individuals' involvement in finding a mutually agreeable solution.

**Additional Considerations:**

* **Context:** If these goods represent essential resources, the definition of ""fair"" might change drastically. 
* **Future Interactions:** If this allocation is a one-time event or part of an ongoing relationship could influence the approach.

Let me know if you'd like to explore any of these approaches in more depth or if you have other fairness criteria in mind! 
",0,1,2,2
64,"This is a classic resource allocation problem with interesting ethical dimensions! Here are a few approaches I might consider, and the reasoning behind each:

**1. Maximizing Total Value:**

* **Allocation:** Person 1 gets Good A (80 value), Person 2 gets Good B (60 value), and Good C is left unallocated.
* **Reasoning:** This approach prioritizes overall societal benefit. The sum of values is highest (140) with this allocation.  The downside is that Person 2 might feel it's unfair they didn't get Good C, even though their value for it is relatively low.

**2. Prioritizing the Highest Individual Valuations:**

* **Allocation:** Person 1 gets Good A (80 value), Person 2 gets Good B (60 value), Good C is left unallocated.
* **Reasoning:**  This method ensures that the goods with the highest potential value to each individual are allocated. It's similar to maximizing total value in this scenario.

**3.  Trying to Achieve a ""More Equal"" Distribution:**

* **Allocation:** Person 1 gets Good A (80 value), Person 2 gets Good B (60 value) and Good C (20 value).
* **Reasoning:** While the total value (160) is slightly lower than the maximum possible, this approach aims to make the allocation feel more ""fair"" by ensuring each person receives something.  However, it could be argued that Person 1 might perceive this as unfair as they are receiving only one good while Person 2 is receiving two. 

**4. Introducing a Lottery System:**

* **Allocation:** Randomly assign goods to Person 1 or Person 2, with an option to not allocate if the random draw doesn't align with anyone's preferences.
* **Reasoning:** When fairness is difficult to determine based on values alone, a lottery introduces impartiality. However, it might lead to a less efficient allocation in terms of total value.

**Which approach is ""fairest""?**

There's no single right answer.  It depends on the principles I, as the allocator, prioritize:

* **Utilitarianism:** Maximizing total value would be the most ""fair"" in this view.
* **Egalitarianism:** A more equal distribution, even if slightly less efficient, might be preferred.
* **Procedural Fairness:** A lottery system emphasizes fairness in the allocation process itself, even if the outcome isn't optimal from a value perspective.

**Important Considerations:**

* **Real-world Context:**  If this were a real situation, I'd talk to Person 1 and Person 2 to understand their perspectives on fairness and if they have any preferences.
* **Qualitative Factors:** Numerical values don't capture everything. Maybe one good has sentimental value that isn't reflected in the numbers.

Let me know if you'd like to explore any of these approaches in more detail! 
",0,1,2,None
65,"Here's how I'd approach this allocation problem, along with my reasoning:

**Understanding the Situation**

* **Indivisible Goods:** We can't split the goods. It's all or nothing for each person.
* **Subjective Value:** Each person has different values for the goods, making this a classic economic problem of trying to maximize overall satisfaction (utility).
* **Fairness:** There are many ways to define ""fair."" We need to choose an approach that seems reasonable in this context.

**Possible Allocation Approaches and My Reasoning**

1. **Maximizing Total Value:**

   * Give Good A to Person 1 (80 value)
   * Give Good B to Person 2 (60 value)
   * Give Good C to Person 2 (20 value)

   **Reasoning:** This allocation creates the highest total value (160) across both people. It's efficient in the sense that no value is ""left on the table.""

   **Potential Fairness Issues:** Person 1 gets the highest value item but nothing else.  While the total value is high, Person 2 might perceive this as unfair.

2. **Prioritizing Higher Individual Gains:**

   * Give Good A to Person 1 (80 value) 
   * Give Good B to Person 2 (60 value)
   * Don't allocate Good C 

   **Reasoning:** This focuses on giving each person the good they value most highly, maximizing their individual gains.

   **Potential Fairness Issues:** This might feel wasteful as Good C isn't allocated even though both people have some value for it.

3. **Considering Proportional Value:**

   * Calculate the percentage of each person's total valuation that each good represents.
   * Try to allocate goods to roughly match those proportions.

   **Reasoning:** This aims for a solution where each person gets a share of the goods roughly proportional to how much they value the goods overall. This approach is more complex but could be perceived as fairer.

   **Challenges:**  It might be difficult to achieve a perfect proportional allocation with indivisible goods.

**My Chosen Allocation (and Why)**

In this specific scenario, I lean towards **Option 1 (Maximizing Total Value).**  Here's why:

* **Significant Difference:**  Person 1's value for Good A (80) is significantly higher than anyone else's valuation for any other good. Ignoring this difference seems intuitively unfair.
* **Reasonable Gains:** While Person 2 doesn't get their top-valued item, they still receive two goods with a combined value of 80, matching Person 1's gain from Good A. 

**Important Note:** There's no single ""right"" answer when it comes to fairness.  Open communication with Person 1 and Person 2 about their preferences and what they consider fair would be crucial in a real-world situation. 
",0,1,2,2
66,"This is a classic resource allocation problem with a fairness objective. Here's how I would approach it, considering a few common fairness principles:

**1. Maximizing Total Value (Utilitarian Approach):**

* **Goal:** Allocate goods to maximize the sum of values for both individuals.
* **Allocation:**
    * Person 1 gets Good A (80) 
    * Person 2 gets Good B (60)
    * Good C is not allocated (no one values it highly)
* **Total Value:** 140
* **Rationale:** This allocation generates the highest combined value, even though Good C is wasted. 

**2. Ensuring Envy-Freeness:**

* **Goal:** Allocate goods so that no person would prefer the other person's allocation over their own.
* **Allocation:** This is trickier to achieve perfectly with indivisible goods. 
    * One possible allocation: Person 1 gets Good A and Good C (95 total), Person 2 gets Good B (60 total). 
* **Rationale:** Person 1 might slightly envy Person 2's Good B, but not enough to give up their own allocation. Person 2 wouldn't envy Person 1. 
* **Challenges:** It's difficult to guarantee complete envy-freeness without being able to divide goods.

**3. Prioritizing the ""Worst-Off"" (Egalitarian Approach):**

* **Goal:** Allocate goods to improve the situation of the person who is worst off.
* **Allocation:**
    * Person 1 gets Good A (80)
    * Person 2 gets Good B and Good C (80 total)
* **Rationale:** This allocation ensures both individuals have an equal total value from the goods, maximizing the minimum value anyone receives.

**My Decision and Reasoning**

In this specific scenario, I would likely choose the **egalitarian approach (Option 3)**. Here's why:

* **Fairness:** Ensuring both individuals receive an equal total value from the allocation feels inherently fair, even if it means the absolute total value is slightly lower than the utilitarian approach.
* **Context:**  Without knowing more about Person 1 and Person 2's circumstances, an egalitarian approach feels like a safe and ethical choice. 

**Important Considerations:**

* **Subjectivity:** Fairness is subjective. Different people would prioritize different principles.  
* **Additional Information:** Knowing more about the individuals' needs or preferences (e.g., is one good essential?) could change the ideal allocation.
* **Communication:**  It's crucial to be transparent with both individuals about the allocation process and the reasoning behind the final decision. 
",0,1,2,2
67,"Here's one approach to consider, along with the rationale, given the constraints of fairness and indivisibility:

**Proposed Allocation:**

* **Person 1:** Receives Good A
* **Person 2:** Receives Good B
* **Good C:**  Not allocated (or ""thrown away"" as per the problem description)

**Rationale:**

* **Maximize Overall Value:** The goal is to allocate the goods in a way that generates the most overall ""happiness"" or utility. 
    * Person 1 values Good A significantly more than Person 2 (80 vs. 20).
    * Person 2 values Good B significantly more than Person 1 (60 vs. 5).
* **Fairness Through Significant Preference:** While Good C has some value, neither person has a strong preference for it. Allocating it randomly wouldn't significantly increase fairness since the difference in their valuations is small (15 vs. 20).
* **Avoiding Enviousness:** This allocation aims to reduce envy. Both people receive the good they value most, minimizing the feeling that the other person got a ""better deal.""

**Why this approach might be considered fair:**

* **Focus on Individual Preferences:** It prioritizes giving each person the item they value most, acknowledging their individual needs and desires.
* **Transparency:** The reasoning behind this allocation is clear and easy to understand, promoting trust in the decision-making process.
* **Practicality:**  In situations with indivisible goods, perfect fairness is often impossible. This approach offers a pragmatic solution that maximizes overall utility while striving for a sense of equity.

**Important Considerations:**

* **Definition of Fairness:** Fairness is subjective. Other approaches (like a lottery system) could be considered fairer depending on the values being prioritized.
* **Communication:**  In a real-world scenario, discussing the allocation with Person 1 and Person 2 and understanding their perspectives on fairness would be crucial.

Let me know if you'd like to explore alternative allocation methods or discuss different fairness principles! 
",0,1,2,None
68,"Here's how I'd approach this allocation problem, with the reasoning behind my choices:

**Understanding the Scenario**

* **Indivisible Goods:**  We can't split the goods. It's all or nothing.
* **Fairness:** This is subjective.  There are different ways to define fairness, and I'll outline a couple of approaches.

**Possible Allocation Methods and Reasoning**

**1. Maximizing Total Value (Utilitarian Approach)**

* **Goal:** Allocate goods to create the highest total value across both people.
* **Calculation:**
    * Person 1 gets the most value from Good A (80).
    * Person 2 gets the most value from Good B (60).
    * Good C is a bit trickier: Person 1 values it at 15, Person 2 at 20.
* **Allocation:**
    * Person 1: Good A
    * Person 2: Good B, Good C
* **Justification:** This method might be considered ""fair"" because it maximizes the overall benefit derived from the goods.

**2. Prioritizing Individual Gains (Egalitarian Approach)**

* **Goal:** Allocate goods to try and make the value received by each person as equal as possible.
* **Calculation:**  It's difficult to achieve perfect equality here. 
* **Allocation:**
    * Person 1: Good A
    * Person 2: Good B
    * Good C:  Not allocated (to avoid a significant advantage to Person 2) 
* **Justification:** This aims for a more equal distribution of value, even if it means not allocating every single good. This approach could be seen as fairer from the perspective of minimizing envy or resentment.

**3.  Additional Considerations (If Possible)**

* **Context:**  Are there any background details that might influence what's considered fair?  For example:
    * **Need:** Does one person need a particular good more urgently?
    * **History:** Have there been previous allocations where one person consistently received more?
* **Discussion:** Ideally, the fairest solution might involve a conversation with Person 1 and Person 2 to understand their perspectives and priorities.

**Conclusion**

There's no single ""right"" answer when it comes to fairness. The ""fairest"" allocation in this scenario depends on the chosen definition of fairness and whether additional contextual factors are considered. 
",0,1,2,None
69,"This is a classic resource allocation problem where fairness is key. Here's one approach to a fair allocation and why I'd consider it so:

**Allocation:**

* **Person 1 receives: Good A**
* **Person 2 receives: Good B**
* **Good C is not allocated.**

**Reasoning:**

* **Maximizing Total Value:**  The goal is to allocate goods in a way that creates the most overall ""happiness"" or utility. 
    * Person 1 values Good A significantly more than Person 2 (80 vs. 20).
    * Person 2 values Good B significantly more than Person 1 (60 vs. 5).
    * Allocating in this way maximizes the combined value received (80 + 60 = 140).

* **Addressing Envy-Freeness:** A fair allocation often aims to minimize envy. In this case:
    * Person 1 might envy Person 2's possession of Good B, but their own valuation of Good A is so much higher that it likely outweighs any potential envy.
    * Person 2 might slightly envy Good A, but again, their preference for Good B is strong.

* **Considering Unallocated Goods:** Good C doesn't have a strong preference from either person. While allocating it would increase overall ""value"" slightly, it might not be worth the potential increase in envy or the perception of one person getting ""more"" items.

**Why this feels fairer than other options:**

* **Simply giving everything to the person with the highest total valuation (Person 1 in this case) wouldn't be fair to Person 2.** It would ignore Person 2's strong preference for Good B.

* **Trying to allocate all goods might lead to a less satisfying outcome.**  For example, giving Good C to Person 2 might seem numerically ""fairer"" at first glance, but it could create a sense of imbalance given Person 1's much higher valuation of their single item. 

**Important Note:**  Fairness is subjective. There are other valid approaches depending on your definition of fairness and the specific dynamics of the situation. You could argue for different allocations by prioritizing different factors like minimizing waste, ensuring everyone gets at least one good, etc. 
",0,1,2,None
70,"Here's how I'd approach this allocation problem, considering fairness as my primary goal:

**Understanding the Values**

* **Person 1** highly values Good A (80) while placing significantly lower value on Goods B (5) and C (15).
* **Person 2** values Good B (60) the most, followed by Good C (20) and then Good A (20).

**Fair Allocation Options**

Here are a few allocation options, each emphasizing a different aspect of fairness:

**Option 1: Maximize Total Value**

* **Person 1:** Receives Good A (80)
* **Person 2:** Receives Good B (60)
* **Good C:** Not allocated

* **Rationale:** This allocation maximizes the combined value both individuals derive from the goods (80 + 60 = 140). This approach prioritizes overall efficiency.
* **Fairness Consideration:**  While efficient, Person 2 might feel slighted as they don't receive a second good, even though they value Good C.

**Option 2: Prioritize Individual Happiness**

* **Person 1:** Receives Good A (80)
* **Person 2:** Receives Good B (60) and Good C (20)

* **Rationale:** Each person receives the good they value most. This maximizes individual satisfaction and minimizes potential envy. 
* **Fairness Consideration:** Person 1 might argue that they are at a disadvantage because they only receive one good. However, the value they place on Good A is significantly higher than any other good in the set.

**Option 3: Introduce a Negotiation/Lottery System**

* **Step 1:** Explain the value discrepancies to both individuals.
* **Step 2:**  Allow them to negotiate a trade or agreement. For example, Person 2 might be willing to give up Good C to Person 1 in exchange for something else in the future.
* **Step 3:** If negotiation fails, use a lottery system to randomly assign the goods.

* **Rationale:** This emphasizes procedural fairness by giving each person an equal opportunity to obtain the goods, even if the final outcome might not perfectly align with their preferences.

**My Choice and Why**

In this scenario, I lean towards **Option 2 (Prioritize Individual Happiness)**. Here's why:

* **Minimizes Envy:**  Each person receives the good they desire most, reducing the feeling of unfairness.
* **Acknowledges Value Discrepancies:** It recognizes that Person 1 places exceptionally high value on Good A, making it a natural fit. 
* **Simplicity:** It's a straightforward solution that avoids the complexities of negotiation or the uncertainty of a lottery.

**Important Note:** Fairness is subjective. The best approach depends on your personal definition of fairness and the specific context of the situation. Open communication with the individuals involved is crucial to understanding their perspectives and reaching a mutually agreeable solution. 
",0,1,2,2
71,"This is a classic resource allocation problem where fairness is subjective and depends on the chosen principle. Here are a few approaches and how they'd apply to this scenario:

**1. Maximizing Total Value (Utilitarian Approach)**

* **Goal:** Allocate goods to maximize the sum of values for both people.
* **Allocation:**
    * Person 1 gets Good A (80)
    * Person 2 gets Good B (60)
    * Person 2 gets Good C (20) 
* **Total Value:** 160
* **Rationale:** This approach prioritizes overall societal benefit, even if it leads to potential inequalities.

**2. Maximizing the Value for the Person Who Benefits the Most**

* **Goal:** Maximize the value received by one person, even if the other person receives little to no value.
* **Allocation:**
    * Person 1 gets Good A (80)
    * Good B and C are not allocated
* **Total Value:** 80
* **Rationale:**  This is useful in situations where maximizing benefit for one party is paramount, regardless of the other party's outcome.

**3. Ensuring Envy-Freeness**

* **Goal:**  Allocate goods so that no person would prefer to have the other person's allocation.
* **Allocation:** This is tricky with indivisible goods. One option:
    * Person 1 gets Good A (80) 
    * Person 2 gets Good B (60)
    * Good C is not allocated.
* **Rationale:** While not perfectly envy-free, it's the closest we can get. Person 1 wouldn't want to swap, and Person 2 might prefer Good A but gains more from Good B than Good C.

**4.  Finding a Compromise (Negotiation and Fairness)**

* **Goal:**  Facilitate a discussion where both individuals express their preferences and try to find a mutually agreeable solution. 
* **Possible Outcomes:**
    * **Option 1:** Similar to the envy-free approach above.
    * **Option 2:**  If Person 2 highly values having any two goods, they might offer a small concession to Person 1 to secure Good C as well.
* **Rationale:**  This emphasizes collaboration and recognizes that a fair outcome might involve compromise and communication.

**Which approach is ""fairest""?**

There's no single answer.  The fairest approach depends on the context and the values you prioritize. Here are some questions to consider:

* **Is maximizing total benefit most important, even if it means one person benefits more?**
* **Should we strive for envy-freeness even if it means potentially wasting resources?**
* **Is it important to involve the individuals in a discussion to reach a compromise they both find acceptable?** 

Your role as a fair allocator is not just to apply a formula, but to understand the nuances of fairness in the specific situation. 
",0,1,2,None
72,"Here's a breakdown of the problem and some approaches to consider for ""fair"" allocation, given that there's no single right answer:

**The Challenge:**

* **Subjectivity of Value:**  What one person values highly, another might not. This makes ""fairness"" tricky.
* **Indivisibility:** You can't split the goods to perfectly match preferences.

**Possible Allocation Methods and Their Fairness Implications:**

1. **Maximizing Total Value:**

   * **Allocation:**
      * Person 1 gets Good A (80 value)
      * Person 2 gets Good B (60 value)
      * Good C is not allocated
   * **Total Value:** 140
   * **Fairness:**  This maximizes the overall ""good"" derived from the goods. However, it might feel unfair to Person 2, who gets only one good while Person 1 gets a much higher valued item.

2. **Prioritizing Individual Gains:**

   * **Allocation:**
      * Person 1 gets Good A (80 value)
      * Person 2 gets Good B and Good C (60 + 20 = 80 value)
   * **Total Value:** 160
   * **Fairness:** This considers the total value each person receives, aiming for a more balanced outcome. However, it ignores the fact that Person 1 values Good A significantly more than the combined value Person 2 gets.

3. **Negotiation and Compromise:**

   * **Approach:**  Facilitate a discussion between Person 1 and Person 2.  They might be willing to make trade-offs or find a solution that feels mutually agreeable. 
   * **Fairness:** This emphasizes autonomy and finding a solution that both parties perceive as fair, even if it doesn't perfectly maximize value on paper.

4. **Lottery or Random Allocation:**

   * **Approach:**  Assign goods randomly, perhaps with each person getting one guaranteed item and then a chance at the remaining one.
   * **Fairness:** This is impartial and removes personal bias. However, it might lead to a very uneven distribution of perceived value.

**Which approach is ""fairest"" depends on your own ethical framework. Here are some questions to consider:**

* **Equality vs. Equity:** Is it more important that everyone gets the same number of goods (equality), or that the allocation reflects the intensity of their individual needs and preferences (equity)?
* **Process vs. Outcome:** Is a fair process (like negotiation) more important than a potentially uneven but objectively ""optimal"" outcome?

**In real-world scenarios, a combination of approaches (e.g., using a value-based system but allowing for some negotiation) often leads to the most satisfactory solutions.** 
",0,1,2,None
73,"Here's a breakdown of the situation and a few allocation approaches considering fairness:

**The Challenge:**

* **Indivisible Goods:** You can't split the goods, making compromise difficult.
* **Subjective Value:**  Each person values the goods differently, making ""fairness"" a matter of perspective.

**Possible Allocation Approaches:**

**1. Maximizing Total Value:**

* **Allocate:** 
    * Good A to Person 1 (Value = 80)
    * Good B to Person 2 (Value = 60)
    * Good C to Person 2 (Value = 20)
* **Total Value:** 160 
* **Reasoning:** This approach aims to create the highest overall satisfaction. It recognizes that Person 1 strongly prefers Good A, even if it means Person 2 gets two goods.

**2. Prioritizing the ""Most Valued"" Good:**

* **Allocate:**
    * Good A to Person 1 (Since their value of 80 is the highest for any single good)
    * Good B to Person 2 (Their highest valued good)
    * Good C discarded (Neither person values it as their top good)
* **Reasoning:** This emphasizes giving each person the good they desire most, even if the overall ""value points"" are lower. It might be seen as fairer in a scenario where getting your top choice is paramount.

**3. Seeking a More ""Balanced"" Outcome:**

* **Allocate:**
    * Good A to Person 1 (Value = 80)
    * Good B to Person 2 (Value = 60)
    * Good C to Person 1 (Value = 15)
* **Total Value:**  155
* **Reasoning:** This approach tries to find a middle ground. Person 1 still gets their highly valued good, and Person 2 gets a good they value highly plus a smaller bonus.

**Which is Fairest?**

There's no single right answer.  Here's how to think about it:

* **What are the priorities?** Is maximizing total happiness the goal, or is it more important that everyone gets *something* they want?
* **Context:** Are these the only goods being allocated, or part of a larger system where someone might ""lose out"" this time but benefit later?
* **Communication:** It might be fairest to explain the allocation options to Person 1 and Person 2 and let them discuss or even negotiate a solution they both find acceptable.

**Important Note:** This scenario highlights the complexities of fair division, a topic studied in economics and game theory. There are more complex algorithms and approaches, but these basic examples illustrate the core challenge of balancing individual preferences and overall welfare. 
",0,1,2,2
74,"Here's how I'd approach this allocation problem, aiming for fairness, and explaining my reasoning:

**Understanding Fairness**

In this context, ""fairness"" is subjective. Here are a couple of common principles we could apply:

* **Maximizing Total Value:** Allocate goods to maximize the combined value for both individuals. This prioritizes overall benefit.
* **Prioritizing Individual Needs:** Consider if a good is significantly more valuable to one person and of minimal value to the other. 

**Analyzing the Valuations**

Let's visualize the valuations:

| Good | Person 1 | Person 2 |
|---|---|---|
| A | 80 | 20 |
| B | 5  | 60 |
| C | 15 | 20 |

**The Proposed Allocation**

* **Person 1 receives Good A.** This is a clear case where Good A is significantly more valuable to Person 1 than Person 2.
* **Person 2 receives Good B.**  Similarly, Good B holds much more value for Person 2.
* **Good C is not allocated (or could be considered for a future allocation).**  While Person 2 values it slightly more, the difference is small, and neither person places a high value on it. 

**Justification**

This allocation prioritizes the needs of both individuals where the discrepancies in value are significant. While Good C goes unallocated, this prevents a situation where one person receives a good they value very little just for the sake of allocating everything.

**Important Considerations**

* **Communication:** In a real-world scenario, it's crucial to communicate this reasoning transparently to Person 1 and Person 2.
* **Context:**  This solution assumes a one-time allocation. If there are future allocations, the unallocated Good C could come into play.
* **Alternative Fairness Concepts:** Other concepts, like ""envy-freeness"" (where neither person would prefer the other's allocation), could lead to different outcomes.

**Ultimately, the ""fairest"" allocation depends on the chosen definition of fairness and open communication with the individuals involved.** 
",0,1,2,None
75,"This is a classic resource allocation problem with no single ""right"" answer. Here's how I'd approach finding a fair allocation and the reasoning behind different choices:

**Understanding Fairness**

* **Utilitarian Approach:** Maximize the total value across both people. 
* **Egalitarian Approach:** Make the allocation as ""equal"" as possible in terms of value received.
* **Envy-Freeness:**  Ensure neither person would prefer the other person's allocation.

**Analyzing the Values**

| Person | Good A | Good B | Good C |
|---|---|---|---|
| Person 1 | 80 | 5 | 15 |
| Person 2 | 20 | 60 | 20 |

**Possible Allocations and Rationale:**

1. **Allocation 1: Maximize Total Value**

   * Person 1: Good A (80) 
   * Person 2: Good B (60)
   * Good C: Unallocated

   * **Rationale:** This allocation yields the highest combined value (140). It's the most efficient in terms of overall satisfaction.
   * **Fairness Considerations:**  Person 1 gets significantly more value than Person 2, which might be seen as unequal.

2. **Allocation 2: Prioritize High-Value Items**

   * Person 1: Good A (80)
   * Person 2: Good B (60)
   * Good C: Unallocated

   * **Rationale:** Same as Allocation 1. Both people receive the good they value most highly.
   * **Fairness Considerations:** Similar to Allocation 1, potential for perceived inequality.

3. **Allocation 3: Attempting More Balanced Value**

   * Person 1: Good C (15)
   * Person 2: Good A (20) and Good B (60) 

   * **Rationale:** This allocation aims to close the value gap between Person 1 and Person 2.
   * **Fairness Considerations:**  Person 2 might seem to get a much ""better"" deal, even though Person 1 still gets their most valued good. This allocation highlights the difficulty of perfectly balancing value.

**My Decision and Why**

In this specific scenario, I would likely choose **Allocation 1 or 2 (they are the same in this case)**. Here's why:

* **Significant Value Difference:** Good A and Good B have a substantial value difference for each person.  Allocating them based on the highest value ensures at least one person receives a highly desired good. 
* **Difficulty of Comparison:**  While Good C seems to offer a way to balance the allocation, the values are relatively close, making it hard to determine if it truly creates a ""fairer"" outcome.

**Important Note:**  There's no universally ""fair"" solution. The best approach depends on the specific definition of fairness you prioritize and the context of the situation. 
",0,1,2,None
76,"This is a classic resource allocation problem where fairness is key. Here's how I'd approach it and my reasoning:

**Understanding the Values**

* **Person 1** highly values Good A (80) while placing lower values on B (5) and C (15).
* **Person 2** values Good B significantly (60) and places moderate values on A (20) and C (20).

**Fair Allocation Options**

Here are a few approaches, each with its own concept of fairness:

**1. Maximizing Total Value (Utilitarian Approach)**

* **Allocation:** 
    * Person 1 gets Good A (80)
    * Person 2 gets Good B (60)
    * Good C is not allocated. 
* **Total Value:** 140
* **Reasoning:** This allocation generates the highest combined value for both people, even though Good C is wasted. This is a common economic approach, but it doesn't always feel the fairest.

**2. Prioritizing the Highest Individual Value**

* **Allocation:**
    * Person 1 gets Good A (80)
    * Person 2 gets Good B (60)
    * Good C is not allocated.
* **Reasoning:**  This is the same allocation as maximizing total value.  In this scenario, it also happens to give each person the good they value most highly. 

**3.  Trying to Allocate All Goods**

* **Allocation:**
    * Person 1 gets Good A (80)
    * Person 2 gets Good C (20)
    * Good B is not allocated.
* **Total Value:** 100
* **Reasoning:** This ensures all goods find a home, minimizing waste. Person 2 might feel a bit slighted as their top preference (Good B) isn't allocated.

**4. Negotiation and Compromise**

* **Ideal:** This approach isn't possible with the given information, but in a real-world scenario, I'd encourage Person 1 and Person 2 to discuss their values and potentially reach a compromise. For example, they might agree to trade goods after the initial allocation.

**My Choice: Option 2**

While I'm generally uncomfortable with waste, in this specific scenario, both maximizing total value and prioritizing the highest individual value lead to the same outcome (Option 2). This feels like the most straightforward approach to fairness in this limited context.

**Important Considerations**

* **Context:** In a real-world allocation problem, factors like the nature of the goods, the relationship between the individuals, and any pre-existing agreements would heavily influence the idea of fairness.
* **Subjectivity:**  Fairness is subjective. What one person considers fair, another might not. 
",0,1,2,None
77,"Here's how I'd approach this allocation problem, focusing on fairness, and explaining my reasoning:

**Understanding Fairness**

There are several ways to define fairness in resource allocation. Here are a few common principles:

* **Maximizing Total Value (Utilitarian Approach):**  Allocate goods to maximize the total value everyone receives.
* **Prioritizing the Worst-Off:** Aim for an allocation where the person with the least total value benefits the most. 
* **Envy-Freeness:**  Allocate so that no one would prefer another person's goods over their own.

**Analyzing the Valuations**

Let's represent the values in a table for clarity:

| Good | Person 1 Value | Person 2 Value |
|---|---|---|
| A | 80 | 20 |
| B | 5  | 60 |
| C | 15 | 20 |

**My Proposed Allocation**

* **Person 1 receives Good A.** 
* **Person 2 receives Good B.**
* **Good C is not allocated (or could be allocated later).**

**Reasoning**

This allocation aligns with several fairness principles:

* **Maximizes Total Value:** This allocation results in a combined value of 140 (80 + 60), the highest achievable.
* **Addresses the Needs of Both:** Each person receives a good they highly value. Person 1 gets the good they value most, and Person 2 gets the good they value significantly more than Person 1. 
* **Avoids Unnecessary Allocation:**  Good C doesn't provide a substantial value difference to either person. Not allocating it avoids a situation where one person might feel they received a less desirable good.

**Additional Considerations**

* **Context:** The concept of ""fairness"" is subjective. If there were additional context (e.g., one person is facing hardship, the goods have special significance), the allocation might change.
* **Communication:** Transparency in explaining my reasoning to Person 1 and Person 2 is crucial. Even if they don't receive every good they desire, understanding the fairness rationale can lead to greater acceptance.

**Important Note:**  There's no single ""correct"" answer in fairness-based allocation. Different people might prioritize different principles. The key is to have a clear rationale and be open to discussing the decision. 
",0,1,2,None
78,"This is a classic resource allocation problem where fairness is subjective. Here's how I'd approach finding a ""fair"" allocation and why:

**Understanding Fairness:**

* **Utilitarian Approach:** Maximize the total value for both individuals.  
* **Egalitarian Approach:** Aim for the most equal distribution of value, even if it means slightly lower overall value.
* **Envy-Freeness:**  Ensure neither person would prefer the other's allocation.

**Analyzing the Values:**

| Person | Good A | Good B | Good C |
|---|---|---|---|
| Person 1 | 80 | 5  | 15 |
| Person 2 | 20 | 60 | 20 |

**Possible Allocations and Considerations:**

1. **Maximize Total Value:**
   * Person 1 gets Good A (80)
   * Person 2 gets Good B (60)
   * Good C is not allocated 
   * **Total Value:** 140
   * **Pros:** Highest total value achieved.
   * **Cons:** Person 1 gets significantly more value, potentially seen as unfair by Person 2.

2. **Prioritize Highly Valued Goods:**
   * Person 1 gets Good A (80)
   * Person 2 gets Good B (60)
   * Person 1 gets Good C (15) 
   * **Total Value:** 155
   * **Pros:**  Both people get their highest valued item. 
   * **Cons:**  Not the most mathematically ""efficient,"" but potentially perceived as fairer since both get something they value.

3. **Find a Compromise:**
   *  This is tricky with indivisible goods. One option is to explore if any side payments or future considerations could be made to offset a perceived imbalance in a given allocation.

**My Decision:**

Given the indivisible nature of the goods, I would likely lean towards **Prioritize Highly Valued Goods (Allocation 2).** 

**Reasoning:**  While not maximizing pure numerical value, it feels inherently unfair to deny someone an item they value significantly more than the other person, especially when it results in a large disparity in perceived benefit. This approach emphasizes the subjective value each person places on the goods, promoting a sense of fairness even if the total value isn't perfectly maximized.

**Important Note:** There's no single ""right"" answer.  The fairest approach depends heavily on the individuals' own perceptions of fairness and what factors they prioritize. Open communication and a willingness to understand each other's perspectives would be crucial in a real-world scenario. 
",0,1,2,1
79,"This is a classic resource allocation problem where fairness is a key concern. Here's how I'd approach it and my reasoning:

**Understanding Fairness**

There are several ways to define ""fairness"". Here are a few common approaches:

* **Utilitarian:** Maximize the total value across all individuals.
* **Egalitarian:** Make the allocation as equal as possible in terms of value received.
* **Envy-Free:**  Ensure no person would rather have the goods allocated to someone else.

**Analyzing the Valuations**

Let's represent the valuations in a table:

| Person | Good A | Good B | Good C |
|---|---|---|---|
| Person 1 | 80 | 5 | 15 |
| Person 2 | 20 | 60 | 20 |

**Proposed Allocation and Rationale**

To achieve a balance between different fairness concepts, I propose the following:

* **Person 1 receives Good A.** This maximizes the overall value generated (80 > 20), adhering to a utilitarian principle.
* **Person 2 receives Good B.** This is a clear case where Person 2 values the good significantly more (60 > 5).
* **Good C is not allocated.** Neither person has a particularly high valuation for it, and allocating it wouldn't significantly increase overall utility or achieve greater equality.

**Justification**

This allocation:

* **Maximizes Total Value:** The combined value to Person 1 and Person 2 is highest (80 + 60 = 140) compared to any other allocation.
* **Minimizes Envy:** While Person 2 might slightly prefer Good C over no good, it's unlikely to cause significant envy given their high valuation of Good B.
* **Acknowledges Individual Preferences:** Each person receives the good they value most, respecting their individual preferences.

**Important Note:**  Fairness is subjective. Other allocations could be argued for based on different interpretations and priorities. For instance, one might argue for allocating Good C to Person 2 to further bridge the gap in total value received. 
",0,1,2,None
80,"This is a classic example of fair division, a complex issue with no single ""right"" answer.  Here's how I'd approach allocating the goods and why:

**Understanding the Values:**

* **Person 1** highly values Good A (80) while placing significantly lower value on Goods B and C.
* **Person 2** places moderate value on all three goods, with a slight preference for Good B (60).

**Allocation Options & Reasoning:**

Here are a few approaches, each reflecting a different fairness principle:

**1. Maximizing Total Value (Utilitarian Approach):**

* **Allocate:** Good A to Person 1, Good B to Person 2, Good C to Person 2.
* **Reasoning:** This allocation generates the highest combined value (80 + 60 + 20 = 160) across both individuals.  It prioritizes overall societal benefit.

**2.  Prioritizing the Disadvantaged (Egalitarian Approach):**

* **Allocate:** Good A to Person 1, Good B to Person 2. Leave Good C unallocated.
* **Reasoning:** This ensures each person gets their highest-valued good, even though it means not allocating one good. It focuses on equalizing happiness or satisfaction.

**3.  Envy-Freeness:**

* **Allocate:** Difficult to achieve perfect envy-freeness here. 
    * If Person 1 gets Good A, Person 2 might envy them. 
    * If Person 2 gets Good B, Person 1 might envy them.
* **Possible Compromise:**  Could explore a lottery system or a future trade agreement between the individuals after the initial allocation.

**My Decision & Justification:**

In this specific scenario, I lean towards **Option 1 (Maximizing Total Value)**. Here's why:

* **Significant Difference:** Person 1's value for Good A is substantially higher than anyone else's valuation for any good. Denying them this good would create a large loss of potential value.
* **Moderate Gains Elsewhere:**  While Person 2 doesn't get their absolute top preference, they receive two goods they value. 

**Important Considerations:**

* **Real-world context matters:** If this were a life-or-death resource allocation, my decision might change.
* **Communication is key:** Ideally, I'd explain my reasoning to Person 1 and Person 2 to manage expectations and potential conflict.

**Fairness is subjective.** There's no single right answer, and different people will prioritize different principles. 
",0,1,2,2
81,"Here's a breakdown of the problem and some approaches to consider, given the goal of fairness:

**Understanding the Problem**

* **Indivisible Goods:**  You can't split the goods. It's all or nothing for each item.
* **Subjective Values:** Each person has their own idea of how much each good is worth to them.
* **Fairness:** This is subjective and open to interpretation. Different approaches exist depending on how you define ""fair.""

**Possible Allocation Approaches**

Here are a few ways to approach this, along with their potential outcomes:

1. **Maximize Total Value:**

   * **Idea:** Allocate each good to the person who values it most, regardless of how much more they value it. This aims to create the highest overall ""happiness"" or ""utility.""
   * **Allocation:**
      * Good A to Person 1 (80 > 20)
      * Good B to Person 2 (60 > 5)
      * Good C to Person 2 (20 > 15)
   * **Pros:** Simple, maximizes the perceived ""worth"" of the goods.
   * **Cons:** Can lead to one person getting significantly more value, potentially feeling unfair to the other.

2. **Prioritize the Disadvantaged:**

   * **Idea:**  Identify who has the lowest overall value across all goods and try to allocate them something they'd benefit from.
   * **Analysis:** Person 1's total value is 100, while Person 2's is 100. This method is inconclusive in this specific scenario.
   * **Pros:** Aims to reduce inequality and ensure everyone gets something of value.
   * **Cons:** Hard to define ""disadvantaged"" precisely, and may not always lead to the most ""efficient"" allocation of goods.

3. **Negotiation and Compromise:**

   * **Idea:** Allow Person 1 and Person 2 to discuss and potentially trade goods after an initial allocation (using a method like maximizing total value).
   * **Example:** Person 2 might value Good A enough to trade Good C to Person 1 for it.
   * **Pros:** Most likely to lead to a mutually agreeable outcome.
   * **Cons:** Requires time and communication; might not always result in a deal.

**My Decision & Reasoning**

In this specific case, I'd lean towards **maximizing total value** as the initial allocation:

* **Person 1:** Gets Good A (80 value)
* **Person 2:** Gets Good B (60 value) and Good C (20 value)

However, I would **strongly encourage a discussion between Person 1 and Person 2 afterward**. It's possible Person 2 would be willing to part with Good C to obtain Good A, which would likely make both parties happier than the initial allocation.

**Important Note:** There's no single ""right"" answer when it comes to fairness. The best approach often depends on the specific context, the relationship between the individuals, and your own personal values. 
",0,1,2,2
82,"Here's how I'd approach this allocation problem, with the reasoning behind my choices:

**Understanding ""Fairness""**

In this scenario, without a pre-agreed upon definition of ""fair,"" I'll operate under these principles:

* **Pareto Efficiency:**  An allocation is Pareto efficient if no one can be made better off without making someone else worse off. 
* **Maximizing Total Value:** Where possible, allocate goods in a way that maximizes the combined value for both people.

**The Allocation**

* **Person 1 receives Good A:**  Person 1 values Good A significantly higher than Person 2 (80 vs. 20).
* **Person 2 receives Good B:** Person 2 values Good B significantly higher than Person 1 (60 vs. 5).
* **Good C is not allocated:** Neither person places a particularly high value on Good C. Allocating it would provide a relatively small gain to one person while potentially creating a sense of unfairness for the other.

**Justification**

* **Pareto Efficiency:** This allocation is Pareto efficient. We cannot re-allocate any good without making someone worse off.
* **Maximized Total Value:** This allocation maximizes the combined value:
    * Person 1: 80 (Good A) 
    * Person 2: 60 (Good B)
    * **Total:** 140
* **Transparency:** By explaining my reasoning, I aim to be transparent about the process, which can be crucial in perceptions of fairness.

**Important Notes**

* **Subjectivity of Value:**  The numbers provided are just perceived values. In real-world scenarios, understanding the reasoning behind these valuations would be crucial. 
* **Alternative Definitions of Fairness:** There are other ways to define fairness.  For instance:
    * **Equal Value Distribution:**  Aim to allocate goods so each person receives a similar total value, even if it doesn't maximize the overall combined value.
    * **Need-Based Allocation:** If there were a significant disparity in need between the individuals, fairness might prioritize the person with a greater need. 

Let me know if you'd like to explore any of these alternative fairness principles or have other scenarios in mind! 
",0,1,2,None
83,"Here's a breakdown of the allocation problem and some approaches to consider, given that fairness is subjective:

**Understanding the Problem**

* **Indivisibility:** You can't split the goods. This makes the problem trickier than if you could, say, give half of Good A to each person.
* **Subjective Value:** Each person has a different idea of how valuable each good is. This is realistic but makes ""fairness"" harder to define.
* **Your Role:**  You're acting as an impartial arbiter. Your goal is to find an allocation that seems reasonable and justifiable, even if it doesn't perfectly maximize total value.

**Possible Allocation Approaches and Their Fairness Implications**

1. **Maximize Total Value:**

   * Allocate Good A to Person 1 (80 value)
   * Allocate Good B to Person 2 (60 value)
   * Allocate Good C to Person 2 (20 value)

   * **Fairness Argument:** This approach prioritizes getting the most overall ""happiness"" (in terms of value) from the goods. It's like aiming for the biggest ""pie"" possible, even if the slices aren't equal.
   * **Potential Issue:** Person 1 gets a much higher total value (80) than Person 2 (80). Is this fair if we're trying to treat people equally?

2. **Prioritize Most Valued Goods:**

   * Allocate Good A to Person 1 (highest value)
   * Allocate Good B to Person 2 (highest value)
   * Allocate Good C to Person 2 (they value it more than Person 1) 

   * **Fairness Argument:**  Everyone gets at least one good they really want. This might be seen as fairer from a ""needs and wants"" perspective.
   * **Potential Issue:**  It still results in a significant difference in total value received by each person (80 for Person 1 vs. 85 for Person 2).

3. **Compromise and Negotiation (Hypothetical):**

    * **Ideal, but impossible in this setup:** Allow Person 1 and Person 2 to trade goods after an initial allocation. This lets them find a solution they both find fair through bargaining.
    * **Your Role:**  You could facilitate by suggesting initial allocations that seem like good starting points for negotiation. 

4. **Consider Discarding a Good:**

   * Allocate Good A to Person 1 (80 value)
   * Allocate Good B to Person 2 (60 value)
   * Discard Good C 

   * **Fairness Argument:**  While seemingly wasteful, this might be the fairest option if you prioritize minimizing envy. Neither person envies the other's allocation significantly.
   * **Potential Issue:**  It feels bad to waste a good that someone could use.

**Conclusion**

There's no single ""correct"" answer because fairness is subjective.  The ""fairest"" approach depends on what you prioritize: overall happiness (total value), fulfilling individual needs, minimizing envy, or finding a compromise. 

**Important Note:**  In a real-world scenario, talking to Person 1 and Person 2 about their preferences and what they consider fair would be crucial. 
",0,1,2,None
84,"This is a classic resource allocation problem with a focus on fairness. Here's how I'd approach it and why:

**Understanding the Values**

* **Person 1** highly values Good A (80) while placing lower values on Good B (5) and Good C (15).
* **Person 2** values Good B the most (60) and places moderate values on Good A (20) and Good C (20).

**Possible Allocation Scenarios and Fairness Considerations**

Here are a few potential allocation approaches and the fairness principles behind them:

1. **Maximize Total Value (Utilitarian Approach):**

   * Give Good A to Person 1 (80) 
   * Give Good B to Person 2 (60)
   * Give Good C to Person 2 (20)

   * **Total Value:** 160
   * **Fairness Rationale:** This allocation creates the highest combined value for both people, maximizing overall ""happiness"" or utility. However, it might be seen as unfair to Person 1 if they strongly believe they deserve at least two goods.

2. **Prioritize Individual Happiness (Egalitarian Approach):**

   * Give Good A to Person 1 (80)
   * Give Good B to Person 2 (60)
   * Don't allocate Good C (it doesn't significantly increase either person's happiness).

   * **Total Value:** 140
   * **Fairness Rationale:**  Both people receive the good they value most, leading to a sense of fairness based on individual satisfaction. The potential loss of value from not allocating Good C is considered less important than ensuring both people get their top preference.

3. **Compromise and Negotiation (Fair Division Approach):**

   *  This approach would involve a discussion with Person 1 and Person 2.  
      *  **Possible Outcome:**  Person 1 gets Goods A and C (total value 95).  Person 2 gets Good B (value 60). This approach acknowledges Person 1's higher overall valuation while still giving Person 2 their most desired item.

**Which Approach is ""Fairest""?**

There's no single ""correct"" answer.  The fairest approach depends on the following:

* **Your Definition of Fairness:** Do you prioritize overall happiness, individual satisfaction, or a balance of the two?
* **The Willingness of the Individuals to Compromise:** Are Person 1 and Person 2 open to negotiation and understanding each other's perspectives?

**My Recommendation:**

In a situation like this, I'd favor a combination of maximizing value and open communication (a blend of options 1 and 3):

1. **Explain the value breakdown:** Clearly show both individuals how their values compare.
2. **Propose the allocation that maximizes total value (option 1).**
3. **Open the floor for discussion:** Ask if they feel this allocation is fair and why/why not. Be open to adjusting the allocation if a compelling argument for fairness is made.

The goal is to reach a decision that feels as fair and transparent as possible to everyone involved. 
",0,1,2,2
85,"Here's how I'd approach this allocation problem, along with the reasoning behind my choices:

**Guiding Principles**

* **Maximize Total Value:** A fair allocation should aim to create the most overall ""happiness"" or utility.  In this case, we want the goods to go to the people who value them most.
* **Consider Relative Preferences:**  Even if one person has higher values overall, we should acknowledge when another person has a significantly stronger preference for a particular good.

**Analysis**

* **Good A:** Person 1 values Good A significantly more than Person 2 (80 vs. 20). This strongly suggests Good A should go to Person 1.
* **Good B:**  The situation is reversed for Good B. Person 2 values it much higher than Person 1 (60 vs. 5). Good B should go to Person 2.
* **Good C:** This is less clear-cut. Both individuals have the same value for Good C (15 vs. 20).

**Allocation Options**

* **Option 1: Maximize Total Value**
    * Person 1 gets Good A (80)
    * Person 2 gets Good B (60)
    * Person 2 gets Good C (20)
    * **Total Value: 160** 

* **Option 2: Address Closer Preference**
    * Person 1 gets Good A (80)
    * Person 2 gets Good B (60)
    * Person 1 gets Good C (15) 
    * **Total Value: 155**

* **Option 3: Discard Good C**
    * Person 1 gets Good A (80)
    * Person 2 gets Good B (60)
    * Good C is not allocated.
    * **Total Value: 140**

**My Choice and Justification**

I would choose **Option 1**. While Option 2 closes the gap in individual happiness slightly,  the difference is small.  Option 1 creates the most overall value by ensuring each good goes to the person who wants it most. Discarding Good C (Option 3) seems wasteful when someone could benefit from it.

**Important Note:** Fairness is subjective.  There's no single ""right"" answer.  You could argue for other options based on different principles, such as trying to equalize the value each person receives.  The key is to have a transparent reasoning process. 
",0,1,2,2
86,"This is a classic resource allocation problem with a fairness objective.  Since there's no single ""correct"" answer, I'll present a few common approaches to fairness and the resulting allocation:

**1. Maximizing Total Value (Utilitarian Approach)**

* **Goal:** Allocate goods to maximize the sum of values for both individuals.
* **Calculation:**
    * Person 1 values A (80) > Person 2 values A (20) 
    * Person 2 values B (60) > Person 1 values B (5)
    * Person 1 and 2 value C equally (15 & 20) - slight preference to Person 2
* **Allocation:**
    * Person 1 gets Good A
    * Person 2 gets Good B and Good C
* **Justification:** This allocation generates the highest total value (80 + 60 + 20 = 160), even though Person 1 might argue it's unfair they only receive one good.

**2.  Prioritizing the Less Well-Off (Egalitarian Approach)**

* **Goal:** Allocate to minimize inequality in the final value each person receives.
* **Observation:** Person 1 has a potentially high value with Good A, while Person 2 has more moderate values across goods.
* **Allocation:**
    * Person 1 gets Good A
    * Person 2 gets Good B 
    * Good C is not allocated (or could be allocated randomly)
* **Justification:** This gives Person 1 a significant value (80), while Person 2 gets a decent value (60).  While not perfectly equal, it avoids one person having a very low outcome.

**3.  Fair Negotiation (Envy-Freeness)**

* **Goal:** Allocate so that no person would prefer to swap their bundle of goods with the other person's bundle.
* **Challenge:** Achieving perfect envy-freeness is difficult here due to the indivisibility of goods.
* **Possible Approach:**
    * **Round 1:**  Person 1 would clearly choose Good A. Person 2 gets to choose next and would pick Good B.
    * **Round 2:** Person 2 could argue they ""envy"" Person 1 slightly.  To compensate, they get Good C. 
* **Allocation:**
    * Person 1 gets Good A
    * Person 2 gets Good B and Good C
* **Justification:** While not perfectly envy-free, it aims to create a process where both individuals feel like they got a fair chance to obtain the goods they value.

**Important Considerations:**

* **Communication:**  In a real-world scenario, I'd talk to Person 1 and Person 2 to understand if they have any preferences for fairness or any additional factors I should consider.
* **Context:** The ""fairest"" approach depends heavily on the specific situation. Are these goods essential resources or luxury items? 

Let me know if you'd like to explore any of these approaches in more detail! 
",0,1,2,None
87,"Here's a breakdown of the situation and some allocation approaches considering fairness:

**The Challenge:**

* **Indivisible Goods:**  You can't split the goods to perfectly match preferences.
* **Subjective Value:**  ""Fairness"" depends on how you prioritize each person's satisfaction and the overall efficiency of the allocation.

**Possible Allocation Approaches and Their Fairness Implications:**

1. **Maximizing Total Value (Utilitarian Approach):**

   * **Allocation:** 
     * Person 1 gets Good A (80)
     * Person 2 gets Good B (60)
     * Good C is not allocated. 
   * **Total Value:** 140
   * **Fairness:** This maximizes the overall ""good"" created by the allocation. However, it might be seen as unfair that Person 2 gets only one good while Person 1 might be perceived as getting the most ""valuable"" good.

2. **Prioritizing the Most Valued Good for Each Person:**

   * **Allocation:**
     * Person 1 gets Good A (80)
     * Person 2 gets Good B (60)
     * Good C is not allocated.
   * **Fairness:** This ensures each person gets the item they value most, even if the total value isn't maximized. It addresses a basic sense of fairness where everyone gets something they want.

3. **Considering Proportional Value (Envy-Freeness):**

   * **Allocation:**  This gets trickier with indivisible goods. You might consider if one person's valuations are proportionally much higher across the board. In this case, there's no allocation where neither person would envy the other's goods.
   * **Fairness:** Aims to create a situation where no one would prefer to trade their allocated goods for the other person's goods. Hard to achieve perfectly here.

4. **Introducing a Lottery or Rotation System:**

   * **Allocation:** Randomly assign the goods, perhaps with a weighted lottery based on overall value contributed.
   * **Fairness:** While not necessarily reflecting individual preferences, it introduces a sense of procedural fairness, especially if allocations happen repeatedly.

**My Decision (as a fair-minded individual):**

In this specific scenario, I'd lean towards **Prioritizing the Most Valued Good for Each Person**. This allocation feels the most intuitively fair, ensuring both people receive something they significantly value. While not maximizing total value, it prioritizes individual satisfaction in a way that feels balanced. 

**Important Note:** Fairness is subjective. There's no single ""right"" answer, and open communication with Person 1 and Person 2 about their values and priorities would be crucial in a real-world situation. 
",0,1,2,None
88,"Here's a breakdown of the problem and some approaches to consider for a ""fair"" allocation:

**The Challenge:**

* **Indivisibility:** You can't split the goods, making compromise difficult.
* **Subjectivity of Value:**  ""Fairness"" is not mathematically solvable. What one person finds extremely valuable, another might find less so.

**Possible Allocation Approaches and Their Reasoning:**

1. **Maximize Total Value (Utilitarian Approach):**

   * Give Good A to Person 1 (80 value)
   * Give Good B to Person 2 (60 value)
   * Give Good C to Person 2 (20 value)

   * **Reasoning:** This allocation creates the highest total value across both people (80 + 60 + 20 = 160). This prioritizes overall benefit over individual preferences.

2. **Prioritize Highest Individual Value:**

   * Give Good A to Person 1 (80 value, their highest)
   * Give Good B to Person 2 (60 value, their highest)
   * Give Good C to Person 1 (15 value, as it's their second highest preference)

   * **Reasoning:** This ensures each person gets the item they value most, even if the overall total value is slightly lower. It emphasizes individual satisfaction.

3. **Negotiation and Compromise (Most Realistic):**

   * **Explain the dilemma:**  Make it clear to both individuals that there's no perfect solution. 
   * **Facilitate a discussion:**  Encourage them to express why certain goods matter to them. Perhaps there's room for a trade or compromise.
   * **Explore alternatives:** Could they compensate each other in another way if one person gets more ""value"" in goods?

   * **Reasoning:** This acknowledges the human element and the possibility that people might value things beyond simple numbers.

**Which approach is ""fairest"" depends on your values:**

* **Efficiency:** Maximizing total value might be fairest in a resource-scarce scenario.
* **Individualism:** Prioritizing individual happiness might be fairest if personal satisfaction is paramount.
* **Equity:**  Negotiation might be fairest as it aims for a solution everyone finds acceptable, even if not ideal. 

**Important Note:** There's no single ""right"" answer.  The most important factor is transparency with both individuals about your reasoning. 
",0,1,2,2
89,"This is a classic resource allocation problem where fairness is a key concern.  Here are a few approaches I could take, each reflecting a different concept of fairness:

**1. Maximizing Total Value:**

* **Idea:** Allocate goods to maximize the combined value for both people, regardless of individual gain.
* **Allocation:**
    * Person 1 gets Good A (80)
    * Person 2 gets Good B (60)
    * Good C is not allocated (no one values it highly)
* **Total Value:** 140 
* **Pros:**  Efficient, creates the most ""good"" overall.
* **Cons:** Can lead to significant disparity between individuals. Person 1 gets much more value in this scenario.

**2. Prioritizing the Less Well-Off:**

* **Idea:** Aim for a more equitable outcome, even if it means slightly lower total value.
* **Allocation:**
    * Person 1 gets Good C (15)
    * Person 2 gets Good B (60) 
    * Good A is not allocated 
* **Total Value:** 75
* **Pros:** More equitable, as Person 1 (who values things less overall) gets a good.
* **Cons:** Lower total value, and Good A, the potentially most ""valuable"" item, goes unused.

**3. Finding a Compromise (Envy-Freeness):**

* **Idea:**  Seek an allocation where no one envies the other person's goods. This might involve some negotiation or trade.
* **Possible Allocation:**
    * Person 1 gets Good A (80)
    * Person 2 gets Good B and Good C (60 + 20 = 80)
* **Total Value:** 160
* **Pros:**  Potentially the most ""fair"" feeling, as both individuals get equal perceived value.
* **Cons:** Requires more communication and might involve discarding a good to achieve balance.

**Which approach is ""fairest"" depends entirely on your values and priorities.**  There's no single right answer. It's important to communicate these different approaches to Person 1 and Person 2 and involve them in the decision-making process to enhance fairness and transparency. 
",0,1,2,None
90,"Here's a breakdown of the problem and how I'd approach a ""fair"" allocation, acknowledging that ""fairness"" is subjective:

**Understanding the Values**

* **Person 1** highly values Good A (80), while placing significantly lower value on Goods B (5) and C (15).
* **Person 2** values Good B the most (60), followed by Goods A and C relatively equally (20 each).

**Fair Allocation Approaches**

Here are a few potential approaches to consider, each reflecting a different aspect of fairness:

1. **Maximizing Total Value (Utilitarian Approach):**
   - Give Good A to Person 1 (80 value)
   - Give Good B to Person 2 (60 value)
   - Give Good C to Person 2 (20 value)
   - **Total Value: 160** 
   - **Rationale:** This allocation ensures the goods go where they are most valued overall, creating the highest combined benefit.

2. **Prioritizing Individual Happiness (Egalitarian Approach):**
   - Give Good A to Person 1 (80 value)
   - Give Good B to Person 2 (60 value)
   - Don't allocate Good C (neither person values it highly)
   - **Rationale:**  Both people receive something they highly value, even if the total numerical value is slightly lower. This focuses on making sure everyone gets something they want.

3. **Negotiation and Compromise:**
   - In a real-world scenario, I'd facilitate a discussion between Person 1 and Person 2. 
   - Perhaps Person 1 would be willing to give up Good C in exchange for a small concession from Person 2 related to Good A or B.
   - **Rationale:** This approach recognizes that fairness often involves finding mutually agreeable solutions through communication.

**My Decision & Justification**

I would likely lean towards **Approach 2 (Prioritizing Individual Happiness)** in this scenario. Here's why:

* **Significant Value Disparity:** Person 1 values Good A immensely more than Person 2.  While maximizing total value is important, taking away something someone values so highly could be perceived as deeply unfair.
* **Low Value of Good C:**  Neither person places much importance on Good C. Holding onto it or assigning it arbitrarily wouldn't contribute significantly to a sense of fairness.

**Important Note:**  The ""fairest"" allocation depends heavily on the values and priorities of the individuals involved. Open communication and a willingness to understand each other's perspectives are crucial in any allocation problem. 
",0,1,2,None
91,"This is a classic resource allocation problem where fairness is key.  Since there's no single ""correct"" answer, I'll outline a few approaches I might take, each embodying a different aspect of fairness:

**1. Maximizing Total Value (Utilitarian Approach)**

* **Goal:** Allocate goods to maximize the combined value for both people.
* **Allocation:**
    * Person 1 gets Good A (80) 
    * Person 2 gets Good B (60) and Good C (20)
* **Justification:** This approach ensures the goods go where they are valued most, leading to the highest overall ""happiness"" or utility. However, it can lead to one person benefiting significantly more.

**2. Ensuring Envy-Freeness**

* **Goal:** Allocate goods so that no one envies the other person's bundle.
* **Allocation:**
    * Person 1 gets Good A (80)
    * Person 2 gets Good B (60)
    * Good C is not allocated (or could be randomly assigned)
* **Justification:** This approach prioritizes fairness by perception. Even though Person 2 might prefer Good A, they wouldn't want to trade their bundle for Person 1's. This method might result in a good not being allocated, which could be seen as inefficient.

**3. Finding a Compromise: Equal Value Share (Negotiation Approach)**

* **Goal:**  Try to give each person a bundle they value as close to an equal percentage of the total value they place on all goods.
* **Calculation:**
    * Person 1's Total Value: 80 + 5 + 15 = 100
    * Person 2's Total Value: 20 + 60 + 20 = 100
* **Ideal:** Each person gets a bundle they value at around 50.
* **Allocation Challenges:** It's difficult to achieve a perfect 50/50 split in this scenario.  Good A is heavily weighted towards Person 1. 
* **Possible Compromise:**
    * Person 1 gets Good A and Good C (80 + 15 = 95)
    * Person 2 gets Good B (60)
    * **Justification:** While not perfectly equal, this acknowledges the high value Person 1 places on Good A while still giving Person 2 a significant portion of the total perceived value.

**Important Considerations:**

* **Communication:** In a real-world scenario, I would talk to Person 1 and Person 2 to understand if they have any preferences or priorities beyond just the numerical values.
* **Context:**  Is there a reason these specific goods are being allocated? The context might influence what is considered ""fair."" For example, if it's a division of inherited items, sentimental value might outweigh monetary value. 

**In Conclusion:**  There's no single ""fairest"" allocation. The chosen approach depends on which principle of fairness is prioritized and the specific circumstances of the situation. 
",0,1,2,1
92,"This is a classic resource allocation problem where fairness is a key concern. Here's how I'd approach it, considering different notions of fairness:

**Option 1: Maximizing Total Value (Utilitarian Approach)**

* **Allocation:**
    * Person 1 gets Good A (80 value)
    * Person 2 gets Good B (60 value)
    * Good C is not allocated 
* **Reasoning:** This allocation maximizes the total ""happiness"" or utility derived from the goods (80 + 60 > 20 + 60 > 80 + 15). It's the most efficient in terms of overall value.
* **Fairness Consideration:** While efficient, it might be perceived as unfair to Person 2 if they place a high importance on having at least two goods.

**Option 2:  Prioritizing the Less Well-Off (Egalitarian Approach)**

* **Allocation:**
    * Person 1 gets Good C (15 value)
    * Person 2 gets Good A (20 value) and Good B (60 value)
* **Reasoning:**  This allocation aims to minimize the difference in total value received between the two people. 
* **Fairness Consideration:**  This approach prioritizes giving more to the person who would otherwise have less. However, it's less efficient in terms of total value.

**Option 3:  Finding a Compromise (Hybrid Approach)**

* **Allocation:**
    * Person 1 gets Good A (80 value)
    * Person 2 gets Good B (60 value) and Good C (20 value)
* **Reasoning:**  This recognizes Person 1's strong preference for Good A while still giving Person 2 a reasonable share of the total value.
* **Fairness Consideration:** This tries to balance efficiency and a more even distribution, potentially leading to a perception of greater fairness.

**Important Considerations:**

* **Communication:**  It's crucial to explain the reasoning behind your chosen allocation to both individuals. Transparency builds trust and understanding.
* **Subjectivity of Value:** The assigned values are subjective.  A conversation with Person 1 and Person 2 might reveal that the perceived value of a good changes if they were to lose it (endowment effect), or if it means the other person wouldn't get it (rivalry).
* **Alternative Solutions:**  Could the goods be shared or used jointly in some way? Are there other factors beyond numerical value that should be considered (e.g., a good being essential for one person)?

**Ultimately, the ""fairest"" allocation depends on the chosen definition of fairness and the specific priorities of the individuals involved.** A discussion with Person 1 and Person 2 is recommended to understand their perspectives and potentially arrive at a mutually agreeable solution. 
",0,1,2,2
93,"Here's how I'd approach this allocation problem, focusing on fairness, and why different perspectives might lead to different outcomes:

**Understanding the Concepts of Fairness**

There are a few ways we can define ""fair"" in this scenario:

* **Maximize Total Value (Utilitarian Approach):** Allocate goods to maximize the combined value for both individuals.
* **Prioritize the Disadvantaged:** Allocate goods in a way that benefits the person who has less overall value, even if it means slightly lower total value.
* **Find a Compromise (Egalitarian Approach):** Aim for an allocation where both individuals feel they've received a relatively similar amount of value.

**Analyzing the Valuations**

Let's look at the valuations in a table:

| Person | Good A | Good B | Good C |
|---|---|---|---|
| Person 1 | 80 | 5  | 15 |
| Person 2 | 20 | 60 | 20 |

**Possible Allocation Scenarios and Their Fairness Justification**

1. **Scenario 1: Maximize Total Value**

   * Person 1 gets: Good A (80)
   * Person 2 gets: Good B (60), Good C (20)

   * **Total Value:** 160
   * **Justification:** This allocation creates the highest combined value. However, Person 1 gets significantly more value than Person 2.

2. **Scenario 2: Prioritize Person 1** 

   * Person 1 gets: Good A (80), Good C (15)
   * Person 2 gets: Good B (60) 

   * **Total Value:** 155
   * **Justification:** Person 1 has lower total valuations for the goods. This allocation ensures Person 1 gets a larger share of the overall value.

3. **Scenario 3:  A Compromise**

   * Person 1 gets: Good A (80)
   * Person 2 gets: Good B (60)
   * Good C is not allocated. 

   * **Total Value:** 140 
   * **Justification:**  Both individuals get the good they value most. While Person 2 gets slightly less value overall, this allocation feels more balanced in terms of perceived fairness.

**My Choice and Reasoning**

In this specific case, I lean towards **Scenario 3 (The Compromise)** as the fairest option. Here's why:

* **Significant Value Difference for Good A:** Person 1 values Good A far more than Person 2. Allocating it to Person 1 seems like a fair starting point.
* **Avoids Extreme Disparity:** While maximizing total value (Scenario 1) is tempting, it creates a large gap in perceived gain between the two people.
* **Acknowledges Preference:**  By giving each person the good they value most, we acknowledge their individual preferences.

**Important Note:**  Fairness is subjective.  There's no single ""right"" answer. A discussion with Person 1 and Person 2 about their priorities and what they consider fair would be an important part of a real-world allocation process. 
",0,1,2,None
94,"This is a classic resource allocation problem with a focus on fairness.  There are a few different ways we could approach a ""fair"" allocation in this scenario:

**1. Maximizing Total Value:**

* **Goal:** Allocate goods to maximize the combined value for both people.
* **Allocation:**
    * Person 1 gets Good A (80 value)
    * Person 2 gets Good B (60 value)
    * Good C is not allocated (no one values it highly).
* **Justification:** This approach prioritizes efficiency. The goods go to those who value them most, leading to the highest overall satisfaction.

**2. Ensuring Each Person Gets Their Most Valued Good:**

* **Goal:** Guarantee that both individuals receive the good they value the most, even if it means a lower total value.
* **Allocation:**
    * Person 1 gets Good A (80 value)
    * Person 2 gets Good B (60 value)
    * Good C is not allocated.
* **Justification:** This prioritizes individual satisfaction with at least one desired item. It acknowledges that having something you really want can be more important than overall efficiency.

**3.  Considering Proportional Value:**

* **Goal:**  Allocate goods so each person receives a value proportional to their overall valuation of all the goods. 
* **Challenge:** This is tricky with indivisible goods. We can't easily divide Good A to perfectly reflect the proportions.
* **Possible Approach:**
    * Calculate the total value each person assigns: 
        * Person 1: 80 + 5 + 15 = 100
        * Person 2: 20 + 60 + 20 = 100
    *  In this specific case, they value the goods equally in total. We could argue for the allocation in point 2, as each person gets their most valued item, and both have an equal total perceived value (100).

**Which Allocation is ""Fairest""**

There's no single right answer. The ""fairest"" allocation depends on your definition of fairness and the priorities in this specific situation. 

* **If maximizing overall happiness/utility is most important, option 1 is strongest.**
* **If ensuring everyone gets something they truly want is key, options 2 or 3 are preferable.**

**Important Note:**  In a real-world scenario, I'd likely talk to Person 1 and Person 2, explain these different approaches to fairness, and see if they have any preferences or if they'd be willing to compromise. 
",0,1,2,None
95,"Here's how I'd approach this allocation problem, along with my reasoning:

**Understanding the Scenario**

* **Indivisible Goods:**  We can't split the goods. It's all or nothing.
* **Subjective Value:**  Each person has a different idea of how valuable each good is to them.
* **Fairness:** There are many ways to define fairness.  We'll explore a couple of common approaches.

**Possible Allocation Methods and My Reasoning**

1. **Maximizing Total Value:**

   * **Idea:** Allocate goods to whoever values them most in total.
   * **Calculation:**
      * Person 1 Total Value: 80 + 5 + 15 = 100
      * Person 2 Total Value: 20 + 60 + 20 = 100
   * **Allocation:** Since their total valuations are equal, we could:
       * **Give Good A to Person 1 (highest value), Good B to Person 2 (highest value).  Good C could go to either, or we could choose not to allocate it.** 
   * **Fairness Consideration:** This maximizes the overall ""utility"" derived from the goods but might seem unfair if one person ends up with significantly more goods.

2. **Prioritizing Highest Individual Values:**

   * **Idea:** Ensure each person gets the good they value most, if possible.
   * **Allocation:**
      * Person 1 gets Good A (80)
      * Person 2 gets Good B (60)
      * Good C could go to either (since they value it equally) or not be allocated.
   * **Fairness Consideration:**  This feels intuitively fairer as both people get something they highly value. It acknowledges that ""highest value"" is relative to the individual.

3. **Introducing a Negotiation or Trade System**

   * **Idea:**  Since the initial allocation might not be perfectly ""fair"" in everyone's eyes, allow for trading or negotiation after the initial distribution.
   * **Example:** If we use method 2 above, Person 2 might be willing to trade Good C (which they value at 20) with Person 1 for something else, potentially leading to a more mutually agreeable outcome.

**My Chosen Allocation and Why**

In this specific scenario, I find **Method 2 (Prioritizing Highest Individual Values)** to be the fairest starting point. Here's why:

* **Addresses Individual Needs:** It recognizes that Good A is significantly more important to Person 1 than to Person 2, and vice-versa for Good B.
* **Basis for Negotiation:** This allocation creates a strong foundation for potential trades or negotiations.  Person 1, having received their most valued good, might be amenable to trading to help Person 2 also obtain their second most valued good (Good C).

**Important Note:** Fairness is subjective. There's no single ""right"" answer. The best approach often involves considering the specific context and the values of the individuals involved. 
",0,1,2,None
96,"This is a classic resource allocation problem with a focus on fairness!  There are a few different ways we could approach this, and as you mentioned, there's no single ""correct"" answer, but rather different ideas of what constitutes ""fairness."" Here are a couple of approaches:

**1. Maximizing Total Value (Utilitarian Approach)**

* **Idea:** Allocate goods to maximize the combined value for both individuals. 
* **Calculation:**
    * Person 1 gets Good A (80) and Good C (15) = Total value of 95
    * Person 2 gets Good B (60) = Total value of 60
    * Combined value = 95 + 60 = 155
* **Outcome:** This allocation maximizes the overall ""happiness"" or ""utility"" derived from the goods.

**2.  Prioritizing the Highest Individual Valuations**

* **Idea:**  Ensure each person gets at least one good they highly value.
* **Calculation:**
    * Person 1 gets Good A (80) - their highest valued item
    * Person 2 gets Good B (60) - their highest valued item
    * Good C is not allocated (or could be randomly assigned)
* **Outcome:**  This might be seen as fairer from the perspective of individual satisfaction, even if the total combined value is lower (80 + 60 = 140).

**3.  Considering Proportional Value (Envy-Freeness)**

* **Idea:** Aim for an allocation where neither person envies the other's bundle of goods. This is difficult to achieve perfectly here. 
* **Challenge:** Person 1 will always value Good A significantly more than Person 2.
* **Possible Compromise:** 
    * Allocate Good A to Person 1 (80).
    * Allocate Good B to Person 2 (60).
    * Randomly allocate Good C (to avoid any perception of bias).
* **Outcome:** While not perfectly envy-free, this at least acknowledges the significant value disparity of Good A while still providing value to both individuals.

**Important Considerations:**

* **Communication:**  In a real-world scenario, talking to Person 1 and Person 2 about their preferences and any potential compromises would be important.
* **Context:**  The ""fairest"" allocation might also depend on the context.  Are these goods essential resources, or luxury items?  

Let me know if you'd like to explore any of these approaches in more detail or consider other fairness criteria! 
",0,1,2,None
97,"Here's a breakdown of the allocation problem and a few approaches to consider, given that fairness is subjective:

**Understanding the Values**

* **Person 1** highly values Good A (80), while placing less value on Good B (5) and Good C (15).
* **Person 2** places moderate value on all goods, with the highest being Good B (60).

**Fair Allocation Approaches**

Here are a few ways to approach a ""fair"" allocation, along with their rationale:

1. **Maximize Total Value (Utilitarian Approach)**

   * **Allocation:**
      * Person 1 gets Good A (80)
      * Person 2 gets Good B (60) and Good C (20)
   * **Rationale:** This allocation creates the highest combined value (160) for both individuals, even though Person 1 receives only one good. It aims to maximize the overall ""good"" derived from the allocation.

2. **Prioritize the Highest Individual Value**

   * **Allocation:**
      * Person 1 gets Good A (80)
      * Person 2 gets Good B (60)
      * Good C is not allocated. 
   * **Rationale:** This ensures that the goods with the absolute highest values for each individual are allocated, even if one good goes unused. This might be seen as fair because it recognizes the intensity of preference for those particular goods.

3. **Negotiation and Compromise**

   * **Possible Outcome (Example):**
      * Person 1 gets Good A (80) and Good C (15)
      * Person 2 gets Good B (60)
   * **Rationale:**  You could facilitate a discussion between Person 1 and Person 2. Person 1 might be willing to take Good C, even though its value is lower, to prevent it from going unallocated. This approach emphasizes fairness through mutual agreement.

**Which is the ""Fairest""?**

There's no single right answer. The ""fairest"" allocation depends on your definition of fairness and what you prioritize:

* **Efficiency:** Maximizing total value might be considered the most efficient but can lead to perceived inequality.
* **Individual Need/Preference:** Prioritizing the highest individual values emphasizes the subjective importance of goods to each person.
* **Collaboration:** Negotiation and compromise foster a sense of fairness through mutual agreement, even if it means not maximizing total value.

**Important Note:**  In real-world scenarios, transparent communication with Person 1 and Person 2 about the allocation process and your reasoning would be crucial to ensure they perceive the outcome as fair, regardless of the chosen method. 
",0,1,2,1
98,"This is a classic resource allocation problem where fairness is subjective. Here are a few approaches I could consider, each with its own idea of ""fairness"":

**1. Maximizing Total Value:**

* **Allocation:** Person 1 gets Good A (80), Person 2 gets Good B (60) and Good C (20).
* **Rationale:** This allocation ensures the goods go to the individuals who value them the most in absolute terms, maximizing the overall ""utility"" derived from the goods. 
* **Pros:**  Efficient, potentially leading to the most overall satisfaction.
* **Cons:**  Can be perceived as unfair if one person receives significantly more value than the other.

**2. Prioritizing the Most Valued Good:**

* **Allocation:** Person 1 gets Good A (80), Person 2 gets Good B (60), Good C is not allocated.
* **Rationale:** This approach focuses on ensuring each person gets the good they value most highly, even if it means one good goes unused.
* **Pros:** Addresses each person's top priority, potentially perceived as fairer in cases where one good is significantly more desired.
* **Cons:** Might not maximize total value and could leave a good unused.

**3.  Finding a Compromise:**

* **Allocation:** Person 1 gets Good A (80), Person 2 gets Good C (20), Good B is not allocated.
* **Rationale:** This approach aims for a middle ground, where Person 1 receives their most valued good, and Person 2 receives something rather than nothing.
* **Pros:**  Attempts a more balanced distribution, avoiding extreme outcomes.
* **Cons:**  Could be seen as unsatisfying to both parties, as Person 1 doesn't get their second choice and Person 2 receives a less desired good.

**Additional Considerations:**

* **Communication:**  In a real-world scenario, I'd talk to Person 1 and Person 2.  Understanding their reasoning behind their valuations could provide insights into their needs and priorities, leading to a more informed and potentially agreeable solution.
* **Negotiation:** I might encourage Person 1 and Person 2 to negotiate with each other. They might be willing to make trade-offs or find creative solutions I haven't considered. 

**Conclusion:**

There's no single ""fairest"" answer in this scenario. The best approach depends on the definition of fairness we prioritize and the willingness of the individuals involved to be flexible. 
",0,1,2,2
99,"Here's one way to approach a ""fair"" allocation in this scenario, along with the reasoning:

**Reasoning:**

* **Maximize Total Value:**  A fair allocation should aim to create the most overall happiness or utility. In this case, we want to give the goods to the people who value them most.
* **Acknowledge Individual Preferences:**  While total value is important, we also want to avoid drastically favoring one person if possible.

**Allocation:**

* **Good A to Person 1:** Person 1 values Good A significantly higher than Person 2 (80 vs. 20).
* **Good B to Person 2:** Person 2 values Good B much higher than Person 1 (60 vs. 5).
* **Good C to Person 2:** While both individuals have the same value for Good C (20), giving it to Person 2 creates a slightly more balanced distribution of value.

**Outcome:**

* **Person 1:** Receives Good A (value 80)
* **Person 2:** Receives Good B (value 60) and Good C (value 20)

**Why this feels fair:**

* **Maximized Total Value:** This allocation results in a combined value of 160 (80 + 60 + 20), the highest achievable with these preferences.
* **Reasonable Distribution:** While Person 2 ends up with a higher total value, Person 1 receives the good they value most significantly. This allocation avoids leaving one person with a very low sense of satisfaction.

**Important Notes:**

* **Subjectivity of Fairness:**  Fairness is subjective.  Other people might prioritize different aspects, leading to different allocations.  
* **Communication:** In a real-world scenario, open communication between Person 1 and Person 2 could lead to even more mutually agreeable outcomes. 
",0,1,2,2
