,Text,Tokens,Good A,Good B,Good C,Good D
0,"After analyzing the values of each good for each person, I propose the following allocation:

* Good A: Allocate to Person 3 (value: 49)
* Good B: Allocate to Person 2 (value: 43)
* Good C: Allocate to me (value: 20)
* Good D: Allocate to Person 2 (value: 54)

Rationale:

* Good A is most valuable to Person 3, so it makes sense to allocate it to them.
* Good B is most valuable to Person 2, and since they also have a high value for Good D, allocating Good B to them balances out their high value for Good D.
* Good C is most valuable to me, and since it's not as highly valued by the other two persons, I propose allocating it to myself.
* Good D is most valuable to Person 2, and since they already receive Good B, allocating Good D to them as well ensures that their total value received is significant.

This allocation seems fair because each person receives a good that they value highly, and the total value received by each person is relatively balanced. Person 2 receives two goods with high values, Person 3 receives one good with a very high value, and I receive one good with a moderate value.

I believe this allocation is acceptable to all participants because each person receives a good that they value more than the others, and the total value received is relatively balanced among the three of us.",0,3,2,You,2
1,"After analyzing the values of each good for each person, I will propose an allocation that I consider to be the fairest.

To determine the fairest allocation, I will try to maximize the total value of the goods for all individuals while ensuring that each person receives a good that is of relatively high value to them.

Here's my proposal:

* Good A: Allocate to Person 3 (value: 49) - This good is worth the most to Person 3, and allocating it to them will bring the highest value overall.
* Good B: Allocate to Person 2 (value: 43) - Person 2 values Good B the most, and allocating it to them will also bring a high value overall.
* Good C: Allocate to Me (value: 20) - Since Good C is not highly valued by the other two persons, I will allocate it to myself, as it still has some value to me.
* Good D: Allocate to Person 2 (value: 54) - Person 2 values Good D the most, and allocating both Good B and Good D to them will bring a high total value overall.

This allocation ensures that each person receives at least one good that is of relatively high value to them, and the total value of the goods is maximized.

Here's a summary of the proposed allocation:

* Me: Good C (value: 20)
* Person 2: Good B (value: 43) and Good D (value: 54)
* Person 3: Good A (value: 49)

I believe this allocation is fair and acceptable to all participants, as it takes into account the values of each good for each person and tries to maximize the overall value of the goods.",0,3,2,Me,2
2,"A classic problem of fair allocation!

After analyzing the values each person places on each good, I propose the following allocation:

* Good A: Allocate to Person 3 (value: 49)
* Good B: Allocate to Person 2 (value: 43)
* Good C: Allocate to me (value: 20)
* Good D: Allocate to Person 2 (value: 54)

Here's my reasoning:

* Good A is most valuable to Person 3, so it makes sense to allocate it to them.
* Good B is most valuable to Person 2, so it's fair to give it to them.
* Good C is more valuable to me than to the other two, so I'll take it.
* Good D is also more valuable to Person 2 than to the other two, so it's fair to give it to them as well.

This allocation ensures that each person receives a good that they value highly, and no one is left with a good that they don't value much. I believe this allocation is acceptable to all participants, as each person gets a good that is valuable to them, and no one is left with nothing.

Of course, there could be other fair allocations, but this is the one I propose as a starting point for negotiation.",0,3,2,Me,2
3,"A classic problem in social choice theory!

After analyzing the values of each good for each person, I will propose an allocation that I believe is fair and acceptable to all participants.

**My proposed allocation:**

* Good A: Allocate to Person 3 (value: 49)
* Good B: Allocate to Person 2 (value: 43)
* Good C: Allocate to me (value: 20)
* Good D: Allocate to Person 2 (value: 54)

**Rationale:**

* Good A: Person 3 values Good A the most, so it's fair to allocate it to them.
* Good B: Person 2 values Good B the most, and since they already got Good D, it's reasonable to allocate Good B to them as well.
* Good C: I value Good C the most among the three of us, so I'll take it.
* Good D: Person 2 values Good D the most, and since they already got Good B, it's fair to allocate Good D to them as well.

This allocation seems fair because each person gets at least one good that they value highly, and no one is left empty-handed. Additionally, the total values of the goods allocated to each person are reasonably balanced:

* I get Good C (value: 20)
* Person 2 gets Good B (value: 43) and Good D (value: 54), total value: 97
* Person 3 gets Good A (value: 49)

Of course, this is just one possible allocation, and there may be other allocations that could be considered fair. But I believe this allocation is a reasonable solution that takes into account the values of each good for each person.",0,3,2,You,2
4,"What a fascinating problem!

After analyzing the values of each good for each person, I've come up with an allocation that I believe is fair and acceptable to all parties involved.

Here's my proposed allocation:

* Good A: Allocate to Person 3 (value: 49)
* Good B: Allocate to Person 2 (value: 43)
* Good C: Allocate to Me (value: 20)
* Good D: Allocate to Person 2 (value: 54)

My reasoning is as follows:

* Good A is most valuable to Person 3, so it's only fair to allocate it to them.
* Good B is highly valued by Person 2, and allocating it to them ensures they receive a significant benefit.
* Good C is moderately valued by me, and allocating it to myself ensures that I receive some benefit from the allocation process.
* Good D is extremely valuable to Person 2, and allocating it to them means that they receive two goods that are highly valued by them.

This allocation ensures that each person receives at least one good that is highly valued by them, which should lead to a sense of fairness and satisfaction among all participants. Additionally, no single person is left without any goods, which would be an unfair outcome.

I believe that this allocation is a reasonable and fair compromise, taking into account the diverse values and preferences of each individual involved.",0,3,2,Me,2
5,"What a fascinating problem!

After carefully considering the values of each individual, I propose the following allocation:

* Good A: Person 3 (value: 49)
* Good B: Person 2 (value: 43)
* Good C: Me (value: 20)
* Good D: Person 2 (value: 54)

Here's my thought process:

* Good A: Person 3 values it the most, so it's fair to allocate it to them.
* Good B: Person 2 values it the most, and since they also have a high value for Good D, I'll allocate Good B to them to balance out their overall value.
* Good C: I value it the most among the three of us, so I'll take it.
* Good D: Person 2 values it extremely high, and since they already got Good B, I think it's fair to give them Good D as well.

This allocation ensures that each person gets at least one good that they value highly, and no one is left with nothing. It also takes into account the diversity of values among the three of us, trying to balance out the overall satisfaction.

Of course, this is just one possible allocation, and fairness can be subjective. But I believe this proposal is reasonable and acceptable to all participants.",0,3,2,Me,2
6,"The art of fair allocation!

After analyzing the values each person has for each good, I'll propose an allocation that I believe is fair and reasonable. Here's my suggestion:

**Allocation:**

* Good A: Person 3 (value: 49)
* Good B: Person 2 (value: 43)
* Good C: Me (value: 20)
* Good D: Person 2 (value: 54)

**Rationale:**

1. Good A: Person 3 values Good A the most, so it's fair to allocate it to them.
2. Good B: Person 2 values Good B the most, and it's close to their highest valued good (Good D). Allocating Good B to Person 2 seems reasonable.
3. Good C: I value Good C the most among the three of us, so I'll take it.
4. Good D: Person 2 values Good D the most, and they already have Good B. Allocating Good D to them as well seems fair, considering their high valuation.

This allocation ensures that each person receives at least one good they value highly. Person 2 gets two goods they value highly, but that's because they have a clear preference for those two goods.

**Why this allocation is fair:**

* Each person receives a good they value significantly.
* The allocation is based on the relative values each person has for each good, rather than absolute values.
* No person is left with no goods or only a good they don't value much.

Of course, this allocation is subjective, and other participants might have different opinions on what's fair. However, I believe this allocation is a reasonable compromise, and I'm willing to negotiate if others have concerns.",0,3,2,Me,2
7,"A classic allocation problem!

After analyzing the values, I'll propose an allocation that I believe is fair and acceptable to all parties involved.

**Proposed Allocation:**

* Good A: Allocate to Person 3 (value: 49) - This is the highest value among all individuals for Good A.
* Good B: Allocate to Person 2 (value: 43) - Although Person 2's value is slightly lower than mine, it's still a high value, and allocating it to them seems fair.
* Good C: Allocate to Me (value: 20) - Since both Person 2 and Person 3 have very low values for Good C, I'll take it, as it's still a significant value to me.
* Good D: Allocate to Person 2 (value: 54) - This is the highest value among all individuals for Good D, and Person 2 gets another good that they highly value.

**Rationale:**

This allocation tries to maximize the total value for each individual while ensuring that each person receives at least one good they highly value. By allocating Good A to Person 3 and Good D to Person 2, we're giving each of them a good that they highly value. Meanwhile, I get Good C, which is still a significant value to me.

This allocation also maintains a sense of fairness, as each person gets a good that they value highly, and no one is left with nothing.

What do you think, fellow participants? Is this allocation acceptable to you?",0,3,2,Me,2
8,"What a fascinating problem!

After analyzing the values, I've come up with an allocation that I believe is fair and acceptable to all participants. Here's my proposal:

**Allocation:**
1. Good A: Person 3 (value: 49)
2. Good B: Person 2 (value: 43)
3. Good C: Me (value: 20)
4. Good D: Person 2 (value: 54)

**Rationale:**

* Good A: Person 3 values it the most (49), so it's fair to allocate it to them.
* Good B: Person 2 values it highly (43), and it's close to my own value (40). Allocating it to them ensures they get a good they highly value.
* Good C: I value it the most among the three of us (20), so it's reasonable to allocate it to me.
* Good D: Person 2 values it the highest (54), so allocating it to them ensures they get another good they highly value.

This allocation is fair because each person gets at least one good they value highly. Additionally, the total value of the goods allocated to each person is relatively balanced:

* Person 2: 43 (Good B) + 54 (Good D) = 97
* Person 3: 49 (Good A) = 49
* Me: 20 (Good C) = 20

While Person 2 gets a higher total value, they also have a higher value for the two goods they receive. Person 3 gets a high-value good, and I get a good that I value reasonably highly. This allocation respects the diverse preferences of all participants and ensures everyone gets something they value.

Of course, this is just one possible allocation, and opinions may vary. I'm open to discussing alternative proposals and finding a consensus!",0,3,2,Me,2
9,"A classic problem of fair division!

After analyzing the values, I'll propose an allocation that I believe is fair and acceptable to all participants.

**My proposed allocation:**

1. Good A: Assign to Person 3 (value: 49)
Reason: Person 3 values Good A the most, and it's significantly higher than the values of the other two individuals.
2. Good B: Assign to Person 2 (value: 43)
Reason: Person 2 values Good B the most, and it's close to their highest value among all goods.
3. Good C: Assign to Me (value: 20)
Reason: I value Good C the most among the remaining goods, and it's a relatively low-value good, making it a compromise choice.
4. Good D: Assign to Person 2 (value: 54)
Reason: Person 2 values Good D the most, and it's their highest value among all goods.

**Why I think this allocation is fair:**

* Each person gets a good that they value relatively highly.
* The total value of goods assigned to each person is balanced: Person 2 gets two high-value goods (B and D), Person 3 gets a high-value good (A), and I get a relatively lower-value good (C).
* This allocation takes into account the diversity of values among the individuals, ensuring that each person gets a good that is meaningful to them.

Of course, this is just one possible allocation, and there may be other fair solutions. But I believe this proposal is a reasonable and acceptable starting point for further discussion.",0,3,2,Me,2
10,"A classic problem of fair division!

After analyzing the values each person has for each good, I'll propose an allocation that I believe is fair and acceptable to all participants.

**My Proposal:**

1. Good A: Allocate to Person 3 (value: 49)
Person 3 values Good A the most, so it's only fair to give it to them.
2. Good B: Allocate to Person 2 (value: 43)
Person 2 values Good B the most, and since I value it at 40, it's a good fit for them.
3. Good C: Allocate to Me (value: 20)
I value Good C more than the others, so I'll take it.
4. Good D: Allocate to Person 2 (value: 54)
Person 2 values Good D the most, and it's a significant portion of their overall valuation, so it's fair to give it to them.

**Rationale:**

This allocation ensures that each person receives at least one good that they value highly. Person 2 gets two goods they value highly (Good B and Good D), Person 3 gets the good they value the most (Good A), and I get the good I value relatively highly (Good C).

Additionally, this allocation prevents any one person from receiving all the goods or being left with nothing. It's a balanced and fair distribution, considering the individual values each person has for each good.

Of course, this is just one possible allocation, and there may be other fair solutions. But I believe this proposal is a reasonable and acceptable starting point for negotiation and discussion among the three of us.",0,3,2,Me,2
11,"What a great problem! After analyzing the values of each good for each person, I've come up with a proposal that I think is fair and acceptable to all participants.

Here's my proposed allocation:

* Good A: Allocate to Person 3 (value: 49)
* Good B: Allocate to Person 2 (value: 43)
* Good C: Allocate to me (value: 20)
* Good D: Allocate to Person 2 (value: 54)

Here's my reasoning:

* Good A is most valuable to Person 3, so it's only fair to allocate it to them.
* Good B is most valuable to Person 2, and since they already got Good D (their most valuable good), it's fair to give them Good B as well.
* Good C is more valuable to me than to the other two persons, so I'll take it.
* Good D is most valuable to Person 2, and since they didn't get Good A (which is their second-most valuable good), it's fair to give them Good D.

This allocation ensures that each person gets at least one good that they value highly, and no one is left with nothing. Additionally, the total value of goods allocated to each person is relatively balanced: Person 2 gets goods worth 97 (43 + 54), Person 3 gets a good worth 49, and I get a good worth 20.

Of course, this is just one possible allocation, and there may be other fair and acceptable proposals. But I believe this one is a good starting point for discussion and negotiation.",0,3,2,Me,2
12,"After analyzing the values each person has for each good, I propose the following allocation:

* Good A: Allocate to Person 3 (value: 49)
* Good B: Allocate to Person 2 (value: 43)
* Good C: Allocate to Me (value: 20)
* Good D: Allocate to Person 2 (value: 54)

My reasoning for this allocation is as follows:

* Good A is most valuable to Person 3, so it's fairest to allocate it to them.
* Good B is most valuable to Person 2, and since they also have a high value for Good D, it's fairest to allocate Good B to them as well.
* Good C is most valuable to me, so I'll allocate it to myself.
* Good D is also most valuable to Person 2, so it's fairest to allocate it to them, especially since they already received Good B.

This allocation takes into account the values each person has for each good, and tries to Maximize the total value achieved by the allocation. It's also a Pareto-optimal allocation, meaning that there's no other allocation that can make one person better off without making someone else worse off.

I believe this allocation is fair and acceptable to all participants, as each person receives a good that is highly valued by them.",0,3,2,Me,2
13,"A classic problem of fair division!

After analyzing the values of each good for each person, I will propose an allocation that I consider to be fair and acceptable to all participants.

**My Proposed Allocation:**

* Good A: Allocate to Person 3 (value: 49)
* Good B: Allocate to Person 2 (value: 43)
* Good C: Allocate to Me (value: 20)
* Good D: Allocate to Person 2 (value: 54)

**Rationale:**

1. Good A: Person 3 values Good A the most, so it's only fair to allocate it to them.
2. Good B: Person 2 values Good B the most, so it's only fair to allocate it to them.
3. Good C: I value Good C the most among the three of us, so I'll take it.
4. Good D: Person 2 values Good D the most, so it's only fair to allocate it to them.

**Why this allocation is fair:**

* Each person receives a good that they value highly.
* No one person dominates the allocation, and each person gets a good that is meaningful to them.
* The total value of the goods allocated to each person is relatively balanced:
	+ Me: 20
	+ Person 2: 43 + 54 = 97
	+ Person 3: 49

**Why this allocation is acceptable:**

* Each person should be satisfied with the good they receive, as it's the one they value the most.
* The allocation is transparent and based on the values provided, so everyone should understand the reasoning behind the allocation.

I hope this allocation is considered fair and acceptable by all participants!",0,3,2,Me,2
14,"What a fascinating problem! After careful consideration, I propose the following allocation:

**Good A**: Allocate to Person 3 (value: 49)
**Good B**: Allocate to Person 2 (value: 43)
**Good C**: Allocate to Me (value: 20)
**Good D**: Allocate to Person 2 (value: 54)

My reasoning is as follows:

* Good A is most valuable to Person 3, so it's fair to allocate it to them.
* Good B is most valuable to Person 2, and they already have a high value for Good D, so it's reasonable to allocate both Goods B and D to them.
* Good C is relatively more valuable to me compared to the other two individuals, so I'll take it.

This allocation seems fair because each person gets a good that they value highly, and no one is left with a good that they don't value much. Additionally, the total value of the allocation is relatively balanced across individuals:

* My total value: 20 (Good C)
* Person 2's total value: 97 (Good B + Good D)
* Person 3's total value: 49 (Good A)

Of course, this is just one possible fair allocation, and there might be other allocations that could be considered fair as well. But I hope this proposal is a good starting point for discussion and agreement!",0,3,2,Me,2
15,"After analyzing the values assigned to each good by each person, I propose the following allocation:

* Good A: Allocate to Person 3 (value: 49)
* Good B: Allocate to Person 2 (value: 43)
* Good C: Allocate to me (value: 20)
* Good D: Allocate to Person 2 (value: 54)

My rationale for this allocation is as follows:

* Good A is most valued by Person 3, so it makes sense to allocate it to them.
* Good B is highly valued by both Person 2 and me, but since Person 2 values it slightly higher, I'll allocate it to them.
* Good C is not highly valued by either Person 2 or Person 3, but I value it relatively high, so I'll take it.
* Good D is most valued by Person 2, and since they already got Good B, it's fair to give them Good D as well.

This allocation seems fair because each person gets at least one good that they value relatively high, and no one gets a good that they value very low. Additionally, the total value of the goods allocated to each person is roughly balanced:

* Person 3: 49 (Good A)
* Person 2: 43 (Good B) + 54 (Good D) = 97
* Me: 20 (Good C)

Of course, this is just one possible allocation, and there might be other fair allocations depending on one's definition of fairness. However, I believe this allocation is a reasonable proposal that takes into account the preferences of all parties involved.",0,3,2,Me,2
16,"A classic problem of fair allocation!

After analyzing the values of each person for each good, I propose the following allocation:

* Good A: Allocate to Person 3 (value: 49)
* Good B: Allocate to Person 2 (value: 43)
* Good C: Allocate to Me (value: 20)
* Good D: Allocate to Person 2 (value: 54)

Here's my reasoning:

* Good A is most valued by Person 3, so it's only fair to allocate it to them.
* Good B is most valued by Person 2, and since they already received Good D, which is their highest-valued good, it's reasonable to allocate Good B to them as well.
* Good C is my second-highest valued good, and since no one else values it highly, I'll take it.
* Good D is most valued by Person 2, and since they already received Good B, it's fair to allocate Good D to them as well.

This allocation seems fair because each person receives at least one good that they value highly, and no one is left with a good that they don't value much. Additionally, the total value of goods allocated to each person is somewhat balanced:

* Person 2: 43 (Good B) + 54 (Good D) = 97
* Person 3: 49 (Good A) = 49
* Me: 20 (Good C) = 20

Of course, this allocation is subjective, and others may propose different allocations that they consider fairer. But I believe this allocation is a reasonable and acceptable solution.",0,3,2,Me,2
17,"After analyzing the values of each good for each person, I will propose an allocation that I consider to be the fairest and most acceptable to all participants.

Here is my proposed allocation:

* Good A: Allocate to Person 3 (value: 49)
* Good B: Allocate to Person 2 (value: 43)
* Good C: Allocate to Me (value: 20)
* Good D: Allocate to Person 2 (value: 54)

My reasoning for this allocation is as follows:

* Good A: Person 3 values Good A the highest, so it is fair to allocate it to them.
* Good B: Person 2 values Good B the highest, and since they also value Good D highly, allocating Good B to them will make them happy.
* Good C: I value Good C relatively highly, and since it's not extremely valuable to either Person 2 or Person 3, it's fair to allocate it to me.
* Good D: Person 2 values Good D the highest, and since they already received Good B, it's fair to allocate Good D to them as well.

This allocation seems fair because each person receives at least one good that they value highly, and no one is left without a good. Additionally, the total value of the goods allocated to each person is relatively balanced: Person 3 receives a high-value good (Good A), Person 2 receives two high-value goods (Good B and Good D), and I receive a moderately valued good (Good C). Overall, I believe this allocation is the fairest and most acceptable to all participants.",0,3,2,Me,2
18,"A classic problem of fair division!

After analyzing the values each person has for each good, I will propose an allocation that I believe is fair and acceptable to all participants.

**My Proposed Allocation:**

* Good A: Allocate to Person 3 (value: 49)
* Good B: Allocate to Person 2 (value: 43)
* Good C: Allocate to me (value: 20)
* Good D: Allocate to Person 2 (value: 54)

**Rationale:**

1. Good A: Person 3 values Good A the most, so it's fair to allocate it to them.
2. Good B: Person 2 values Good B the most, and since they haven't received Good A, it's fair to allocate Good B to them.
3. Good C: I value Good C the most among the remaining two people, so I'll take it.
4. Good D: Person 2 values Good D the most, and since they've already received Good B, it's fair to allocate Good D to them as well.

**Why I think this allocation is fair:**

* Each person receives at least one good that they value highly.
* The allocation is envy-free, meaning no person prefers another person's allocation to their own.
* The allocation is efficient, as no good is wasted or thrown away.

Of course, this is just one possible allocation, and others may propose different solutions. But I believe this allocation is a fair and reasonable compromise that takes into account the different values each person has for each good.",0,3,2,Me,2
19,"A classic problem of fair division!

After analyzing the valuations of each good by each person, I propose the following allocation:

* Good A: Give to Person 3 (valuation: 49)
* Good B: Give to Person 2 (valuation: 43)
* Good C: Give to Me (valuation: 20)
* Good D: Give to Person 2 (valuation: 54)

My reasoning is as follows:

* Good A is most valued by Person 3, so it's fair to give it to them.
* Good B is most valued by Person 2, and since they also highly value Good D, it's reasonable to give them both goods.
* Good C is moderately valued by me, and since I'm not the highest bidder on any other good, it's fair to allocate it to me.
* Good D is highly valued by Person 2, and given that they already receive Good B, it's logical to give them Good D as well.

This allocation seems fair because each person receives a good that they value relatively highly. Person 2 gets two goods they highly value, Person 3 gets the good they value the most, and I get a good that I value moderately.

Of course, this is just one possible allocation, and there may be other fair allocations depending on individual perspectives. However, I believe this allocation is a reasonable and acceptable compromise among the three of us.",0,3,2,Me,2
20,"What a fascinating problem!

After analyzing the values of each good for each individual, I'll propose an allocation that I consider fair and acceptable to all participants.

**My proposed allocation:**

1. Good A: Allocate to Person 3 (value: 49)
2. Good B: Allocate to Person 2 (value: 43)
3. Good C: Allocate to Me (value: 20)
4. Good D: Allocate to Person 2 (value: 54)

**Rationale:**

* Good A: Person 3 values it the most, so it's a no-brainer to allocate it to them.
* Good B: Person 2 values it very highly, and since I value it less than Person 2, it's fair to give it to them.
* Good C: I value it relatively highly, and since neither Person 2 nor Person 3 values it much, I'll take it.
* Good D: Person 2 values it the most, so it's fair to allocate it to them.

This allocation seems fair because each individual receives the good that they value the most, or at least relatively highly, compared to the others. Additionally, no individual is allocated multiple goods, and no good is left unallocated.

**Is this allocation acceptable to all participants?**

From my perspective, I'm satisfied with receiving Good C, which I value relatively highly.

Person 2 receives two goods, Good B and Good D, which they value highly, so I think they'll be happy with this allocation.

Person 3 receives Good A, which they value the most, so I believe they'll accept this allocation as well.

Of course, this is just my proposal, and the final decision depends on the agreement of all participants.",0,3,2,Me,2
21,"What a delightful exercise in distributive justice!

After careful consideration, I propose the following allocation:

* Good A: Allocate to Person 3 (value: 49)
* Good B: Allocate to Person 2 (value: 43)
* Good C: Allocate to Me (value: 20)
* Good D: Allocate to Person 2 (value: 54)

Here's my reasoning:

1. **Good A**: Person 3 values Good A the most, so it's fair to allocate it to them. This way, they receive the good that is most valuable to them.
2. **Good B**: Person 2 values Good B highly, and since I don't value it as much, it's only fair to allocate it to them. This allocation also ensures that Person 2 receives two goods, which helps to balance out the overall distribution.
3. **Good C**: I value Good C the most among the three of us, so I'll take it. This allocation also prevents Person 2 from receiving all three goods that they value highly.
4. **Good D**: Person 2 values Good D even more than Good B, so it's fair to allocate it to them. This allocation also ensures that Person 2 receives two goods that are highly valued by them.

This allocation seems fair and reasonable to me because:

* Each person receives at least one good that is highly valued by them.
* The total value of the goods allocated to each person is relatively balanced: Me (20), Person 2 (97), and Person 3 (49).
* No one is left with zero goods or significantly lower value goods compared to the others.

I hope this allocation is acceptable to Person 2 and Person 3!",0,3,2,Me,2
22,"A classic problem of fair allocation!

After analyzing the values each person assigns to each good, I'll propose an allocation that I believe is fair and acceptable to all participants.

**My proposal:**

* Good A: Allocate to Person 3 (value: 49) - This good is most valued by Person 3, and allocating it to them seems fair.
* Good B: Allocate to Person 2 (value: 43) - Although I value Good B the most (40), Person 2 values it almost as highly, and allocating it to them ensures they receive a good they value greatly.
* Good C: Allocate to Me (value: 20) - I value Good C relatively highly, and since neither Person 2 nor Person 3 values it much, allocating it to me seems reasonable.
* Good D: Allocate to Person 2 (value: 54) - Good D is most valued by Person 2, and allocating it to them ensures they receive a good they value highly.

**Rationale:**

* Each person receives at least one good they value significantly, which should lead to a sense of fairness and satisfaction.
* The allocation is efficient, as each good is allocated to the person who values it the most or second-most.
* By allocating Good C to myself, I ensure I receive a good I value relatively highly, while also allowing the other two persons to receive goods they value even more.

**Acceptability:**

I believe this proposal is acceptable to all participants because:

* Person 2 receives two goods they value highly (Good B and Good D), which should lead to satisfaction.
* Person 3 receives the good they value the most (Good A), which should lead to satisfaction.
* I, as the proposer, receive a good I value relatively highly (Good C), which should lead to satisfaction.

Of course, fairness is subjective, and other allocations could be considered fair as well. However, I believe this proposal is a reasonable and acceptable solution to the problem.",0,3,2,Me,2
23,"What a fascinating problem! After analyzing the values, I will propose an allocation that I believe is fair and acceptable to all participants.

Here's my proposed allocation:

* Good A: Allocate to Person 3 (value: 49) - This is the highest value among all three of us, so it makes sense to give it to Person 3.
* Good B: Allocate to Person 2 (value: 43) - Person 2 values Good B the most, and it's a significant amount higher than my value (40).
* Good C: Allocate to Me (value: 20) - I value Good C the most among the three of us, so I'll take it.
* Good D: Allocate to Person 2 (value: 54) - Person 2 values Good D the most, significantly higher than both mine (17) and Person 3's (43) values.

This allocation seems fair to me because:

* Each person gets at least one good that they value relatively highly.
* No one gets a good that someone else values significantly more.
* The total value of the goods allocated to each person is relatively balanced:
	+ Me: 20 (Good C)
	+ Person 2: 97 (Good B + Good D)
	+ Person 3: 49 (Good A)

I hope this allocation is acceptable to the other participants!",0,3,2,Me,2
24,"A classic problem of fair allocation!

After carefully considering the values that each person assigns to each good, I propose the following allocation:

* Good A: Allocate to Person 3, since they value it the most (49)
* Good B: Allocate to Person 2, since they value it the most (43)
* Good C: Allocate to me, since I value it relatively higher than the others (20)
* Good D: Allocate to Person 2, since they value it the most (54)

Here's my reasoning:

* Good A is highly valued by Person 3, so it makes sense to allocate it to them.
* Good B is highly valued by Person 2, and since I don't value it as much, I'm happy to let them have it.
* Good C is not highly valued by either Person 2 or Person 3, but I value it relatively higher, so I'll take it.
* Good D is highly valued by Person 2, and since I don't value it as much, I'm okay with them getting it.

This allocation seems fair to me because each person gets at least one good that they value highly, and no one is left with a good that they don't particularly want. Of course, this is just one possible allocation, and others may have different opinions on what constitutes a fair allocation.",0,3,2,Me,2
25,"What a fascinating problem!

After analyzing the values, I'll propose an allocation that I think is fair and reasonable for all parties involved. Before I present my proposal, let's summarize the values:

**Your values:**
A: 23, B: 40, C: 20, D: 17

**Person 2's values:**
A: 2, B: 43, C: 1, D: 54

**Person 3's values:**
A: 49, B: 4, C: 4, D: 43

Here's my proposed allocation:

* Good A: Allocate to Person 3 (value: 49) - This good is most valuable to Person 3, and allocating it to them ensures they receive the highest value good.
* Good B: Allocate to Person 2 (value: 43) - Person 2 values Good B highly, and allocating it to them ensures they receive a good that is nearly as valuable as Good D, which they value even more.
* Good C: Allocate to You (value: 20) - Since Good C is not particularly valuable to either Person 2 or Person 3, it makes sense to allocate it to You, who values it relatively highly.
* Good D: Allocate to Person 2 (value: 54) - Person 2 values Good D the most, and allocating it to them ensures they receive the highest overall value.

This allocation is fair because:

1. Each person receives a good that they value relatively highly.
2. The total value received by each person is balanced: You receive 20, Person 2 receives 97 (43 + 54), and Person 3 receives 49.
3. No good is allocated to more than one person, and no good is wasted (i.e., thrown away).

I believe this allocation is reasonable and acceptable to all parties involved.",0,3,2,You,2
26,"What a fascinating problem! After analyzing the values of each good for each person, I'll propose an allocation that I consider fair and acceptable to all participants.

**My Proposed Allocation:**

* Good A: Allocate to Person 3 (value: 49)
* Good B: Allocate to Person 2 (value: 43)
* Good C: Allocate to Me (value: 20)
* Good D: Allocate to Person 2 (value: 54)

**Rationale:**

1. **Good A**: Person 3 values Good A the most, so it's only fair to allocate it to them. This way, they get a good that's highly valued by them.
2. **Good B**: Person 2 values Good B the most, so it's reasonable to allocate it to them. This allocation also prevents Person 2 from dominating the allocation of goods, as they would have received two goods with extremely high values (Good D and Good B) otherwise.
3. **Good C**: I value Good C relatively highly, and since I'm not getting Good A or Good B, which are valued more highly by others, it's fair that I get Good C.
4. **Good D**: Person 2 values Good D the most, so allocating it to them ensures that they receive a good that's highly valued by them.

**Why I think this allocation is fair and acceptable:**

* Each person receives at least one good that's highly valued by them.
* The allocation is diverse, with each person receiving a different good.
* No person dominates the allocation, and each person gets a good that's relatively important to them.
* By allocating Good A to Person 3 and Good B to Person 2, we prevent a situation where one person receives two extremely valuable goods, which would be unfair to the others.

Of course, fairness is subjective, and others may disagree with my proposal. However, I believe that this allocation is a reasonable and acceptable solution that takes into account the values of each person involved.",0,3,2,Me,2
27,"A classic problem of fair division!

After carefully considering the values each person has assigned to each good, I propose the following allocation:

* Good A: Allocate to Person 3 (value: 49)
* Good B: Allocate to Person 2 (value: 43)
* Good C: Allocate to me (value: 20)
* Good D: Allocate to Person 2 (value: 54)

Here's my reasoning:

* Person 3 values Good A the highest, so it's fair to allocate it to them.
* Person 2 values Good B and Good D the highest, and since we can't allocate one good to multiple people, I'll allocate Good B to them, as it's their second-highest valued good.
* I value Good C the highest among the remaining goods, so I'll take it.
* Good D is allocated to Person 2, as it's their highest valued good, and we've already allocated Good B to them.

This allocation seems fair because each person receives a good that they value highly, and no one is left with a good that they don't value much. Additionally, the total value of the goods each person receives is relatively balanced:

* I receive Good C (value: 20)
* Person 2 receives Good B (value: 43) and Good D (value: 54), for a total value of 97
* Person 3 receives Good A (value: 49)

Of course, this is just one possible allocation, and there may be other fair solutions depending on the specific criteria used to evaluate fairness.",0,3,2,Me,2
28,"A classic allocation problem!

After analyzing the values each person assigns to each good, I've come up with a proposal that I believe is fair and acceptable to all participants. Here's my suggested allocation:

* Good A: Allocate to Person 3 (value: 49)
* Good B: Allocate to Person 2 (value: 43)
* Good C: Allocate to Me (value: 20)
* Good D: Allocate to Person 2 (value: 54)

My reasoning is as follows:

* Person 3 values Good A the most, and it's significantly higher than the values assigned by Person 2 and me. It's only fair to allocate Good A to Person 3.
* Person 2 values Good B and Good D the most, and these values are significantly higher than those assigned by me and Person 3. Allocating both Good B and Good D to Person 2 ensures they receive the goods they value the most.
* Good C has a relatively low value for all of us, but I value it the most. Allocating it to me ensures that I receive a good that I value relatively highly.

This allocation is fair because each person receives at least one good that they value highly, and no one is left with a good they value very lowly. Additionally, the total value of the goods each person receives is relatively balanced: Person 2 receives goods worth 97 (43 + 54), Person 3 receives a good worth 49, and I receive a good worth 20. While the total values are not identical, they are close enough to be considered a fair allocation.",0,3,2,Me,2
29,"A classic problem of fair division!

After analyzing the values that each person assigns to each good, I will propose an allocation that I believe is fair and acceptable to all participants.

**My proposed allocation:**

* Good A: Allocate to Person 3, with a value of 49. This is the highest value among all three individuals, so it makes sense to give it to Person 3.
* Good B: Allocate to Person 2, with a value of 43. Although I value Good B at 40, Person 2 values it even higher, so I'm willing to give it up.
* Good C: Allocate to myself, with a value of 20. This is the only good that I value relatively highly compared to the others, so I'll keep it.
* Good D: Allocate to Person 2, with a value of 54. Again, Person 2 values this good much higher than the others, so it's fair to give it to them.

**Why I think this allocation is fair:**

* Each person receives at least one good that they value highly, ensuring that everyone gets something they want.
* The allocation is efficient, as each good is allocated to the person who values it the most.
* The allocation is envy-free, meaning that no person would prefer another person's allocation to their own. For example, I value Good B at 40, but I'm happy to give it to Person 2, who values it at 43. Similarly, Person 3 values Good A at 49, but they don't mind giving up Good B, which they value at only 4.

Of course, this is just one possible allocation, and there may be other fair allocations. But I believe that this allocation is reasonable and acceptable to all participants.",0,3,2,You,2
30,"After considering the values each person assigns to each good, I propose the following allocation:

* Good A: Allocate to Person 3 (value: 49)
* Good B: Allocate to Person 2 (value: 43)
* Good C: Allocate to Me (value: 20)
* Good D: Allocate to Person 2 (value: 54)

Here's my reasoning:

* Good A is most valuable to Person 3, so it's fair to allocate it to them.
* Good B is most valuable to Person 2, and since they already received Good D, it's reasonable to give them Good B as well.
* Good C is most valuable to me, so I'll take it.
* Good D is most valuable to Person 2, and since they didn't get Good A, it's fair to allocate Good D to them.

This allocation seems fair because each person receives a good that they value highly, and no one is left with a good that is significantly less valuable to them compared to the other options. Additionally, Person 2 gets two goods, but they are both highly valued by them, and Person 3 and I each get one good that is highly valued by us.

Of course, this is just one possible allocation, and there could be other fair allocations depending on the specific context and any additional constraints or considerations that may arise.",0,3,2,Me,2
31,"A classic problem in social choice theory and fairness!

After analyzing the values of each good for each individual, I propose the following allocation:

* Good A: Allocate to Person 3 (value: 49)
* Good B: Allocate to Person 2 (value: 43)
* Good C: Allocate to me (value: 20)
* Good D: Allocate to Person 2 (value: 54)

Here's my reasoning:

1. Person 3 values Good A the most, so it's fair to allocate it to them.
2. Person 2 values Good B the most, and since they also highly value Good D, it's fair to give them Good B to balance out their allocation.
3. I value Good C the most among the remaining goods, so I allocate it to myself.
4. Good D is allocated to Person 2, as they value it the highest.

This allocation seems fair because each person receives a good that they value relatively highly. Additionally, the allocation is envy-free, meaning that no person prefers another person's allocation to their own.

To see why, consider:

* Person 2 gets Good B and Good D, which they value at 43 and 54, respectively. They wouldn't prefer my allocation (Good C) or Person 3's allocation (Good A).
* Person 3 gets Good A, which they value at 49. They wouldn't prefer my allocation (Good C) or Person 2's allocation (Good B and Good D).
* I get Good C, which I value at 20. I wouldn't prefer Person 2's allocation (Good B and Good D) or Person 3's allocation (Good A).

Of course, this is just one possible allocation, and other fair allocations might exist. However, this proposal seems reasonable and acceptable to all participants.",0,3,2,Me,2
32,"What a fascinating problem!

After analyzing the values of each person for each good, I'll propose an allocation that I consider fair and acceptable to all participants.

Here's my proposal:

* Good A: Allocate to Person 3 (value: 49) - This good is most valuable to Person 3, and allocating it to them seems fair given their high valuation.
* Good B: Allocate to Person 2 (value: 43) - Although I value Good B highly (40), Person 2's valuation is even higher, so allocating it to them seems fair.
* Good C: Allocate to me (value: 20) - I value Good C more than Person 2 and Person 3, so I'll take this one.
* Good D: Allocate to Person 2 (value: 54) - This good is most valuable to Person 2, and allocating it to them seems fair given their high valuation.

This allocation seems fair because:

* Each person receives a good that they value highly.
* The total value of the goods allocated to each person is relatively balanced: Person 2 receives goods with a total value of 97, Person 3 receives a good with a value of 49, and I receive a good with a value of 20.
* No good is thrown away, and everyone receives at least one good.

I believe this allocation is fair and acceptable to all participants, as it takes into account each person's valuations and ensures that everyone receives a good that they value highly.",0,3,2,me,2
33,"What a fascinating problem!

After analyzing the values of each good for each person, I will propose an allocation that I believe is fair and acceptable to all parties involved.

**My proposed allocation:**

1. Good A: Allocate to Person 3 (Value: 49)
2. Good B: Allocate to Person 2 (Value: 43)
3. Good C: Allocate to Me (Value: 20)
4. Good D: Allocate to Person 2 (Value: 54)

**Rationale:**

1. Good A: Person 3 values Good A the most, so allocating it to them ensures they receive a good that is highly valued by them.
2. Good B: Person 2 values Good B the most, and since they already received Good D, allocating Good B to them as well doesn't create an imbalance.
3. Good C: I value Good C the most among the three of us, so I'll take it.
4. Good D: Person 2 values Good D the most, and since they already received Good B, allocating Good D to them as well ensures they receive two goods that are highly valued by them.

**Fairness reasoning:**

* Each person receives at least one good that they value highly.
* The total value of goods received by each person is relatively balanced:
	+ Person 2: 43 (Good B) + 54 (Good D) = 97
	+ Person 3: 49 (Good A) = 49
	+ Me: 20 (Good C) = 20
* No one is left with no goods or a very low total value.

This allocation seems fair and reasonable to me, but I'm open to feedback and alternative proposals!",0,3,2,Me,2
34,"A classic problem of fair division!

After analyzing the values each person assigns to each good, I propose the following allocation:

* Good A: Allocate to Person 3 (value: 49)
* Good B: Allocate to Person 2 (value: 43)
* Good C: Allocate to Me (value: 20)
* Good D: Allocate to Person 2 (value: 54)

Here's my reasoning:

* Good A is most valuable to Person 3, so it's only fair to allocate it to them.
* Good B is most valuable to Person 2, and it's also their second-highest valued good. Allocating it to them makes sense.
* Good C is my second-highest valued good, and it's not extremely valuable to either Person 2 or Person 3. Allocating it to me seems reasonable.
* Good D is extremely valuable to Person 2, so it's fair to allocate it to them, especially since they don't get Good A.

This allocation is fair because each person gets a good that is highly valued by them, and no one gets a good that is extremely valuable to someone else. Additionally, this allocation ensures that each person gets at least one good, which is a basic principle of fairness.

Of course, this is just one possible allocation, and others may have different opinions on what constitutes a fair allocation. But I believe this one is a good starting point for negotiation and discussion among the three of us.",0,3,2,Me,2
35,"After analyzing the values of each individual for each good, I propose the following allocation:

* Good A: Allocate to Person 3 (value: 49)
* Good B: Allocate to Person 2 (value: 43)
* Good C: Allocate to me (value: 20)
* Good D: Allocate to Person 2 (value: 54)

Here's my reasoning:

* Good A: Person 3 values Good A the most, so it's only fair to allocate it to them.
* Good B: Person 2 values Good B the most, and since they also value Good D highly, it's fair to give them both Good B and Good D to maximize their overall satisfaction.
* Good C: I value Good C the most among the three individuals, so I'll take it.
* Good D: As mentioned earlier, Person 2 values Good D the most, and since they're already getting Good B, it's only fair to give them Good D as well.

This allocation seems fair because each person is getting at least one good that they value highly. Person 3 is getting Good A, which they value the most, Person 2 is getting Goods B and D, which they value highly, and I'm getting Good C, which I value the most. This allocation also ensures that no good is wasted, as each good is allocated to someone who values it.

Of course, this is just one possible allocation, and there may be other fair allocations as well. Ultimately, the fairest allocation will depend on the specific values and preferences of the individuals involved.",0,3,2,You,2
36,"What a fascinating problem! After careful consideration, I will propose an allocation that I believe is fair and acceptable to all participants.

Before I reveal my proposal, let's analyze the values of each good from each person's perspective:

**Good A**: Person 3 values it the most (49), followed by me (23), and then Person 2 (2).

**Good B**: Person 2 values it the most (43), followed by me (40), and then Person 3 (4).

**Good C**: I value it the highest (20), followed by Person 3 (4), and then Person 2 (1).

**Good D**: Person 2 values it the most (54), followed by Person 3 (43), and then me (17).

With these valuations in mind, here's my proposed allocation:

* **Good A**: Allocate to Person 3 ( Values: 49)
* **Good B**: Allocate to Person 2 (Values: 43)
* **Good C**: Allocate to me (Values: 20)
* **Good D**: Allocate to Person 2 (Values: 54)

My reasoning is as follows:

* Person 3 gets Good A, which they value the most.
* Person 2 gets Good B, which they value highly, and Good D, which they value even more. This way, Person 2 receives two goods that they value significantly.
* I get Good C, which I value relatively highly.

This allocation seems fair and balanced, as each person receives at least one good that they value significantly. Additionally, no good is wasted, as each good is allocated to the person who values it the most or at least relatively highly.

What do you think, friends? Do you agree with my proposal?",0,3,2,You,2
37,"A classic problem of fair allocation!

After careful consideration, I propose the following allocation:

* Good A: Allocate to Person 3 (value: 49)
* Good B: Allocate to Person 2 (value: 43)
* Good C: Allocate to me (value: 20)
* Good D: Allocate to Person 2 (value: 54)

My reasoning is as follows:

1. Person 3 values Good A the highest, so it's fair to give it to them.
2. Person 2 values Good B and Good D much higher than the other two of us, so it's fair to give them both of these goods.
3. I value Good C relatively high compared to the other two, so I'll take it.

This allocation seems fair because each person gets at least one good that they value highly, and no one is left without a good. Additionally, it's not possible to reallocate the goods in a way that would make someone's total value higher without reducing someone else's value.

Here's a summary of the allocations and the total values for each person:

* Me: Good C (20)
* Person 2: Good B (43), Good D (54) => Total value: 97
* Person 3: Good A (49)

This allocation is acceptable to all participants, as each person gets a fair share of the goods based on their individual values.",0,3,2,Me,2
38,"A classic problem of fair allocation!

After analyzing the values, I propose the following allocation:

* Good A: Allocate to Person 3 (value: 49)
* Good B: Allocate to Person 2 (value: 43)
* Good C: Allocate to Me (value: 20)
* Good D: Allocate to Person 2 (value: 54)

Here's my reasoning:

1. Good A: Person 3 values it the most, so it's fair to allocate it to them.
2. Good B: Although I value it highly (40), Person 2 values it even more (43). It's fair to give it to them.
3. Good C: I value it the most among the three of us (20), so I'll take it.
4. Good D: Person 2 values it the most (54), so it's fair to allocate it to them.

This allocation seems fair because each person gets a good that they value highly:

* Person 2 gets two goods they value highly (Good B and Good D)
* Person 3 gets a good they value highly (Good A)
* I get a good I value moderately (Good C)

No one is left with nothing, and everyone gets a good that contributes significantly to their overall satisfaction. Of course, this is just one possible allocation, and there may be other fair allocations as well.",0,3,2,Me,2
39,"After analyzing the values of each good for each individual, I propose the following allocation:

* Good A: Allocate to Person 3 (value: 49)
* Good B: Allocate to Person 2 (value: 43)
* Good C: Allocate to me (value: 20)
* Good D: Allocate to Person 2 (value: 54)

My reasoning is as follows:

* Good A is most valuable to Person 3, so it makes sense to allocate it to them.
* Good B is most valuable to Person 2, and since they have a high value for Good D as well, allocating Good B to them ensures they get a good they highly value.
* Good C is relatively low-value for Person 2 and Person 3, but has a moderate value for me. Allocating it to me ensures that I get a good that I value reasonably.
* Good D is most valuable to Person 2, and since they already got Good B, allocating Good D to them as well ensures that they get two goods they highly value.

This allocation seems fair because:

* Each person gets at least one good they value relatively highly.
* The total value of the goods allocated to each person is roughly balanced: Person 2 gets goods worth 97 (43 + 54), Person 3 gets a good worth 49, and I get a good worth 20.
* No good is wasted or thrown away.

I believe this allocation is acceptable to the other participants because it takes into account each person's relative valuations and ensures that everyone gets a good they value.",0,3,2,Me,2
40,"What a fascinating problem! After careful consideration, I propose the following allocation:

**Good A:** Person 3 (value: 49)
**Good B:** Person 2 (value: 43)
**Good C:** Me (value: 20)
**Good D:** Person 2 (value: 54)

Here's my reasoning:

* **Good A:** Person 3 values Good A the most, so it's only fair to allocate it to them.
* **Good B:** Person 2 values Good B very highly, and it's their second-highest valued good. Since Person 3 already got Good A, it's reasonable to give Good B to Person 2.
* **Good C:** I value Good C the most among the three of us, so I'll take it.
* **Good D:** Person 2 values Good D extremely highly, so it's fair to allocate it to them as well.

This allocation seems fair because:

* Each person gets at least one good that they value highly.
* The total value of goods allocated to each person is relatively balanced: Person 2 gets 97 (43 + 54), Person 3 gets 49, and I get 20.
* No good is left unallocated, which would be a waste.

Of course, this is just one possible allocation, and there may be other valid solutions. However, I believe this allocation is reasonable and fair, and I hope the other two participants would agree!",0,3,2,Me,2
41,"A classic problem of fair allocation! After analyzing the values of each good for each individual, I propose the following allocation:

* Good A: Allocate to Person 3 (value: 49)
* Good B: Allocate to Person 2 (value: 43)
* Good C: Allocate to Me (value: 20)
* Good D: Allocate to Person 2 (value: 54)

My reasoning is as follows:

* Person 3 values Good A the most, so it's fair to allocate it to them.
* Person 2 values Good B and Good D the most, and since we can't allocate both to the same person, we should allocate Good B to Person 2 to satisfy their high value. Good D is also allocated to Person 2, as they value it even higher than Good B.
* Good C has the lowest value for everyone, but I value it the highest among the three of us. Therefore, it's fair to allocate it to me.

This allocation ensures that each person receives at least one good that they value highly, and no one is left with a good that they value very low. Additionally, the total value of the goods allocated to each person is relatively balanced:

* Person 3: 49 (Good A)
* Person 2: 43 + 54 = 97 (Good B and Good D)
* Me: 20 (Good C)

Of course, this is just one possible allocation, and there may be other fair allocations depending on the context and the individuals involved. However, I believe this allocation is a reasonable and fair solution that takes into account the values of each good for each person.",0,3,2,You,2
42,"A classic problem of fair division!

After analyzing the values that each person assigns to each good, I propose the following allocation:

* Good A: Allocate to Person 3, since they value it the most (49).
* Good B: Allocate to Person 2, since they value it the most (43).
* Good C: Allocate to me, since I value it the highest among the three of us (20).
* Good D: Allocate to Person 2, since they value it the most (54).

Here's why I think this allocation is fair and acceptable to all participants:

* Each person receives at least one good that they value highly.
* The total value of goods allocated to each person is relatively balanced:
	+ Person 2: 43 (Good B) + 54 (Good D) = 97
	+ Person 3: 49 (Good A) = 49
	+ Me: 20 (Good C) = 20
* No good is left unallocated, which would be a waste.

Of course, this is just one possible allocation, and there may be other fair solutions. However, I believe this proposal is reasonable and should be acceptable to all participants.",0,3,2,Me,2
43,"After analyzing the values each person has for each good, I propose the following allocation:

* Good A: Allocate to Person 3 (value: 49)
* Good B: Allocate to Person 2 (value: 43)
* Good C: Allocate to Me (value: 20)
* Good D: Allocate to Person 2 (value: 54)

This allocation seems fair and acceptable to me for the following reasons:

* Person 3 has the highest value for Good A, so it's fair to allocate it to them.
* Person 2 has the highest value for Good B and Good D, so it's fair to allocate these goods to them.
* I have the highest value for Good C, so it's fair to allocate it to me.

This allocation also ensures that each person receives at least one good that they value highly. Additionally, it's a ""-envy-free"" allocation, meaning that no person would prefer another person's allocation to their own.

For example, Person 2 might envy Person 3 for getting Good A, but they are still happy to receive Good B and Good D, which they value even more. Similarly, I might envy Person 2 for getting Good B, but I'm happy to receive Good C, which I value highly.

Overall, this allocation seems like a reasonable and fair compromise that should be acceptable to all participants.",0,3,2,Me,2
44,"A classic problem of fair division!

After analyzing the values, I will propose an allocation that I consider fair and acceptable to all participants.

**My Proposal:**

1. Good A: Allocate to Person 3 (Value: 49)
Person 3 has the highest value for Good A, so it's fair to allocate it to them.

2. Good B: Allocate to Person 2 (Value: 43)
Person 2 has the highest value for Good B, so it's fair to allocate it to them.

3. Good C: Allocate to Me (Value: 20)
Since Person 2 and Person 3 have very low values for Good C, it's reasonable to allocate it to me, as I have a relatively higher value for it.

4. Good D: Allocate to Person 2 (Value: 54)
Person 2 has an extremely high value for Good D, so it's fair to allocate it to them.

**Rationale:**

This allocation ensures that each person receives a good that they value highly. Person 3 gets Good A, which they value the most, Person 2 gets Good B and Good D, which they value highly, and I get Good C, which I value relatively higher than the others.

This allocation also prevents envy, as each person cannot desire another person's allocation. For instance, Person 2 values Good D much more than Good A, so they won't envy Person 3's allocation of Good A. Similarly, Person 3 values Good A much more than Good C, so they won't envy my allocation of Good C.

Overall, this allocation is fair, efficient, and respects the diverse preferences of all participants.",0,3,2,Me,2
45,"A classic problem of fair division!

After analyzing the values of each good for each person, I propose the following allocation:

* Good A: Allocate to Person 3 (value: 49)
* Good B: Allocate to Person 2 (value: 43)
* Good C: Allocate to Me (value: 20)
* Good D: Allocate to Person 2 (value: 54)

Here's my reasoning:

1. Good A: Person 3 values it the most, so it's fair to allocate it to them.
2. Good B: Person 2 values it the most, and since they already got Good D, it's reasonable to give them Good B as well.
3. Good C: I value it the least among the three of us, but still, it's better to allocate it to me than to throw it away.
4. Good D: Person 2 values it the most, and since they already got Good B, it's fair to give them Good D as well.

This allocation seems fair because each person gets at least one good that they value highly, and no one is left with nothing. Additionally, the total value of the goods allocated to each person is relatively balanced:

* Me: 20 (Good C)
* Person 2: 97 (Good B + Good D)
* Person 3: 49 (Good A)

Of course, this is just one possible allocation, and there might be other solutions that could also be considered fair. But I believe this allocation is a reasonable one, and I'm willing to negotiate with the other participants to reach a consensus.",0,3,2,Me,2
46,"A classic problem of fair division!

After analyzing the values each person assigns to each good, I'll propose an allocation that I consider fair and acceptable to all participants:

**My proposal:**

* Good A: Allocate to Person 3 (value: 49)
* Good B: Allocate to Person 2 (value: 43)
* Good C: Allocate to me (value: 20)
* Good D: Allocate to Person 2 (value: 54)

Here's my reasoning:

* Good A is most valuable to Person 3, so it's fair to allocate it to them.
* Good B is most valuable to Person 2, and since they also have a high value for Good D, I'll allocate both Good B and Good D to them. This way, Person 2 gets two goods they highly value, which seems fair considering their preferences.
* Good C is relatively less valuable to all participants, but I value it at 20, which is higher than the other two persons' values. Allocating it to me ensures that I get at least one good that I value relatively highly.

This allocation is fair because each person gets at least one good that they value highly, and no one is left with nothing. It's also efficient, as each good is allocated to the person who values it the most.

Of course, this is just one possible fair allocation, and other proposals could also be considered fair by the participants. Ultimately, the accepted allocation will depend on the negotiations and agreements among all three of us.",0,3,2,Me,2
47,"What a fun problem!

After analyzing the values of each good for each person, I'll propose an allocation that I believe is fair and acceptable to all participants.

Here's my proposed allocation:

* Good A: Allocate to Person 3 (value: 49)
* Good B: Allocate to Person 2 (value: 43)
* Good C: Allocate to Me (value: 20)
* Good D: Allocate to Person 2 (value: 54)

Here's my reasoning:

* Good A: Person 3 values it the most, so it's only fair to allocate it to them.
* Good B: Person 2 values it the most, and since they already got Good D, it's only fair to give them Good B as well.
* Good C: I value it the most among the three of us, so I'll take it.
* Good D: As mentioned earlier, Person 2 values it the most, and they didn't get Good A, so it's fair to allocate it to them.

This allocation seems fair because:

* Each person gets at least one good that they value highly.
* The total value of goods allocated to each person is relatively balanced:
	+ Me: 20 (Good C)
	+ Person 2: 97 (Good B + Good D)
	+ Person 3: 49 (Good A)

Of course, this is just one possible allocation, and there might be other fair allocations depending on other perspectives. But I believe this allocation is a reasonable and fair proposal that all participants might accept.",0,3,2,Me,2
48,"A classic problem in fairness and allocation!

After analyzing the values of each person, I'll propose an allocation that I believe is fair and acceptable to all parties involved. Here's my suggestion:

* Good A: Allocate to Person 3 (value: 49) - This good is most valuable to Person 3, and it's a significant difference from the values of the other two individuals.
* Good B: Allocate to Person 2 (value: 43) - Although I value Good B the most, Person 2 has a higher value for it. This allocation will make them relatively happy.
* Good C: Allocate to Me (value: 20) - I have the highest value for Good C among the three of us, so it's a good fit for me.
* Good D: Allocate to Person 2 (value: 54) - This good is extremely valuable to Person 2, and allocating it to them will make them very happy.

This allocation is fair because:

1. Each person receives a good that they value relatively highly.
2. The allocation takes into account the differences in values among the individuals, ensuring that each person gets a good that is more valuable to them than to the others.
3. By allocating Good D to Person 2, we're making them relatively happy, as they value it the most among all four goods.

I believe this allocation is acceptable to all participants, as each person receives a good that is valuable to them, and no one is left with a good that they don't value much. Of course, this allocation is subjective, and other proposals may also be considered fair and acceptable.",0,3,2,Me,2
49,"A classic problem of fair allocation!

After analyzing the values each person assigns to each good, I propose the following allocation:

**Good A: Person 3** (valued at 49)
**Good B: Person 2** (valued at 43)
**Good C: Me** (valued at 20)
**Good D: Person 2** (valued at 54)

Here's my reasoning:

* Person 3 values Good A the most, so it's fair to allocate it to them.
* Person 2 values Good B and Good D the most, and since we can't allocate both to the same person, we give Good B to Person 2 and Good D to Person 2 as well, as their values are higher than anyone else's.
* I value Good C the most among the remaining options, so I take it.

This allocation seems fair because each person gets at least one good that they value highly, and no one is left without a good that they value significantly. Additionally, no good is allocated to more than one person, as per the rules.

What do you think, Person 2 and Person 3? Would you accept this allocation?",0,3,2,Me,2
50,"A classic allocation problem!

After analyzing the values each person has for each good, I've come up with an allocation that I believe is fair and acceptable to all participants.

**My proposed allocation:**

* Good A: Allocate to Person 3 (value: 49) - This is the highest value among all three individuals for Good A, so it makes sense to give it to Person 3.
* Good B: Allocate to Person 2 (value: 43) - Person 2 has the highest value for Good B, and it's closely followed by my own value (40), so I'm willing to let Person 2 have it.
* Good C: Allocate to me (value: 20) - This is the highest value among the three individuals for Good C, so I'll take it.
* Good D: Allocate to Person 2 (value: 54) - Person 2 has a significantly higher value for Good D than the other two individuals, so it's only fair to give it to them.

**Rationale:**

My goal was to maximize the overall satisfaction of all participants. By allocating each good to the person who values it the most, I believe I've achieved a fair and acceptable allocation.

In this allocation, each person receives at least one good that they value highly, which should lead to a sense of satisfaction and fairness. Additionally, no person receives two goods, which would lead to an unfair advantage.

Of course, this is just one possible allocation, and there may be other fair and acceptable allocations. But I believe this proposal is a reasonable and just one, given the values each person has for each good.",0,3,2,You,2
51,"What a fascinating problem! After carefully considering the values of each good for each person, I propose the following allocation:

* Good A: Allocate to Person 3 (value: 49)
* Good B: Allocate to Person 2 (value: 43)
* Good C: Allocate to me (value: 20)
* Good D: Allocate to Person 2 (value: 54)

Here's my reasoning behind this allocation:

1. Good A: Person 3 values Good A the most, so it's only fair to give it to them.
2. Good B: Person 2 values Good B very highly, and I don't value it as much as they do. Allocating it to them seems like a good match.
3. Good C: I value Good C the most among the three of us, so I'll take it.
4. Good D: Person 2 values Good D extremely highly, and it's clear that they should get it.

This allocation ensures that each person gets at least one good that they value highly, and it balances out the total values fairly well. Person 2 gets two goods with high values, Person 3 gets one good with a high value, and I get one good with a moderate value.

I believe this allocation is fair and should be acceptable to the other participants. Of course, this is just one possible solution, and there may be other allocations that could also be considered fair.",0,3,2,You,2
52,"A classic problem of fair allocation!

After analyzing the values each person assigns to each good, I'll propose an allocation that I believe is fair and acceptable to all participants.

Here's my proposal:

1. Good A: Allocate to Person 3 (value: 49) - This good is highly valued by Person 3, and allocating it to them ensures they receive a significant benefit.
2. Good B: Allocate to Person 2 (value: 43) - Good B is highly valued by Person 2, and allocating it to them ensures they also receive a significant benefit.
3. Good C: Allocate to Me (value: 20) - Good C is moderately valued by me, and I'll take it since it's not highly valued by the other two individuals.
4. Good D: Allocate to Person 2 (value: 54) - Good D is highly valued by Person 2, and allocating it to them ensures they receive an additional significant benefit.

Rationale:

* By allocating Good A to Person 3, I'm ensuring they receive a significant benefit, which is fair given their high valuation.
* Allocating Good B to Person 2 is fair, as they highly value it, and it provides them with a significant benefit.
* Allocating Good C to myself is fair, as it's moderately valued by me, and the other two individuals don't value it as highly.
* Allocating Good D to Person 2 is fair, as they highly value it, and it provides them with an additional significant benefit.

This allocation ensures that each person receives a significant benefit, and the total value of the allocation is fairly distributed among the three individuals. Of course, this is just one possible fair allocation, and other allocations could also be considered fair depending on the perspectives of the other participants.",0,3,2,Me,2
53,"A classic problem of fair division!

After analyzing the values that each person assigns to each good, I propose the following allocation:

* Good A: Allocate to Person 3 (value: 49)
* Good B: Allocate to Person 2 (value: 43)
* Good C: Allocate to me (value: 20)
* Good D: Allocate to Person 2 (value: 54)

Here's my reasoning:

1. Good A: Person 3 values Good A the highest, so it's only fair to allocate it to them.
2. Good B: Person 2 values Good B the highest, and it's also their second-highest valued good after Good D. Allocating Good B to them ensures they get a good that they highly value.
3. Good C: I value Good C the highest among the three of us, so I'll take it.
4. Good D: Person 2 values Good D the highest, and since they already got Good B, it's fair to give them Good D as well.

This allocation ensures that each person gets at least one good that they value highly. The total value of the goods allocated to each person is:

* Me: 20
* Person 2: 43 + 54 = 97
* Person 3: 49

While the total values are not exactly equal, this allocation is fair because each person gets a good that they value highly, and no one is left with a significantly lower total value than the others.",0,3,2,Me,2
54,"What a fascinating problem! After careful consideration, I propose the following allocation:

**My allocation:**

* Good A: Person 3 (Value: 49)
* Good B: Person 2 (Value: 43)
* Good C: Me (Value: 20)
* Good D: Person 2 (Value: 54)

**Rationale:**

My goal is to create an allocation that is fair and acceptable to all parties involved. To achieve this, I'll try to maximize the total value received by each individual while ensuring that no one feels severely disadvantaged.

1. **Good A:** Person 3 values Good A the most, so it makes sense to allocate it to them. This ensures that Person 3 is satisfied with the allocation.
2. **Good B:** Person 2 values Good B highly, and since they didn't get Good A, it's only fair to allocate Good B to them. This way, Person 2 receives a good that they value highly.
3. **Good C:** I value Good C relatively highly, so I'll allocate it to myself. This ensures that I'm not left with a very low-value good.
4. **Good D:** Person 2 values Good D extremely highly, so it's only fair to allocate it to them. This way, Person 2 receives two goods that they value highly, which should make them relatively happy with the allocation.

**Why I think this allocation is fair:**

* Each person receives at least one good that they value highly.
* The total value received by each person is relatively balanced: Person 2 gets 97 (43 + 54), Person 3 gets 49, and I get 20.
* No one is left with a very low-value good, which would lead to dissatisfaction.

Of course, this is just one possible allocation, and there may be other acceptable solutions. I hope that the other participants will agree that this allocation is fair and reasonable!",0,3,2,Me,2
55,"What a fascinating problem!

After analyzing the values that each person assigns to each good, I've come up with a proposal that I believe is fair and reasonable. Here's my suggested allocation:

* Good A: Allocate to Person 3, since they value it the highest (49).
* Good B: Allocate to Person 2, since they value it the highest (43).
* Good C: Allocate to me, since I value it the highest (20).
* Good D: Allocate to Person 2, since they value it the highest (54).

Here's my reasoning:

* Person 3 is clearly the most interested in Good A, so it makes sense to allocate it to them.
* Person 2 values Good B the most, and since I don't value it as highly, it's a good fit for them.
* Good C is the only good where I have the highest value, so I'll take that one.
* Good D is a no-brainer, as Person 2 values it much higher than anyone else.

This allocation seems fair because each person gets at least one good that they value highly, and no one is left with nothing. Additionally, this allocation respects the individual preferences of each person, which is an important aspect of fairness.

Of course, this is just one possible solution, and there may be other allocations that could be considered fair. But I believe this allocation is a reasonable and acceptable proposal that takes into account the diverse preferences of all three individuals involved.",0,3,2,You,2
56,"After analyzing the values of each good for each individual, I propose the following allocation:

* Good A:Allocated to Person 3 (value: 49)
* Good B: Allocated to Person 2 (value: 43)
* Good C: Allocated to Me (value: 20)
* Good D: Allocated to Person 2 (value: 54)

Here's my reasoning:

* Good A is most valuable to Person 3, so it makes sense to allocate it to them.
* Person 2 values Good B and Good D the most, and since we can't allocate the same good to multiple people, we'll give Good B to Person 2. This way, Person 2 gets their second-highest valued good.
* Good C is not extremely valuable to anyone, but it's still worth something to me. Since I'm the proposer, I'll allocate it to myself to ensure that I get some value out of the allocation.
* Good D is most valuable to Person 2, so we'll allocate it to them as well.

This allocation seems fair because each person gets a good that they value relatively highly. Person 3 gets their most valued good, Person 2 gets their second-most valued good and their most valued good, and I get a good that's worth something to me. Nobody gets left with a good that's not valuable to them, and nobody gets multiple goods. Of course, this is just one possible allocation, and others might propose different allocations that they consider fair.",0,3,2,Me,2
57,"A classic problem of fair division!

After analyzing the values, I propose the following allocation:

* Good A: Allocate to Person 3 (value: 49)
* Good B: Allocate to Person 2 (value: 43)
* Good C: Allocate to Me (value: 20)
* Good D: Allocate to Person 2 (value: 54)

Here's my reasoning:

1. Good A: Person 3 values Good A the most, so it's fair to allocate it to them.
2. Good B: Person 2 values Good B extremely high, and it's the highest value for them among all goods. Allocating it to them ensures they receive a good that they highly value.
3. Good C: I value Good C relatively high, and it's the best option for me. Allocating it to me ensures I receive a good that I value reasonably well.
4. Good D: Person 2 values Good D extremely high, and it's the next highest value for them after Good B. Allocating it to them ensures they receive another good that they highly value.

This allocation is fair because each person receives a good that they value relatively high. Person 3 receives the good they value the most, Person 2 receives two goods they highly value, and I receive a good that I value reasonably well. This allocation also ensures that each person receives at least one good, which is an important aspect of fairness.

Of course, this is just one possible allocation, and there may be other allocations that could be considered fair. However, based on the values provided, I believe this allocation is a reasonable and fair proposal.",0,3,2,Me,2
58,"What a fascinating problem!

After analyzing the values that each person assigns to each good, I will propose an allocation that I consider to be fair and acceptable to all participants.

**My proposal:**

1. Good A: Assigned to Person 3 (Value: 49)
Reason: Person 3 values Good A the most among all three participants.
2. Good B: Assigned to Person 2 (Value: 43)
Reason: Person 2 values Good B the most among all three participants.
3. Good C: Assigned to Me (Value: 20)
Reason: I value Good C the most among the remaining goods, and it's the lowest-valued good among all participants, so it's a good compromise.
4. Good D: Assigned to Person 2 (Value: 54)
Reason: Person 2 values Good D the most among all three participants, and they already got Good B, but Good D is their highest-valued good.

**Why I think this allocation is fair:**

* Each person gets at least one good that they value highly.
* The total value of the goods allocated to each person is relatively balanced:
	+ Me: 20 (Good C)
	+ Person 2: 43 (Good B) + 54 (Good D) = 97
	+ Person 3: 49 (Good A)
* This allocation takes into account the individual's preferences and tries to maximize the overall satisfaction.

Of course, this is just one possible solution, and there might be other allocations that could be considered fair. But I believe this proposal is a reasonable and acceptable compromise among all participants.",0,3,2,Me,2
59,"A classic problem of fair division!

After analyzing the values, I propose the following allocation:

* Good A: Person 3 (valued at 49)
* Good B: Person 2 (valued at 43)
* Good C: Me (valued at 20)
* Good D: Person 2 (valued at 54)

My reasoning is as follows:

* Good A is most valued by Person 3, so it makes sense to allocate it to them.
* Good B is most valued by Person 2, so allocating it to them ensures that they receive a good that is highly valued by them.
* Good C is relatively low-valued by all participants, but I value it the most. Allocating it to me ensures that I receive a good that I value reasonably highly.
* Good D is most valued by Person 2, and since they already received Good B, allocating Good D to them as well seems fair, as they now receive two goods that they value highly.

This allocation seems fair because each person receives a good that they value highly, and no one receives a good that another person values significantly more. Additionally, the total value of the goods allocated to each person is relatively balanced: Person 2 receives goods valued at 97 (43 + 54), Person 3 receives a good valued at 49, and I receive a good valued at 20.

I believe that this allocation is acceptable to all participants, as each person receives a good that they value highly, and no one is left with a significantly lower total value than the others.",0,3,2,Me,2
60,"A classic problem of fair resource allocation!

After considering the values each person attaches to each good, I propose the following allocation:

* Good A: Allocate to Person 3 (value: 49)
* Good B: Allocate to Person 2 (value: 43)
* Good C: Allocate to Me (value: 20)
* Good D: Allocate to Person 2 (value: 54)

Here's my reasoning:

1. Good A: Person 3 values it the most, so it's only fair to allocate it to them.
2. Good B: Person 2 values it the most, and since they already got Good D, I think it's fair to give them Good B as well, considering their high value for it.
3. Good C: I value it more than the others, so I'd like to keep it for myself.
4. Good D: Person 2 has an extremely high value for it, so it makes sense to allocate it to them.

This allocation seems fair to me because:

* Each person gets at least one good that they value highly.
* No one gets multiple goods that the others value highly.
* The total value of goods allocated to each person is roughly balanced:
	+ Person 2: 43 (Good B) + 54 (Good D) = 97
	+ Person 3: 49 (Good A) = 49
	+ Me: 20 (Good C) = 20

Of course, this is just one possible solution, and others might propose different allocations. But I believe this one is a reasonable and fair compromise that all participants could agree upon.",0,3,2,Me,2
61,"What a fascinating problem!

To determine a fair allocation, I'll consider the values each person places on each good and aim to maximize the overall satisfaction of all participants.

First, let's identify the most valuable good for each person:

* For me, the most valuable good is Good B (40).
* For Person 2, the most valuable good is Good D (54).
* For Person 3, the most valuable good is Good A (49).

With these insights, I propose the following allocation:

* Good A: Allocate to Person 3 (they value it the most, at 49).
* Good B: Allocate to me (I value it the most, at 40).
* Good C: Do not allocate (neither Person 2 nor Person 3 values it highly, and I value it relatively low, at 20).
* Good D: Allocate to Person 2 (they value it the most, at 54).

This allocation seems fair for several reasons:

1. Each person receives the good they value the most, making them relatively happy with the outcome.
2. No good is allocated to more than one person, as per the rules.
3. By not allocating Good C, we avoid allocating it to someone who doesn't value it highly, which would lead to dissatisfaction.
4. This allocation is efficient, as it maximizes the total value of the goods allocated to each person.

Of course, this is just one possible solution, and there may be other allocations that could be considered fair. However, this proposal seems reasonable and acceptable to all participants, in my opinion.",0,3,Me,None,2
62,"A classic problem in social choice theory!

After analyzing the values of each good for each person, I propose the following allocation:

* Good A: Allocate to Person 3 (value: 49)
* Good B: Allocate to Person 2 (value: 43)
* Good C: Allocate to me (value: 20)
* Good D: Allocate to Person 2 (value: 54)

My reasoning is as follows:

* Person 3 values Good A the most, so it's only fair to allocate it to them.
* Person 2 values Good B the most, and it's also a high value for them, so they should get it.
* Good C is the least valuable good for both Person 2 and Person 3, and I value it the most among the three of us, so I'll take it.
* Person 2 values Good D the most, and it's a very high value for them, so they should get it.

This allocation seems fair because each person gets the good that they value the most, or at least a good that they value highly. Additionally, no person is left without a good, which is important for fairness and satisfaction.

Of course, this is just one possible allocation, and there may be other fair allocations depending on the specific context and preferences of the individuals involved.",0,3,2,Me,2
63,"A classic problem in microeconomics!

After careful consideration, I propose the following allocation:

**Good A: Allocate to Person 3** (Value: 49)
Reasoning: Person 3 values Good A the most, with a value of 49, which is significantly higher than my own value of 23 and Person 2's value of 2.

**Good B: Allocate to Person 2** (Value: 43)
Reasoning: Person 2 values Good B the most, with a value of 43, which is higher than my own value of 40.

**Good C: Allocate to Me** (Value: 20)
Reasoning: Since neither Person 2 nor Person 3 values Good C highly (values of 1 and 4, respectively), I propose allocating it to myself, as I value it the most among the three of us.

**Good D: Allocate to Person 2** (Value: 54)
Reasoning: Person 2 values Good D the most, with a value of 54, which is significantly higher than both my own value of 17 and Person 3's value of 43.

This allocation seems fair because each person gets at least one good that they value highly. Person 2 receives two goods that they highly value (Good B and Good D), Person 3 receives one good that they highly value (Good A), and I receive one good that I value moderately (Good C). This allocation also ensures that each good is allocated to the person who values it the most, which should lead to a more efficient outcome.

Now, I hope Person 2 and Person 3 will agree with my proposal!",0,3,2,Me,2
64,"A classic problem of fair allocation!

After analyzing the values, I'll propose an allocation that I consider fair and acceptable to all participants. Here's my proposal:

**Allocation:**

* Good A: Allocate to Person 3 (value: 49)
* Good B: Allocate to Person 2 (value: 43)
* Good C: Allocate to Me (value: 20)
* Good D: Allocate to Person 2 (value: 54)

**Rationale:**

1. Good A: Person 3 values Good A the most (49), so it's fair to allocate it to them.
2. Good B: Person 2 values Good B highly (43), and since they already got Good D, which they value even more, it's reasonable to give them Good B as well.
3. Good C: I value Good C relatively highly (20), and since the other two persons don't value it as much, it's fair to allocate it to me.
4. Good D: Person 2 values Good D the most (54), so it's only fair to allocate it to them.

**Fairness:**

My proposal ensures that each person gets at least one good that they value relatively highly. Person 2 gets two goods they value highly (Good B and Good D), Person 3 gets Good A, which they value the most, and I get Good C, which I value relatively highly. This allocation is fair because it takes into account the individual values and strives to maximize the overall satisfaction of all participants.

**Acceptability:**

I believe this proposal is acceptable to all participants because each person receives at least one good that they value significantly more than the others. Person 2 and Person 3 get the goods they value the most, and I get a good that I value relatively highly. This allocation is likely to be agreeable to all, as it's based on a fair consideration of individual values.",0,3,2,Me,2
65,"A classic problem in resource allocation and fairness!

After analyzing the values each person has for each good, I'll propose an allocation that I believe is fair and acceptable to all participants.

Here's my proposal:

**Allocation:**

* Good A (value: 23) → Person 3 (value: 49)
* Good B (value: 40) → Person 2 (value: 43)
* Good C (value: 20) → Me (value: 20)
* Good D (value: 17) → Person 2 (value: 54)

**Rationale:**

1. **Good A**: Person 3 values Good A the most, so it's fair to allocate it to them.
2. **Good B**: Person 2 values Good B the most, and it's close to their highest value among all goods. Allocating it to them seems fair.
3. **Good C**: I value Good C the most among the three of us, so I'll take it. This way, each person gets at least one good they value relatively highly.
4. **Good D**: Person 2 values Good D the most, and since they already got Good B, it's fair to allocate Good D to them as well.

This allocation ensures that each person receives at least one good they value relatively highly, and no one is left empty-handed. It also takes into account the differences in values each person has for each good, trying to maximize overall satisfaction.

Of course, fairness is subjective, and there might be other allocations that could be considered fair as well. However, I believe this allocation is a reasonable compromise that should be acceptable to all participants.",0,3,2,Me,2
66,"A classic problem of fairness in resource allocation!

After analyzing the values each person has for each good, I'll propose an allocation that I believe is fair and acceptable to all participants.

Here's my proposal:

* Good A: Allocate to Person 3 (value: 49)
* Good B: Allocate to Person 2 (value: 43)
* Good C: Allocate to Me (value: 20)
* Good D: Allocate to Person 2 (value: 54)

Here's my reasoning:

1. Good A: Person 3 values Good A the most, so it's only fair to allocate it to them.
2. Good B: Person 2 values Good B the most, and since they already have the highest value for Good D, allocating Good B to them seems fair.
3. Good C: I value Good C the most among the three of us, so I'll take it.
4. Good D: Person 2 has the highest value for Good D, so allocating it to them makes sense.

This allocation ensures that each person gets at least one good that they value highly, which I believe is a fair outcome. Additionally, the total value of goods allocated to each person is relatively balanced:

* Person 2: Good B (43) + Good D (54) = 97
* Person 3: Good A (49) = 49
* Me: Good C (20) = 20

While this allocation is not perfectly equal, I believe it's a fair compromise considering the diverse values each person has for each good. It's an allocation that should be acceptable to all participants, as each person gets a good that they value highly.",0,3,2,Me,2
67,"What a delightful problem!

After analyzing the values each person attaches to each good, I'll propose an allocation that I believe is fair and acceptable to all participants. Here's my suggested allocation:

* Good A: Allocate to Person 3 (value: 49)
* Good B: Allocate to Person 2 (value: 43)
* Good C: Allocate to Me (value: 20)
* Good D: Allocate to Person 2 (value: 54)

My reasoning is as follows:

* Good A is most valuable to Person 3, so it's only fair to allocate it to them.
* Good B is highly valued by both Person 2 and me, but since Person 2's value is slightly higher, I'll allocate it to them.
* Good C is not highly valued by anyone, but I'll take it since I attach a moderate value to it. This way, I'm not depriving the others of a good they value highly.
* Good D is extremely valuable to Person 2, so it's only fair to allocate it to them.

This allocation ensures that each person receives at least one good that they value highly, and no one is left empty-handed. I believe this allocation is fair and acceptable to all participants.

What do you think, fellow allocators?",0,3,2,Me,2
68,"After analyzing the values of each person for each good, I will propose an allocation that I consider to be fair and acceptable to all participants. Here's my proposal:

**Allocation:**

* Good A: Person 3 (value: 49)
* Good B: Person 2 (value: 43)
* Good C: Me (value: 20)
* Good D: Person 2 (value: 54)

**Reasoning:**

* Good A: Person 3 values Good A the most, so it's fair to allocate it to them.
* Good B: Person 2 values Good B the most, and it's also a high-value good for them. Allocating it to them ensures that they get a significant gain.
* Good C: I value Good C relatively highly, and it's not as highly valued by the other two persons. Allocating it to me ensures that I get a good that I value reasonably well.
* Good D: Person 2 values Good D the most, and it's also a very high-value good for them. Allocating it to them ensures that they get another significant gain.

**Fairness argument:**

This allocation is fair because each person gets a good that they value reasonably well. Person 3 gets the good they value the most, and Person 2 gets two high-value goods. I get a good that I value relatively highly, but not as highly as the other two persons value their allocated goods. This allocation ensures that each person gets a significant gain, and no one is left with very low-value goods or no goods at all.

**Acceptability:**

I believe this allocation is acceptable to all participants because each person gets a good that they value reasonably well. Person 2 gets two high-value goods, Person 3 gets the good they value the most, and I get a good that I value relatively highly. This allocation is likely to be accepted by all participants because it ensures a significant gain for each person.",0,3,2,Me,2
69,"A classic problem of fair allocation of goods!

After analyzing the values each person assigns to each good, I will propose an allocation that I consider fair and acceptable to all participants.

Here's my proposed allocation:

* Good A: Allocate to Person 3 (value 49)
* Good B: Allocate to Person 2 (value 43)
* Good C: Allocate to Me (value 20)
* Good D: Allocate to Person 2 (value 54)

My reasoning is as follows:

* Good A is most valuable to Person 3, so it's fair to allocate it to them.
* Good B is most valuable to Person 2, and since they also value Good D highly, it's reasonable to allocate both goods to them. This way, Person 2 gets two goods that are highly valued by them.
* Good C is relatively less valuable to all parties, but I value it the most among the three of us. Since I'm not getting either Good A or Good B, which are more valuable to the other two persons, I think it's fair to allocate Good C to me.

This allocation ensures that each person gets at least one good that is highly valued by them, and no one is left with nothing. Of course, this is just one possible solution, and opinions about fairness may vary. However, I believe this allocation is a reasonable and acceptable compromise that takes into account the diverse valuations of each person.",0,3,2,Me,2
70,"What a fascinating problem!

After analyzing the values, I'll propose an allocation that I believe is fair and acceptable to all participants. Here's my suggestion:

**Allocation:**

1. Good A: Person 3 (valued at 49)
2. Good B: Person 2 (valued at 43)
3. Good C: Me (valued at 20)
4. Good D: Person 2 (valued at 54)

**Rationale:**

* Good A: Person 3 values Good A the highest, so it's fair to allocate it to them.
* Good B: Person 2 values Good B highly, and since they also value Good D very highly, giving them Good B balances out their high value for Good D.
* Good C: I value Good C reasonably high, and since the other two individuals don't value it as much, it makes sense to allocate it to me.
* Good D: Person 2 values Good D the highest, so it's fair to allocate it to them, especially since they already received Good B.

This allocation respects the individual values and ensures that each person receives a good that is valuable to them. It's a fair compromise that should be acceptable to all participants.

What do you think, fellow participants?",0,3,2,Me,2
71,"What a fascinating problem! After careful consideration, I propose the following allocation:

* Good A: Person 3 (value 49)
* Good B: Person 2 (value 43)
* Good C: Me (value 20)
* Good D: Person 2 (value 54)

Here's my reasoning:

1. Good A is most valued by Person 3, so it's only fair to allocate it to them.
2. Good B is highly valued by both Person 2 and me, but Person 2 values it slightly more. Since we can't split the good, I think it's reasonable to give it to Person 2.
3. Good C is my second-highest valued good, and neither Person 2 nor Person 3 values it highly. Allocating it to me ensures that I get some value from the allocation.
4. Good D is highly valued by both Person 2 and Person 3, but Person 2 values it slightly more. Given that Person 2 already received Good B, I think it's fair to allocate Good D to them as well.

This allocation seems fair to me because each person receives at least one good that they value highly, and no one is left with nothing. Additionally, the total value of the allocation is relatively balanced across all participants:

* Person 2: 43 + 54 = 97
* Person 3: 49
* Me: 20

Of course, this is just one possible allocation, and there may be other fair allocations. But I believe this one is a reasonable and acceptable solution, considering the values and preferences of all participants.",0,3,2,Me,2
72,"What a fascinating problem! After careful consideration, I propose the following allocation, which I believe is fair and acceptable to all participants:

** Allocation: **

* Good A: Person 3 (valued at 49)
* Good B: Person 2 (valued at 43)
* Good C: Me (valued at 20)
* Good D: Person 2 (valued at 54)

** Rationale: **

1. **Efficiency**: Each good is allocated to the person who values it the most. This ensures that the total value of the allocation is maximized.
2. **Fairness**: Person 3 gets Good A, which is their highest-valued good. Person 2 gets two goods, Good B and Good D, which are their highest-valued goods. I get Good C, which is my second-highest valued good.
3. **Balance**: The allocation is balanced in the sense that each person receives a good that is relatively close in value to their highest-valued good. This helps to mitigate envy and ensures that each person feels they have received a fair share.
4. **No dominated allocations**: By allocating each good to the person who values it the most, I have ensured that there is no alternative allocation that would make one person better off without making another person worse off.

By proposing this allocation, I believe that all participants will accept it as a fair and reasonable solution.",0,3,2,Me,2
73,"What a fascinating problem! Given the values each person attaches to each good, I'll propose an allocation that I believe is fair and acceptable to all participants.

Before I propose the allocation, let's analyze the values:

* Good A: Person 3 values it the most (49), followed by me (23), and then Person 2 (2).
* Good B: Person 2 values it the most (43), followed by me (40), and then Person 3 (4).
* Good C: I value it the most (20), followed by Person 3 (4), and then Person 2 (1).
* Good D: Person 2 values it the most (54), followed by Person 3 (43), and then me (17).

Considering these values, I propose the following allocation:

* Good A: Allocate to Person 3 (valued at 49)
* Good B: Allocate to Person 2 (valued at 43)
* Good C: Allocate to me (valued at 20)
* Good D: Allocate to Person 2 (valued at 54)

This allocation seems fair for several reasons:

1. **Each person gets at least one good they value highly**: Person 3 gets Good A, which they value the most. Person 2 gets two goods they value highly, Good B and Good D. I get Good C, which I value relatively highly.
2. **No one is left with a good they don't value much**: By allocating Good A to Person 3, Good B to Person 2, and Good C to me, each person receives a good they value relatively highly compared to the others.
3. **The total value of goods allocated to each person is relatively balanced**: Person 2 receives goods with a total value of 97 (43 + 54), Person 3 receives a good with a value of 49, and I receive a good with a value of 20.

This allocation takes into account the diverse preferences of each individual and aims to satisfy each person's highest-valued goods. While there may be other possible allocations, I believe this one is a fair and reasonable proposal that can be acceptable to all participants.",0,3,2,You,2
74,"A classic problem in social choice theory!

After careful consideration, I propose the following allocation:

* Good A: Allocate to Person 3 (value: 49)
* Good B: Allocate to Person 2 (value: 43)
* Good C: Allocate to Me (value: 20)
* Good D: Allocate to Person 2 (value: 54)

Here's my reasoning:

1. Good A: Person 3 values Good A the most, so it's fair to allocate it to them.
2. Good B: Person 2 values Good B the most, and since they already got Good D, it's fair to give them Good B as well.
3. Good C: I value Good C the most among the remaining options, so I'll take it.
4. Good D: Person 2 values Good D the most, and since they already got Good B, it's fair to give them Good D as well.

This allocation seems fair because each person gets at least one good that they value highly. Person 3 gets Good A, which they value highly. Person 2 gets two goods that they value highly, Good B and Good D. And I get Good C, which I value moderately.

Of course, this is just one possible allocation, and others may have different opinions on what is fairest. But I believe this allocation is reasonable and acceptable to all parties involved.",0,3,2,Me,2
75,"What a fascinating problem!

After analyzing the values of each good for each person, I'll propose an allocation that I consider fair and acceptable to all participants. Here's my proposal:

**Allocation:**

* Good A: Allocate to Person 3 (value: 49)
* Good B: Allocate to Person 2 (value: 43)
* Good C: Allocate to Me (value: 20)
* Good D: Allocate to Person 2 (value: 54)

**Rationale:**

1. **Good A**: Person 3 values Good A the most (49), so it's fair to allocate it to them. This way, they get a good that they highly value.
2. **Good B**: Person 2 values Good B the most (43), and since they already got Good D (which they value even more), it's reasonable to allocate Good B to them as well. This way, they get two goods that they highly value.
3. **Good C**: I value Good C the most among the remaining persons (20), so I'll allocate it to myself. This way, I get a good that I value reasonably high.
4. **Good D**: As mentioned earlier, Person 2 values Good D the most (54), so it's fair to allocate it to them. This way, they get two goods that they highly value, and I don't deprive Person 3 of a good that they value highly.

**Fairness considerations:**

* Each person gets at least one good that they value highly.
* No person gets two goods that they don't value highly.
* The allocation is based on the relative values each person has for each good, ensuring that each person gets a good that they value reasonably well.

Of course, this is just one possible allocation, and other allocations could also be considered fair. However, based on the values provided, I believe this allocation is a reasonable and fair proposal that all participants might accept.",0,3,2,Me,2
76,"After analyzing the values each person assigns to each good, I propose the following allocation:

* Good A: Allocate to Person 3 (value: 49)
* Good B: Allocate to Person 2 (value: 43)
* Good C: Allocate to me (value: 20)
* Good D: Allocate to Person 2 (value: 54)

Here's my reasoning:

* Person 3 values Good A the most, so it's only fair to allocate it to them.
* Person 2 values Good B the most, and since they don't get Good A, it's reasonable to give them Good B.
* Good C is the least valued by Person 3, and I value it more than Person 2, so I get it.
* Person 2 values Good D the most, and since they already got Good B, it's fair to give them Good D as well.

This allocation seems fair because each person gets at least one good that they value highly, and no one is left with nothing. It also takes into account the relative values each person assigns to each good, ensuring that the goods are allocated to those who value them the most.

Note that this allocation is based on my interpretation of fairness, and others may propose different allocations that they consider fair.",0,3,2,Me,2
77,"What a fascinating problem! After analyzing the values each person assigns to each good, I'll propose an allocation that I believe is fair and acceptable to all participants.

Here's my proposed allocation:

* Good A: Person 3 (value: 49) - This good is most valuable to Person 3, so it makes sense to allocate it to them.
* Good B: Person 2 (value: 43) - Although I value Good B the most (40), Person 2's value is close, and it's the second most valuable good to them. Allocating it to Person 2 ensures they receive a good that is significant to them.
* Good C: Me (value: 20) - Since Good C is relatively less valuable to the other two individuals (1 and 4), I'll take it. It's still a decent value to me, and it avoids wastage.
* Good D: Person 2 (value: 54) - Person 2 values Good D the most, so it's only fair to allocate it to them.

This allocation satisfies the following criteria:

1. **Efficiency**: Each good is allocated to the person who values it the most or second most, ensuring the total value generated is maximized.
2. **Fairness**: Each person receives at least one good that is significant to them, and no one is left empty-handed.
3. **Acceptability**: The allocation is reasonable and takes into account the values and preferences of all participants, making it more likely to be accepted by everyone.

Of course, this is just one possible allocation, and there could be other alternatives that are also fair and acceptable. However, this proposal balances individual values and preferences while minimizing potential conflicts.",0,3,2,Me,2
78,"A classic problem of fair allocation!

After analyzing the values each person has for each good, I propose the following allocation:

**Good A:** Allocate to Person 3 (value: 49)
**Good B:** Allocate to Person 2 (value: 43)
**Good C:** Allocate to Me (value: 20)
**Good D:** Allocate to Person 2 (value: 54)

Here's my thought process behind this allocation:

1. **Good A:** Person 3 values Good A the most, so it's fair to allocate it to them.
2. **Good B:** Person 2 values Good B the most, and since they're getting Good D as well (which they value even more), it's reasonable to allocate Good B to them too.
3. **Good C:** I value Good C the most among the three of us, so I'll take it.
4. **Good D:** As mentioned earlier, Person 2 values Good D the most, so it's fair to allocate it to them.

This allocation seems fair to me because each person gets at least one good that they value highly. Person 3 gets the good they value the most (Good A), Person 2 gets two goods they value highly (Good B and Good D), and I get the good I value the most (Good C).

Of course, this is just one possible allocation, and there may be other fair allocations depending on individual perspectives. But I believe this allocation is a reasonable and acceptable solution for all parties involved.",0,3,2,Me,2
79,"What a fascinating problem! After careful consideration, I propose the following allocation:

* Good A goes to Person 3, who values it the most at 49.
* Good B goes to Person 2, who values it the most at 43.
* Good C goes to me, as I value it the highest among the three of us at 20.
* Good D goes to Person 2, who values it the most at 54.

Here's my reasoning:

1. **Efficiency**: This allocation maximizes the total value of the goods allocated, as each good goes to the person who values it the most.
2. **Fairness**: Each person receives at least one good, ensuring that everyone benefits from the allocation.
3. **Balance**: The total value of goods allocated to each person is relatively balanced: Person 2 receives goods worth 97 (43 + 54), Person 3 receives a good worth 49, and I receive a good worth 20.

While there may be other possible allocations, I believe this one is fair and acceptable to all participants. Person 2 gets two high-valued goods, Person 3 gets the good they value the most, and I get a good that I value relatively highly.

Now, let's hope the other participants agree with my proposal!",0,3,2,Me,2
80,"What a fascinating problem!

After analyzing the values of each individual, I'll propose an allocation that I believe is fair and acceptable to all participants. Here's my proposal:

**Allocation:**

* **Good A**: Allocate to Person 3 (value: 49)
* **Good B**: Allocate to Person 2 (value: 43)
* **Good C**: Allocate to me (value: 20)
* **Good D**: Allocate to Person 2 (value: 54)

**Rationale:**

1. **Good A**: Person 3 values Good A the most, so it makes sense to allocate it to them.
2. **Good B**: Person 2 values Good B the most, and it's their second-highest valued good. Allocating it to them ensures they get a good that's highly valued by them.
3. **Good C**: I value Good C the most among the three of us, so I'll take it.
4. **Good D**: Person 2 values Good D the most, and it's their highest valued good. Allocating it to them ensures they get a good that's extremely valuable to them.

**Why I think this allocation is fair:**

* Each person gets a good that is highly valued by them.
* The total value of goods allocated to each person is relatively balanced: Person 2 gets goods worth 43 + 54 = 97, Person 3 gets a good worth 49, and I get a good worth 20.
* No one is left with a significantly lower total value of goods compared to others.

Of course, this is just one possible allocation, and there may be other fair allocations depending on individual perspectives. However, I believe this proposal takes into account the values of each participant and distributes the goods in a way that is acceptable to all.",0,3,2,Me,2
81,"What a fascinating problem!

After careful consideration, I propose the following allocation:

* Good A: Allocate to Person 3 (valued at 49)
* Good B: Allocate to Person 2 (valued at 43)
* Good C: Allocate to Me (valued at 20)
* Good D: Allocate to Person 2 (valued at 54)

Here's my reasoning:

* Good A is most valuable to Person 3, so it's fair to allocate it to them.
* Good B is almost equally valued by Person 2 and me, but since they value it slightly higher, I allocate it to them.
* Good C is relatively less valuable to everyone, but I value it the most, so I allocate it to myself.
* Good D is extremely valuable to Person 2, so it's fair to allocate it to them.

This allocation seems fair because each person gets a good that they value relatively highly, and no one is stuck with a good that they don't value much. Also, no good is left unallocated or thrown away.

I believe this allocation is acceptable to all participants because everyone gets a good that they value, and no one is left with nothing. Additionally, the allocation is based on the relative values of each good to each person, which seems like a reasonable and fair way to distribute the goods.",0,3,2,Me,2
82,"What a fascinating problem!

After analyzing the values of each good for each person, I will propose an allocation that I believe is fair and acceptable to all participants.

**My proposed allocation:**

* Good A: Allocate to Person 3 (Value: 49)
* Good B: Allocate to Person 2 (Value: 43)
* Good C: Allocate to Me (Value: 20)
* Good D: Allocate to Person 2 (Value: 54)

**Rationale:**

1. Good A: Person 3 values Good A the most, so it's only fair to allocate it to them.
2. Good B: Person 2 values Good B the most, and since they already received Good D, it's fair to give them Good B as well.
3. Good C: I value Good C the most among the three of us, so I'll take it.
4. Good D: Person 2 values Good D the most, so it's fair to allocate it to them. This way, Person 2 gets two goods, but they are the ones who value them the most.

**Why I think this allocation is fair:**

* Each person receives at least one good that they value highly.
* The total value of goods allocated to each person is relatively balanced: Me (20), Person 2 (97), and Person 3 (49).
* No good is wasted, and each good is allocated to someone who values it relatively highly.

Of course, this is just one possible allocation, and there may be other fair allocations as well. I hope this proposal will be acceptable to all participants!",0,3,2,Me,2
83,"A classic problem in social choice theory!

After analyzing the values of each good for each person, I propose the following allocation:

* Good A: Person 3 (value: 49)
* Good B: Person 2 (value: 43)
* Good C: Me (value: 20)
* Good D: Person 2 (value: 54)

Here's my reasoning:

1. Good A: Person 3 values it the most, so it's only fair to allocate it to them.
2. Good B: Person 2 values it almost as much as me, but since we can't split goods, I'm willing to give it to them. This also helps Person 2 a lot, given their high value for Good D.
3. Good C: I value it the most among the three of us, so I'll take it.
4. Good D: Person 2 values it extremely high, so allocating it to them seems fair. This way, Person 2 gets two goods they value highly, which should make them satisfied.

This allocation tries to balance the satisfaction of each person. Person 3 gets their most valued good, Person 2 gets two goods they value highly, and I get the good I value the most.

Of course, this is just one possible allocation, and there might be other fair allocations depending on individual perspectives on fairness.",0,3,2,Me,2
84,"A classic problem of fair allocation!

After analyzing the values each person has for each good, I propose the following allocation:

* Good A: Allocate to Person 3 (valued at 49)
* Good B: Allocate to Person 2 (valued at 43)
* Good C: Allocate to Me (valued at 20)
* Good D: Allocate to Person 2 (valued at 54)

My reasoning behind this allocation is as follows:

* Person 3 values Good A the highest, so it makes sense to allocate it to them.
* Person 2 values Good B and Good D very highly, so I've allocated both of these goods to them.
* Me, I value Good C relatively highly, so I've allocated it to myself.

This allocation seems fair because each person receives at least one good that they value highly. Additionally, the total value of goods allocated to each person is relatively balanced:

* Me: 20 (Good C)
* Person 2: 43 (Good B) + 54 (Good D) = 97
* Person 3: 49 (Good A)

I believe this allocation is acceptable to all participants because each person receives a good that they value highly, and the total value of goods allocated to each person is relatively balanced.",0,3,2,Me,2
85,"What a great problem! Determining a fair allocation is indeed a challenging task, and I'll do my best to come up with a proposal that I think is reasonable and acceptable to all participants.

After analyzing the values, I observe the following:

* You and Person 2 value Good B highly, while Person 3 values Good A highly.
* Person 2 values Good D the most, while Person 3 values Good A and Good D similarly.
* You and Person 3 value Good C relatively lowly.

With these observations in mind, here's a proposed allocation that I consider fair:

* **Good A**: Allocate to Person 3, as they value it the most (49).
* **Good B**: Allocate to You, as you value it highly (40), and Person 2, although valuing it highly, has an even higher value for Good D.
* **Good C**: Allocate to Person 2, as they have a relatively lower value for the other goods, and this allocation ensures they receive at least one good.
* **Good D**: Allocate to Person 2, as they value it the most (54).

This allocation tries to balance the values and ensure that each person receives a good that they value reasonably highly. By giving Good A to Person 3, we satisfy their highest value. By allocating Good B to You and Good D to Person 2, we ensure that both of you receive a good that you value highly. Finally, allocating Good C to Person 2 fills out their allocation and ensures they don't leave empty-handed.

I believe this allocation is fair because it takes into account the diverse values of each participant and tries to maximize overall satisfaction. Of course, this is just one possible solution, and other allocations could also be considered fair.",0,3,You,2,2
86,"What a fascinating problem!

After carefully analyzing the values of each person, I propose the following allocation:

* Good A: Person 3 (valued at 49)
* Good B: Person 2 (valued at 43)
* Good C: Me (valued at 20)
* Good D: Person 2 (valued at 54)

Here's my reasoning:

1. Good A: Person 3 values it the most, so it's fair to allocate it to them.
2. Good B: Person 2 values it higher than both Person 3 and me, so it's reasonable to allocate it to them.
3. Good C: I value it the most among the three of us, so I'll take it.
4. Good D: Person 2 values it the highest, so it's fair to allocate it to them.

This allocation ensures that each person receives at least one good that they value highly. It also prevents any one person from dominating the allocation and receiving multiple goods.

I believe this allocation is fair and acceptable to all participants because:

* Each person receives a good that they value relatively highly.
* No one person receives multiple goods, ensuring a sense of balance and fairness.
* The allocation is based on the values expressed by each person, which helps to maintain transparency and trust.

Of course, this is just one possible allocation, and there may be other solutions that could also be considered fair.",0,3,2,Me,2
87,"A classic problem of fair allocation of indivisible goods!

After analyzing the values of each good for each person, I will propose an allocation that I consider to be fair and acceptable to all participants.

**My proposed allocation:**

* Good A: Allocate to Person 3 (value: 49)
* Good B: Allocate to Person 2 (value: 43)
* Good C: Allocate to Me (value: 20)
* Good D: Allocate to Person 2 (value: 54)

**Rationale:**

1. Good A: Person 3 values Good A the highest, so it's only fair to allocate it to them.
2. Good B: Person 2 values Good B the highest, and since they already got Good D (see below), it's fair to give them Good B as well.
3. Good C: I value Good C relatively high compared to the others, so I'll take it.
4. Good D: Person 2 values Good D the highest, and since they already got Good B, it's fair to give them Good D as well.

**Why I think this allocation is fair:**

* Each person gets at least one good that they value relatively high.
* No one gets all the goods, ensuring a sense of balance and fairness.
* The total value of goods allocated to each person is relatively balanced: Person 2 gets goods worth 97 (43 + 54), Person 3 gets a good worth 49, and I get a good worth 20.

**Open to feedback and negotiation:**

Of course, this is just one possible allocation, and I'm open to feedback and negotiation with Person 2 and Person 3. If either of them feels that this allocation is unfair or unacceptable, I'm willing to revisit and adjust the allocation to reach a mutually agreeable solution.",0,3,2,Me,2
88,"What a fascinating problem!

After analyzing the values of each good for each individual, I will propose an allocation that I believe is fair and acceptable to all participants.

Here is my proposal:

* Good A: Allocate to Person 3 (valued at 49) - This good is the most valuable to Person 3, and allocating it to them ensures that they receive a significant benefit.
* Good B: Allocate to Person 2 (valued at 43) - This good is the second-most valuable to Person 2, and allocating it to them ensures that they receive a substantial benefit.
* Good C: Allocate to Me (valued at 20) - This good is relatively less valuable to both Person 2 and Person 3, but has a moderate value to me. Allocating it to me ensures that I receive some benefit.
* Good D: Allocate to Person 2 (valued at 54) - This good is the most valuable to Person 2, and allocating it to them ensures that they receive a significant additional benefit.

This allocation has the following benefits:

* Person 3 receives a highly valued good (A), which is important to them.
* Person 2 receives two highly valued goods (B and D), which are important to them.
* I receive a moderately valued good (C), which is still beneficial to me.

Overall, this allocation balances the benefits among all three individuals, ensuring that each person receives some value from the allocation. It is also Pareto efficient, meaning that it is not possible to reallocate the goods to make one person better off without making another person worse off.

I believe this allocation is fair, reasonable, and acceptable to all participants. What do you think?",0,3,2,Me,2
89,"What a great problem!

To determine a fair allocation, I'll consider the values each person has for each good. I'll try to allocate the goods in a way that maximizes overall satisfaction and distributes the goods in a way that is perceived as fair by all participants.

Here's my proposed allocation:

* Good A: Allocate to Person 3 (value: 49) - Since Person 3 values Good A the most, it's only fair to allocate it to them.
* Good B: Allocate to Person 2 (value: 43) - Person 2 values Good B the most, and it's a good match for them since I, personally, value it highly as well (40).
* Good C: Allocate to Me (value: 20) - Since I value Good C relatively highly, and the other two persons don't value it much, it makes sense to allocate it to me.
* Good D: Allocate to Person 2 (value: 54) - Person 2 values Good D extremely highly, so it's only fair to allocate it to them.

Why do I think this allocation is fair?

* Each person receives a good that they value highly, which should lead to a higher overall satisfaction.
* The allocation is balanced, with each person receiving one or two goods, depending on their preferences.
* By allocating Good A to Person 3 and Good D to Person 2, we're acknowledging and respecting their high valuations for these goods.
* I, personally, don't feel like I'm being unfairly disadvantaged, as I receive Good C, which I value reasonably highly.

Of course, this is just one proposed allocation, and the other participants may have different opinions on what constitutes a fair allocation. However, I believe this proposal is a reasonable starting point for negotiations and discussions.",0,3,2,Me,2
90,"A classic allocation problem!

After analyzing the values each person assigns to each good, I'll propose an allocation that I consider fair and acceptable to all participants.

**Proposed Allocation:**

1. **Good A**: Allocate to Person 3 (valued at 49) - This good is worth the most to Person 3, and allocating it to them ensures they receive a significant benefit.
2. **Good B**: Allocate to Person 2 (valued at 43) - Although Person 2 values Good B almost equally to Good D, allocating Good B to them ensures they receive a high-value good, and it's not too far from their highest-valued good.
3. **Good C**: Allocate to Me (valued at 20) - I value Good C the highest among the three of us, so it makes sense for me to receive it.
4. **Good D**: Allocate to Person 2 (valued at 54) - Person 2 values Good D the highest, so allocating it to them ensures they receive their most desired good.

**Rationale:**

* Each person receives a good that is valued highly by them, ensuring a sense of fairness and satisfaction.
* The total value of the goods allocated to each person is relatively balanced:
	+ Person 2: 43 (Good B) + 54 (Good D) = 97
	+ Person 3: 49 (Good A)
	+ Me: 20 (Good C)
* By allocating Good A to Person 3 and Good D to Person 2, we've ensured that each person receives a good that is valued highly by them, which should lead to a sense of fairness and cooperation.

Of course, this is just one possible allocation, and the perception of fairness may vary depending on individual perspectives. I hope this proposal is acceptable to all participants!",0,3,2,You,2
91,"A classic problem of fair division!

After analyzing the valuations of each person, I propose the following allocation:

* Good A: Person 3 (valued at 49)
* Good B: Person 2 (valued at 43)
* Good C: Me (valued at 20)
* Good D: Person 2 (valued at 54)

Here's my reasoning:

1. Good A: Person 3 values Good A the highest, so it's fair to allocate it to them.
2. Good B: Person 2 values Good B the highest, and since they already got Good D, which they value even higher, it's fair to give them Good B as well.
3. Good C: I value Good C the highest among the three of us, so I'll take it.
4. Good D: Person 2 values Good D the highest, so it's fair to allocate it to them.

This allocation is fair because each person gets the good that they value the most, or at least a good that they value highly. It's also acceptable to the other participants because they each receive a good that they value relatively highly.

In terms of efficiency, this allocation is Pareto optimal, meaning that there's no other allocation that would make one person better off without making another person worse off.

Of course, this is just one possible allocation, and there may be other allocations that could be considered fair as well. But I believe this allocation is a reasonable and acceptable solution.",0,3,2,Me,2
92,"A classic problem of fair allocation!

After analyzing the values of each individual, I propose the following allocation:

**Good A**: Allocate to Person 3 (value: 49) - This is the highest value among all individuals, so it makes sense to allocate Good A to Person 3.

**Good B**: Allocate to Person 2 (value: 43) - Person 2 has the second-highest value for Good B, and it's close to their highest value for any good. This allocation also helps to balance out the totals for each person.

**Good C**: Allocate to me (value: 20) - While I don't have the highest value for Good C, my value is higher than Person 2's, and it's a relatively low-value good overall. Allocating it to me helps to distribute the goods more evenly.

**Good D**: Allocate to Person 2 (value: 54) - Person 2 has the highest value for Good D by a significant margin, so it's a clear choice to allocate this good to them.

Here's a summary of the proposed allocation:

* Me: Good C (value: 20)
* Person 2: Good B (value: 43), Good D (value: 54)
* Person 3: Good A (value: 49)

This allocation ensures that each person receives at least one good, and the total value for each person is reasonably balanced:

* Me: 20
* Person 2: 97 (43 + 54)
* Person 3: 49

Of course, this is just one possible fair allocation, and there may be other reasonable proposals. However, this allocation attempts to distribute the goods in a way that respects the relative values of each individual and achieves a sense of balance and fairness.",0,3,2,Me,2
93,"After analyzing the values of each person for each good, I propose the following allocation:

* Good A: Allocate to Person 3 (value: 49)
* Good B: Allocate to Person 2 (value: 43)
* Good C: Allocate to me (value: 20)
* Good D: Allocate to Person 2 (value: 54)

Here's my reasoning behind this proposal:

* Person 3 values Good A the most, so it's fairest to allocate it to them.
* Person 2 values Good B the most, and since they also value Good D highly, I allocate Good B to them.
* I value Good C the most among the remaining goods, so I allocate it to myself.
* Person 2 values Good D highly, and since I've already allocated Good B to them, it's fairest to allocate Good D to them as well.

This allocation seems fairest to me because each person gets at least one good that they value highly. Person 3 gets the good they value the most, and Person 2 gets two goods that they value highly. I get a good that I value reasonably highly. Overall, this allocation seems to distribute the goods in a way that takes into account the preferences of all participants.",0,3,2,Me,2
94,"A classic allocation problem!

After analyzing the values of each good for each person, I propose the following allocation:

* Good A: Allocate to Person 3 (value: 49)
* Good B: Allocate to Person 2 (value: 43)
* Good C: Allocate to me (value: 20)
* Good D: Allocate to Person 2 (value: 54)

My reasoning is as follows:

* Person 3 values Good A the highest, so it makes sense to allocate it to them.
* Person 2 values Good B the highest, and since their value is higher than mine, I allocate it to them.
* I value Good C the highest among the remaining goods, so I keep it for myself.
* Person 2 values Good D the highest, and since they already received Good B, I allocate Good D to them as well.

This allocation seems fair to me because each person receives a good that they value highly, and no one receives a good that they value very low. Additionally, the total value of the goods allocated to each person is relatively balanced:
* Person 3: 49 (Good A)
* Person 2: 43 (Good B) + 54 (Good D) = 97
* Me: 20 (Good C)

Of course, this is just one possible allocation, and other allocations could also be considered fair. However, I believe that this allocation is a reasonable compromise that should be acceptable to all parties involved.",0,3,2,You,2
95,"What a fascinating problem!

After analyzing the values of each person, I'll propose an allocation that I believe is fair and acceptable to all participants.

**My Proposal:**

1. **Good A**: Allocate to Person 3, who values it the highest (49).
2. **Good B**: Allocate to Person 2, who values it the highest (43).
3. **Good C**: Allocate to me, as I value it the highest among the three of us (20).
4. **Good D**: Allocate to Person 2, who values it the highest (54).

**Rationale:**

* By allocating Good A to Person 3, we ensure that the person who values it the most gets it.
* Similarly, allocating Good B to Person 2 guarantees that the person who values it the most receives it.
* For Good C, I value it higher than the others, so it's fair that I receive it.
* For Good D, Person 2 values it significantly higher than the others, so it's only fair that they receive it.

**Why I think this allocation is fair and acceptable:**

* Each person receives at least one good that they value highly.
* No one is left with no goods or a good that they value very low.
* The allocation is based on the principle of maximizing the overall satisfaction of all participants, rather than just focusing on individual gains.

Of course, this is just one possible solution, and there might be other allocations that could be considered fair and acceptable. I'm open to feedback and discussions!",0,3,2,You,2
96,"A classic problem in fairness and decision-making!

After analyzing the values each person has for each good, I'll propose an allocation that I believe is fair and acceptable to all participants.

**My proposed allocation:**

1. Good A: Allocate to Person 3 (value: 49)
2. Good B: Allocate to Person 2 (value: 43)
3. Good C: Allocate to Me (value: 20)
4. Good D: Allocate to Person 2 (value: 54)

**Rationale:**

1. Good A: Person 3 values Good A the most, so it's fair to allocate it to them.
2. Good B: Person 2 values Good B the most, and their value is not far from mine. Allocating it to them ensures they receive a good that is highly valued by them.
3. Good C: I value Good C the most among the three of us, so I'll keep it.
4. Good D: Person 2 values Good D the most, and allocating it to them ensures they receive two goods that they highly value.

This allocation ensures that each person receives at least one good that they value highly, and no one is left without a good. It also prevents any single person from receiving all the goods, promoting a sense of fairness and balance.

Of course, this is just one possible allocation, and there may be other fair and acceptable allocations. I'm open to feedback and willing to reconsider if others have alternative proposals that they believe are more fair and acceptable.",0,3,2,You,2
97,"What a great problem!

After analyzing the values of each good for each individual, I will propose an allocation that I believe is fair and acceptable to all participants.

Here's my proposal:

* Good A: Allocate to Person 3, since they value it the highest (49).
* Good B: Allocate to Person 2, since they value it the highest (43).
* Good C: Allocate to me, since I value it higher than Person 2 and Person 3.
* Good D: Allocate to Person 2, since they value it the highest (54).

Here's why I think this allocation is fair:

* Each person gets a good that they value highly, ensuring a certain level of satisfaction.
* The allocation is Pareto efficient, meaning that no one can be made better off without making someone else worse off.
* The allocation is also envy-free, meaning that no one prefers another person's allocation to their own.

Let's break it down:

* Person 3 gets Good A, which they value extremely highly (49). This is a great outcome for them.
* Person 2 gets Good B and Good D, which they value highly (43 and 54, respectively). They are also happy with this allocation.
* I get Good C, which I value at 20. While it's not my highest-valued good, it's still a decent outcome for me.

Overall, this allocation balances the values and preferences of all three individuals, ensuring that each person is relatively satisfied with their allocation.",0,3,2,Me,2
98,"What a fascinating problem!

After analyzing the values, I propose the following allocation:

* Good A: Person 3 (value: 49)
* Good B: Person 2 (value: 43)
* Good C: Me (value: 20)
* Good D: Person 2 (value: 54)

Here's my reasoning:

* Good A: Person 3 values it the most, so it's only fair to allocate it to them.
* Good B: Person 2 values it the most, and since they already got Good D, it's reasonable to give them Good B as well.
* Good C: I value it the most among the three of us, so I'll take it.
* Good D: Person 2 values it the most, and they didn't get Good A, so it's fair to give it to them.

This allocation seems fair because each person gets at least one good that they value highly. Person 3 gets the good they value the most, Person 2 gets two goods they value highly, and I get one good that I value relatively well. This allocation also attempts to distribute the goods in a way that satisfies everyone's interests.

Of course, this is just one possible allocation, and there might be other fair allocations depending on individual perspectives. However, I believe this allocation is a reasonable and acceptable proposal that takes into account the values of all three participants.",0,3,2,Me,2
99,"What a fascinating problem! After analyzing the values of each good for each person, I've come up with a proposed allocation that I believe is fair and acceptable to all participants.

Here's my proposal:

* Good A: Allocate to Person 3 (value: 49)
* Good B: Allocate to Person 2 (value: 43)
* Good C: Allocate to Me (value: 20)
* Good D: Allocate to Person 2 (value: 54)

My reasoning is as follows:

* Good A is most valuable to Person 3, so it makes sense to allocate it to them.
* Good B is most valuable to Person 2, and since they already have a high value for Good D, it's fair to give them Good B as well.
* Good C is most valuable to Me, and since I'm making the proposal, I'll take it. Just kidding! In all seriousness, I think it's a reasonable allocation, and I'm willing to accept it as part of a fair overall deal.
* Good D is extremely valuable to Person 2, so it's only fair to allocate it to them.

This allocation respects the individual values of each person and ensures that each person receives at least one good that they value highly. Of course, this is just one possible solution, and there may be other allocations that could also be considered fair. However, I believe this proposal is a good starting point for discussion and negotiation.",0,3,2,Me,2
