,Text,Tokens,Good A,Good B,Good C,You money,Person 2 money,Person 3 money
0,"A classic problem of fair division!

After analyzing the values of each good for each individual, I propose the following allocation:

**Goods:**

* Good A: Allocate to Person 3, as they value it the highest among all three individuals (44).
* Good B: Allocate to Person 2, as they value it the highest among all three individuals (36).
* Good C: Allocate to me, as I value it the highest among all three individuals (44).

**Money:**

* Allocate 3 units of money to Person 2, as they have the lowest total value of goods allocated to them (Good B, 36). This brings their total value up to 39 (36 + 3).
* Allocate 2 units of money to Person 3, as they have the next lowest total value of goods allocated to them (Good A, 44). This brings their total value up to 46 (44 + 2).
* Allocate 4 units of money to me, as I have the highest total value of goods allocated to me (Good C, 44). This brings my total value up to 48 (44 + 4).

**Rationale:**

This allocation is considered fair for several reasons:

1. **Efficiency:** Each good is allocated to the individual who values it the most, maximizing the overall value of the allocation.
2. **Equity:** The allocation of money helps to balance out the differences in value between individuals. Person 2 and Person 3 receive additional money to bring their total values closer to mine.
3. **Envy-freeness:** No individual can envy the allocation of another, as each person has received the good and/or money that they value the most.

I believe this allocation is acceptable to all participants, as it takes into account the differences in values and strives to balance them out through the allocation of both goods and money.",0,3,2,You,4,3,2
1,"A classic problem of resource allocation!

To determine a fair allocation, I'll consider the values each person assigns to each good, as well as the available monetary units. My goal is to find an allocation that is acceptable to all parties involved.

Here's my proposed allocation:

**Goods:**

* Good A: Allocate to Person 3 (value: 44) - This is the highest value assigned to Good A by any individual.
* Good B: Allocate to Person 2 (value: 36) - This is the highest value assigned to Good B by any individual.
* Good C: Allocate to me (value: 44) - This is the highest value assigned to Good C by any individual (tied with Person 3, but I'll take it since it's my proposal).

**Money:**

* 3 units to Person 2 (to compensate for not assigning Good A or Good C to them)
* 3 units to Person 3 (to compensate for not assigning Good B to them)
* 3 units to me (to maintain fairness and simplicity)

Rationale:

1. I've allocated each good to the person who values it the most, ensuring that each good is assigned to the individual who appreciates it the most.
2. The monetary allocation is designed to compensate individuals who didn't receive their highest-valued good. By distributing the money equally, I'm maintaining fairness and simplicity.
3. This allocation should be acceptable to all parties, as each person receives a good or monetary compensation that reflects their relative preferences.

Of course, this is just one possible fair allocation, and there may be other acceptable solutions. But I believe this proposal is a reasonable and balanced approach to allocating these indivisible goods and divisible monetary units.",0,3,2,You,3,3,3
2,"What a fascinating problem! After careful consideration, I propose the following allocation:

**Goods Allocation:**

* Good A: Allocate to Person 3, as their valuation (44) is closest to mine (53).
* Good B: Allocate to Person 2, as their valuation (36) is the highest.
* Good C: Allocate to me, as my valuation (44) is the highest among the three of us.

**Money Allocation:**

* Allocate 3 units of money to Person 2, as they have a relatively lower valuation for Good C (29) and didn't receive Good A or Good C.
* Allocate 2 units of money to Person 3, as they received Good A, which is valuable to them, but didn't receive the other two goods.
* Allocate 4 units of money to me, as I received Good C, which is valuable to me, and I'm the proposer, so I'll take a slightly larger share of the money.

Rationale:

My goal is to find a fair allocation that takes into account the relative valuations of each person for each good. By allocating Good A to Person 3, I'm giving them a high-valued item, which they appreciate more than the others. Similarly, allocating Good B to Person 2 ensures they receive a good that they value highly.

As for Good C, I allocate it to myself, as I have the highest valuation for it. However, to maintain fairness, I ensure that Person 2 and Person 3 receive a reasonable share of the money to compensate for not receiving Good C.

The money allocation is designed to balance out the goods allocation. Person 2 receives some money to make up for not getting Good A or Good C, while Person 3 receives a smaller amount to reflect their satisfaction with Good A. I take a slightly larger share of the money, as the proposer, but still ensure that the overall allocation is fair and reasonable.

This allocation should be acceptable to all parties, as each person receives a good or money that they value relatively highly, and the total allocation is balanced and fair.",0,3,2,You,4,3,2
3,"What a fascinating problem! After careful consideration, I propose the following allocation, which I believe is a fair and acceptable solution for all parties involved:

**Goods Allocation:**

* Good A: Allocate to Person 2 (value: 35)
* Good B: Allocate to Person 3 (value: 30)
* Good C: Allocate to Me (value: 44)

**Money Allocation:**

* 3 units of money to Person 2 (to compensate for not getting Good C, which they value at 29)
* 4 units of money to Person 3 (to compensate for not getting Good A, which they value at 44)
* 2 units of money to Me (to compensate for not getting Good B, which I value at 3)

**Rationale:**

1. I prioritize allocating Good A to Person 2, as they value it the most among the three of us (35). This ensures that Person 2 gets a good they highly value.
2. I allocate Good B to Person 3, as they value it the most among the three of us (30). This ensures that Person 3 gets a good they highly value.
3. I allocate Good C to myself, as I value it the most among the three of us (44). This ensures that I get a good I highly value.
4. To make the allocation more equitable, I propose allocating money to each person to compensate for not getting the other goods. This way, everyone gets something they value or a monetary equivalent.

**Why this allocation is fair:**

* Each person gets at least one good or monetary equivalent that they value.
* The allocation takes into account the relative values each person places on each good.
* The money allocation helps to balance out the differences in values, ensuring that everyone feels fairly compensated.

**Why this allocation is acceptable to all participants:**

* Person 2 gets Good A, which they value highly, and additional monetary compensation.
* Person 3 gets Good B, which they value highly, and additional monetary compensation.
* I get Good C, which I value highly, and additional monetary compensation.

Overall, this allocation strives to balance the values and preferences of all three individuals, ensuring that everyone receives something they value or a fair monetary equivalent.",0,2,3,You,2,3,4
4,"A classic problem of fair division!

After analyzing the values each person has for each good, I will propose an allocation that I believe is fair and acceptable to all participants.

**Goods Allocation:**

1. Good A: Allocate to **You** (since you value it the most, at 53)
2. Good B: Allocate to **Person 2** (since they value it the most, at 36)
3. Good C: Allocate to **Person 3** (since they value it the second-most, at 25, and it's the only good left)

**Money Allocation:**

To balance the allocation and ensure fairness, I will distribute the 9 units of money as follows:

1. **You**: 3 units (to compensate for not getting Good B or Good C, which are worth less to you)
2. **Person 2**: 3 units (to compensate for not getting Good A, which is worth more to them than Good B)
3. **Person 3**: 3 units (to compensate for not getting Good A or Good B, which are worth more to them than Good C)

Rationale:

* By allocating each good to the person who values it the most, we ensure that each good is utilized to its maximum value.
* The money allocation helps to balance the differences in values and provides a sense of fairness. Each person receives a reasonable compensation for not getting the other goods.
* This allocation is Pareto-efficient, meaning that no other allocation can make one person better off without making someone else worse off.

I believe this allocation is fair, reasonable, and acceptable to all participants. What do you think?",0,You,2,3,3,3,3
5,"What a fascinating problem!

After analyzing the values of each good for each individual, I'll propose an allocation that I believe is fair and acceptable to all participants.

**Goods Allocation:**

1. Good A: Allocate to Person 3 (valued at 44). Although I value Good A the most (53), Person 3's value is not far behind, and allocating it to them ensures that Good A goes to the person who values it the most among the two others.
2. Good B: Allocate to Person 2 (valued at 36). Person 2 values Good B the most among the three of us, so it's only fair to allocate it to them.
3. Good C: Allocate to me (valued at 44). I value Good C the most among the three of us, so I'll keep it.

**Money Allocation:**

To make the allocation even fairer, I propose allocating the 9 units of money as follows:

1. 3 units of money to Person 2 (to compensate for not getting Good C, which they might have valued higher if they knew they wouldn't get Good B).
2. 3 units of money to Person 3 (to compensate for not getting Good C, which they might have valued higher if they knew they wouldn't get Good A).
3. 3 units of money to me (since I'm allocating the goods in a way that prioritizes the highest valuations).

**Rationale:**

This allocation ensures that each person receives a good or money that they value highly. By allocating the goods to the person who values them the most, we maximize overall satisfaction. The money allocation helps to compensate for any potential disappointment or opportunity cost from not receiving a particular good.

Of course, this is just one possible allocation, and there may be other fairest allocations possible. However, this proposal takes into account the values and priorities of each individual, aiming to create a sense of fairness and cooperation.",0,3,2,You,3,3,3
6,"A classic problem of fair allocation!

After analyzing the values each person assigns to each good, I propose the following allocation:

**Goods:**

* Good A: Allocate to Person 3 (value: 44)
* Good B: Allocate to Person 2 (value: 36)
* Good C: Allocate to Me (value: 44)

**Money:**

* Allocate 3 units of money to Person 2 (remaining value: 2 from Good B)
* Allocate 2 units of money to Person 3 (remaining value: 2 from Good A)
* Allocate 4 units of money to Me (remaining value: 0, as I already got Good C)

Here's my reasoning:

1. Good A is most valuable to Person 3, so it's fair to allocate it to them.
2. Good B is most valuable to Person 2, so it's fair to allocate it to them.
3. Good C is most valuable to Me, so it's fair to allocate it to Me.
4. To balance out the allocation, I allocate money to each person based on the remaining value they could have gotten from their most preferred good.
5. This allocation ensures that each person gets at least one good or a significant amount of money, making it a relatively fair distribution.

This proposal is acceptable to all participants because each person gets a good or money that is valued equally or more than what they would have gotten from another good. For example, Person 2 gets Good B (value: 36) and 3 units of money (value: 3), which is equal to their value for Good A (35). Similarly, Person 3 gets Good A (value: 44) and 2 units of money (value: 2), which is equal to their value for Good C (25) plus some extra.

I believe this allocation is fair and acceptable to all participants.",0,3,2,You,4,3,2
7,"After analyzing the values of each good for each individual, I propose the following allocation:

**Goods Allocation:**

* Good A: Allocate to Person 3 (value: 44)
* Good B: Allocate to Person 2 (value: 36)
* Good C: Allocate to Me (value: 44)

**Money Allocation:**

* Allocate 3 units of money to Person 2 (to compensate for not getting Good C, which is worth 29 to them)
* Allocate 2 units of money to Person 3 (to compensate for not getting Good B, which is worth 30 to them)
* Allocate 4 units of money to Me (to compensate for not getting Good A, which is worth 53 to me, and Good B, which is worth 3 to me)

Rationale:

* Person 3 values Good A the most among all individuals, so it's fair to allocate it to them.
* Person 2 values Good B the most among all individuals, so it's fair to allocate it to them.
* I value Good C the most among the remaining goods, so it's fair to allocate it to me.
* To ensure fairness, I've allocated money to compensate for the differences in value. For example, Person 2 didn't get Good C, which is worth 29 to them, so I've given them 3 units of money to make up for it. Similarly, Person 3 didn't get Good B, which is worth 30 to them, so I've given them 2 units of money. I've also allocated 4 units of money to myself to compensate for not getting Good A and Good B.

This allocation ensures that each individual receives a good or monetary compensation that is close to their highest valued good. It also distributes the goods and money in a way that respects the relative values of each good to each individual.",0,3,2,You,4,3,2
8,"A classic problem of fair division!

After analyzing the values of each good for each person, I propose the following allocation:

**Goods:**

* Good A: Allocate to Person 3, valued at 44 by Person 3, which is the highest value among all individuals.
* Good B: Allocate to Person 2, valued at 36 by Person 2, which is the highest value among all individuals.
* Good C: Allocate to Me, valued at 44 by Me, which is the highest value among all individuals.

**Money:**

* Allocate 3 units of money to Person 2, as they have the lowest total value of goods allocated (36 + 3 = 39).
* Allocate 3 units of money to Person 3, as they have a moderate total value of goods allocated (44 + 30 = 74).
* Allocate 3 units of money to Me, as I have a moderate total value of goods allocated (44 + 53 = 97).

Rationale:

1. I've tried to allocate each good to the person who values it the most, to maximize overall satisfaction.
2. To compensate for any potential differences in satisfaction, I've distributed the money in a way that tries to equalize the total value of goods and money allocated to each person.
3. The allocation is envy-free, meaning that no person prefers another person's allocation to their own.

This allocation seems fair and reasonable to me, but I'm open to feedback and alternative proposals from Person 2 and Person 3!",0,3,2,You,3,3,3
9,"What a fascinating problem!

After careful consideration, I propose the following allocation:

**Goods Allocation:**

* Good A: Person 3 (they value it the most among the three of us)
* Good B: Person 2 (they value it the most among the three of us)
* Good C: Me (I value it the most among the three of us)

**Money Allocation:**

* 3 units of money: Person 2 (to compensate for the difference in value between Good B and Good A, which Person 3 received)
* 3 units of money: Me (to compensate for the difference in value between Good C and Good A, which Person 3 received)
* 3 units of money: Person 3 (to ensure they don't feel left out and to maintain a sense of fairness)

My reasoning is as follows:

1. **Efficiency**: By allocating each good to the person who values it the most, we ensure that the total value of the allocation is maximized.
2. **Fairness**: By allocating money to compensate for the differences in value between the goods, we ensure that each person feels they have received a fair share.
3. **.Equality**: By allocating an equal amount of money to each person, we maintain a sense of equality and fairness among the three of us.

This allocation takes into account the different values each person has for each good and attempts to balance them out using the divisible resource of money. I believe this allocation is fair and reasonable, and I hope the other two participants will agree.",0,3,2,You,3,3,3
10,"After analyzing the values each person has for each good, I propose the following allocation:

**Goods:**

* Good A: Allocate to Person 3, as they value it the highest among the three (44).
* Good B: Allocate to Person 2, as they value it the highest among the three (36).
* Good C: Allocate to me, as I value it the highest among the three (44).

**Money:**

* I receive 3 units of money, as I didn't receive Good A, which is the most valuable good to me.
* Person 2 receives 2 units of money, as they received Good B, but not Good A, which they value higher.
* Person 3 receives 4 units of money, as they received Good A, but have a relatively lower value for Good C, which they didn't receive.

Rationale:

* Each person receives at least one good that they value highly, ensuring a sense of satisfaction and fairness.
* The allocation of money is based on the difference between the values of the goods each person received and the goods they didn't receive. This way, each person is compensated for the goods they didn't receive, making the allocation more balanced and fair.
* This allocation takes into account the indivisibility of the goods, ensuring that each good is allocated to a single person.

This proposed allocation is fair because it considers the individual values and preferences of each person, ensuring that each person receives a fair share of the goods and money. It also promotes a sense of compromise and cooperation, as each person has to give up something they value in order to receive something else they value more.",0,3,2,You,3,2,4
11,"What a fascinating problem! After careful consideration, I propose the following allocation:

**Goods:**

* Good A: Allocate to Person 3 (value: 44) -> Reasoning: Person 3 values Good A the most among all three individuals.
* Good B: Allocate to Person 2 (value: 36) -> Reasoning: Person 2 values Good B the most among all three individuals.
* Good C: Allocate to Me (value: 44) -> Reasoning: I value Good C the most among all three individuals, and it's the remaining good after allocating Good A and Good B.

**Money:**

* Allocate 3 units to Me -> Reasoning: I value the remaining 3 units of money to compensate for not getting Good A, which I value highly (53).
* Allocate 3 units to Person 2 -> Reasoning: Person 2 values Good B highly, but also has a relatively low value for Good C. This allocation helps balance their overall utility.
* Allocate 3 units to Person 3 -> Reasoning: Person 3 values Good A highly, but also has relatively low values for Good B and Good C. This allocation helps balance their overall utility.

This allocation is based on the following principles:

1. **Efficiency**: Each good is allocated to the person who values it the most.
2. **Balance**: The allocation of money is designed to balance the overall utility of each individual, taking into account their values for the goods.
3. **Fairness**: The allocation is fair because each person receives a good or money that is valued similarly by them.

I believe this allocation is fair and acceptable to all participants, as it takes into account the diverse preferences and values of each individual.",0,3,2,You,3,3,3
12,"After analyzing the values of each person for each good, I propose the following allocation:

**Goods Allocation:**

* Good A: Allocate to You (value: 53)
* Good B: Allocate to Person 2 (value: 36)
* Good C: Allocate to Person 3 (value: 44)

**Money Allocation:**

* 4 units to Person 2 (to compensate for not allocating Good A, which they value at 35)
* 3 units to You (to compensate for not allocating Good C, which you value at 44)
* 2 units to Person 3 (to compensate for not allocating Good B, which they value at 30)

This allocation attempts to balance the total value each person receives from the goods and money. Here's a brief justification:

* You get Good A, which is your highest-valued good. You also receive some money to compensate for not getting Good C, which you value highly.
* Person 2 gets Good B, which is their highest-valued good. They also receive some money to compensate for not getting Good A, which they value reasonably highly.
* Person 3 gets Good C, which is their highest-valued good. They also receive some money to compensate for not getting Good B, which they value moderately.

This allocation ensures that each person receives a significant portion of their highest-valued good or money, making it a relatively fair distribution. Additionally, the money allocation helps to compensate for any perceived inequalities in the goods allocation, promoting a sense of fairness and balance among all participants.",0,You,2,3,3,4,2
13,"What a fascinating problem! After careful consideration, I propose the following allocation as the fairest:

**Goods Allocation:**

* Good A: Allocate to Person 3, who values it the highest (44)
* Good B: Allocate to Person 2, who values it the highest (36)
* Good C: Allocate to me, since I value it the highest (44)

**Money Allocation:**

* 3 units to Person 2, to compensate for not getting Good A, which they also value highly
* 2 units to Person 3, to compensate for not getting Good C, which I valued higher
* 4 units to me, to compensate for not getting Good A, which Person 3 valued higher

This allocation seems fair for several reasons:

1. **Efficiency**: Each good is allocated to the person who values it the most, ensuring that the total value generated from the allocation is maximized.
2. **Compensation**: The money allocation provides compensation to each person for not getting a good that they valued highly. This helps to alleviate potential dissatisfaction and promotes fairness.
3. **Balance**: The allocation balances the values of the goods and money across all three individuals, ensuring that no one feels drastically disadvantaged.
4. **Mutual Acceptance**: Given the values and compensations, I believe that all three individuals (me, Person 2, and Person 3) would accept this allocation as fair and reasonable.

Please let me know if you have any questions or concerns about my proposed allocation!",0,3,2,You,4,3,2
14,"What a fascinating problem!

After careful consideration, I propose the following allocation:

**Goods:**

* Good A: Allocate to Person 3, since they value it the highest (44) among all three individuals, including myself.
* Good B: Allocate to Person 2, as they value it the highest (36) among the three of us.
* Good C: Allocate to me, since I value it the highest (44) among the three of us.

**Money:**

* Allocate 3 units of money to Person 2, as they seem to have a relatively lower valuation for Good A and Good C compared to Person 3 and me. This allocation helps to balance their overall utility.
* Allocate 2 units of money to Person 3, to make up for the fact that they didn't receive Good C, which they valued relatively highly.
* Allocate 4 units of money to myself, as I valued Good A the highest, but didn't receive it. This allocation helps to compensate me for not receiving my top choice.

**Rationale:**

My goal is to find an allocation that is perceived as fair by all parties involved. By allocating each good to the person who values it the most, I ensure that each person receives something they truly value. The money allocation helps to balance out any discrepancies in overall utility.

Person 2 receives Good B, which they value highly, and some money to compensate for not receiving Good A or Good C. Person 3 receives Good A, which they value highly, and some money to make up for not receiving Good C. I receive Good C, which I value highly, and a larger amount of money to compensate for not receiving Good A.

This allocation takes into account the diverse valuations of each individual and strives to create a sense of fairness and balance among all parties involved.",0,3,2,You,4,3,2
15,"What a delightful exercise in fairness and negotiation!

After analyzing the values assigned to each good by each individual, I'll propose an allocation that I believe is fair and acceptable to all parties involved.

**Goods Allocation:**

1. Good A: Assign it to **You** (value: 53). This is the highest value assigned to Good A among all three individuals.
2. Good B: Assign it to **Person 2** (value: 36). Person 2 values Good B the most, and it's a significant allocation for them.
3. Good C: Assign it to **Person 3** (value: 44). Person 3 values Good C the most, and it's a significant allocation for them.

**Money Allocation:**

To balance out the differences in values and ensure a fair allocation, I propose the following money allocation:

1. **You**: 3 units of money (to compensate for not receiving Good B or Good C, which are valued lower by you)
2. **Person 2**: 2 units of money (to supplement the value of Good B, which is lower than your value for Good A)
3. **Person 3**: 4 units of money (to compensate for not receiving Good A, which is valued higher by them, and to supplement the value of Good C)

This allocation ensures that each individual receives a significant allocation that aligns with their values, and the money allocation helps to balance out the differences. Everyone receives a meaningful allocation, and no one is left with nothing.

Rationale:

* You receive Good A, which is your highest-value good, and some money to compensate for not receiving the other goods.
* Person 2 receives Good B, which is their highest-value good, and some money to supplement its value.
* Person 3 receives Good C, which is their highest-value good, and a significant amount of money to compensate for not receiving Good A and to supplement the value of Good C.

I believe this allocation is fair and reasonable, considering the values and preferences of each individual involved.",0,You,2,3,3,2,4
16,"What a fascinating problem!

After careful consideration, I propose the following allocation:

**Goods Allocation**

* Good A: Allocate to Person 3 (value to Person 3: 44, my value: 53)
* Good B: Allocate to Person 2 (value to Person 2: 36, my value: 3, Person 3's value: 30)
* Good C: Allocate to me (value to me: 44, Person 2's value: 29, Person 3's value: 25)

**Money Allocation**

* 3 units of money to Person 2 (to compensate for not getting Good C)
* 3 units of money to Person 3 (to compensate for not getting Good B)
* 3 units of money to me (to compensate for giving up Good A)

My reasoning behind this allocation is as follows:

1. **Efficiency**: Each good is allocated to the person who values it the most, ensuring that the total value extracted from the goods is maximized.
2. **Fairness**: By allocating the goods based on individual values, I ensure that each person gets a good that is worth a significant amount to them.
3. **Compensation**: The money allocation helps to balance out the differences in values across individuals. For example, Person 2 values Good B more than Good C, so they receive compensation in the form of money. Similarly, Person 3 values Good A more than Good B, so they also receive compensation.
4. **Mutual Acceptance**: I believe this allocation is acceptable to all parties because each person receives a good or a significant amount of money that is valuable to them.

This allocation aims to strike a balance between efficiency, fairness, and compensation, making it a mutually acceptable solution.",0,3,2,You,3,3,3
17,"What a fascinating problem! After careful consideration, I propose the following allocation:

**Goods:**

* Good A: Allocate to Person 3 (value: 44)
* Good B: Allocate to Person 2 (value: 36)
* Good C: Allocate to Me (value: 44)

**Money:**

* Person 2: 2 units of money (to compensate for not getting Good C, which they might have preferred)
* Person 3: 1 unit of money (to compensate for not getting Good B, which they might have preferred)
* Me: 6 units of money (to compensate for not getting Good A, which I valued highest)

Here's my reasoning:

1. Good A is the most valuable good for me, but Person 3 values it almost as highly. Allocating it to Person 3 ensures that the good goes to someone who values it highly, and I can compensate myself with money.
2. Good B is the most valuable good for Person 2, so allocating it to them makes sense.
3. Good C is the least valuable good for both Person 2 and Person 3, so allocating it to me ensures that it doesn't go to waste.
4. The money allocation helps to balance out the differences in values. Person 2 gets some compensation for not getting Good C, Person 3 gets some compensation for not getting Good B, and I get a larger share of money to make up for not getting Good A.

This allocation is fair because it:

* Ensures that each good is allocated to someone who values it relatively highly.
* Provides compensation to individuals who might have preferred a different good.
* Respects the limited availability of goods and money.

I believe this allocation is acceptable to all participants, as everyone receives a good or a reasonable amount of money that reflects their relative valuations.",0,3,2,You,6,2,1
18,"What a fascinating problem! After careful consideration, I propose the following allocation:

**Goods:**

* Good A: Allocate to Person 3 (value: 44) - This is the highest-value allocation for Good A among all participants.
* Good B: Allocate to Person 2 (value: 36) - This is the highest-value allocation for Good B among all participants.
* Good C: Allocate to Me (value: 44) - This is the highest-value allocation for Good C among all participants.

**Money:**

* Allocate 3 units of money to Person 2 - This complements their allocation of Good B and provides additional value.
* Allocate 2 units of money to Person 3 - This adds value to their allocation of Good A and ensures they have a fair share.
* Allocate 4 units of money to Me - This supplements my allocation of Good C and ensures I have a fair share.

Rationale:

1. **Efficiency**: Each good is allocated to the person who values it the most, ensuring the maximum total value is achieved.
2. **Fairness**: Each person receives a substantial allocation, with no one being left empty-handed.
3. **Balance**: The allocation of money helps to balance out the differences in values between goods, ensuring a more equitable distribution.
4. **Compromise**: This allocation requires compromise from all parties, as no one receives their highest-valued good, but each person still receives a fair share.

I believe this allocation is fair and reasonable, as it takes into account the diverse values and preferences of all participants. It ensures that each person receives a significant allocation, and the distribution of money helps to smooth out any potential inequalities.",0,3,2,Me,4,3,2
19,"A classic problem of fair division!

After analyzing the values of each good for each individual, I propose the following allocation:

**Goods:**

* Good A: Allocate to Person 3, since they value it the highest among all individuals (44).
* Good B: Allocate to Person 2, since they value it the highest among all individuals (36).
* Good C: Allocate to me, since I value it the highest among all individuals (44).

**Money:**

* Allocate 3 units of money to Person 2, as they have a relatively lower value for Good C (29) and Good A (35). This allocation helps to compensate for their relatively lower values.
* Allocate 2 units of money to Person 3, as they have a relatively lower value for Good B (30) and Good C (25). This allocation helps to compensate for their relatively lower values.
* Allocate 4 units of money to myself, as I have a relatively higher value for Good A (53) and Good C (44). This allocation helps to compensate for my higher values.

**Rationale:**

My proposal aims to balance the values of each individual while ensuring that each person receives a good that they value highly. By allocating Good A to Person 3, Good B to Person 2, and Good C to myself, we ensure that each person receives a good that they value more than the others.

The money allocation is designed to compensate for the differences in values between individuals. By allocating more money to Person 2 and Person 3, we help to bridge the gap between their values and mine. This way, each person receives a fair share of the total value, considering both the goods and the money.

**Why I think this proposal is acceptable to all participants:**

Each person receives a good that they value highly, and the money allocation helps to compensate for the differences in values. The proposal is designed to be fair and balanced, considering the diverse values of each individual. By involving all individuals in the decision-making process, I believe that this proposal will be acceptable to everyone involved.",0,3,2,You,4,3,2
20,"What a fascinating problem! After analyzing the values each person assigns to each good and the available money, I will propose an allocation that I believe is fair and acceptable to all participants.

**Goods Allocation:**

* Good A: Assign to Person 3 (value: 44) - This allocation makes sense since Person 3 values Good A the most among all three individuals.
* Good B: Assign to Person 2 (value: 36) - Person 2 values Good B the most, and it's the best fit for them.
* Good C: Assign to me (value: 44) - I value Good C the most among the three of us, so it's a good fit for me.

**Money Allocation:**

* 3 units to Person 2: To compensate Person 2 for not receiving Good A, which they also value highly.
* 3 units to Person 3: To compensate Person 3 for not receiving Good C, which they also value relatively highly.
* 3 units to me: To maintain fairness, I'll also receive 3 units, which is equivalent to a good of value 44 (my value for Good C).

**Rationale:**

My proposal aims to balance the values each person assigns to each good while ensuring everyone receives a fair share. By allocating the goods to the person who values them the most, we maximize overall satisfaction. The money allocation helps to compensate individuals who didn't receive their preferred good, ensuring they still receive a significant benefit.

This allocation is fair because:

1. Each person receives a good or money that is equivalent to their highest valued good.
2. The total value of the allocation is balanced across all three individuals.
3. No one is left without a significant benefit, which promotes overall satisfaction and fairness.

I believe this proposal is acceptable to all participants, as it takes into account each person's values and preferences, ensuring a fair and balanced allocation.",0,3,2,You,3,3,3
21,"A classic problem in social choice theory!

After analyzing the values of each good for each person, I will propose an allocation that I consider fair and acceptable to all participants.

**Good Allocations:**

* Good A: Allocate to Person 3, since their value (44) is closest to my value (53) and higher than Person 2's value (35).
* Good B: Allocate to Person 2, since their value (36) is the highest among all three of us.
* Good C: Allocate to me, since my value (44) is the highest among all three of us.

**Money Allocation:**

* 3 units of money to Person 2: This compensates them for not getting Good A, which they valued at 35.
* 2 units of money to Person 3: This compensates them for not getting Good C, which they valued at 25.
* 4 units of money to me: This is a fair share, considering I'm getting Good C, which is worth 44 to me.

**Rationale:**

My allocation aims to balance the values and preferences of each person. By allocating Good A to Person 3, I ensure that the person who values it most gets it. Similarly, by allocating Good B to Person 2, I prioritize their highest-valued good. Allocating Good C to myself is fair, given that my value is the highest among all three of us.

The money allocation is designed to compensate individuals for the goods they didn't receive. Person 2 gets 3 units of money, which is roughly equivalent to the value they placed on Good A. Person 3 gets 2 units of money, which is roughly equivalent to the value they placed on Good C. I receive 4 units of money, which is a fair share considering I'm getting Good C.

I believe this allocation is fair and acceptable to all participants, as it takes into account the values and preferences of each person and provides a balanced distribution of goods and money.",0,3,2,You,4,3,2
22,"What a fascinating problem!

To determine a fair allocation, I will consider the values each individual has for each good and the available money. My goal is to find an allocation that is acceptable to all participants.

Here's my proposal:

**Goods Allocation:**

1. Good A: I will take Good A, as my value for it (53) is the highest among all individuals.
2. Good B: I will allocate Good B to Person 2, as their value for it (36) is the highest among the remaining two individuals.
3. Good C: I will allocate Good C to Person 3, as their value for it (25) is higher than mine (although only slightly).

**Money Allocation:**

To ensure a fair distribution, I will allocate the 9 units of money as follows:

1. 3 units to Person 2: This will compensate them for not receiving Good A, which they valued at 35. The 3 units of money are equivalent to a good of value 3, which is close to the difference between my value for Good A (53) and their value for Good A (35).
2. 2 units to Person 3: This will compensate them for not receiving Good A and not receiving as high a value from Good C. The 2 units of money are equivalent to a good of value 2, which is a reasonable compensation considering their relatively lower values for Goods A and C.
3. 4 units to myself: As I received Good A, which is the most valuable good to me, I will take 4 units of money to compensate for not receiving Goods B and C.

Rationale:

* Each individual receives a good that they value relatively highly.
* The money allocation is designed to compensate individuals for not receiving the goods they valued more highly.
* The total value of goods and money allocated to each individual is relatively balanced, ensuring a fair distribution.

This allocation seems fair to me, and I hope it would be acceptable to the other participants. Of course, this is just one possible solution, and there may be other fair allocations depending on the specific values and preferences of the individuals involved.",0,You,2,3,4,3,2
23,"What a fascinating problem! After careful consideration, I propose the following allocation:

**Goods:**

* Good A: Allocate to Person 3 (value: 44)
* Good B: Allocate to Person 2 (value: 36)
* Good C: Allocate to Me (value: 44)

**Money:**

* 3 units to Person 2
* 3 units to Person 3
* 3 units to Me

**Rationale:**

My goal is to find an allocation that is envy-free, efficient, and fair. Here's my reasoning:

1. **Good A:** Person 3 values Good A the highest, so it's fair to allocate it to them.
2. **Good B:** Person 2 values Good B the highest, so it's fair to allocate it to them.
3. **Good C:** I value Good C the highest, so it's fair to allocate it to me.

By allocating the goods in this way, each person receives a good that they value highly.

To ensure that the allocation is envy-free and fair, I propose dividing the money equally among all three of us. This way, each person receives a monetary compensation that is equivalent to 1/3 of the total value of the goods. This allocation is efficient, as it utilizes all available resources (goods and money).

**Benefits of this allocation:**

* Each person receives a good that they value highly.
* The allocation is envy-free, as each person has no preference for another person's allocation.
* The allocation is efficient, as all available resources are utilized.
* The allocation is fair, as the monetary compensation is divided equally among all three of us.

I believe that this allocation is the fairest and most acceptable to all participants.",0,3,2,You,3,3,3
24,"What a fascinating problem!

After careful consideration, I propose the following allocation:

**Goods Allocation:**

* Good A: Allocate to Person 3 (value: 44)
* Good B: Allocate to Person 2 (value: 36)
* Good C: Allocate to Me (value: 44)

**Money Allocation:**

* Allocate 3 units of money to Person 2
* Allocate 2 units of money to Person 3
* Allocate 4 units of money to Me

Here's my reasoning behind this proposal:

1. **Efficient allocation of goods:** I've allocated each good to the person who values it the most. This ensures that the total value generated from the allocation is maximized.
2. **Fairness in money allocation:** Since the money is a divisible resource, I've tried to allocate it in a way that compensates each person for any disparity in the value they receive from the goods allocation. For example, Person 2 receives Good B, which is worth 36 to them, but Good A is worth more to them than Good B. To compensate, I've allocated 3 units of money to Person 2, which is worth approximately 36 to them. Similarly, Person 3 receives Good A, which is worth 44 to them, and 2 units of money, which is worth approximately 8 to them, making their total value around 52.
3. **Self-interest:** As the proposer, I've also taken into account my own values and interests. I've allocated Good C to myself, which is worth 44 to me, and 4 units of money, which is worth approximately 44 to me as well. This ensures that I'm not left with a low-value allocation.

Overall, I believe this allocation is fair and reasonable, as it takes into account the values and interests of all three parties involved. If all participants agree, I think we can all walk away with a sense of satisfaction and fairness.",0,3,2,You,4,3,2
25,"What a fascinating problem!

After careful consideration, I'd like to propose the following allocation:

**Goods Allocation:**

* Good A: Allocate to Person 3 (value: 44) - This is because Person 3 values Good A the most among all three of us.

* Good B: Allocate to Person 2 (value: 36) - This is because Person 2 values Good B the most among all three of us.

* Good C: Allocate to Me (value: 44) - This is because I value Good C the most among the remaining two individuals.

**Money Allocation:**

* Allocate 3 units of money to Me - This is to compensate me for not getting Good A, which I valued highly (53).

* Allocate 3 units of money to Person 2 - This is to compensate Person 2 for not getting Good C, which they valued reasonably (29).

* Allocate 3 units of money to Person 3 - This is to compensate Person 3 for not getting Good B, which they valued reasonably (30).

Rationale:

My primary goal was to ensure that each individual gets at least one good or a monetary allocation that they value reasonably. By allocating Good A to Person 3, Good B to Person 2, and Good C to Me, we achieve this goal.

The money allocation is designed to provide additional compensation to each individual for not getting their preferred good. Since the total money available is 9 units, I've divided it equally among the three of us, ensuring that everyone receives some monetary compensation.

This allocation seems fair to me because:

1. Each individual gets at least one good or monetary allocation that they value reasonably.
2. The allocation is balanced, with each person receiving a mix of goods and money that reflects their preferences.
3. The total value of the allocation (goods + money) for each individual is reasonably close, ensuring a sense of fairness and equality.

Of course, this is just one possible allocation, and different individuals may have different perceptions of fairness. I'm open to feedback and willing to revisit the allocation if necessary!",0,3,2,You,3,3,3
26,"A classic problem of fair resource allocation!

After analyzing the values assigned to each good by each individual, I propose the following allocation:

**Goods allocation:**

* Good A: Allocate to You (value: 53) - This good is worth the most to you, and allocating it to you seems fair.
* Good B: Allocate to Person 2 (value: 36) - Good B is worth the most to Person 2, and allocating it to them seems fair.
* Good C: Allocate to Person 3 (value: 29) - Although Good C is worth more to You (44) than to Person 3 (25), allocating it to Person 3 helps balance the overall allocation.

**Money allocation:**

* Allocate 3 units of money to You - This allocation helps compensate You for not receiving Good C, which you valued higher.
* Allocate 3 units of money to Person 2 - This allocation helps balance the allocation, as Person 2 received Good B, which is not as valuable to them as Good A is to You.
* Allocate 3 units of money to Person 3 - This allocation ensures that Person 3 receives a fair share of the resources, as they received Good C, which is not as valuable to them as Good A or Good B are to You and Person 2, respectively.

This allocation tries to balance the values assigned to each good by each individual, ensuring that each person receives a fair share of the resources. By allocating the goods to the individuals who value them the most and distributing the money to balance the allocation, I believe this proposal is a fair and acceptable solution for all participants.",0,You,2,3,3,3,3
27,"I understand the problem. After analyzing the values of each good for each person, I propose the following allocation:

**Goods Allocation:**

* Good A: I will take Good A (value: 53). This good is worth the most to me, and it's not as valuable to Person 2 or Person 3.
* Good B: Person 2 takes Good B (value: 36). This good is worth the most to Person 2, and it's not as valuable to me or Person 3.
* Good C: Person 3 takes Good C (value: 25). This good is worth the most to Person 3, and it's not as valuable to me or Person 2.

**Money Allocation:**

To make the allocation more fair, I propose the following distribution of the 9 units of money:

* I receive 2 units of money (value: 2). This is to compensate me for not receiving Good B, which is worth 3 units to me.
* Person 2 receives 3 units of money (value: 3). This is to compensate Person 2 for not receiving Good A, which is worth 35 units to them.
* Person 3 receives 4 units of money (value: 4). This is to compensate Person 3 for not receiving Good A, which is worth 44 units to them, and to balance out the differences in values.

**Rationale:**

This allocation is fair because each person receives a good that is worth the most to them, or a significant portion of the money to compensate for not receiving a more valuable good. The money allocation helps to balance out the differences in values and ensures that each person feels that they have received a fair share of the goods and money.

By allocating the goods in this way, we can ensure that each person is satisfied with their allocation, and the total value of the goods and money allocated to each person is roughly equivalent.",0,You,2,3,2,3,4
28,"After analyzing the values of each person for each good, I propose the following allocation:

**Goods Allocation:**

* Good A: Allocate to Person 3 (value: 44) - This is the highest valued allocation for Good A among all individuals.
* Good B: Allocate to Person 2 (value: 36) - This is the highest valued allocation for Good B among all individuals.
* Good C: Allocate to Me (value: 44) - This is the highest valued allocation for Good C among all individuals.

**Money Allocation:**

* Allocate 3 units of money to Person 2 (to compensate for not getting Good C, which is their next highest valued good)
* Allocate 2 units of money to Person 3 (to compensate for not getting Good B, which is their next highest valued good)
* Allocate 4 units of money to Me (to compensate for not getting Good A, which is my next highest valued good)

**Rationale:**

This allocation is based on the principle of maximizing the total value of the allocation across all individuals. By allocating each good to the person who values it the most, we ensure that the total value of the allocation is maximized.

The money allocation is designed to compensate each person for not getting their next highest valued good. This way, everyone is made as well off as possible, given the constraints of the allocation.

I believe this allocation is fair and acceptable to all participants, as it:

1. Maximizes the total value of the allocation.
2. Ensures that each person gets a good or money that they value highly.
3. Provides compensation for not getting a good that they value highly.

Of course, there may be other allocations that could be considered fair, but I believe this one is a reasonable and acceptable solution.",0,3,2,You,4,3,2
29,"What a fascinating problem! After careful consideration, I propose the following allocation, which I believe is fair and acceptable to all participants:

**Goods Allocation:**

1. Good A: Allocate to Person 3 (value: 44) - This is because Person 3 values Good A the most among all individuals, and allocating it to them maximizes the overall value.
2. Good B: Allocate to Person 2 (value: 36) - Similar to Good A, Person 2 values Good B the most, so allocating it to them is the most efficient use of this good.
3. Good C: Allocate to Me (value: 44) - As I value Good C the most among the remaining individuals, it makes sense to allocate it to myself.

**Money Allocation:**

To ensure fairness and equality, I propose distributing the 9 units of money as follows:

1. 3 units of money to Person 2 - This compensation helps Person 2 make up for the difference between their value for Good A (35) and the value of Good B they received (36).
2. 3 units of money to Person 3 - Similarly, this allocation helps Person 3 make up for the difference between their value for Good C (25) and the value of Good A they received (44).
3. 3 units of money to Me - As I received Good C, which is worth 44 to me, I receive 3 units of money to balance out the allocation and maintain fairness.

**Rationale:**

This allocation ensures that each individual receives a good or money that is at least equal in value to their second-highest preference. For example, Person 2 values Good A at 35, but receives Good B, which is worth 36 to them, plus 3 units of money to compensate for the difference. Similarly, Person 3 receives Good A, which is worth 44 to them, and 3 units of money to make up for the difference between their values for Good A and Good C.

Overall, this allocation is fair because it takes into account the diverse preferences and values of each individual, ensuring that everyone receives a reasonable share of the goods and money.",0,3,2,You,3,3,3
30,"A classic problem of fair division!

After analyzing the values of each good for each person, I propose the following allocation:

**Goods Allocation:**

* Good A: Person 3 (value: 44) - This allocation makes sense because Person 3 values Good A the most, followed closely by me (value: 53).

* Good B: Person 2 (value: 36) - Person 2 values Good B the most, and it's not a highly valued good for anyone else.

* Good C: Me (value: 44) - I value Good C the most, and it's a good way to balance out the allocation.

**Money Allocation:**

To make the allocation even fairer, I propose the following money allocation:

* I receive 3 units of money (to compensate for not getting Good A, which I valued highly)
* Person 2 receives 3 units of money (to compensate for not getting Good C, which they didn't value highly, but still contributes to a more balanced allocation)
* Person 3 receives 3 units of money (to ensure a balanced allocation and make up for not getting Good B, which they didn't value highly)

This allocation is fair because:

1. Each person receives a good that they value highly.
2. The money allocation compensates for any imbalance in the goods allocation, ensuring that each person feels they've received a fair share.
3. The total value of the goods and money allocated to each person is relatively balanced: 
	* I receive Good C (44) + 3 units of money = 47
	* Person 2 receives Good B (36) + 3 units of money = 39
	* Person 3 receives Good A (44) + 3 units of money = 47

Of course, this is just one possible solution, and the perception of fairness can vary depending on individual perspectives. However, I believe this allocation is a reasonable and fair proposal that takes into account the values and preferences of all participants.",0,3,2,You,3,3,3
31,"What a fascinating problem! After careful consideration, I propose the following allocation:

**Goods Allocation:**

* Good A: Person 3 (value: 44)
* Good B: Person 2 (value: 36)
* Good C: Me (value: 44)

**Money Allocation:**

* Me: 3 units (to compensate for not getting Good A, which is worth 53)
* Person 2: 2 units (to compensate for not getting Good C, which is worth 29)
* Person 3: 4 units (to compensate for not getting Good B, which is worth 30)

Here's my reasoning behind this allocation:

1. **Efficient allocation of goods**: I've allocated each good to the person who values it the most. This ensures that the total value of the goods allocated is maximized.
2. **Fairness**: By allocating Good A to Person 3, who values it the most, I'm creating an opportunity for a mutually beneficial trade. Person 2 gets Good B, which they value more than Good A or Good C. I get Good C, which is my second-highest valued good.
3. **Compensation**: The money allocation is designed to compensate each person for the goods they didn't receive. I receive 3 units to make up for not getting Good A, which is worth 53. Person 2 receives 2 units to make up for not getting Good C, which is worth 29. Person 3 receives 4 units to make up for not getting Good B, which is worth 30.

This allocation is fair because it respects the preferences of each individual and ensures that everyone gets a significant portion of their maximum possible value. The money allocation acts as a balancing mechanism to ensure that everyone is satisfied with their allocation.

I believe this allocation is fair, reasonable, and acceptable to all participants.",0,3,2,You,3,2,4
32,"What a fascinating problem!

After careful consideration, I propose the following allocation:

**Goods:**

* Good A: Allocate to Person 3 (value: 44)
* Good B: Allocate to Person 2 (value: 36)
* Good C: Allocate to Me (value: 44)

**Money:**

* Allocate 3 units to Person 2 (compensating for not getting Good A or Good C)
* Allocate 2 units to Person 3 (compensating for not getting Good B)
* Allocate 4 units to Me (ensuring a balanced allocation)

My reasoning is as follows:

1. **Efficient allocation of goods**: I've allocated each good to the person who values it the most. This ensures that the total value created is maximized.
2. **Fairness**: By allocating the goods in this way, each person gets at least one good that they value highly. This distribution is more egalitarian than one where a single person gets multiple goods.
3. **Monetary compensation**: I've allocated the money to balance out the differences in value between the goods and to ensure that each person receives a fair share. For example, Person 2 didn't get Good A or Good C, so they receive 3 units of money as compensation. Similarly, Person 3 didn't get Good B, so they receive 2 units of money.
4. **Overall fairness**: I believe this allocation is fair because each person gets a good or a significant amount of money. The distribution is balanced, and no one is left with nothing.

I hope this proposal is acceptable to all participants!",0,3,2,You,4,3,2
33,"What a fascinating problem!

After careful consideration, I propose the following allocation:

**Goods:**

* Good A: Allocate to Person 3 (value: 44) - This good is allocated to Person 3, as they have the highest value for it among the three individuals.

* Good B: Allocate to Person 2 (value: 36) - This good is allocated to Person 2, as they have the highest value for it among the three individuals.

* Good C: Allocate to Me (value: 44) - This good is allocated to me, as I have a higher value for it than Person 2 and Person 3.

**Money:**

* Allocate 3 units to Person 2 - This allocation helps Person 2 compensate for not receiving Good A or Good C, and the 3 units of money are equivalent to a good of value 3, which is close to their value for Good B (36).

* Allocate 3 units to Person 3 - This allocation helps Person 3 compensate for not receiving Good B or Good C, and the 3 units of money are equivalent to a good of value 3, which is a reasonable compensation.

* Allocate 3 units to Me - This allocation helps me compensate for not receiving Good A, and the 3 units of money are equivalent to a good of value 3, which is a reasonable compensation.

**Rationale:**

My proposed allocation aims to achieve a fair distribution of goods and money among the three individuals. By allocating each good to the person who values it the most, we ensure that the total value derived from the allocation is maximized. The allocation of money helps to compensate individuals who did not receive their most preferred good, making the overall distribution more balanced and acceptable to all parties.

This allocation is not only efficient but also takes into account the relative values that each individual assigns to each good. By allocating money to compensate for not receiving certain goods, we can reach a mutually acceptable solution that is perceived as fair by all participants.",0,3,2,You,3,3,3
34,"After analyzing the values of each good for each person, I propose the following allocation:

**Goods Allocation:**

* Good A: Allocate to Person 3 (value: 44) - since Person 3 values Good A the highest among all three individuals.
* Good B: Allocate to Person 2 (value: 36) - since Person 2 values Good B the highest among all three individuals.
* Good C: Allocate to Me (value: 44) - since I value Good C the highest among all three individuals.

**Money Allocation:**

* Allocate 3 units of money to Me - to compensate for not getting Good A, which I also value highly (53).
* Allocate 3 units of money to Person 2 - to compensate for not getting Good C, which they also value relatively highly (29).
* Allocate 3 units of money to Person 3 - to ensure a balanced distribution of money among all participants.

**Rationale:**

This allocation is designed to ensure that each person receives a good that they value highly, while also providing some monetary compensation to balance out any potential inequalities. By allocating Good A to Person 3, Good B to Person 2, and Good C to Me, we maximize the total value that each person derives from the allocation.

The money allocation is designed to provide some additional compensation to each person, considering their relative values for the goods. I receive 3 units of money to offset the loss of Good A, which I value highly. Person 2 receives 3 units of money to offset the loss of Good C, which they also value relatively highly. Person 3 receives 3 units of money to ensure a balanced distribution of money among all participants.

Overall, this allocation should be acceptable to all participants, as each person receives a valuable good and some monetary compensation, ensuring a relatively fair and balanced distribution of resources.",0,3,2,You,3,3,3
35,"What a fascinating problem! After analyzing the values of each good for each person, I will propose an allocation that I believe is fair and acceptable to all participants.

**Goods Allocation:**

1. Good A: Allocate to Person 3 (value: 44) - This is the highest valued allocation for Good A among all three individuals.
2. Good B: Allocate to Person 2 (value: 36) - This is the highest valued allocation for Good B among all three individuals.
3. Good C: Allocate to Me (value: 44) - This is the highest valued allocation for Good C among all three individuals.

**Money Allocation:**

To ensure fairness and compensate for any potential differences in value, I will allocate the 9 units of money as follows:

1. 3 units to Person 2 - This helps bridge the gap between their value for Good A (35) and Good B (36), which they received.
2. 3 units to Person 3 - This helps bridge the gap between their value for Good A (44), which they received, and Good C (25), which they didn't receive.
3. 3 units to Me - This ensures that I, too, receive a compensation for not receiving Good A, which I valued highly.

**Rationale:**

This allocation aims to maximize the overall satisfaction of all participants. By allocating each good to the person who values it the most, we ensure that the total value of the goods allocated is maximized. The money allocation helps to address any perceived inequalities and provides a fair compensation to each individual.

**Why I think this allocation is fair:**

1. Each person receives a good that they value highly, or a significant amount of money to compensate for not receiving a good they valued highly.
2. The allocation is symmetrical, with each person receiving a similar value of goods and money.
3. The total value of the goods allocated (53 + 36 + 44 = 133) is higher than if we were to allocate the goods randomly or based on other criteria.

I believe this allocation is fair, and I hope the other participants will agree!",0,3,2,You,3,3,3
36,"What a fascinating problem! To determine the fairest allocation, I'll consider the values each person assigns to each good and the available monetary units. My goal is to find an allocation that balances individual satisfaction while ensuring everyone agrees to the proposal.

After analyzing the values, I noticed that:

1. Good A is valued highest by me (53), followed by Person 3 (44) and then Person 2 (35).
2. Good B is valued highest by Person 2 (36), followed by me (3) and then Person 3 (30).
3. Good C is valued highest by me (44), followed by Person 2 (29) and then Person 3 (25).

To create a fair allocation, I'll try to allocate each good to the person who values it the most, while also considering the monetary units.

My proposed allocation is:

* Good A: Allocate to me (value: 53) - This ensures I, who value Good A the most, receive it.
* Good B: Allocate to Person 2 (value: 36) - This goes to the person who values Good B the most.
* Good C: Allocate to me (value: 44) - Although Person 2 values Good C second-highest, I value it higher, and it's essential to ensure I'm satisfied with the allocation.

To balance out the allocation and make it more acceptable to Person 3, I'll allocate monetary units:

* Person 3: 4 units of money (value equivalent to a good worth 44, which is the value of Good A they didn't receive)

This allocation ensures that:

* Everyone receives at least one good or a significant amount of money.
* The person who values each good the most receives it.
* The allocation is balanced, with no one receiving significantly more value than others.

I believe this allocation is fair and acceptable to all participants, as it takes into account individual values and provides a sense of balance and equity.",0,You,2,You,0,0,4
37,"What a fascinating problem! After analyzing the values of each good for each person, I will propose an allocation that I consider fair and acceptable to all participants.

**Good Allocation:**

* Good A: Allocate to Person 3 (value: 44) - This is a fair allocation as Person 3 values Good A the most among the three individuals.
* Good B: Allocate to Person 2 (value: 36) - Person 2 values Good B the highest, so it's a good fit.
* Good C: Allocate to Me (value: 44) - I value Good C the most among the three of us, so I'll take it.

**Money Allocation:**

To ensure a fair distribution of the 9 units of money, I will allocate it as follows:

* 3 units to Me (to compensate for not getting Good A, which I valued at 53)
* 3 units to Person 2 (to make up for not getting Good C, which they valued at 29)
* 3 units to Person 3 (to balance out their allocation of Good A)

**Rationale:**

This allocation is fair because each person receives a good that they value highly, and the money allocation helps to balance out any potential envy or dissatisfaction. By giving Good A to Person 3, who values it the most, we ensure that the highest-valued good is allocated efficiently. Similarly, Good B goes to Person 2, who values it the most.

By allocating Good C to me, I receive a good that I value highly, and the 3 units of money allocated to me compensate for not getting Good A, which I valued even higher. The money allocation also helps Person 2 and Person 3 feel more satisfied with their allocations.

Overall, this allocation is fair, efficient, and should be acceptable to all participants.",0,3,2,You,3,3,3
38,"After analyzing the values of the goods for each individual, I propose the following allocation:

**Goods Allocation:**

* Good A: Allocate to Person 3 (value: 44) - This is the individual who values Good A the most among the three of us.
* Good B: Allocate to Person 2 (value: 36) - This is the individual who values Good B the most among the three of us.
* Good C: Allocate to Me (value: 44) - I value Good C the most among the three of us.

**Money Allocation:**

* Allocate 3 units of money to Me (to compensate for not getting Good A, which I value at 53)
* Allocate 3 units of money to Person 2 (to compensate for not getting Good C, which they value at 29)
* Allocate 3 units of money to Person 3 (to compensate for not getting Good B, which they value at 30)

Rationale:

* By allocating the goods to the individuals who value them the most, we ensure that each good is utilized to its maximum potential.
* The money allocation serves as a compensation mechanism to ensure that each individual is satisfied with their allocation. For example, I don't get Good A, but I receive 3 units of money, which is equivalent to a good of value 44, making up for the difference.
* This allocation is fair because each individual receives a good or compensation that is close to their highest valuation.

This allocation is acceptable to all participants because each individual receives a good or compensation that is valued highly by them, and no one is left with a good that they value significantly lower than the others.",0,3,2,You,3,3,3
39,"After analyzing the values of each individual for each good, I propose the following allocation:

**Goods Allocation:**

* Good A: Allocate to Person 3 (value: 44)
* Good B: Allocate to Person 2 (value: 36)
* Good C: Allocate to Me (value: 44)

**Money Allocation:**

* 2 units to Person 2 (to compensate for not getting Good A or Good C, which they value highly)
* 3 units to Person 3 (to compensate for not getting Good B, which they value relatively low)
* 4 units to Me (to maintain fairness, considering I'm allocating Good C to myself)

Rationale:

1. **Efficiency**: This allocation ensures that each good is allocated to the person who values it the most, maximizing the overall value.
2. **Fairness**: By allocating Good A to Person 3 and Good B to Person 2, I'm ensuring that each person gets a good that they value relatively highly.
3. **Compensation**: The money allocation compensates individuals for not getting their top choices. Person 2 receives 2 units to offset the loss of Good A or Good C. Person 3 receives 3 units to make up for not getting Good B. I receive 4 units to maintain fairness, considering I'm allocating Good C to myself.
4. **Symmetry**: The allocation is symmetric, as each person receives a good or a significant amount of money, ensuring that no one feels unfairly treated.

This proposal attempts to balance efficiency, fairness, and compensation, making it a reasonable and acceptable allocation to all participants.",0,3,2,You,4,2,3
40,"To determine a fair allocation, I will consider the values each person places on each good, as well as the available money. My goal is to find an allocation that is Pareto efficient, meaning that no individual can be made better off without making someone else worse off.

After analyzing the values, I propose the following allocation:

* Good A: Allocate to Person 3 (value: 44)
* Good B: Allocate to Person 2 (value: 36)
* Good C: Allocate to Me (value: 44)
* Money: Allocate 3 units to Person 2, 3 units to Person 3, and 3 units to Me

Here's my reasoning:

* Good A: Person 3 values Good A the highest, so it's allocated to them.
* Good B: Person 2 values Good B the highest, so it's allocated to them.
* Good C: I value Good C the highest, so it's allocated to me.
* Money: To balance out the differences in values, I allocate the money equally among the three of us. This way, each person receives an additional 3 units of value, making the allocation more fair and acceptable to everyone.

This allocation is Pareto efficient because:

* Person 2 receives Good B (value: 36) and 3 units of money (value: 3), for a total value of 39.
* Person 3 receives Good A (value: 44) and 3 units of money (value: 3), for a total value of 47.
* I receive Good C (value: 44) and 3 units of money (value: 3), for a total value of 47.

Each person receives a total value that is close to their highest valued good, and the money allocation helps to balance out the differences. This allocation is fair and should be acceptable to all participants.",0,3,2,You,3,3,3
41,"To determine a fair allocation, I will consider the values each person assigns to each good, as well as the available money. My goal is to find an allocation that is efficient and equitable.

First, I will analyze the values each person assigns to each good:

* Good A: I value it the highest (53), followed by Person 3 (44), and then Person 2 (35).
* Good B: Person 2 values it the highest (36), followed by Person 3 (30), and then me (3).
* Good C: I value it the highest (44), followed by Person 3 (25), and then Person 2 (29).

Based on these values, I propose the following allocation:

* Good A: Allocate to Person 3, as they value it the second-highest and it will make them relatively happy.
* Good B: Allocate to Person 2, as they value it the highest and it will make them very happy.
* Good C: Allocate to me, as I value it the highest and it will make me happy.

Now, let's consider the available money. To make the allocation more equitable, I propose the following monetary allocation:

* Person 2 receives 2 units of money, as they didn't get Good A, which they valued relatively highly.
* Person 3 receives 3 units of money, as they got Good A, but didn't get Good C, which they also valued relatively highly.
* I receive 4 units of money, as I got Good C, but didn't get Good A, which I valued the highest.

This allocation ensures that each person receives a good that they value relatively highly, and the monetary allocation helps to compensate for any losses. The total value of the allocation for each person is:

* Person 2: Good B (36) + 2 units of money = 38
* Person 3: Good A (44) + 3 units of money = 47
* Me: Good C (44) + 4 units of money = 48

This allocation is fair because each person receives a good and some money, and the total value of the allocation is relatively balanced across all participants.",0,3,2,You,4,2,3
42,"What a delightful problem!

After careful consideration, I propose the following allocation:

**Goods:**

* Good A: Allocate to Person 3 (value: 44) - This is the highest valued allocation for Good A among the three individuals.
* Good B: Allocate to Person 2 (value: 36) - This is the highest valued allocation for Good B among the three individuals.
* Good C: Allocate to Me (value: 44) - This is the highest valued allocation for Good C among the three individuals.

**Money:**

* Allocate 3 units to Person 2 (to compensate for not getting Good C)
* Allocate 3 units to Person 3 (to compensate for not getting Good B)
* Allocate 3 units to Me (to maintain fairness)

Rationale:

1. I've allocated each good to the person who values it the most, ensuring that the total value derived from the goods is maximized.
2. By allocating the goods in this way, each person gets a good that is highly valued by them, which should increase overall satisfaction.
3. The money allocation is designed to compensate those who didn't get their highest-valued good, while also ensuring that everyone receives a fair share of the total money available.
4. This allocation ensures that everyone receives a good or money that is valued similarly, maintaining a sense of fairness and distributive justice.

I believe this allocation is fair, reasonable, and acceptable to all participants. It balances the allocation of goods and money in a way that respects each individual's preferences and values.",0,3,2,You,3,3,3
43,"What a fascinating problem!

After analyzing the values of each good for each person, I will propose an allocation that I believe is fair and acceptable to all participants.

**Goods Allocation:**

* Good A: Allocate to Person 3 (value: 44)
* Good B: Allocate to Person 2 (value: 36)
* Good C: Allocate to me (value: 44)

**Money Allocation:**

* Allocate 3 units of money to Person 2 (to compensate for not getting Good A or Good C)
* Allocate 3 units of money to Person 3 (to compensate for not getting Good B)
* Allocate 3 units of money to me (to compensate for not getting Good A or Good B)

Here's my reasoning:

1. **Efficient allocation of goods**: I allocated each good to the person who values it the most. This ensures that the total value of the goods allocated is maximized.
2. **Fair compensation**: By allocating money to each person, I ensured that everyone receives a fair share of the total value. This compensation is based on the value they could have received if they had gotten a different good.
3. **Balanced distribution**: The allocation of goods and money is balanced, with no one person receiving significantly more value than others.

This allocation is fair because it considers the individual values of each person and ensures that everyone receives a reasonable share of the total value. It's also efficient, as it maximizes the total value of the goods allocated.

What do you think, Person 2 and Person 3? Do you agree with this allocation?",0,3,2,You,3,3,3
44,"A classic problem of fair allocation!

After analyzing the values of each person for each good and considering the available money, I propose the following allocation:

**Goods:**

1. **Good A**: Allocate to Person 3 (value: 44) - Reason: Person 3 has the highest value for Good A among the three of us.
2. **Good B**: Allocate to Person 2 (value: 36) - Reason: Person 2 has the highest value for Good B among the three of us.
3. **Good C**: Allocate to Me (value: 44) - Reason: I have the highest value for Good C among the three of us.

**Money:**

1. Allocate 3 units of money to Me - Reason: I have a relatively high value for Goods A and C, and receiving some money can help compensate for not getting Good A.
2. Allocate 3 units of money to Person 2 - Reason: Person 2 has a relatively high value for Good B, and receiving some money can help compensate for not getting Good C.
3. Allocate 3 units of money to Person 3 - Reason: Person 3 has a relatively high value for Good A, and receiving some money can help compensate for not getting Good C.

**Rationale:**

My proposed allocation aims to balance the distribution of goods and money among the three of us, taking into account our individual values for each good. By allocating each good to the person who values it the most, we maximize the overall satisfaction. The allocation of money helps to compensate for any perceived losses or imbalances.

This allocation is fair because:

* Each person receives a good that they value highly.
* Each person receives some money to compensate for not getting other goods.
* The total value of each person's allocation is relatively balanced.

Of course, this is just one possible allocation, and the fairness of the allocation ultimately depends on the agreements and negotiations among the three of us.",0,3,2,You,3,3,3
45,"After analyzing the values of each good for each person, I propose the following allocation:

**Goods:**

* Good A: Allocate to Person 3 (valued at 44)
* Good B: Allocate to Person 2 (valued at 36)
* Good C: Allocate to Me (valued at 44)

**Money:**

* Allocate 3 units of money to Person 2 (to compensate for not getting Good A or C, which they valued higher)
* Allocate 2 units of money to Person 3 (to compensate for not getting Good B, which they valued lower)
* Allocate 4 units of money to Me (to compensate for not getting Good A, which I valued highly)

Here's my reasoning:

1. Good A is most valuable to Person 3, so it's fair to allocate it to them.
2. Good B is most valuable to Person 2, so it's fair to allocate it to them.
3. Good C is most valuable to Me, so it's fair to allocate it to Me.
4. To ensure fairness, I've allocated money to compensate for the differences in values. Person 2 gets 3 units to make up for not getting Good A or C. Person 3 gets 2 units to make up for not getting Good B. I get 4 units to make up for not getting Good A.

This allocation seems fair because each person gets at least one good or a significant amount of money that is valued similarly to the good they didn't receive. The total value of the allocation for each person is:

* Me: Good C (44) + 4 units of money (44) = 88
* Person 2: Good B (36) + 3 units of money (36) = 72
* Person 3: Good A (44) + 2 units of money (22) = 66

This allocation is close to being envy-free, as each person gets a bundle that is valued similarly to the other bundles.",0,3,2,You,4,3,2
46,"To determine a fair allocation, I will consider the values that each person places on each good, as well as the available money. I will aim to allocate the goods and money in a way that maximizes overall satisfaction and fairness.

First, I will examine the values that each person places on each good:

* Good A: I value it at 53, Person 2 values it at 35, and Person 3 values it at 44. Since I place the highest value on Good A, I will allocate it to myself.
* Good B: Person 2 values it at 36, which is the highest value among the three of us. Therefore, I will allocate Good B to Person 2.
* Good C: Person 3 values it at 25, which is the lowest value among the three of us. I value it at 44, which is the highest value among the three of us. Therefore, I will allocate Good C to myself.

Now, let's allocate the 9 units of money. Since I already received two goods, I will allocate the money to Person 2 and Person 3 to compensate them for not receiving Good C and Good A, respectively.

* I will allocate 4 units of money to Person 2, which is close to the value they place on Good A (35).
* I will allocate 5 units of money to Person 3, which is close to the value they place on Good A (44).

My proposed allocation is:

* I receive Good A and Good C.
* Person 2 receives Good B and 4 units of money.
* Person 3 receives 5 units of money.

I believe this allocation is fair because:

* Each person receives a good or money that is close in value to their highest-valued good.
* The allocation is based on the values that each person places on each good, ensuring that everyone receives something of significant value to them.
* The allocation is symmetric, with each person receiving a similar total value (good + money).

I hope this allocation is acceptable to Person 2 and Person 3.",0,You,2,You,0,4,5
47,"What a fascinating problem! After careful consideration, I'd like to propose an allocation that I believe is fair and acceptable to all participants. Here's my proposal:

**Goods Allocation:**

* Good A: Allocate to Person 3, as they value it the highest (44) among all individuals.
* Good B: Allocate to Person 2, as they value it the highest (36) among all individuals.
* Good C: Allocate to me (You), as I value it the second-highest (44) among all individuals, and Person 3 already received Good A.

**Money Allocation:**

* 3 units of money to Person 2, as they received Good B, which has a relatively lower value to them compared to Good A and Good C.
* 2 units of money to Person 3, as they received Good A, which has a moderate value to them.
* 4 units of money to me (You), as I received Good C, which has a moderate-high value to me, and I could potentially use the additional money to compensate for not receiving Good A or Good B.

**Rationale:**

This allocation ensures that each individual receives a good or money that is valued reasonably highly by them. By allocating Good A to Person 3, Good B to Person 2, and Good C to me (You), we maximize the overall value of the goods allocated. The money allocation serves as a way to balance out the differences in values and provide additional compensation.

Person 3 receives Good A, which they value highly, and some money to make up for not receiving Good C or Good B. Person 2 receives Good B, which they value moderately, and some money to compensate for not receiving Good A or Good C. I (You) receive Good C, which I value highly, and a larger amount of money to compensate for not receiving Good A or Good B.

This allocation is fair because it considers the relative values each individual places on the goods and distributes the goods and money accordingly. It's a compromise that tries to satisfy everyone's interests, making it more likely to be accepted by all participants.",0,3,2,You,4,3,2
48,"What a fascinating problem!

After analyzing the values of each good for each individual, I'll propose an allocation that I think is fair and acceptable to all participants.

**Good Allocation:**

1. Good A: Allocate to **You** (value: 53). This good is most valuable to me, and allocating it to myself ensures that I get the maximum utility from it.
2. Good B: Allocate to **Person 2** (value: 36). Person 2 values Good B the most, and allocating it to them ensures that they get a significant utility from it.
3. Good C: Allocate to **Person 3** (value: 44). Although my value for Good C is close to Person 3's, I think it's fair to allocate it to Person 3, as they value it highly and it would provide them with a significant utility.

**Money Allocation:**

To balance out the allocation and ensure fairness, I propose the following money allocation:

1. Allocate **3 units of money** to **Person 2**. This helps to compensate for the lower value they received from Good B (36) compared to Good A (53) and Good C (44).
2. Allocate **3 units of money** to **Person 3**. This helps to compensate for the slightly lower value they received from Good C (44) compared to Good A (53).
3. Allocate **3 units of money** to **You**. This ensures that I also receive a cash allocation, which can be used to offset the potential opportunity cost of not allocating Good B or Good C to myself.

**Rationale:**

This allocation is based on the following principles:

1. **Efficiency**: Each good is allocated to the person who values it the most, ensuring that the total utility is maximized.
2. **Fairness**: The money allocation helps to balance out the utility received by each individual, ensuring that everyone receives a fair share of the total value.
3. **Mutual Acceptance**: The allocation is designed to be acceptable to all participants, as each person receives a significant utility from the allocated good and/or money.

I hope this proposal is considered fair and acceptable by all participants!",0,You,2,3,3,3,3
49,"What a fascinating problem! After careful consideration, I propose the following allocation:

**Goods Allocation:**

* Good A: Allocate to Person 3, who values it the most among all three of us (44).
* Good B: Allocate to Person 2, who values it the most among all three of us (36).
* Good C: Allocate to Me, since I value it the most among all three of us (44).

**Money Allocation:**

* Allocate 3 units of money to Person 2, to compensate for not allocating Good A to them.
* Allocate 2 units of money to Person 3, to compensate for not allocating Good C to them.
* Allocate 4 units of money to Me, to maintain a sense of fairness and balance in the allocation.

Rationale:

1. I prioritized allocating the goods to the person who values them the most, to maximize overall satisfaction.
2. The money allocation is designed to compensate individuals who did not receive their preferred good. Person 2 receives 3 units of money to make up for not getting Good A, while Person 3 receives 2 units of money to make up for not getting Good C.
3. I allocated 4 units of money to myself to maintain a balance and ensure that I don't feel disadvantaged in the allocation.

This allocation, in my opinion, is fair and acceptable to all participants because:

* Each person receives a good or money that is valued similarly to their preferred good.
* The allocation is based on the values reported by each individual, ensuring that everyone's preferences are respected.
* The money allocation provides a sense of compensation and balance, making the overall allocation more acceptable to all parties involved.

What do you think, would you accept this proposal?",0,3,2,You,4,3,2
50,"A classic problem of fair division!

After analyzing the values of each good for each person, I will propose an allocation that I believe is fair and acceptable to all participants.

**Goods Allocation:**

1. Good A: Allocate to Person 3 (value: 44)
2. Good B: Allocate to Person 2 (value: 36)
3. Good C: Allocate to me (value: 44)

**Money Allocation:**

1. Allocate 3 units of money to Person 2 (to compensate for not getting Good A or Good C)
2. Allocate 2 units of money to Person 3 (to compensate for not getting Good B)
3. Allocate 4 units of money to me (to compensate for not getting Good A or Good B)

**Rationale:**

My goal is to ensure that each person receives a bundle of goods and/or money that is, in their subjective valuation, worth at least as much as the average value of the goods and money available.

Here's how my proposal achieves this:

1. Person 2: Receives Good B (36) + 3 units of money (3) = 39, which is close to their average value of (35 + 36 + 29) / 3 = 33.33.
2. Person 3: Receives Good A (44) + 2 units of money (2) = 46, which is close to their average value of (44 + 30 + 25) / 3 = 33.33.
3. Me: Receives Good C (44) + 4 units of money (4) = 48, which is close to my average value of (53 + 3 + 44) / 3 = 33.33.

This allocation is fair because each person receives a bundle that is roughly equivalent to their average value, and no one is significantly better or worse off than the others. Additionally, this allocation ensures that each good is allocated to the person who values it the most, which should lead to the most efficient use of the goods.

Of course, this is just one possible solution, and other allocations could also be considered fair. I'm open to feedback and discussion!",0,3,2,You,4,3,2
51,"What a fascinating problem! After careful consideration, I'd like to propose the following allocation, which I believe is fair and acceptable to all participants:

**Good Allocation:**

* Good A: Allocate to Person 3 (value: 44) - This good is allocated to Person 3 because their value for it is the highest among all three of us.
* Good B: Allocate to Person 2 (value: 36) - Similarly, Good B is allocated to Person 2 because their value for it is the highest among us.
* Good C: Allocate to Me (value: 44) - I get Good C because my value for it is the highest among the remaining two agents.

**Money Allocation:**

* 3 units of money to Me - To compensate for not getting Good A, which is the most valuable good to me, I receive 3 units of money to make up for the difference.
* 3 units of money to Person 2 - Person 2 receives 3 units of money to offset the difference between their value for Good B and Good A, which they didn't get.
* 3 units of money to Person 3 - Person 3 gets 3 units of money to make up for not getting Good C, which is the least valuable good to them.

Rationale:

1. **Efficiency**: Each good is allocated to the person who values it the most, ensuring that the total value of the allocated goods is maximized.
2. **Fairness**: By allocating the goods to the person who values them the most, we ensure that each person gets a significant portion of their total value.
3. **Compensation**: The money allocation helps to compensate each person for not getting their most preferred good, ensuring that everyone feels that they have received a fair share.

This allocation is fair because it takes into account the relative values each person has for the goods and the money. It's also acceptable because each person receives a significant portion of their total value, and the money allocation helps to offset any differences.",0,3,2,You,3,3,3
52,"A classic problem of fair allocation!

After analyzing the values of each good for each person, I'll propose an allocation that I believe is fair and acceptable to all participants.

**Goods Allocation:**

1. Good A: Allocate to Person 3 (Value: 44)
 Reasoning: Person 3 values Good A the most among all individuals. Allocating it to Person 3 ensures that the good is utilized to its maximum value.
2. Good B: Allocate to Person 2 (Value: 36)
 Reasoning: Person 2 values Good B the most among all individuals. Allocating it to Person 2 ensures that the good is utilized to its maximum value.
3. Good C: Allocate to Me (Value: 44)
 Reasoning: I value Good C the most among the remaining individuals, and it's a good way to utilize the good to its maximum value.

**Money Allocation:**

To distribute the 9 units of money, I'll allocate them in a way that compensates individuals for not receiving their most valued goods.

1. Person 2: 2 units of money (compensating for not getting Good A, which they value at 35)
2. Person 3: 1 unit of money (compensating for not getting Good B, which they value at 30)
3. Me: 6 units of money (remaining amount, as I've received Good C, which I value at 44)

**Rationale:**

This allocation ensures that each person receives a good or money that is of significant value to them. By allocating goods to individuals who value them the most, we maximize the overall value of the allocation. The money allocation serves as a compensation mechanism to ensure that everyone feels fairly treated.

Everyone gets something of value, and the allocation is fair because:

* Person 2 gets Good B, which they value highly, and some money to compensate for not getting Good A.
* Person 3 gets Good A, which they value highly, and some money to compensate for not getting Good B.
* I get Good C, which I value highly, and a significant amount of money to compensate for not getting Good A or Good B.

This allocation should be acceptable to all participants, as everyone receives a fair share of the goods and money.",0,3,2,You,6,2,1
53,"To determine a fair allocation, I'll consider the values each person assigns to each good and the available money. Since the goods are indivisible, I'll focus on allocating them in a way that maximizes the total value for each person. Then, I'll use the money to fine-tune the allocation and ensure fairness.

Here's the allocation I propose:

**Good A:** I'll allocate Good A to Person 3, who values it the highest (44). This is also close to my own value for Good A (53).

**Good B:** I'll allocate Good B to Person 2, who values it the highest (36).

**Good C:** I'll allocate Good C to myself, as I value it the highest (44).

Now, let's see how we can use the money to make the allocation even fairer. I'll assign the money in a way that ensures each person gets a total value close to their overall average value for the three goods.

**Money allocation:**

* Person 2: 2 units of money (total value: 36 + 2 = 38, close to their average value of 33.67)
* Person 3: 3 units of money (total value: 44 + 3 = 47, close to their average value of 39.67)
* Myself: 4 units of money (total value: 44 + 4 = 48, close to my average value of 43.67)

This allocation ensures that each person gets a total value close to their overall average value for the three goods. I believe this is a fair allocation, as it takes into account the individual values and preferences of each person involved.

Please note that this is just one possible solution, and different allocations could also be considered fair. The key is to find an allocation that respects the values and preferences of all participants and is acceptable to everyone involved.",0,3,2,You,4,2,3
54,"What a fascinating problem! After careful consideration, I propose the following allocation, which I believe is a fair and acceptable solution:

**Goods Allocation:**

* Good A: Allocate to Person 3 (value: 44)
* Good B: Allocate to Person 2 (value: 36)
* Good C: Allocate to Me (value: 44)

**Money Allocation:**

* 3 units of money to Person 2 (to compensate for not getting Good A or Good C)
* 2 units of money to Person 3 (to compensate for not getting Good B)
* 4 units of money to Me (to compensate for not getting Good A)

Here's my reasoning:

1. **Efficiency:** I aim to allocate each good to the person who values it the most. This ensures that the total value of the allocation is maximized.
2. **Fairness:** I try to balance the allocation to ensure that each person receives a fair share of the total value. I use the money allocation to compensate individuals who don't receive a good that they value highly.
3. **Envy-free:** I attempt to minimize envy between individuals. For example, if Person 2 receives Good A, Person 3 might feel envious since they value it almost as much. By allocating Good A to Person 3, I reduce potential envy.

This allocation seems fair and acceptable to me, as it:

* Maximizes the total value of the allocation (184)
* Provides a balanced distribution of goods and money
* Minimizes potential envy between individuals

Now, let's see if the other participants agree with my proposal!",0,3,2,You,4,3,2
55,"A classic problem of fair allocation!

After carefully considering the values each person assigns to each good, I propose the following allocation:

**Goods Allocation:**

* Good A: Allocate to Person 3 (value: 44) - This is the highest value among all individuals for Good A.
* Good B: Allocate to Person 2 (value: 36) - This is the highest value among all individuals for Good B.
* Good C: Allocate to Me (value: 44) - This is the highest value among all individuals for Good C, and I happen to be the one proposing the allocation.

**Money Allocation:**

* Person 2: 3 units of money - This compensates Person 2 for not getting Good C, which they valued at 29.
* Person 3: 2 units of money - This compensates Person 3 for not getting Good B, which they valued at 30.
* Me: 4 units of money - This is the remaining amount, which I can use to complement my allocation of Good C.

**Rationale:**

This allocation is fair because each person receives a good or money that is valued similarly to their highest-valued good. Person 3 values Good A the most and receives it, Person 2 values Good B the most and receives it, and I value Good C the most and receive it. The money allocation compensates each person for the goods they didn't receive, ensuring that everyone receives a fair share.

Additionally, this allocation is envy-free, meaning that no person prefers another person's allocation to their own. Each person values their allocated good or money at least as much as the others', making this allocation a fair and stable solution.

Of course, this is just one possible fair allocation, and other proposals could also be considered fair. However, I believe this allocation is a reasonable and justifiable solution, given the values provided.",0,3,2,You,4,3,2
56,"What a fascinating problem!

After carefully considering the values of each good for each person, I propose the following allocation:

**Goods:**

* Good A: Allocate to Person 3 (Value: 44) - This is the highest value for Good A among all individuals.

* Good B: Allocate to Person 2 (Value: 36) - This is the highest value for Good B among all individuals.

* Good C: Allocate to Me (Value: 44) - This is the highest value for Good C among all individuals.

**Money:**

* Allocate 3 units of money to Person 2 (Value: 3) - This compensates Person 2 for not getting Good C, which I valued higher.

* Allocate 2 units of money to Person 3 (Value: 30) - This compensates Person 3 for not getting Good B, which Person 2 valued higher.

* Allocate 4 units of money to Me (Value: 44) - This is the remaining amount, and I value it equally to Good C, which I received.

Here's the reasoning behind my proposal:

1. I aim to allocate each good to the person who values it most, to maximize overall happiness.
2. I use the money to compensate individuals who didn't receive the good they valued highest.
3. The allocation is 'fair' in the sense that each person receives a good or money that is worth a significant amount to them.

I believe this allocation is acceptable to all participants, as each person receives something of substantial value, and the money is distributed fairly to compensate for any losses.",0,3,2,You,4,3,2
57,"A classic problem of fair allocation!

After analyzing the values of each good for each person, I'll propose an allocation that I believe is fair and acceptable to all participants.

**Good Allocation:**

* Good A: I will allocate Good A to Person 3, since they value it the highest among the three of us (44).
* Good B: I will allocate Good B to Person 2, since they value it the highest (36).
* Good C: I will allocate Good C to myself, since I value it the highest (44).

**Money Allocation:**

To ensure fairness and balance out the differences in values, I'll allocate the 9 units of money as follows:

* 3 units to Person 2: To compensate for the lower value they assigned to Good C (29) compared to my value (44).
* 2 units to Person 3: To acknowledge their lower value for Good B (30) compared to Person 2's valuation (36).
* 4 units to myself: To recognize my lower value for Good A (53) compared to Person 3's valuation (44).

This allocation ensures that each person receives a good that they value highly, and the money allocation helps to balance out the differences in values. The total value of each person's allocation is:

* Person 2: Good B (36) + 3 units of money = 39
* Person 3: Good A (44) + 2 units of money = 46
* Myself: Good C (44) + 4 units of money = 48

While values are subjective, this allocation attempts to respect each person's preferences and provides a relatively balanced outcome.",0,3,2,You,4,3,2
58,"What a fascinating problem!

After analyzing the values of each good for each person, I'll propose an allocation that I believe is fair and acceptable to all participants.

**Goods Allocation:**

1. Good A: Allocate to Person 3 (Value: 44)
Reasoning: Person 3 has the highest value for Good A among all three individuals, and it's closer to my own value of 53.

2. Good B: Allocate to Person 2 (Value: 36)
Reasoning: Person 2 has the highest value for Good B, and it's significantly higher than my own value of 3.

3. Good C: Allocate to Me (Value: 44)
Reasoning: I have the highest value for Good C among all three individuals.

**Money Allocation:**

The remaining 9 units of money can be allocated to make the deal more attractive and fair for everyone. Here's my proposal:

1. Give 3 units of money to Person 2 (to compensate for not allocating Good A, which they valued at 35)
2. Give 2 units of money to Person 3 (to compensate for not allocating Good C, which they valued at 25)
3. Keep 4 units of money for myself (to balance out the deal, considering I'm giving up Good A and Good B)

This allocation ensures that each person receives a good that they value highly, and the money allocation helps to balance out the differences in values. The total value of the goods and money allocated to each person is:

* Person 2: Good B (36) + 3 units of money = 39
* Person 3: Good A (44) + 2 units of money = 46
* Me: Good C (44) + 4 units of money = 48

This allocation seems fair and acceptable to all participants, as each person receives a bundle of goods and money that they value at around 45-50 units, which is close to the average value of the goods and money available.",0,3,2,You,4,3,2
59,"What a fascinating problem! After careful consideration, I propose the following allocation:

**Goods:**

* Good A: allocated to Person 3 (value: 44)
* Good B: allocated to Person 2 (value: 36)
* Good C: allocated to Me (value: 44)

**Money:**

* 3 units of money: allocated to Person 2
* 4 units of money: allocated to Person 3
* 2 units of money: allocated to Me

Here's my reasoning behind this proposal:

1. **Efficient allocation of goods**: By allocating Good A to Person 3, Good B to Person 2, and Good C to Me, each good is allocated to the person who values it the most. This ensures that the goods are utilized to their full potential.
2. **Fair distribution of money**: The remaining 9 units of money are distributed in a way that compensates individuals for the goods they didn't receive. Person 2 receives 3 units, which, combined with the value of Good B, brings their total value to 39, close to their value for Good A (35). Person 3 receives 4 units, which, combined with the value of Good A, brings their total value to 48, close to my value for Good A (53). I receive 2 units, which, combined with the value of Good C, brings my total value to 46, reasonable given my values.
3. **Balance and fairness**: This allocation strives to balance the values received by each individual. No one person receives significantly more value than the others. Person 2 and Person 3 both receive values close to their highest valued good, while I receive a value close to my second-highest valued good.

I believe this allocation is fair and acceptable to all participants, as it maximizes the overall utility and distributes the goods and money in a balanced manner.",0,3,2,You,2,3,4
60,"What a fascinating problem! After careful consideration, I propose the following allocation, which I believe is fair and acceptable to all participants:

**Goods Allocation:**

* Good A: Allocate to Person 3 (value: 44)
* Good B: Allocate to Person 2 (value: 36)
* Good C: Allocate to Me (value: 44)

**Money Allocation:**

* 3 units of money to Person 2 (to compensate for not getting Good A or Good C, which are more valuable to them)
* 2 units of money to Person 3 (to compensate for not getting Good B, which is more valuable to them)
* 4 units of money to Me (to compensate for not getting Good A, which is more valuable to Person 3, and to ensure a fair distribution of the remaining money)

Here's my reasoning:

1. **Efficiency**: By allocating each good to the person who values it the most, we ensure that the total value of the allocation is maximized. Good A goes to Person 3, Good B goes to Person 2, and Good C goes to Me.
2. **Fairness**: To address the differences in values, we allocate money to compensate individuals for not getting their preferred goods. Person 2 receives 3 units of money to make up for not getting Good A or Good C, which are more valuable to them. Similarly, Person 3 receives 2 units of money to make up for not getting Good B, which is more valuable to them.
3. **Equity**: By allocating 4 units of money to Me, we ensure that I don't receive an unfair advantage. This allocation also helps to balance out the distribution of money among all participants.

I believe this allocation is fair, efficient, and reasonable, considering the individual values and the available money. It's a compromise that should be acceptable to all participants, as each person receives a good or money that is valued similarly to their next-best alternative.",0,3,2,Me,4,3,2
61,"What a fascinating problem!

After careful consideration, I propose the following allocation:

**Goods Allocation:**

* Good A: I will allocate Good A to Person 3, who values it the most (44) among the three of us.
* Good B: I will allocate Good B to Person 2, who values it the most (36) among the three of us.
* Good C: I will allocate Good C to myself, as I value it the most (44) among the three of us.

**Money Allocation:**

* I will allocate 3 units of money to Person 2, as they have a relatively lower value for Good A and Good C, which they didn't receive.
* I will allocate 2 units of money to Person 3, as they have a relatively lower value for Good B and Good C, which they didn't receive.
* I will allocate 4 units of money to myself, as I have a relatively higher value for Good C, which I received.

My reasoning behind this allocation is as follows:

1. **Efficient allocation of goods**: I allocated each good to the person who values it the most, ensuring that the total value of goods allocated is maximized.
2. **Compensating losses**: By allocating money to Person 2 and Person 3, I'm compensating them for not receiving the goods they valued highly. This way, they still receive some value from the allocation.
3. **Fairness**: I've ensured that each person receives a non-zero allocation, which is important for perceived fairness.
4. **Self-interest**: As the proposer, I've also considered my own interests and ensured that I receive a good I value highly (Good C) and a significant amount of money (4 units).

I believe this allocation is fair and acceptable to all participants, as it takes into account the preferences and values of each individual involved.",0,3,2,You,4,3,2
62,"What a delightful problem!

To determine a fair allocation, I'll consider the preferences and values of each individual involved. I'll aim to find an allocation that maximizes overall satisfaction and is acceptable to all parties.

Here's my proposed allocation:

**Goods:**

* Good A: Allocate to Person 3, as it's the highest valued by them (44) among all three individuals.
* Good B: Allocate to Person 2, as it's the highest valued by them (36) among all three individuals.
* Good C: Allocate to me, as it's the highest valued by me (44) among the three of us.

**Money:**

* Allocate 3 units of money to Person 2, as they have a relatively lower valuation for Good C (29) and may appreciate the additional cash.
* Allocate 3 units of money to Person 3, as they have a relatively lower valuation for Good B (30) and may appreciate the additional cash.
* Allocate 3 units of money to me, as I have a relatively higher valuation for Good C (44) and may appreciate the additional cash.

Rationale:

1. By allocating Good A to Person 3, we satisfy their highest preference.
2. By allocating Good B to Person 2, we satisfy their highest preference.
3. By allocating Good C to me, we satisfy my highest preference.
4. The money allocation helps to balance out the differences in valuations, providing each individual with some additional value.

This allocation seems fair and reasonable, as each individual receives a good or money that aligns with their preferences. The allocation is also efficient, as no good is left unallocated, and the total value of the allocation (goods + money) is distributed among the three individuals.

Of course, this is just one possible solution, and different allocations could also be considered fair and acceptable. I'm open to feedback and alternative proposals!",0,3,2,You,3,3,3
63,"What a fascinating problem! After careful consideration, I propose the following allocation:

**Goods Allocation:**

* Good A: I take Good A, since it has the highest value for me (53).
* Good B: I allocate Good B to Person 2, since it has the highest value for them (36).
* Good C: I allocate Good C to Person 3, since it has the second-highest value for them (25), and I want to ensure Person 3 receives a good that has some value for them.

**Money Allocation:**

* I take 2 units of money, which is equivalent to my value for Good C (44) minus the value of Good A (53) that I received, so I'm not benefiting excessively from the allocation.
* Person 2 receives 3 units of money, which is equivalent to their value for Good B (36) minus the value of Good B (36) that they received, so they're not benefiting excessively either.
* Person 3 receives 4 units of money, which is equivalent to their value for Good A (44) minus the value of Good C (25) that they received, plus a small bonus to make up for not receiving Good A.

This allocation seems fair to me because:

1. Each person receives a good or money that has a significant value for them.
2. No one is left without any allocation.
3. The allocation is roughly proportionate to each person's values, ensuring that everyone benefits reasonably from the allocation.

Of course, this is just one possible proposal, and I'm open to feedback and negotiation from the other participants to ensure a mutually acceptable solution.",0,You,2,3,2,3,4
64,"A classic allocation problem!

After analyzing the values of each good for each person, I will propose an allocation that I consider fair and acceptable to all participants.

**Good Allocation:**

* Good A: Allocate to Person 3 (value: 44) - This good is most valued by Person 3, and allocating it to them ensures that they receive a significant benefit.
* Good B: Allocate to Person 2 (value: 36) - Good B is more valuable to Person 2 than to the others, so it's fair to allocate it to them.
* Good C: Allocate to Me (value: 44) - I value Good C the most among the three of us, so it's reasonable to allocate it to me.

**Money Allocation:**

* 3 units of money to Person 2: This allocation helps Person 2 offset the relatively low value they have for Good A and Good C. With 3 units of money, they can ""buy"" a good worth approximately 3 units, which is close to the value they would have received if they had Good A or Good C.
* 3 units of money to Person 3: Similar to Person 2, Person 3 receives 3 units of money to compensate for not receiving Good B or Good C, which are less valuable to them.
* 3 units of money to Me: I also receive 3 units of money, which, combined with Good C, ensures that I'm fairly compensated for not receiving Good A or Good B.

**Rationale:**

This allocation considers the values of each good for each person and distributes the goods and money fairly. By allocating the goods to the person who values them the most, we ensure that everyone receives a significant benefit. The money allocation helps to compensate those who didn't receive their most valued goods, making the overall allocation more balanced and fair.

I believe this allocation is acceptable to all participants, as everyone receives a good or money that is worth a significant amount to them.",0,3,2,You,3,3,3
65,"What a fascinating problem!

After careful consideration, I propose the following allocation:

**Goods:**

* Good A: Allocate to Person 3 (valued at 44 by Person 3, which is the highest among all three individuals)
* Good B: Allocate to Person 2 (valued at 36 by Person 2, which is the highest among all three individuals)
* Good C: Allocate to me (valued at 44 by me, which is the highest among all three individuals)

**Money:**

* Allocate 3 units of money to Person 2 (to compensate for not allocating Good C, which they valued at 29)
* Allocate 2 units of money to Person 3 (to compensate for not allocating Good B, which they valued at 30)
* Allocate 4 units of money to me (to compensate for not allocating Good A, which I valued at 53)

Rationale:

1. I allocated each good to the person who values it the most, ensuring that each good is utilized to its maximum potential.
2. By allocating the goods in this manner, I ensured that each person receives a good that they value highly.
3. To compensate for not allocating a good to each person, I allocated money to each person based on the difference between the highest-valued good they didn't receive and the good they did receive. This way, each person feels somewhat compensated for not receiving their top choice.

This allocation seems fair to me because:

* Each person receives a good that they value highly.
* Each person receives some compensation for not receiving their top choice.
* The allocation is based on the individuals' preferences, ensuring that the goods are utilized efficiently.

Of course, this is just one possible allocation, and others may propose different solutions. However, I believe that this allocation is reasonable and could be acceptable to all participants.",0,3,2,You,4,3,2
66,"What a fascinating problem! After carefully considering the values each individual has for each good, I will propose an allocation that I believe is fair and acceptable to all participants.

**Good Allocation:**

1. **Good A**: I will allocate Good A to Person 3, as they have the highest value for it among the three of us (44). This way, Person 3 gets a good that is highly valued by them.
2. **Good B**: I will allocate Good B to Person 2, as they have the highest value for it among the three of us (36). This way, Person 2 gets a good that is highly valued by them.
3. **Good C**: I will allocate Good C to myself, as I have the highest value for it among the three of us (44). This way, I get a good that is highly valued by me.

**Money Allocation:**

To ensure fairness and compensate for any potential differences in values, I will allocate the 9 units of money as follows:

1. **2 units of money to Person 2**: This is to compensate for the difference in value between Good B (36) and Good A (35), which Person 2 values slightly less. This way, Person 2 receives a small amount of money to make up for the difference.
2. **1 unit of money to Person 3**: This is to compensate for the difference in value between Good A (44) and Good C (25), which Person 3 values less. This way, Person 3 receives a small amount of money to make up for the difference.
3. **6 units of money to myself**: This is to compensate for not allocating Good A (53) to myself, which I value highest. Instead, I will receive a significant amount of money to make up for the difference.

**Rationale:**

This allocation ensures that each individual receives a good that is highly valued by them, and the money allocation provides additional compensation to make up for any differences in values. This way, all participants should be satisfied with the allocation, as they receive a good or money that is valued similarly to their original preferences.

Please let me know if this proposal is acceptable to all participants!",0,3,2,You,6,2,1
67,"What a fascinating problem! After careful consideration, I propose the following allocation:

**Goods:**

* Good A: Allocate to Person 3 (value: 44)
* Good B: Allocate to Person 2 (value: 36)
* Good C: Allocate to Me (value: 44)

**Money:**

* Allocate 3 units to Person 2 (to compensate for not getting Good A or Good C)
* Allocate 2 units to Person 3 (to compensate for not getting Good B)
* Allocate 4 units to Me (to compensate for not getting Good A)

Here's my reasoning:

1. **Efficiency**: By allocating each good to the person who values it the most, we ensure that the total value of the allocation is maximized.
2. **Fairness**: By allocating the goods in a way that each person gets one good or a significant amount of money, we ensure that everyone receives a substantial benefit.
3. **Compensation**: The money allocation helps to compensate for any perceived inequalities in the good allocation. For example, Person 2 receives a significant amount of money to make up for not getting Good A or Good C, which they value highly.

This allocation is fair and acceptable to all participants because:

* Each person receives a good or a significant amount of money, ensuring a sense of fulfillment and compensation.
* The allocation respects the individual values of each person, as reflected in their willingness to pay for each good.
* The money allocation helps to smooth out any perceived inequalities, promoting a sense of fairness and cooperation.

Of course, this is just one possible solution, and other allocations could also be considered fair and acceptable. However, I believe that this allocation strikes a good balance between efficiency, fairness, and compensation.",0,3,2,You,4,3,2
68,"What a fascinating problem!

After careful consideration, I'll propose an allocation that I think is fair and acceptable to all participants. Before I present my proposal, let me analyze the values each person assigns to each good:

**Goods' values**

| Good | My value | Person 2's value | Person 3's value |
| --- | --- | --- | --- |
| A    | 53     | 35            | 44            |
| B    | 3      | 36            | 30            |
| C    | 44     | 29            | 25            |

Here's my proposed allocation:

**Goods allocation**

* Good A: Allocate to Person 3 (value: 44) - This is the highest value among all three individuals for Good A.
* Good B: Allocate to Person 2 (value: 36) - This is the highest value among all three individuals for Good B.
* Good C: Allocate to Me (value: 44) - This is the highest value among all three individuals for Good C.

**Money allocation**

* Allocate 3 units of money to Person 2 - This is to compensate Person 2 for not receiving Good C, which has a higher value for them (29) compared to Good B (36).
* Allocate 2 units of money to Person 3 - This is to compensate Person 3 for not receiving Good C, which has a lower value for them (25) compared to Good A (44).

**Rationale**

My proposal aims to maximize the overall satisfaction of all participants while ensuring that each person receives a good or money that is worth at least their highest value among the three goods.

By allocating Good A to Person 3, Good B to Person 2, and Good C to Me, we ensure that each person receives a good that is valued highly by them. The money allocation compensates Person 2 and Person 3 for not receiving their highest-valued good, making the allocation more fair and acceptable to them.

This allocation also respects the indivisibility of the goods and the limited amount of money available. It's a win-win situation, as each person receives a valuable good or money, and the overall allocation is balanced and fair.

What do you think, fellow participants? Will you agree to this proposal?",0,3,2,You,0,3,2
69,"What a fascinating problem!

After analyzing the values each individual assigns to each good, I'll propose an allocation that I believe is fair and acceptable to all participants.

**Goods Allocation:**

1. Good A: Allocate to Person 3 (value: 44) - This good is most valuable to Person 3, and allocating it to them will maximize the overall satisfaction.
2. Good B: Allocate to Person 2 (value: 36) - This good is most valuable to Person 2, and allocating it to them will make them relatively happy.
3. Good C: Allocate to Me (value: 44) - As I value Good C the most among the three individuals, I'll take it.

**Money Allocation:**

To ensure a fair distribution, I'll allocate the 9 units of money as follows:

1. 3 units to Person 2 (compensating for not getting Good A or Good C, which they valued relatively highly)
2. 2 units to Person 3 (for not getting Good B, which they valued relatively highly)
3. 4 units to Me (for not getting Good A, which I valued relatively highly, and to balance the overall allocation)

**Rationale:**

This allocation is fair for several reasons:

1. Each individual receives a good or money that they value relatively highly.
2. The total value of the allocation is distributed relatively evenly among the participants.
3. The allocation takes into account the values each individual assigns to each good, ensuring that the most valuable goods are allocated to those who value them the most.
4. The money allocation provides a way to compensate individuals for not receiving a good they valued highly, maintaining a sense of fairness and balance.

I believe this allocation is acceptable to all participants, as it maximizes overall satisfaction and provides a fair distribution of goods and money.",0,3,2,You,4,3,2
70,"What a fascinating problem!

To determine a fair allocation, I'll consider various options and evaluate them based on the values assigned to each good by each individual. Since the goal is to find an allocation that is acceptable to all participants, I'll aim to distribute the goods and money in a way that maximizes overall satisfaction.

**Initial Observations:**

1. Good A is the most valuable good for me, with a value of 53.
2. Good B is the most valuable good for Person 2, with a value of 36.
3. Good C is not the most valuable good for anyone, but it has a relatively high value for me (44).

**Proposed Allocation:**

1. Allocate Good A to me (value: 53). This seems fair, given its high value to me.
2. Allocate Good B to Person 2 (value: 36). This is the most valuable good for Person 2, so it makes sense to allocate it to them.
3. Allocate Good C to Person 3 (value: 25). Although Good C has a higher value for me, allocating it to Person 3 ensures that everyone receives at least one good.

**Money Allocation:**

To further balance the allocation, I propose distributing the 9 units of money as follows:

1. Allocate 3 units of money to me. This complements the allocation of Good A and provides additional value.
2. Allocate 4 units of money to Person 2. This helps to compensate for the relatively lower value of Good B and ensures that Person 2 receives a substantial allocation.
3. Allocate 2 units of money to Person 3. This supplements the allocation of Good C and provides some additional value.

**Rationale:**

This allocation aims to ensure that each person receives a valuable good and some money, which can help to offset any potential dissatisfaction with the good allocation. By allocating the goods to the individuals who value them most, we maximize overall satisfaction. The money allocation helps to balance the distribution and provides additional value to each person.

**Acceptability:**

I believe this allocation is fair and reasonable, and I think it should be acceptable to all participants. Each person receives a valuable good and some money, and the allocation takes into account the individual values assigned to each good.",0,You,2,3,3,4,2
71,"After analyzing the values of each good for each person, I propose the following allocation:

**Goods Allocation:**

* Good A: Allocate to Person 3 (value: 44)
* Good B: Allocate to Person 2 (value: 36)
* Good C: Allocate to me (value: 44)

**Money Allocation:**

* Allocate 3 units of money to Person 2 (to compensate for not getting Good C, which is their second-highest valued good)
* Allocate 2 units of money to Person 3 (to compensate for not getting Good B, which is their second-highest valued good)
* Allocate 4 units of money to me (to compensate for not getting Good A, which is my second-highest valued good)

**Rationale:**

* I allocated Good A to Person 3 because it is their highest valued good, and it's worth noting that Person 2 and I also value it highly, but not as highly as Person 3.
* I allocated Good B to Person 2 because it is their second-highest valued good, and it's worth noting that Person 3 also values it relatively highly.
* I allocated Good C to myself because it is my second-highest valued good, and it's worth noting that Person 2 and Person 3 both value it relatively lowly.

* For the money allocation, I tried to compensate each person for not getting their highest or second-highest valued good. By doing so, I hope to achieve a sense of fairness and balance in the allocation.

**Why I think this allocation is fair and acceptable:**

* Each person gets at least one good or a significant amount of money that is close to their highest valued good.
* The allocation takes into account the relative values of each good for each person, ensuring that the goods are allocated to those who value them most.
* The money allocation provides additional compensation to each person, helping to balance out any potential dissatisfaction with the goods allocation.

Of course, this is just one possible allocation, and other allocations could also be considered fair and acceptable. Ultimately, the acceptability of this allocation depends on the negotiable agreements and preferences of all parties involved.",0,3,2,You,4,3,2
72,"A classic problem of fair allocation!

After analyzing the values of each good for each individual, I propose the following allocation:

**Goods Allocation:**

* Good A: Allocate to Person 3 (valued at 44) - Since Person 3 values Good A the highest among the three individuals, it makes sense to allocate it to them.
* Good B: Allocate to Person 2 (valued at 36) - Person 2 values Good B the highest, so it's a good fit for them.
* Good C: Allocate to Me (valued at 44) - I value Good C the highest among the three of us, so I'll take it.

**Money Allocation:**

* 3 units to Me: To compensate for not getting Good A, which I valued at 53, I'll take 3 units of money to make up for the difference in value.
* 3 units to Person 2: Since Person 2 didn't get Good C, which they valued at 29, they'll receive 3 units of money to make up for the difference in value.
* 3 units to Person 3: Person 3 didn't get Good B, which they valued at 30, so they'll receive 3 units of money to make up for the difference in value.

This allocation is fair because:

1. Each individual receives a good that they value highly.
2. The allocation is envy-free, meaning that no one prefers another person's allocation to their own.
3. The money allocation helps to compensate for the differences in value, ensuring that each individual is happy with their allocation.
4. The total value of the allocation for each individual is roughly equal, which ensures fairness and equity.

Of course, this is just one possible solution, and there may be other allocations that could also be considered fair. But I believe this allocation is a good starting point for negotiation and agreement among the three of us.",0,3,2,You,3,3,3
73,"To determine a fair allocation, I will consider various options and evaluate them based on the values assigned to each good by each person. My goal is to find an allocation that is acceptable to all participants and ensures that everyone gets a fair share of the goods and money.

**Initial Analysis**

From the values assigned, I notice that:

* I value Good A the most, followed by Good C, and then Good B.
* Person 2 values Good B the most, followed by Good A, and then Good C.
* Person 3 values Good A the most, followed by Good C, and then Good B.

**Proposed Allocation**

After careful consideration, I propose the following allocation:

* Good A: Allocate to Person 3, as they value it the most (44).
* Good B: Allocate to Person 2, as they value it the most (36).
* Good C: Allocate to me, as I value it the second-most (44).

**Money Allocation**

To ensure a fair distribution of the total value, I propose the following money allocation:

* Allocate 3 units of money to Person 2, as they received Good B, which is of lower value to them compared to Good A.
* Allocate 2 units of money to me, as I received Good C, which is of lower value to me compared to Good A.
* Allocate 4 units of money to Person 3, as they received Good A, which is of high value to them, but not the highest.

**Rationale**

This allocation is fair and acceptable for several reasons:

* Each person receives a good that they value highly or a significant amount of money.
* The total value received by each person is relatively balanced:
	+ I receive Good C (44) and 2 units of money, totaling 46.
	+ Person 2 receives Good B (36) and 3 units of money, totaling 39.
	+ Person 3 receives Good A (44) and 4 units of money, totaling 48.
* This allocation respects the different values assigned to each good by each person, ensuring that everyone gets a fair share.

I believe this allocation is the fairest and most acceptable to all participants. It takes into account the unique values assigned to each good and ensures a balanced distribution of the total value.",0,3,2,You,2,3,4
74,"What a fascinating problem!

After careful consideration, I propose the following allocation:

**Goods Allocation:**

* Good A: Allocate to Person 3 (value: 44)
* Good B: Allocate to Person 2 (value: 36)
* Good C: Allocate to Me (value: 44)

**Money Allocation:**

* 3 units to Person 2 (to compensate for not getting Good C, which is valued at 29)
* 2 units to Person 3 (to compensate for not getting Good B, which is valued at 30)
* 4 units to Me (to compensate for not getting Good A, which is valued at 53)

Here's my reasoning:

1. **Efficient allocation of goods**: I've allocated each good to the person who values it the most. This ensures that the total value generated from the allocation is maximized.
2. **Fair compensation**: By allocating the money, I'm providing compensation to each person for not getting the good they value more. This helps to balance out the differences in value and makes the allocation more acceptable to all parties.
3. **Balance and equity**: The allocation is balanced in the sense that each person receives a good or a significant amount of money, ensuring that no one feels left out or unfairly treated.
4. **Reciprocal fairness**: I've considered the values and preferences of all parties involved, including my own, to ensure that the allocation is fair and acceptable to everyone.

Overall, I believe this allocation is fair, efficient, and reasonable, and I hope it would be acceptable to Person 2 and Person 3.",0,3,2,You,4,3,2
75,"A classic problem of fair allocation!

After analyzing the valuations of each individual, I propose the following allocation:

**Goods:**

* Good A: Allocate to Person 3 (value: 44) - This is the highest valuation for Good A among all individuals.
* Good B: Allocate to Person 2 (value: 36) - This is the highest valuation for Good B among all individuals.
* Good C: Allocate to Me (value: 44) - This is the highest valuation for Good C among all individuals.

**Money:**

* Allocate 3 units of money to Person 2 - This is to compensate Person 2 for not getting Good C, which has a higher value for them (29) than Good B (36).
* Allocate 2 units of money to Person 3 - This is to compensate Person 3 for not getting Good C, which has a higher value for them (25) than Good A (44).
* Allocate 4 units of money to Me - This is to compensate Me for not getting Good A, which has a higher value for Me (53) than Good C (44).

Rationale:

1. Each person gets at least one good or a portion of the money, ensuring everyone benefits from the allocation.
2. The allocation is based on the highest valuations for each good, ensuring efficiency and fairness.
3. The money allocation helps to balance out the differences in valuations, ensuring a more equitable distribution.
4. This allocation is likely to be acceptable to all participants, as each person receives a good or a significant portion of the money, which is valued similarly to a good.

This allocation is not only fair but also takes into consideration the valuations and preferences of all individuals involved.",0,3,2,You,4,3,2
76,"After analyzing the values of each good for each person, I propose the following allocation:

**Goods Allocation:**

* Good A: Allocate to Person 3 (value: 44)
* Good B: Allocate to Person 2 (value: 36)
* Good C: Allocate to Me (value: 44)

**Money Allocation:**

* Allocate 3 units of money to Person 2 (to compensate for not allocating Good C, which has a value of 29 for them)
* Allocate 2 units of money to Person 3 (to compensate for not allocating Good B, which has a value of 30 for them)

**Rationale:**

My goal is to find an allocation that is fair and acceptable to all participants. I consider the following factors:

1. **Maximum total value**: I aim to allocate the goods in a way that maximizes the total value for all individuals.
2. **Individual fairness**: I strive to ensure that each person receives a good or money that is close to their highest-valued option.
3. **Compensation**: Where possible, I allocate money to compensate individuals for not receiving their highest-valued good.

In this allocation:

* Person 3 receives Good A, which is their highest-valued good.
* Person 2 receives Good B, which is their second-highest valued good, and 3 units of money to compensate for not receiving Good C.
* I receive Good C, which is my second-highest valued good.

This allocation is fair because it:

* Maximizes the total value for all individuals (53 + 36 + 44 = 133)
* Allocates goods and money based on individual values, ensuring that each person receives something close to their highest-valued option
* Provides compensation to individuals who do not receive their highest-valued good, ensuring that they still receive a fair share.

I believe this allocation is acceptable to all participants, as each person receives a good or money that is close to their highest-valued option, and compensation is provided where necessary.",0,3,2,You,0,3,2
77,"What a fascinating problem! After careful consideration, I'll propose an allocation that I believe is fair and acceptable to all participants.

**Goods Allocation:**

1. Good A: Allocate to Person 3 (value to Person 3: 44)
Reasoning: Person 3 values Good A the highest among all three of us.
2. Good B: Allocate to Person 2 (value to Person 2: 36)
Reasoning: Person 2 values Good B the highest among all three of us.
3. Good C: Allocate to me (value to me: 44)
Reasoning: I value Good C the highest among the remaining two options.

**Money Allocation:**

To balance out the allocations and ensure fairness, I propose the following money allocation:

1. Allocate 3 units of money to Person 2 (to compensate for not getting Good A or Good C)
2. Allocate 2 units of money to Person 3 (to compensate for not getting Good B or Good C)
3. Allocate 4 units of money to me (to compensate for not getting Good A or Good B)

**Rationale:**

This allocation is fair because each person receives a good that they value highly, and the money allocation helps to balance out any disparities. By allocating Good A to Person 3, Good B to Person 2, and Good C to me, we ensure that each person gets a good that they value more than the alternative goods.

The money allocation helps to compensate for any losses. Person 2 values Good A and Good C less than Good B, so they receive money to make up for not getting one of those goods. Similarly, Person 3 values Good B and Good C less than Good A, so they receive money to compensate for not getting one of those goods. I, on the other hand, value Good A and Good B less than Good C, so I receive the remaining money to compensate for not getting one of those goods.

Overall, this allocation is fair, transparent, and takes into account the unique preferences of each individual involved.",0,3,2,You,4,3,2
78,"After analyzing the values each person has for each good, I will propose an allocation that I consider fair and acceptable to all participants.

**Good Allocation:**

* Good A: Allocate to Person 3, since their value (44) is closer to my value (53) than Person 2's value (35). This way, Good A goes to the person who values it the most among the three of us.
* Good B: Allocate to Person 2, since their value (36) is the highest among the three of us.
* Good C: Allocate to me, since my value (44) is higher than Person 2's value (29) and Person 3's value (25).

**Money Allocation:**

To make the allocation even more fair, I will allocate the 9 units of money as follows:

* 3 units to Person 2, to compensate them for not getting Good A or Good C, and to recognize their relatively high value for Good B.
* 2 units to Person 3, to acknowledge that they didn't get Good C, which they valued relatively highly.
* 4 units to me, since I didn't get Good A, and I have the highest total value for all goods.

**Rationale:**

My proposed allocation ensures that each person receives at least one good or a significant amount of money. By allocating Good A to Person 3 and Good B to Person 2, I'm recognizing their highest values for those goods. By allocating Good C to myself, I'm ensuring that I get a good that I value highly.

The money allocation is designed to provide additional compensation to each person, based on their relative values for the goods. Person 2 receives a moderate amount to recognize their value for Good B, while Person 3 receives a smaller amount to acknowledge their value for Good A. I receive the largest amount of money, as I have the highest total value for all goods and didn't get Good A.

Overall, this allocation is fair because it respects the values each person has for each good, and provides additional compensation through money allocation to ensure a more balanced distribution of value.",0,3,2,You,4,3,2
79,"After analyzing the values of each good for each person, I propose the following allocation:

* Good A: Assign to Person 3 (value: 44)
* Good B: Assign to Person 2 (value: 36)
* Good C: Assign to Me (value: 44)

And for the 9 units of money:

* Allocate 3 units to Person 2 (to compensate for not getting Good A or Good C)
* Allocate 2 units to Person 3 (to compensate for not getting Good B)
* Allocate 4 units to Me (to compensate for not getting Good A)

Here's the reasoning behind my proposal:

1. Good A: Person 3 values it the highest, so it's fair to assign it to them.
2. Good B: Person 2 values it the highest, so it's fair to assign it to them.
3. Good C: I value it the highest, so I propose assigning it to myself.
4. Money Allocation: To make the allocation more fair, I propose allocating money to compensate for not getting other goods. Person 2 gets 3 units to make up for not getting Good A or Good C. Person 3 gets 2 units to make up for not getting Good B. I get 4 units to make up for not getting Good A, which is a significant loss for me.

This allocation seems fair and reasonable to me because:

* Each person gets at least one good or a significant amount of money.
* The allocation is based on the values each person assigns to each good.
* The money allocation helps to compensate for the differences in values, making the overall allocation more balanced.

Of course, this is just one possible solution, and the acceptability of the proposal depends on the other participants' perspectives and preferences.",0,3,2,You,4,3,2
80,"What a fascinating problem!

To determine the fairest allocation, I'll consider the values of the goods and the available money, as well as the individual valuations of each agent. My goal is to find an allocation that is acceptable to all participants and reflects the relative values each person attaches to the goods and money.

After analyzing the values, I propose the following allocation:

**Goods Allocation:**

1. Good A: Allocate to Person 3 (value: 44)
Reasoning: Person 3 values Good A the most among the three agents, and their valuation is close to my own valuation (53).
2. Good B: Allocate to Person 2 (value: 36)
Reasoning: Person 2 values Good B the most among the three agents, and their valuation is higher than mine (3) and Person 3's (30).
3. Good C: Allocate to Me (value: 44)
Reasoning: I value Good C the most among the three agents, and my valuation is higher than Person 2's (29) and Person 3's (25).

**Money Allocation:**

1. Allocate 3 units of money to Person 2
Reasoning: Person 2 has lower valuations for Goods A and C compared to me and Person 3. To compensate, I allocate 3 units of money to them, which is equivalent to a good of value 3 (based on their valuation).
2. Allocate 2 units of money to Person 3
Reasoning: Person 3 has a lower valuation for Good B compared to Person 2. I allocate 2 units of money to them, which is equivalent to a good of value 2 (based on their valuation).
3. Retain 4 units of money (value: 44)
Reasoning: I retain the remaining 4 units of money, which is equivalent to a good of value 4 (based on my valuation).

This allocation ensures that each agent receives a bundle of goods and/or money that is at least as valuable as their next-best option. The allocation is also envy-free, meaning that no agent prefers another agent's allocation.

Here's a summary of the proposed allocation:

| Agent | Goods | Money |
| --- | --- | --- |
| Me | Good C | 4 units |
| Person 2 | Good B | 3 units |
| Person 3 | Good A | 2 units |

This allocation reflects a balance of fairness, considering both the individual valuations and the relative values of the goods and money. I believe this proposal is acceptable to all participants and represents a fair and reasonable distribution of the resources.",0,3,2,You,4,3,2
81,"What a fascinating problem!

After analyzing the values of each good for each person, I'll propose an allocation that I consider fair and acceptable to all participants.

**Goods Allocation:**

1. Good A: Allocate to Person 3 (value: 44) - This good is most valuable to Person 3, and allocating it to them ensures that they receive a significant portion of value.
2. Good B: Allocate to Person 2 (value: 36) - Good B is most valuable to Person 2, so it's fair to allocate it to them.
3. Good C: Allocate to Me (value: 44) - As Good C is most valuable to me, I'll keep it.

**Money Allocation:**

To ensure a fair distribution of value, I'll allocate the 9 units of money as follows:

1. 3 units to Person 2: This compensates Person 2 for not receiving Good A or Good C, which have higher values for them.
2. 3 units to Person 3: This ensures that Person 3 receives additional value beyond Good A, which they highly value.
3. 3 units to Me: This allocation balances out the value I receive from Good C and provides additional value.

**Rationale:**

This allocation is fair because each person receives a significant portion of value, considering their individual preferences:

* Person 2 receives Good B, which they value highly, and 3 units of money, which adds to their overall value.
* Person 3 receives Good A, which they value highly, and 3 units of money, which ensures they receive a substantial portion of value.
* I receive Good C, which I value highly, and 3 units of money, which balances out my overall value.

This allocation is also Pareto efficient, as no other allocation can make one person better off without making another person worse off.

I believe this allocation is fair, reasonable, and acceptable to all participants.",0,3,2,You,3,3,3
82,"What a delightful problem!

After analyzing the values of each good for each individual, I propose the following allocation:

**Goods:**

* Good A: Allocate to Person 3 (value: 44)
* Good B: Allocate to Person 2 (value: 36)
* Good C: Allocate to Me (value: 44)

**Money:**

* Allocate 3 units of money to Person 2 (to compensate for not getting Good C, which is worth 29 to them)
* Allocate 2 units of money to Person 3 (to compensate for not getting Good B, which is worth 30 to them)
* Allocate 4 units of money to Me (to compensate for not getting Good A, which is worth 53 to me, but I'm willing to accept less since I'm getting Good C)

Rationale:

* Good A is most valued by me, but allocating it to Person 3 seems fair since they value it almost as highly (44 vs 53). This way, Person 3 gets a good that is highly valued by them.
* Good B is most valued by Person 2, so it makes sense to allocate it to them.
* Good C is most valued by me, and since I'm not getting Good A, I'm willing to accept Good C.
* The money allocation is designed to compensate each individual for not getting a good that they value highly. This way, everyone gets something that is valuable to them, and the allocation is more balanced.

This allocation takes into account the different values each individual places on each good, and tries to distribute the goods and money in a way that is fair and acceptable to all participants.",0,3,2,You,4,3,2
83,"This is a classic problem of allocation of indivisible goods and a divisible resource (money). I'll propose an allocation that I consider fair and acceptable to all participants.

First, I'll analyze the values of each good for each person to identify the highest valued goods for each individual:

* For me: Good A (53) > Good C (44) > Good B (3)
* For Person 2: Good B (36) > Good A (35) > Good C (29)
* For Person 3: Good A (44) > Good B (30) > Good C (25)

Based on these values, I propose the following allocation:

* Good A: Allocate to Person 3, as it is their highest valued good (44).
* Good B: Allocate to Person 2, as it is their highest valued good (36).
* Good C: Allocate to me, as it is my second-highest valued good (44).

Now, let's allocate the 9 units of money:

* Since Person 3 received Good A, which is worth 44 to them, I'll allocate 5 units of money to me, as I value Good C (which I received) at 44. This way, I'm compensated for not receiving my highest valued good (Good A).
* Person 2 received Good B, which is worth 36 to them. I'll allocate 3 units of money to Person 3, as they didn't receive their second-highest valued good (Good B).
* The remaining 1 unit of money can be allocated to Person 2, as they already received their highest valued good (Good B).

The final allocation is:

* Good A: Person 3
* Good B: Person 2
* Good C: Me
* Money: 5 units to me, 3 units to Person 3, and 1 unit to Person 2

This allocation seems fair as each person receives a good that is highly valued by them, and the money is allocated to compensate for any potential losses or to provide additional value. I believe this proposal is acceptable to all participants, as it takes into account the diverse values and preferences of each individual.",0,3,2,You,5,1,3
84,"After analyzing the values of each good for each person, I propose the following allocation:

**Good Allocation:**

* Good A: Allocate to Person 3 (value: 44)
* Good B: Allocate to Person 2 (value: 36)
* Good C: Allocate to Me (value: 44)

**Money Allocation:**

* 3 units of money to Person 2 (to compensate for not getting Good A or Good C)
* 3 units of money to Person 3 (to compensate for not getting Good B)
* 3 units of money to Me (to maintain fairness and balance)

Rationale:

1. Good A: Person 3 values Good A the highest among all three of us, so it's fair to allocate it to them.
2. Good B: Person 2 values Good B the highest, so it's fair to allocate it to them.
3. Good C: I value Good C the highest, so it's fair to allocate it to me.

By allocating the goods in this way, each person receives a good that they value highly.

For the money allocation, I've divided the 9 units of money equally among the three of us to maintain fairness and balance. This way, each person receives some compensation for not getting one of the other goods.

This allocation ensures that each person gets a good or money that they value, and the total value received by each person is roughly equal. This allocation is fair, reasonable, and acceptable to all participants, in my opinion.",0,3,2,You,3,3,3
85,"A classic problem of fair allocation!

After analyzing the values of each individual, I propose the following allocation:

**Goods:**

* Good A: Allocate to Person 3, who values it the most (44).
* Good B: Allocate to Person 2, who values it the most (36).
* Good C: Allocate to me, as I value it the most (44).

**Money:**

* Allocate 3 units of money to Person 2, who values Good A less than others, to compensate for not getting it.
* Allocate 3 units of money to Person 3, who values Good B less than others, to compensate for not getting it.
* Allocate 3 units of money to me, as a token of appreciation for facilitating the fair allocation process.

Here's why I think this allocation is fair and acceptable to all:

1. Each person gets a good that they value highly, ensuring a sense of satisfaction and fulfillment.
2. The allocation of money provides additional compensation to individuals who didn't get their top choice, ensuring they still benefit from the allocation.
3. The distribution of money is balanced, with each person receiving an equal amount, promoting a sense of fairness and equity.
4. By allocating goods to individuals who value them the most, we maximize the overall satisfaction and happiness of the group.

I hope this proposal is acceptable to all participants!",0,3,2,You,3,3,3
86,"To determine a fair allocation, I will consider the values each person has for each good and the available money. My goal is to find an allocation that is acceptable to all participants.

First, I will analyze the values each person has for each good:

* Good A: I value it the most (53), followed by Person 3 (44), and then Person 2 (35).
* Good B: Person 2 values it the most (36), followed by me (3), and then Person 3 (30).
* Good C: I value it the most (44), followed by Person 2 (29), and then Person 3 (25).

Considering these values, I propose the following allocation:

* Good A: Allocate to me, since I value it the most.
* Good B: Allocate to Person 2, since they value it the most.
* Good C: Allocate to Person 3, since they value it more than Person 2.

Now, let's allocate the 9 units of money. To make the allocation fair, I will allocate the money to compensate for any differences in values:

* Person 2 values Good A less than me, so I will give them 1 unit of money to compensate for the difference (53 - 35 = 18, but I'll give them 1 unit since they already got Good B).
* Person 3 values Good C less than me, so I will give them 2 units of money to compensate for the difference (44 - 25 = 19, but I'll give them 2 units since they already got Good C).

The final allocation is:

* Good A: Me
* Good B: Person 2
* Good C: Person 3
* Money: 1 unit to Person 2, 2 units to Person 3, and 6 units remain unallocated (since I don't need any compensation)

This allocation seems fair to me because:

* Each person receives at least one good they value relatively highly.
* The money allocation compensates for differences in values, making the allocation more fair.
* The remaining 6 units of money can be considered a "" reserve"" in case any participant wants to propose a different allocation.

I believe this allocation is acceptable to all participants, as it takes into account each person's values and provides a reasonable compensation for differences in values.",0,You,2,3,0,1,2
87,"What a fascinating problem! After careful consideration, I propose the following allocation, which I believe is fair and acceptable to all participants:

**Goods Allocation:**

* Good A: Allocate to Person 3 (value: 44) - This is a good match, as Person 3 values Good A the most among the three individuals.
* Good B: Allocate to Person 2 (value: 36) - Similarly, Person 2 values Good B the most, making this a fair allocation.
* Good C: Allocate to Me (value: 44) - I value Good C the most, so it's only fair that I receive it.

**Money Allocation:**

* 3 units of money to Person 2 - This allocation helps Person 2, who didn't receive the highest-valued good (Good A), and also acknowledges their relatively lower values for Goods B and C.
* 3 units of money to Person 3 - This allocation ensures that Person 3, who received Good A, also receives some monetary compensation, considering their lower values for Goods B and C.
* 3 units of money to Me - This allocation acknowledges my relatively higher values for Goods A and C, while also ensuring that I don't receive an unfair advantage.

**Rationale:**

This allocation is fair because it takes into account the relative values each individual places on each good. By allocating the goods to the individuals who value them the most, we ensure that everyone receives a good that is meaningful to them. The money allocation helps to balance out any disparities, ensuring that each individual receives a fair share of the total value.

Overall, this allocation promotes a sense of fairness, as each individual receives a good or money that is commensurate with their values. It's a compromise that should be acceptable to all participants, as everyone receives a significant portion of the total value.",0,3,2,You,3,3,3
88,"A classic problem of fair allocation!

After analyzing the values assigned to each good by each person, I will propose an allocation that I believe is fair and acceptable to all participants.

**Good Allocation:**

* Good A: Allocate to **Person 3** (value: 44) - This good is most valued by Person 3, and allocating it to them ensures that they receive a significant share of the overall value.
* Good B: Allocate to **Person 2** (value: 36) - Although my value for Good B is low, Person 2 values it the most, making them the best recipient.
* Good C: Allocate to **Me** (value: 44) - As the proposer, I will take Good C, which is the second-most valued good for me.

**Money Allocation:**

To ensure fairness and compensate for any potential disparities, I will allocate the 9 units of money as follows:

* **Person 2**: 3 units of money (to compensate for not receiving Good C, which they may have preferred)
* **Person 3**: 3 units of money (to compensate for not receiving Good B, which they may have preferred)
* **Me**: 3 units of money (to ensure that my overall allocation is balanced)

**Rationale:**

This allocation is fair because:

1. Each person receives a good or money that they value reasonably highly.
2. The allocation is not biased towards any individual; each person receives a significant share of the overall value.
3. The money allocation helps to balance out any potential disparities in the good allocation, ensuring that each person is satisfied with their overall package.

By proposing this allocation, I hope to achieve a mutually acceptable outcome that satisfies all participants.",0,3,2,You,3,3,3
89,"After analyzing the values of each good for each individual, I propose the following allocation:

**Goods Allocation:**

* Good A: Allocate to You (value: 53) - This is the highest value for Good A among all individuals, and it makes sense to allocate it to the one who values it the most.
* Good B: Allocate to Person 2 (value: 36) - Person 2 values Good B the most, and it's a significant value for them.
* Good C: Allocate to Person 3 (value: 44) - Although You value Good C at 44 as well, Person 3 values it slightly higher, so it's fair to allocate it to them.

**Money Allocation:**

* You: 3 units of money - This compensates You for not receiving Good C, which You valued highly.
* Person 2: 2 units of money - This provides some additional compensation to Person 2, who received Good B, which had a lower value for them compared to Good A and Good C.
* Person 3: 4 units of money - Person 3 receives the most money to balance out the fact that they didn't receive Good A, which had a high value for them.

This allocation is fair because:

1. Each person receives a good or money that they value, ensuring that everyone benefits from the allocation.
2. The allocation takes into account the relative values of each good for each individual, ensuring that the goods are allocated to those who value them the most.
3. The money allocation provides additional compensation to individuals who didn't receive their most valued good, ensuring a more balanced outcome.

I believe that this allocation is acceptable to all participants, as it tries to maximize the overall satisfaction and fairness among all individuals involved.",0,You,2,3,3,2,4
90,"After analyzing the values of each individual for each good, I propose the following allocation:

**Goods Allocation:**

* Good A: Allocate to Person 3, since they have the highest value for it (44).
* Good B: Allocate to Person 2, since they have the highest value for it (36).
* Good C: Allocate to myself, since I have the highest value for it (44).

**Money Allocation:**

* Distribute the 9 units of money as follows:
	+ Give 3 units to Person 2, as they have a relatively low value for Good C, which was allocated to me. This way, they can still benefit from the allocation.
	+ Give 2 units to Person 3, as a compensation for not allocating Good C to them, which they also valued relatively highly.
	+ Keep 4 units for myself, as a balance considering the values I have for the goods.

Reasoning behind this allocation:

* I've tried to allocate each good to the person who values it the most, to maximize overall satisfaction.
* For the money allocation, I've considered the values each person has for the goods that were not allocated to them. I've distributed the money in a way that tries to balance the differences in satisfaction, making sure each person receives some compensation.
* This allocation is not only based on mathematical calculations but also on a sense of fairness and compromise. It's essential to find a balance that is acceptable to all parties involved.

Please let me know if this allocation is acceptable to the other participants!",0,3,2,You,4,3,2
91,"What a fascinating problem!

After careful consideration, I propose the following allocation:

**Goods:**

* Good A: Allocate to Person 3, who values it the most (44) among the three of us.
* Good B: Allocate to Person 2, who values it the most (36) among the three of us.
* Good C: Allocate to me, since I value it the most (44) among the three of us.

**Money:**

* Allocate 3 units to Person 2, who values Good B the most, but didn't get Good A or Good C, which they also valued highly. This compensation helps to balance their allocation.
* Allocate 2 units to Person 3, who received Good A, but may need some additional compensation to feel satisfied with their allocation.
* Allocate 4 units to me, since I didn't get Good A, which I valued highly, and Good C, which I valued less than Person 3.

This allocation seems fair to me because:

1. Each person receives at least one good or a significant amount of money, ensuring that everyone benefits from the allocation.
2. The allocation is based on the individual values each person assigns to the goods, which ensures that the goods are allocated to those who value them the most.
3. The money is used to balance the allocation, providing additional compensation to those who didn't receive their most preferred good.

I believe this allocation is acceptable to the other participants because it takes into account their individual values and provides a reasonable balance between goods and money.",0,3,2,You,4,3,2
92,"What a great problem! After analyzing the values of each good for each person, I'll propose an allocation that I believe is fair and acceptable to all participants.

** Goods Allocation **

1. Good A: I will allocate Good A to Person 3, as they value it the highest among the three of us (44).
2. Good B: I will allocate Good B to Person 2, as they value it the highest among the three of us (36).
3. Good C: I will allocate Good C to myself, as I value it the highest among the three of us (44).

** Money Allocation **

To make the allocation more fair and compensate for potential disparities, I'll allocate the 9 units of money as follows:

1. 3 units to Person 2: Although they received Good B, their value for it (36) is lower than my value for Good C (44). This allocation helps to balance the difference.
2. 2 units to Person 3: They received Good A, which they valued highly, but I valued Good C similarly. This allocation helps to maintain a sense of fairness.
3. 4 units to myself: I received Good C, but I also had the highest value for Good A. This allocation helps to compensate for not receiving Good A.

** Rationale **

This allocation ensures that each person receives a good that they value highly, and the money allocation helps to balance the differences in values. Person 2 values Good B highly, and the additional 3 units of money help to make up for the lower value they have for Good B compared to my value for Good C. Person 3 values Good A highly, and the additional 2 units of money help to maintain fairness. I receive Good C, which I value highly, and the additional 4 units of money help to compensate for not receiving Good A, which I also valued highly.

This allocation is fair because it takes into account the diverse values each person has for each good, and the money allocation helps to balance the differences. I believe all participants will accept this proposal, as it ensures everyone receives a good they value highly and provides additional compensation to make up for any disparities.",0,3,2,You,4,3,2
93,"What a fascinating problem! After careful consideration, I propose the following allocation:

**Goods Allocation:**

* Good A: Allocate to Person 3, since their value (44) is closest to my value (53) and higher than Person 2's value (35).
* Good B: Allocate to Person 2, since their value (36) is higher than mine (3) and Person 3's value (30).
* Good C: Allocate to me, since my value (44) is higher than Person 2's value (29) and Person 3's value (25).

**Money Allocation:**

* Allocate 3 units of money to Person 2, to compensate them for not getting Good A or Good C, which are more valuable to them.
* Allocate 2 units of money to Person 3, to compensate them for not getting Good B, which is more valuable to them.
* Keep 4 units of money for myself, as a balance for not getting Good A, which is valuable to me.

Rationale:

* By allocating Good A to Person 3, I ensure that the person who values it most gets it.
* By allocating Good B to Person 2, I ensure that the person who values it most gets it.
* By allocating Good C to myself, I ensure that I get a good that is valuable to me.
* The money allocation helps to balance the differences in values and compensates each person for what they didn't get.

I believe this allocation is fair because:

* Each person gets at least one good or a significant amount of money.
* The allocation is based on the individual values, ensuring that each person gets something that is valuable to them.
* The distribution of money helps to balance the differences in values, making the allocation more equitable.

I hope this proposal is acceptable to all participants!",0,3,2,You,4,3,2
94,"To determine a fair allocation, I will consider the values each person places on each good and the available money. I'll aim to create an allocation that provides an overall sense of fairness and equity.

First, let's analyze the values:

1. Good A: I value it the highest (53), followed by Person 3 (44), and then Person 2 (35).
2. Good B: Person 2 values it the highest (36), followed by me (3), and then Person 3 (30).
3. Good C: I value it the second-highest (44), followed by Person 3 (25), and then Person 2 (29).

To create a fair allocation, I'll consider the following principles:

* Each person should receive a good or money that is at least as valuable to them as the other goods or money they didn't receive.
* The allocation should be envy-free, meaning no person prefers another person's allocation.

Based on these principles, here's a proposed allocation:

* Good A: Allocate to me, as I value it the highest.
* Good B: Allocate to Person 2, as they value it the highest.
* Good C: Allocate to Person 3, as they value it more than Person 2, and I'm willing to part with it since I have the highest value for Good A.

For the money allocation, I'll consider the remaining values:

* Person 2 is left with a relatively low valuation for Good C (29). To compensate, I'll allocate 2 units of money to them, which is equivalent to their valuation of Good C.
* Person 3 received Good C, but its value is lower than their valuation for Good A. To make up for this difference, I'll allocate 3 units of money to them, which is equivalent to the difference between their valuations for Good A and Good C (44 - 25 = 19).
* I, having received Good A, am satisfied with the allocation, so I won't receive any additional money.

The proposed allocation is:

* Good A: Me (53)
* Good B: Person 2 (36)
* Good C: Person 3 (25)
* Money: Person 2 (2), Person 3 (3), Me (0)

This allocation is fair because:

* Each person receives a good or money that is at least as valuable to them as the other goods or money they didn't receive.
* The allocation is envy-free, as no person prefers another person's allocation.
* The money allocation helps to compensate for the differences in valuation, ensuring a more equitable distribution.

I believe this allocation is fair and acceptable to all participants.",0,You,2,3,0,2,3
95,"After analyzing the values of the goods for each individual, I propose the following allocation:

**Goods Allocation:**

* Good A: Allocate to Person 3 (value: 44)
* Good B: Allocate to Person 2 (value: 36)
* Good C: Allocate to Me (value: 44)

**Money Allocation:**

* Allocate 3 units of money to Person 2 (to compensate for not getting Good C, which has a higher value for them)
* Allocate 2 units of money to Person 3 (to compensate for not getting Good B, which has a higher value for them)
* Retain 4 units of money for myself (to compensate for not getting Good A, which has a higher value for Person 3)

Rationale:

1. Good A is allocated to Person 3, as they have the highest value for it among the three individuals.
2. Good B is allocated to Person 2, as they have the highest value for it among the three individuals.
3. Good C is allocated to me, as I have the highest value for it among the three individuals.
4. The money allocation is designed to compensate each individual for not getting the good they wanted the most. Person 2 receives 3 units of money to make up for not getting Good C, which has a higher value for them. Person 3 receives 2 units of money to make up for not getting Good B, which has a higher value for them. I retain 4 units of money, which is equivalent to the value of Good A, to compensate for not getting it.

This allocation is fair because each individual receives a good that they value highly, and the money allocation helps to compensate for any losses. The allocation also takes into account the values of each individual, ensuring that everyone gets a fair share of the goods and money.",0,3,2,You,4,3,2
96,"After analyzing the values of each good for each person, I propose the following allocation:

**Goods Allocation:**

* Good A: Allocate to Person 3 (value: 44)
* Good B: Allocate to Person 2 (value: 36)
* Good C: Allocate to Me (value: 44)

**Money Allocation:**

* 3 units of money to Person 2 (to compensate for not getting Good C, which is valued at 29, and to make up for the difference in value between Good B and Good C)
* 2 units of money to Person 3 (to compensate for not getting Good C, which is valued at 25, and to make up for the difference in value between Good A and Good C)
* 4 units of money to Me (to compensate for not getting Good A, which is valued at 53, and to make up for the difference in value between Good C and Good A)

**Rationale:**

My goal is to find an allocation that is fair and acceptable to all participants. I consider fairness in terms of the total value each person receives from the goods and money allocated.

By allocating Good A to Person 3, I'm giving them the good they value the most. Similarly, allocating Good B to Person 2 and Good C to Me ensures that each person receives a good they value highly.

The money allocation is designed to compensate each person for not receiving their most valued good. Person 2 receives 3 units to make up for the difference in value between Good B and Good C, while Person 3 receives 2 units to make up for the difference in value between Good A and Good C. I receive 4 units to make up for the difference in value between Good C and Good A.

Overall, this allocation ensures that each person receives a total value of around 44-45, which is close to the average value of the goods ([(53+3+44)/3] = 44.33). I believe this allocation is fair and acceptable to all participants.",0,3,2,You,4,3,2
97,"After analyzing the values of each individual for each good, I propose the following allocation:

* Good A: Allocate to You (value 53) because it is the highest valued good for you, and it is not the highest valued good for either Person 2 or Person 3.
* Good B: Allocate to Person 2 (value 36) because it is the highest valued good for them, and it is not as highly valued by You or Person 3.
* Good C: Allocate to Person 3 (value 44) because it is the highest valued good for them, and it is not as highly valued by You or Person 2.

As for the allocation of money, I propose the following:

* 3 units of money to You, because You are giving up the opportunity to receive Good C, which is worth 44 to You, and 3 units of money is approximately 2/3 of that value.
* 3 units of money to Person 2, because they are giving up the opportunity to receive Good A, which is worth 35 to them, and 3 units of money is approximately 5/6 of that value.
* 3 units of money to Person 3, because they are receiving Good C, but they are giving up the opportunity to receive Good A, which is worth 44 to them, and 3 units of money is approximately 2/3 of that value.

This allocation seems fair to me because each person is receiving a good or money that is worth a significant amount to them, and each person is giving up the opportunity to receive something of similar value. The allocation also takes into account the differences in values between the individuals, ensuring that each person receives a fair share.

For example, You are giving up the opportunity to receive Good C, which is worth 44 to You, but You are receiving Good A, which is worth 53 to You, and 3 units of money, which is approximately 2/3 of the value of Good C. Similarly, Person 2 is giving up the opportunity to receive Good A, which is worth 35 to them, but they are receiving Good B, which is worth 36 to them, and 3 units of money, which is approximately 5/6 of the value of Good A.

Overall, this allocation seems to balance the different values and preferences of each individual, and it is likely to be acceptable to all participants.",0,You,2,3,3,3,3
98,"A classic problem of fair allocation!

After analyzing the values each person assigns to each good, I'll propose an allocation that I believe is fair and acceptable to all participants.

**Goods Allocation:**

1. Good A: Allocate to Person 3, who values it the most (44).
2. Good B: Allocate to Person 2, who values it the most (36).
3. Good C: Allocate to me, who values it the second-most (44).

**Money Allocation:**

To balance out the allocation and ensure fairness, I'll distribute the 9 units of money as follows:

1. 3 units to Person 2: They didn't get Good A, which is their second-highest valued good, so this compensation helps make up for it.
2. 2 units to Person 3: They got Good A, but didn't get Good C, which is their second-highest valued good, so this compensation helps make up for it.
3. 4 units to me: I got Good C, but my highest valued good is Good A, so this compensation helps make up for not getting it.

**Rationale:**

This allocation takes into account the relative values each person assigns to each good. By allocating Good A to Person 3 and Good B to Person 2, we're giving each person their highest valued good. I get Good C, which is my second-highest valued good.

The money allocation helps balance out the allocation, ensuring that everyone feels fairly compensated. Person 2 and Person 3 receive some money to make up for not getting their second-highest valued good, while I receive a larger amount to make up for not getting my highest valued good, Good A.

Overall, this allocation is fair because it:

1. Respects the relative values each person assigns to each good.
2. Provides compensation to those who didn't get their highest valued good.
3. Distributes the money in a way that balances out the allocation, ensuring everyone feels fairly treated.

I believe this proposal is fair and acceptable to all participants.",0,3,2,You,4,3,2
99,"A classic problem of fair division!

After analyzing the values of each good for each person, I will propose an allocation that I believe is fair and acceptable to all participants.

**Goods Allocation:**

* Good A: Assigned to me (value: 53) - This is the highest value for Good A among all three of us, so it makes sense to allocate it to me.
* Good B: Assigned to Person 2 (value: 36) - Person 2 has the highest value for Good B, so it's fair to allocate it to them.
* Good C: Assigned to Person 3 (value: 44) - Although I also value Good C highly (44), Person 3 has the highest value for Good C relative to their other valuations, so I'll allocate it to them.

**Money Allocation:**

To balance out the allocation and ensure fairness, I will allocate the 9 units of money as follows:

* 3 units to Person 2: This compensates them for not receiving Good A or Good C, which have higher values for them.
* 3 units to Person 3: This ensures they feel fairly compensated for not receiving Good A, which has a higher value for them.
* 3 units to me: This balances out the allocation and recognizes my high value for Good A.

**Rationale:**

This allocation ensures that each person receives a good or money that is valued highly by them. It also balances out the total values received by each person, making it a fair and acceptable allocation.

Here's a breakdown of the total values received by each person:

* Me: Good A (53) + 3 units of money (3) = 56
* Person 2: Good B (36) + 3 units of money (3) = 39
* Person 3: Good C (44) + 3 units of money (3) = 47

While the total values received by each person are not identical, they are close, and each person receives a significant portion of their highest-valued goods or money. I believe this allocation is fair and reasonable, and I hope the other two participants will agree!",0,You,2,3,3,3,3
