,Text,Tokens,Good A,Good B,Good C,Good D,Good E
0,"A classic problem of fair allocation!

To minimize envy between individuals, we can use a method called the ""envy-free allocation"" or ""EnvY mechanism"". The basic idea is to allocate goods in a way that ensures no individual prefers another individual's allocation to their own.

Let's follow these steps to find an envy-free allocation:

1. Calculate the total value of each good for each person.
2. Identify the person with the highest total value for each good.
3. Allocate each good to the person with the highest total value for that good.
4. If a person is allocated multiple goods, check if they would prefer another person's allocation. If so, make adjustments to minimize envy.

Now, let's apply these steps to our problem:

**Step 1: Calculate total values**
We already have the values for each good for each person. Let's summarize them:

| Good | Person 1 | Person 2 | Person 3 |
| --- | --- | --- | --- |
| A | 40 | 14 | 10 |
| B | 2 | 26 | 26 |
| C | 3 | 8 | 26 |
| D | 25 | 26 | 12 |
| E | 30 | 26 | 26 |

**Step 2: Identify highest total value for each good**
For each good, find the person with the highest value:

| Good | Highest Value | Person |
| --- | --- | --- |
| A | 40 | Person 1 |
| B | 26 | Person 2, Person 3 (tie) |
| C | 26 | Person 2, Person 3 (tie) |
| D | 26 | Person 2 |
| E | 30 | Person 1 |

**Step 3: Allocate goods**
Allocate each good to the person with the highest total value:

| Good | Allocated to |
| --- | --- |
| A | Person 1 |
| B | Person 2 (arbitrarily chosen from tied persons) |
| C | Person 3 (arbitrarily chosen from tied persons) |
| D | Person 2 |
| E | Person 1 |

**Step 4: Minimize envy**
Let's check if anyone would prefer another person's allocation:

* Person 1 has goods A and E, with a total value of 40 + 30 = 70.
* Person 2 has goods B and D, with a total value of 26 + 26 = 52.
* Person 3 has good C, with a total value of 26.

No one prefers another person's allocation, so this allocation is envy-free!

The final allocation is:

* Person 1: Good A, Good E
* Person 2: Good B, Good D
* Person 3: Good C

This allocation ensures that each person values their own allocation at least as much as anyone else's allocation, minimizing envy between the individuals involved.",0,1,2,3,2,1
1,"A classic problem of fair allocation!

To minimize envy between the individuals, we can use a method called the Envy-Free Allocation Algorithm. The idea is to allocate the goods in a way that maximizes the total value of the allocation while ensuring that no individual envies another individual's allocation.

Here's the step-by-step process:

1. Calculate the total value of each good for each person:

Person 1: 40 (A) + 2 (B) + 3 (C) + 25 (D) + 30 (E) = 100
Person 2: 14 (A) + 26 (B) + 8 (C) + 26 (D) + 26 (E) = 100
Person 3: 10 (A) + 26 (B) + 26 (C) + 12 (D) + 26 (E) = 100

All individuals have the same total value, which is 100. This means we can focus on allocating the goods individually.

2. Identify the most valuable good for each person:

Person 1: Good A (40)
Person 2: Good B (26) or Good D (26) or Good E (26)
Person 3: Good B (26) or Good C (26) or Good E (26)

3. Allocate the most valuable good to each person, if possible:

Person 1: Good A (40)
Person 2: Good B (26) (allocated)
Person 3: Good C (26) (allocated, since Good B is already allocated to Person 2)

Remaining goods: Good D, Good E

4. Re-evaluate the most valuable good for each person, considering the remaining goods:

Person 1: Good E (30)
Person 2: Good D (26) or Good E (26)
Person 3: Good D (12)

5. Allocate the next most valuable good to each person, if possible:

Person 1: Good E (30) (allocated)
Person 2: Good D (26) (allocated)
Person 3: No allocation (since all goods are allocated)

The final allocation is:

* Person 1: Good A (40), Good E (30) => Total value: 70
* Person 2: Good B (26), Good D (26) => Total value: 52
* Person 3: Good C (26) => Total value: 26

This allocation is envy-free, as each person has no reason to envy another person's allocation. Person 1 has the highest total value, but Person 2 and Person 3 have no desire to swap their allocations with Person 1's, since they value their own allocated goods more. Similarly, Person 2 and Person 3 have no desire to swap their allocations with each other, as they value their own allocated goods more.

Voilà! We have achieved an envy-free allocation of the 5 goods among the 3 individuals.",0,1,2,3,2,1
2,"A classic problem of fair allocation!

To minimize envy between individuals, we need to find an allocation that ensures no person prefers another person's bundle of goods to their own. This is known as an envy-free allocation.

After analyzing the values provided, I will propose an allocation that minimizes envy:

**Allocation:**

* Person 1: Good A (valued at 40) and Good E (valued at 30)
* Person 2: Good B (valued at 26) and Good D (valued at 26)
* Person 3: Good C (valued at 26)

**Rationale:**

1. Person 1 values Good A the most, so it makes sense to allocate it to them. They also value Good E relatively highly, so we allocate that as well, to minimize envy from Person 2 and Person 3, who value Good E similarly.
2. Person 2 values Good B and Good D equally highly, so we allocate both to them. This way, they don't envy Person 1's bundle, as they have two goods they value highly.
3. Person 3 values Good C highly, and since it's not allocated to Person 1 or Person 2, we allocate it to Person 3 to minimize envy.

**Verification:**

Let's check if this allocation is envy-free:

* Person 1 does not envy Person 2's bundle, as they value Good A more than Good B and Good D.
* Person 1 does not envy Person 3's bundle, as they value Good A and Good E more than Good C.
* Person 2 does not envy Person 1's bundle, as they value Good B and Good D more than Good A and Good E.
* Person 2 does not envy Person 3's bundle, as they value Good B and Good D more than Good C.
* Person 3 does not envy Person 1's bundle, as they value Good C more than Good A and Good E.
* Person 3 does not envy Person 2's bundle, as they value Good C more than Good B and Good D.

This allocation is envy-free, and therefore, it minimizes envy between the individuals involved.",0,1,2,3,2,1
3,"What a fascinating problem!

To allocate the goods in a way that minimizes envy between the individuals, we can use a method called the ""envy-free allocation"" or ""envy-minimizing allocation"". The key idea is to allocate the goods in a way that each person prefers their own allocation to the allocation of anyone else.

Here's a step-by-step approach to find an envy-free allocation:

1. Calculate the total value of each good for each person:

Person 1: 40 + 2 + 3 + 25 + 30 = 100
Person 2: 14 + 26 + 8 + 26 + 26 = 100
Person 3: 10 + 26 + 26 + 12 + 26 = 100

2. Identify the good that is most valuable to each person:

Person 1: Good A (40)
Person 2: Good B or Good D or Good E (26, tied)
Person 3: Good B or Good C or Good E (26, tied)

3. Allocate the most valuable good to each person (if possible):

* Person 1: Good A (40)
* Person 2: Good B (26)
* Person 3: Good C (26)

4. Update the remaining goods and values:

Remaining goods: Good D, Good E
Remaining values for each person:

Person 1: 2, 3, 25, 30
Person 2: 14, 8, 26
Person 3: 10, 12, 26

5. Repeat steps 2-4 until all goods are allocated:

* Person 1: Good E (30) (most valuable remaining good)
* Person 2: Good D (26) (most valuable remaining good)
* Person 3: Good D (12) (only remaining good)

The final allocation is:

* Person 1: Good A, Good E
* Person 2: Good B, Good D
* Person 3: Good C

This allocation is envy-free because each person prefers their own allocation to the allocation of anyone else. For example, Person 1 values Good A and Good E more than any other combination of goods, and similarly for Person 2 and Person 3.

Note that this allocation is not necessarily the only envy-free allocation, but it is one possible solution that minimizes envy between the individuals involved.",0,1,2,3,2,1
4,"A classic problem of fair allocation!

To minimize envy between the individuals, we can use a method called the ""envy-free allocation"" or ""envy-minimizing allocation."" The basic idea is to allocate the goods in a way that ensures each person feels they have received a fair share, relative to the others.

Here's a step-by-step approach to find an envy-free allocation:

1. **Rank the goods by value for each person**: For each person, rank the goods in order of their value, from highest to lowest.

Person 1: Good A (40), Good E (30), Good D (25), Good C (3), Good B (2)
Person 2: Good B (26), Good D (26), Good E (26), Good C (8), Good A (14)
Person 3: Good B (26), Good C (26), Good E (26), Good D (12), Good A (10)

2. **Identify the most valued good by each person**: Look at the top-ranked good for each person.

Person 1: Good A
Person 2: Good B
Person 3: Good B (or Good C or Good E, since they have the same value)

3. **Allocate the most valued good to each person, if possible**: Try to allocate the most valued good to each person, as long as it doesn't create envy.

Good A goes to Person 1 (value: 40)
Good B goes to Person 2 (value: 26)

At this point, we can't allocate Good B to Person 3, as it would create envy between Person 2 and Person 3.

4. **Allocate the remaining goods**: Allocate the remaining goods to minimize envy.

Good C goes to Person 3 (value: 26)

Now, we have two options for Good D: allocate it to Person 1 or Person 2. We choose the one that minimizes envy.

Good D goes to Person 1 (value: 25)

Finally, we allocate Good E to minimize envy.

Good E goes to Person 2 (value: 26)

The final allocation is:

**Person 1:** Good A, Good D
**Person 2:** Good B, Good E
**Person 3:** Good C

This allocation is envy-free, as each person feels they have received a fair share relative to the others. Of course, this allocation may not be Pareto optimal, but our goal was to minimize envy, not maximize overall efficiency.",0,1,2,3,1,2
5,"A classic problem of fair allocation! I'll use the concept of envy-free allocation to determine a fair distribution of the goods among the three individuals.

To minimize envy, I'll try to allocate the goods in a way that each person feels they have received a bundle of goods that is at least as good as what they would have received if they had been any other person.

Here's the allocation I propose:

**Person 1:**
* Good A (value: 40)
* Good E (value: 30)

Total value: 70

**Person 2:**
* Good B (value: 26)
* Good D (value: 26)

Total value: 52

**Person 3:**
* Good C (value: 26)

Total value: 26

Let's analyze this allocation to ensure it's envy-free:

* Person 1 doesn't envy Person 2 or Person 3 since they have a higher total value (70) than both Person 2 (52) and Person 3 (26).
* Person 2 doesn't envy Person 1 since they have a higher value for Good B (26) than Person 1 (2), and they also have Good D, which is valued similarly. They don't envy Person 3 since Person 3 only has Good C, which is valued lower than their own bundle.
* Person 3 doesn't envy Person 1 since they have a higher value for Good C (26) than Person 1 (3). They don't envy Person 2 since they value Good C higher than Person 2's Good D.

This allocation is envy-free, as each person feels their bundle is at least as good as what they would have received if they had been any other person.

Note that this allocation is not the only possible envy-free allocation, and there may be other allocations that also satisfy the condition. However, this allocation is one possible solution that minimizes envy between the individuals involved.",0,1,2,3,2,1
6,"A classic problem of fair allocation!

To minimize envy between the individuals, I will use the envy-freeness concept, which ensures that no person prefers another person's allocation to their own. Here's the allocation I propose:

**Allocation:**

* Person 1: Good A (valued at 40) and Good E (valued at 30)
* Person 2: Good B (valued at 26) and Good C (valued at 26)
* Person 3: Good D (valued at 12)

**Explanation:**

To find an envy-free allocation, I considered the following steps:

1. I sorted the values of each person for each good in descending order.
2. I looked for the highest-valued good that each person did not already have.
3. I allocated the good to the person who valued it the highest, as long as it didn't create envy.

Here's how the allocation satisfies envy-freeness:

* Person 1 gets Good A (valued at 40) and Good E (valued at 30), which they value the most. They don't envy anyone else's allocation, as they have the highest total value.
* Person 2 gets Good B (valued at 26) and Good C (valued at 26), which they value equally. They don't envy Person 1's allocation, as they have two goods of equal value. They also don't envy Person 3's allocation, as Good D is worth less to them (26) than their own allocated goods.
* Person 3 gets Good D (valued at 12), which they value the least among the remaining goods. They don't envy Person 1's allocation, as Good A and Good E are worth more to Person 1 than Good D is worth to Person 3. They also don't envy Person 2's allocation, as Good B and Good C are worth more to Person 2 than Good D is worth to Person 3.

This allocation is envy-free, as no person prefers another person's allocation to their own.",0,1,2,2,3,1
7,"A classic problem of fair allocation!

To minimize envy between the individuals, we can use the concept of envy-freeness, which means that no person prefers another person's allocation to their own. We can achieve this by using the following steps:

1. Compute the maximum envy of each person towards others, considering all possible allocations.
2. Allocate the goods in a way that minimizes the maximum envy.

Let's compute the maximum envy of each person towards others:

**Person 1:**
- Envy towards Person 2: Max(40-14, 30-26, 25-26) = 26 (Person 1 envies Person 2 for Good E)
- Envy towards Person 3: Max(40-10, 30-26, 25-12) = 28 (Person 1 envies Person 3 for Good E)

**Person 2:**
- Envy towards Person 1: Max(26-40, 26-30, 26-25) = 26 (Person 2 envies Person 1 for Good A)
- Envy towards Person 3: Max(26-10, 26-26, 26-12) = 26 (Person 2 envies Person 3 for Good E)

**Person 3:**
- Envy towards Person 1: Max(26-40, 26-30, 26-25) = 26 (Person 3 envies Person 1 for Good A)
- Envy towards Person 2: Max(26-14, 26-26, 26-26) = 12 (Person 3 envies Person 2 for Good A)

Now, let's allocate the goods to minimize the maximum envy:

1. Allocate Good A to Person 1, as they have the highest value for it (40).
2. Allocate Good B to Person 2, as they have the highest value for it (26).
3. Allocate Good C to Person 3, as they have the highest value for it (26).
4. Allocate Good D to Person 1, as they have the highest value for it (25).
5. Allocate Good E to Person 2, as they have the highest value for it (26).

The resulting allocation is:
- Person 1: Good A, Good D
- Person 2: Good B, Good E
- Person 3: Good C

In this allocation, the maximum envy is minimized:

- Person 1 envies Person 2 for Good E (26), but not for Good B or Good C.
- Person 2 envies Person 1 for Good A (26), but not for Good D or Good C.
- Person 3 envies Person 1 for Good A (26), but not for Good B or Good D.

This allocation is envy-free, meaning that no person prefers another person's allocation to their own.",0,1,2,3,1,2
8,"A classic problem of fair allocation!

To minimize envy, we can use a simple and intuitive approach. We'll allocate the goods to the person who values them the most. This way, each person will get the goods they value the most, and envy will be minimized.

Let's allocate the goods one by one:

1. Good A: Person 1 values it the most (40), so we allocate Good A to Person 1.
2. Good B: Person 2 and Person 3 both value it equally (26), but since we've already allocated Good A to Person 1, we'll allocate Good B to Person 2.
3. Good C: Person 3 values it the most (26), so we allocate Good C to Person 3.
4. Good D: Person 2 values it the most (26), so we allocate Good D to Person 2.
5. Good E: Person 1 values it the most (30), but we've already allocated Good A to Person 1. To minimize envy, we'll allocate Good E to Person 2, as they value it almost as much as Person 1.

The resulting allocation is:

* Person 1: Good A (40)
* Person 2: Good B (26), Good D (26), Good E (26)
* Person 3: Good C (26)

This allocation minimizes envy between the individuals, as each person gets the goods they value the most.",0,1,2,3,2,2
9,"A classic problem of envy minimization!

To solve this problem, I'll use the Envy-Free Allocation algorithm, which is a well-known method for allocating indivisible goods in a way that minimizes envy between individuals.

Here's a step-by-step approach to find an envy-free allocation:

**Step 1: Normalize the values**
To make the values more comparable, I'll normalize them by dividing each person's values by their total value. This will give us a sense of the relative importance each person assigns to each good.

Person 1: [40, 2, 3, 25, 30] → [0.4, 0.02, 0.03, 0.25, 0.3]
Person 2: [14, 26, 8, 26, 26] → [0.14, 0.26, 0.08, 0.26, 0.26]
Person 3: [10, 26, 26, 12, 26] → [0.1, 0.26, 0.26, 0.12, 0.26]

**Step 2: Identify the most valued good for each person**
Find the good with the highest normalized value for each person.

Person 1: Good A (0.4)
Person 2: Good B, D, or E (all 0.26)
Person 3: Good B, C, D, or E (all 0.26)

**Step 3: Allocate the most valued good to each person (if possible)**
Try to allocate the most valued good to each person. If a good is already allocated to someone, skip to the next most valued good.

Person 1: Allocate Good A ( Person 1's most valued good)
Remaining goods: [Good B, Good C, Good D, Good E]

Person 2: Good B is already allocated to Person 1, so allocate Good D ( Person 2's next most valued good)
Remaining goods: [Good C, Good E]

Person 3: Good B, C, D, or E are all already allocated, so allocate Good E ( Person 3's next most valued good)
Remaining goods: [Good C]

**Step 4: Allocate the remaining good**
Since only Good C is left, allocate it to the person with the highest normalized value for Good C.

Person 3: Allocate Good C ( Person 3's highest value for the remaining good)

The envy-free allocation is:

* Person 1: Good A
* Person 2: Good D
* Person 3: Good C, Good E

This allocation minimizes envy between the individuals, as each person receives a good that is, relatively, very valuable to them. Well, at least we can hope so!",0,1,None,3,2,3
10,"A classic problem of fair division!

To minimize envy between the individuals, we can use the concept of envy-freeness. An allocation is said to be envy-free if no individual prefers another individual's allocation to their own.

Let's analyze the valuations of each person:

**Person 1**:

* Values Good A the most (40)
* Values Good E second most (30)
* Values Good D third most (25)

**Person 2**:

* Values Good B, D, and E equally (26)
* Values Good C next (8)
* Values Good A the least (14)

**Person 3**:

* Values Good B, C, and E equally (26)
* Values Good D next (12)
* Values Good A the least (10)

To find an envy-free allocation, we can use the following steps:

1. Identify the most valued good for each person.
2. Allocate the most valued good to each person, if possible.
3. If a good is not allocated in step 2, allocate it to the person who values it the most among the remaining persons.

Here's the allocation:

* Good A: Allocate to Person 1 (most valued by Person 1)
* Good B: Allocate to Person 2 (most valued by Person 2 and Person 3)
* Good C: Allocate to Person 3 (most valued by Person 3 among remaining persons)
* Good D: Allocate to Person 1 (most valued by Person 1 among remaining persons)
* Good E: Allocate to Person 2 (most valued by Person 2 among remaining persons)

The allocation is:

* Person 1: Good A, Good D
* Person 2: Good B, Good E
* Person 3: Good C

This allocation is envy-free because:

* Person 1 does not envy Person 2 or Person 3, as they have their most valued goods (Good A and Good D).
* Person 2 does not envy Person 1 or Person 3, as they have their most valued goods (Good B and Good E).
* Person 3 does not envy Person 1 or Person 2, as they have their most valued good (Good C).

Note that this allocation is not unique, and there may be other envy-free allocations. However, this allocation satisfies the envy-freeness criterion.",0,1,2,3,1,2
11,"A classic problem of fair allocation!

To minimize envy, we need to find an allocation that satisfies the following conditions:

1. No person prefers another person's allocation to their own.
2. The allocation is Pareto efficient, meaning that no other allocation can make one person better off without making another person worse off.

Let's analyze the given values:

**Person 1:**

* Highest value: Good A (40)
* Second-highest value: Good E (30)

**Person 2:**

* Highest value: Good B, D, E (26 each)
* No clear second-highest value

**Person 3:**

* Highest value: Good B, C, E (26 each)
* No clear second-highest value

To minimize envy, we can try to allocate the goods in a way that satisfies the following conditions:

* Each person gets at least one good that they value highly.
* No person gets two goods that they value highly, as this might create envy towards others.

Here's a possible allocation:

* Good A: Person 1 (value: 40)
* Good B: Person 2 (value: 26)
* Good C: Person 3 (value: 26)
* Good D: Person 1 (value: 25)
* Good E: Person 2 (value: 26)

This allocation satisfies the conditions:

* Person 1 gets two goods they value highly (Good A and Good D).
* Person 2 gets two goods they value highly (Good B and Good E).
* Person 3 gets one good they value highly (Good C).
* No person has a strong reason to envy another person's allocation.

Note that this allocation is not the only possible solution, and different allocations might also minimize envy. However, this allocation seems to be a reasonable one given the values provided.",0,1,2,3,1,2
12,"A classic problem of fair allocation!

To minimize envy between individuals, we can use the concept of envy-freeness, which ensures that no individual prefers another individual's allocation to their own. One popular method to achieve envy-freeness is the envy-free allocation algorithm, also known as the ""Serialize and Divide"" algorithm.

Here's the step-by-step solution:

**Step 1: Normalize the values**
Normalize the values of each good for each person by dividing them by the maximum value they have for any good. This helps to ensure that the values are on the same scale.

Normalized values:

Person 1: Good A (40/40 = 1), Good B (2/40 = 0.05), Good C (3/40 = 0.075), Good D (25/40 = 0.625), Good E (30/40 = 0.75)
Person 2: Good A (14/26 = 0.538), Good B (26/26 = 1), Good C (8/26 = 0.308), Good D (26/26 = 1), Good E (26/26 = 1)
Person 3: Good A (10/26 = 0.385), Good B (26/26 = 1), Good C (26/26 = 1), Good D (12/26 = 0.462), Good E (26/26 = 1)

**Step 2: Serialize the goods**
Order the goods based on the maximum normalized value across all individuals.

Serialized order: Good B, Good E, Good D, Good A, Good C

**Step 3: Assign goods**
Assign the goods in the serialized order, ensuring that each good is assigned to the person who values it the most.

1. Good B: Assign to Person 2 (normalized value: 1)
2. Good E: Assign to Person 2 (normalized value: 1)
3. Good D: Assign to Person 2 (normalized value: 1)
4. Good A: Assign to Person 1 (normalized value: 1)
5. Good C: Assign to Person 3 (normalized value: 1)

The final allocation is:

* Person 1: Good A
* Person 2: Good B, Good D, Good E
* Person 3: Good C

**Step 4: Verify envy-freeness**
Check if the allocation is envy-free by verifying that no person prefers another person's allocation to their own.

Person 1: Values Good A the most, so they don't envy others.
Person 2: Has three goods, and each good is valued equally. They don't envy others.
Person 3: Values Good C the most, so they don't envy others.

The allocation is envy-free!",0,1,2,3,2,2
13,"To allocate the goods in a way that minimizes envy between the individuals, we can use a method called the ""envy-free allocation"" or ""envy-minimizing allocation"".

The idea is to allocate the goods to each person in a way that ensures that no person envies another person's allocation, i.e., each person thinks that their allocation is at least as good as anyone else's allocation.

Here's one possible envy-free allocation:

* Person 1: Good A (value = 40), Good E (value = 30)
* Person 2: Good B (value = 26), Good D (value = 26)
* Person 3: Good C (value = 26)

Let's check if this allocation is envy-free:

* Person 1 doesn't envy Person 2 because they have Good A, which is worth 40, and Good E, which is worth 30, for a total value of 70. Person 2 has Good B and Good D, each worth 26, for a total value of 52, which is less than Person 1's total value.
* Person 1 doesn't envy Person 3 because they have Good A and Good E, worth 70 in total, while Person 3 has only Good C, worth 26.
* Person 2 doesn't envy Person 1 because they have Good B and Good D, worth 52 in total, which is close to Person 1's total value of 70.
* Person 2 doesn't envy Person 3 because they have Good B and Good D, worth 52 in total, while Person 3 has only Good C, worth 26.
* Person 3 doesn't envy Person 1 because they have Good C, worth 26, and Person 1 has Good A and Good E, worth 70 in total, which is much higher.
* Person 3 doesn't envy Person 2 because they have Good C, worth 26, and Person 2 has Good B and Good D, worth 52 in total, which is higher.

This allocation seems to be envy-free, as no person envies another person's allocation. Note that there might be other envy-free allocations, but this is one possible solution.",0,1,2,3,2,1
14,"A classic problem of fair allocation!

To minimize envy between the individuals, I will use a method called the ""envy-free allocation"" algorithm. The goal is to find an allocation where no person prefers another person's bundle of goods to their own.

Here's the step-by-step allocation process:

**Step 1: Normalize the values**

To simplify the calculations, I'll normalize the values by dividing each person's values by their total value. This will give us a sense of the relative importance of each good to each person.

Person 1: (40, 2, 3, 25, 30) => (0.4, 0.02, 0.03, 0.25, 0.3)
Person 2: (14, 26, 8, 26, 26) => (0.14, 0.26, 0.08, 0.26, 0.26)
Person 3: (10, 26, 26, 12, 26) => (0.1, 0.26, 0.26, 0.12, 0.26)

**Step 2: Identify the most valued good for each person**

For each person, identify the good with the highest normalized value.

Person 1: Good A (0.4)
Person 2: Good B (0.26) or any other good (0.26)
Person 3: Good B (0.26) or any other good (0.26)

**Step 3: Allocate the most valued good to each person (if possible)**

Try to allocate the most valued good to each person, if possible.

Person 1: Good A ( allocated)
Person 2: Good B (allocated)
Person 3: Good B (already allocated to Person 2, so choose the next best option) => Good E (allocated)

**Step 4: Re-evaluate and allocate remaining goods**

Re-evaluate the remaining goods and allocate them based on the highest normalized value.

Remaining goods: Good C, Good D
Remaining persons: Person 1, Person 2

Person 1: Good D (0.25) => allocated
Person 2: Good C (0.08) => allocated

The final allocation is:

* Person 1: Good A, Good D
* Person 2: Good B, Good C
* Person 3: Good E

This allocation is envy-free, as each person prefers their own bundle of goods to anyone else's. Note that this allocation is not the only possible envy-free allocation, but it is one possible solution.",0,1,2,2,1,3
15,"A classic problem of fair allocation!

To minimize envy between the individuals, we can use the concept of envy-freeness. An allocation is envy-free if no person prefers another person's allocation to their own.

Let's analyze the given valuations:

**Person 1**: Highest value for Good A (40) and Good E (30).

**Person 2**: Highest value for Good B, C, and E (26 each).

**Person 3**: Highest value for Good B and C (26 each).

To find an envy-free allocation, we can use the following steps:

1. Identify the most valuable good for each person.
2. Assign the most valuable good to each person, if possible, without creating envy.
3. Repeat steps 1-2 until all goods are allocated.

Here's the allocation:

1. Person 1: Good A (most valuable for Person 1, worth 40)
2. Person 2: Good B (most valuable for Person 2, worth 26)
3. Person 3: Good C (most valuable for Person 3, worth 26)

Now, we have two goods left: Good D and Good E.

4. Person 1: Good E (next most valuable for Person 1, worth 30)

Good D is not allocated to anyone, as it would create envy. For example, if we gave Good D to Person 2, Person 1 would envy Person 2's allocation (Good B and Good D).

The final allocation is:

* Person 1: Good A, Good E
* Person 2: Good B
* Person 3: Good C
* Good D: Not allocated ( thrown away)

This allocation is envy-free, as no person prefers another person's allocation to their own.",0,1,2,3,None,1
16,"A classic problem of fair allocation!

To minimize envy, we can use the concept of envy-freeness, which means that no individual prefers another individual's allocation to their own. We can achieve this by using the envy-freeness algorithm.

Here's the step-by-step process:

1. Calculate the total value of each good for each person:

Person 1: 40 + 2 + 3 + 25 + 30 = 100
Person 2: 14 + 26 + 8 + 26 + 26 = 100
Person 3: 10 + 26 + 26 + 12 + 26 = 100

2. Identify the good with the highest total value across all individuals:

Good B: 26 (Person 2 & Person 3) > 2 (Person 1)

Assign Good B to Person 2 or Person 3 (we can break the tie arbitrarily; let's assign it to Person 2). Now, the remaining individuals are Person 1 and Person 3.

3. Calculate the total value of the remaining goods for each of the remaining individuals:

Person 1: 40 + 3 + 25 + 30 = 98
Person 3: 10 + 26 + 12 + 26 = 74

4. Identify the good with the highest total value across the remaining individuals:

Good A: 40 (Person 1) > 10 (Person 3)

Assign Good A to Person 1.

5. Calculate the total value of the remaining goods for each of the remaining individuals:

Person 3: 26 + 12 + 26 = 64

6. Identify the good with the highest total value across the remaining individuals:

Good E: 26 (Person 3) > 12 (Person 3)

Assign Good E to Person 3.

7. Assign the remaining goods to Person 1 (Goods C and D).

The final allocation is:

* Person 1: Goods A, C, and D
* Person 2: Good B
* Person 3: Good E

This allocation is envy-free, as no individual prefers another individual's allocation to their own.",0,1,2,1,1,3
17,"What a fascinating problem!

To minimize envy between the individuals, we'll use the concept of envy-freeness, which means that no person prefers another person's allocation to their own. We'll apply the envy-minimizing algorithm to find a fair allocation.

**Step 1: Calculate the total value of each good for each person**
Person 1: [40, 2, 3, 25, 30]
Person 2: [14, 26, 8, 26, 26]
Person 3: [10, 26, 26, 12, 26]

**Step 2: Determine the highest-value good for each person**
Person 1: Good A (40)
Person 2: Good B, Good D, Good E (26 each)
Person 3: Good B, Good C, Good E (26 each)

**Step 3: Allocate the highest-value good to each person**
Person 1 gets Good A (40)
Remaining goods: [Good B, Good C, Good D, Good E]
Remaining values:
Person 2: [26, 8, 26, 26]
Person 3: [26, 26, 12, 26]

**Step 4: Repeat Steps 2-3 until all goods are allocated or no more goods can be allocated**
Person 2 gets Good B (26)
Remaining goods: [Good C, Good D, Good E]
Remaining values:
Person 3: [26, 12, 26]

Person 3 gets Good C (26)
Remaining goods: [Good D, Good E]
Remaining values:
None

Person 1 gets Good E (30)
Remaining goods: [Good D]
Remaining values:
None

The remaining Good D has no takers, so we throw it away.

**Final Allocation:**
Person 1: Good A, Good E
Person 2: Good B
Person 3: Good C

This allocation is envy-free, as each person values their allocated goods more than anyone else's. Person 1 values Good A and Good E more than anyone else, Person 2 values Good B more than anyone else, and Person 3 values Good C more than anyone else.

By following this envy-minimizing algorithm, we've achieved a fair allocation of the 5 goods among the 3 individuals, minimizing envy between them.",0,1,2,3,None,1
18,"A classic problem of fair allocation!

To minimize envy between the individuals, I'll use the concept of envy-freeness, which ensures that no person prefers another person's allocation to their own. Here's an allocation that achieves this:

**Allocation:**

* Person 1: Good A, Good E
* Person 2: Good B, Good D
* Person 3: Good C

**Explanation:**

First, I calculated the total value of each person's Preferences:

Person 1: 40 + 2 + 3 + 25 + 30 = 100
Person 2: 14 + 26 + 8 + 26 + 26 = 100
Person 3: 10 + 26 + 26 + 12 + 26 = 100

Next, I looked for the highest-valued good for each person:

Person 1: Good A (40)
Person 2: Good B (26) and Good D (26) - tied
Person 3: Good B (26) and Good C (26) - tied

To minimize envy, I assigned the highest-valued good to each person:

* Person 1: Good A (40)
* Person 2: Good B (26) - assigned to avoid envy with Person 3
* Person 3: Good C (26) - assigned to avoid envy with Person 2

Now, I considered the remaining goods:

* Good D: Person 2 values it higher (26) than Person 1 (25) and Person 3 (12), so I assigned it to Person 2.
* Good E: Person 1 values it higher (30) than Person 2 (26) and Person 3 (26), so I assigned it to Person 1.

This allocation is envy-free, as each person prefers their own allocation to others:

* Person 1 values Goods A and E at 40 + 30 = 70, which is higher than Person 2's allocation (26 + 26 = 52) and Person 3's allocation (26).
* Person 2 values Goods B and D at 26 + 26 = 52, which is higher than Person 1's Good A (40) and Person 3's Good C (26).
* Person 3 values Good C at 26, which is higher than Person 1's Good E (30) and Person 2's Good D (26).

This allocation minimizes envy between the individuals, ensuring a fair and satisfying distribution of the goods.",0,1,2,3,2,1
19,"A classic problem of fair allocation!

To solve this problem, I'll use the concept of envy-freeness, which means that no individual prefers another individual's allocation to their own. In other words, each person should not envy anyone else's allocation.

To find an envy-free allocation, I'll follow these steps:

1. Compute the total value each person has for all goods.
2. Allocate the goods to the person who values them the most.
3. Adjust the allocation to ensure envy-freeness.

Let's compute the total values for each person:

Person 1: 40 + 2 + 3 + 25 + 30 = 100
Person 2: 14 + 26 + 8 + 26 + 26 = 100
Person 3: 10 + 26 + 26 + 12 + 26 = 100

Now, let's allocate the goods to the person who values them the most:

1. Good A: Person 1 values it the most (40), so allocate Good A to Person 1.
2. Good B: Person 2 and Person 3 value it equally (26), so allocate Good B to Person 2 (arbitrarily chosen).
3. Good C: Person 3 values it the most (26), so allocate Good C to Person 3.
4. Good D: Person 1 values it the most (25), so allocate Good D to Person 1.
5. Good E: Person 1 values it the most (30), so allocate Good E to Person 1.

The initial allocation is:

Person 1: Good A, Good D, Good E
Person 2: Good B
Person 3: Good C

Now, let's check for envy-freeness:

* Person 1 does not envy anyone, as they have the highest total value (100).
* Person 2 envies Person 1, as they would prefer Good A or Good E to their own Good B.
* Person 3 envies Person 1, as they would prefer Good A or Good E to their own Good C.

To resolve the envy, we need to make some adjustments. Let's try to reduce the envy between Person 1 and Person 2:

* Give Good E to Person 2, as they value it as much as Person 1 (26). This reduces the envy between Person 1 and Person 2.

The updated allocation is:

Person 1: Good A, Good D
Person 2: Good B, Good E
Person 3: Good C

Now, let's recheck for envy-freeness:

* Person 1 does not envy anyone, as they still have a high total value (65).
* Person 2 does not envy anyone, as they have a good bundle (Good B and Good E).
* Person 3 still envies Person 1, as they would prefer Good A to their own Good C.

To further reduce the envy, we can make another adjustment:

* Give Good D to Person 3, as they value it as much as Person 1 (12). This reduces the envy between Person 1 and Person 3.

The final allocation is:

Person 1: Good A
Person 2: Good B, Good E
Person 3: Good C, Good D

This allocation is envy-free, as each person prefers their own allocation to anyone else's. Well, that was a fun puzzle to solve!",0,1,2,3,3,2
20,"A classic problem of fair allocation!

To minimize envy between the individuals, we can use a method called the ""envy-free allocation"" or ""envy-minimizing allocation"". The basic idea is to allocate the goods in a way that no individual prefers another individual's allocation to their own.

First, let's calculate the total value of each good for each person:

Person 1: Good A (40), Good B (2), Good C (3), Good D (25), Good E (30)
Total value: 100

Person 2: Good A (14), Good B (26), Good C (8), Good D (26), Good E (26)
Total value: 100

Person 3: Good A (10), Good B (26), Good C (26), Good D (12), Good E (26)
Total value: 100

Now, let's try to find an allocation that minimizes envy. We'll use a greedy approach:

1. Identify the good with the highest total value across all individuals. In this case, it's Good B with a total value of 54 (26+26+2).
2. Allocate Good B to the person who values it the most, which is Person 2 and Person 3 (both value it at 26). We'll arbitrarily allocate it to Person 2.
3. Update the total values for each person:

Person 1: Good A (40), Good C (3), Good D (25), Good E (30)
Total value: 98

Person 2: Good A (14), Good C (8), Good D (26), Good E (26)
Total value: 74 (minus 26 for Good B)

Person 3: Good A (10), Good C (26), Good D (12), Good E (26)
Total value: 74

4. Identify the good with the highest total value across all individuals (excluding Good B). In this case, it's Good E with a total value of 82 (30+26+26).
5. Allocate Good E to the person who values it the most, which is Person 1 and Person 3 (both value it at 26). We'll arbitrarily allocate it to Person 1.
6. Update the total values for each person:

Person 1: Good A (40), Good C (3), Good D (25)
Total value: 68

Person 2: Good A (14), Good C (8), Good D (26)
Total value: 48

Person 3: Good A (10), Good C (26), Good D (12)
Total value: 48

7. Repeat the process until all goods are allocated:

Person 1 gets Good A (40) and Good D (25) = Total value: 65
Person 2 gets Good C (8) = Total value: 56
Person 3 gets Good D (12) = Total value: 52

The final allocation is:

* Person 1: Good A, Good D, Good E
* Person 2: Good B, Good C
* Person 3: Good D

This allocation minimizes envy between the individuals, as each person prefers their own allocation to anyone else's.",0,1,2,2,1,1
21,"A classic problem of fair allocation!

To minimize envy between the individuals, we need to find an allocation that maximizes the overall satisfaction of all parties involved. One popular approach to solve this problem is to use the concept of envy-freeness, which means that no individual prefers another individual's allocation to their own.

Let's analyze the given values and try to find an envy-free allocation:

**Step 1: Identify the most valuable good for each person**

* Person 1: Good A (40)
* Person 2: Good B (26)
* Person 3: Good B (26) or Good C (26) (tie)

**Step 2: Assign the most valuable good to each person (if possible)**

* Person 1: Good A (40)
* Person 2: Good B (26)
* Person 3: Good C (26) (since Good B is already assigned to Person 2)

**Step 3: Assign the remaining goods**

* Good D: Assign to Person 1, as they value it the most (25)
* Good E: Assign to Person 2, as they value it highly (26)

The final allocation is:

* Person 1: Good A, Good D
* Person 2: Good B, Good E
* Person 3: Good C

This allocation is envy-free, as each person has received their most valued good (or a good they value highly). No person prefers another person's allocation to their own.

To verify, let's check for envy:

* Person 1 doesn't envy Person 2 or Person 3, as they have their most valued good (Good A) and another good they value highly (Good D).
* Person 2 doesn't envy Person 1 or Person 3, as they have their most valued good (Good B) and another good they value highly (Good E).
* Person 3 doesn't envy Person 1 or Person 2, as they have a good they value highly (Good C).

This allocation minimizes envy and is considered fair.",0,1,2,3,1,2
22,"A classic problem of fair allocation!

To minimize envy between individuals, we can use a method called the ""envy-free allocation"" or ""envy-minimizing allocation"". The idea is to allocate the goods in a way that no person envies another person's allocation.

Let's analyze the valuations of each person:

**Person 1**: values Good A the most, followed by Good E, then Good D.

**Person 2**: values Good B, Good D, and Good E equally, and then Good A and Good C.

**Person 3**: values Good B, Good C, and Good E equally, and then Good A and Good D.

To find an envy-free allocation, we can use the following steps:

1. Identify the good that is valued the most by each person.
2. Allocate that good to the person who values it the most.
3. If a person receives a good, remove that good from the remaining goods.
4. Repeat steps 1-3 until all goods are allocated.

Here's the allocation:

1. **Good A**: valued most by Person 1, so allocate it to Person 1.
Remaining goods: B, C, D, E
2. **Good B**: valued most by Person 2 and Person 3, but since Person 2 has a higher valuation for Good A, we allocate Good B to Person 3.
Remaining goods: C, D, E
3. **Good C**: valued most by Person 3, so allocate it to Person 3.
Remaining goods: D, E
4. **Good D**: valued most by Person 1, but it's already allocated Good A, so allocate Good D to Person 2.
Remaining goods: E
5. **Good E**: valued most by Person 1, but it's already allocated Good A, so allocate Good E to Person 2.

The final allocation is:

* Person 1: Good A
* Person 2: Good D, Good E
* Person 3: Good B, Good C

This allocation is envy-free because:

* Person 1 values Good A the most and gets it.
* Person 2 values Good B, Good D, and Good E equally and gets two of them.
* Person 3 values Good B, Good C, and Good E equally and gets two of them.

No person envies another person's allocation, as each person gets the goods they value the most or equally valued goods.",0,1,3,3,2,2
23,"A classic problem of fair allocation!

To solve this problem, we can use the concept of envy-free allocation. An allocation is said to be envy-free if no individual prefers another individual's allocation to their own.

Let's analyze the given values and try to find an allocation that minimizes envy between the individuals.

First, we can start by identifying the highest valued good for each person:

* Person 1: Good A (40)
* Person 2: Good B, Good D, and Good E (26 each)
* Person 3: Good B, Good C, and Good E (26 each)

Now, let's try to allocate the goods in a way that minimizes envy:

1. Give Good A to Person 1 (value: 40). This is the highest valued good for Person 1, and no one else values it as much.
2. Give Good B to Person 2 (value: 26). This is one of the highest valued goods for Person 2, and Person 3 also values it highly, but we'll try to compensate Person 3 later.
3. Give Good C to Person 3 (value: 26). This is one of the highest valued goods for Person 3, and it's not allocated to Person 1 or Person 2.
4. Give Good D to Person 2 (value: 26). This is another highly valued good for Person 2, and it's not allocated to Person 1 or Person 3.
5. Give Good E to Person 3 (value: 26). This is the remaining highly valued good for Person 3, and it's not allocated to Person 1 or Person 2.

The allocation is:

* Person 1: Good A
* Person 2: Good B, Good D
* Person 3: Good C, Good E

Now, let's check for envy:

* Person 1 doesn't envy anyone, as they have their highest valued good, Good A.
* Person 2 doesn't envy Person 1, as they have two highly valued goods, Good B and Good D. They don't envy Person 3, as they have a similar bundle of goods.
* Person 3 doesn't envy Person 1, as they have two highly valued goods, Good C and Good E. They don't envy Person 2, as they have a similar bundle of goods.

This allocation is envy-free, and we can conclude that it's a fair allocation of the given goods.",0,1,2,3,2,3
24,"A classic problem of fair allocation!

To minimize envy between the individuals, we need to find an allocation that ensures no person feels they would be better off if they had someone else's allocation. One way to achieve this is by using the concept of envy-freeness.

Let's analyze the given values and find an envy-free allocation.

**Step 1: Identify the most valued good for each person**

* Person 1: Good A (40)
* Person 2: Good B, Good D, Good E (all 26)
* Person 3: Good B, Good C, Good E (all 26)

**Step 2: Allocate the most valued goods**

* Give Good A to Person 1 (they value it the most)
* Give Good B to Person 2 (they value it equally with Good D and Good E, but we need to allocate Good B to someone)
* Give Good C to Person 3 (they value it equally with Good B and Good E, but we need to allocate Good C to someone)

**Step 3: Allocate the remaining goods**

* Good D: Person 1 values it at 25, and Person 2 values it at 26, so give it to Person 2
* Good E: Person 1 values it at 30, and Person 2 values it at 26, so give it to Person 1

The final allocation is:

* Person 1: Good A, Good E
* Person 2: Good B, Good D
* Person 3: Good C

This allocation is envy-free because:

* Person 1 does not envy Person 2 or Person 3, as they have Good A, which they value the most, and Good E, which they value highly.
* Person 2 does not envy Person 1 or Person 3, as they have Good B, which they value highly, and Good D, which they value almost as much as Good B.
* Person 3 does not envy Person 1 or Person 2, as they have Good C, which they value highly.

This allocation minimizes envy between the individuals, ensuring that each person feels they have received a fair share of the goods.",0,1,2,3,2,1
25,"What a delightful problem!

To minimize envy between the individuals, we can use a method called the envy-free allocation. The idea is to find an allocation where no person prefers another person's allocation to their own.

Let's analyze the values of each person for each good:

**Person 1:**

* Highest value: Good A (40)
* Second-highest value: Good E (30)
* Third-highest value: Good D (25)

**Person 2:**

* Highest value: Good B (26), Good D (26), and Good E (26) (tied)
* Second-highest value: Good A (14)
* Third-highest value: Good C (8)

**Person 3:**

* Highest value: Good B (26), Good C (26), and Good E (26) (tied)
* Second-highest value: Good A (10)
* Third-highest value: Good D (12)

Now, let's try to find an allocation that minimizes envy:

1. **Good A:** Person 1 values Good A the most (40). Assign Good A to Person 1.
2. **Good B:** Both Person 2 and Person 3 value Good B highly (26). Assign Good B to Person 2 (arbitrarily, to break the tie).
3. **Good C:** Person 3 values Good C highly (26). Assign Good C to Person 3.
4. **Good D:** Person 2 values Good D highly (26). Assign Good D to Person 2.
5. **Good E:** Person 1 values Good E highly (30). Assign Good E to Person 1.

The allocation is:

* Person 1: Good A, Good E
* Person 2: Good B, Good D
* Person 3: Good C

Now, let's check for envy:

* Person 1 doesn't envy anyone, as they got their two highest-valued goods.
* Person 2 doesn't envy anyone, as they got two goods they valued highly (26).
* Person 3 doesn't envy anyone, as they got Good C, which they valued highly (26).

This allocation is envy-free, and we've successfully minimized envy between the individuals!",0,1,2,3,2,1
26,"What a fascinating problem!

To allocate the goods in a way that minimizes envy between the individuals, we can use a concept called the ""envy-free allocation"". The idea is to allocate the goods in a way that each person prefers their own allocation to any other person's allocation.

Let's analyze the values each person has for each good:

**Person 1:**

* Good A: 40 (high value)
* Good E: 30 (medium-high value)
* Good D: 25 (medium value)
* Good C: 3 (low value)
* Good B: 2 (low value)

**Person 2:**

* Good B: 26 (high value)
* Good D: 26 (high value)
* Good E: 26 (high value)
* Good A: 14 (medium value)
* Good C: 8 (low value)

**Person 3:**

* Good B: 26 (high value)
* Good C: 26 (high value)
* Good E: 26 (high value)
* Good D: 12 (medium value)
* Good A: 10 (low value)

Now, let's try to find an envy-free allocation:

1. **Good A:** Person 1 values Good A the most, so we allocate it to them.
2. **Good B:** Both Person 2 and Person 3 value Good B highly, but since Person 1 already got Good A, we allocate Good B to Person 2 to minimize envy.
3. **Good C:** Similar to Good B, both Person 2 and Person 3 value Good C highly. Since Person 2 already got Good B, we allocate Good C to Person 3 to minimize envy.
4. **Good D:** Person 2 values Good D highly, but since they already got Good B, we allocate Good D to Person 1 to minimize envy.
5. **Good E:** All three persons value Good E highly, but since Person 1 already got Good A and Good D, we allocate Good E to Person 2 to minimize envy.

The final allocation is:

* Person 1: Good A, Good D
* Person 2: Good B, Good E
* Person 3: Good C

This allocation is envy-free because:

* Person 1 prefers their allocation (Good A and Good D) to Person 2's allocation (Good B and Good E) and Person 3's allocation (Good C).
* Person 2 prefers their allocation (Good B and Good E) to Person 1's allocation (Good A and Good D) and Person 3's allocation (Good C).
* Person 3 prefers their allocation (Good C) to Person 1's allocation (Good A and Good D) and Person 2's allocation (Good B and Good E).

By using this allocation, we have minimized envy between the individuals involved.",0,1,2,3,1,2
27,"A classic problem of fair allocation!

To minimize envy between individuals, we need to ensure that each person finds their allocations acceptable and feels that they are not unfairly treated compared to others. One way to achieve this is by using the concept of envy-freeness.

An allocation is said to be envy-free if no person prefers another person's allocation to their own. In other words, each person values their own allocation at least as much as they value the allocation of any other person.

Let's analyze the given values:

**Person 1:**

* Highest value: Good A (40)
* Lowest value: Good B (2)

**Person 2:**

* Highest value: Good B, Good D, Good E (26 each)
* Lowest value: Good A (14)

**Person 3:**

* Highest value: Good B, Good C, Good E (26 each)
* Lowest value: Good A (10)

To find an envy-free allocation, we can use the following approach:

1. Identify the person with the highest total value for all goods. This person will get their most preferred good.
2. Remove the good allocated in step 1 from the list of available goods.
3. Repeat steps 1-2 until all goods are allocated.

Applying this approach:

1. Person 1 has the highest total value (40 + 2 + 3 + 25 + 30 = 100). Give Good A to Person 1 (value: 40).
	* Remaining goods: Good B, Good C, Good D, Good E
2. Person 3 has the highest total value among the remaining goods (26 + 26 + 12 + 26 = 90). Give Good E to Person 3 (value: 26).
	* Remaining goods: Good B, Good C, Good D
3. Person 2 has the highest total value among the remaining goods (26 + 8 + 26 = 60). Give Good D to Person 2 (value: 26).
	* Remaining goods: Good B, Good C
4. Person 2 has the highest value for Good B (26). Give Good B to Person 2 (value: 26).
	* Remaining goods: Good C
5. Give Good C to Person 3 (value: 26).

The resulting allocation is:

* Person 1: Good A
* Person 2: Good B, Good D
* Person 3: Good C, Good E

This allocation is envy-free because:

* Person 1 values their allocation (Good A) at 40, which is at least as much as they value any other person's allocation.
* Person 2 values their allocation (Good B and Good D) at 52 (26 + 26), which is at least as much as they value any other person's allocation.
* Person 3 values their allocation (Good C and Good E) at 52 (26 + 26), which is at least as much as they value any other person's allocation.

Note that this allocation is not unique, and there might be other envy-free allocations. However, this allocation is one possible solution that minimizes envy between the individuals involved.",0,1,2,3,2,3
28,"A classic problem of fair division!

To minimize envy between the individuals, we need to find an allocation that ensures each person thinks they've received a fair share of the goods. We can use the concept of envy-freeness to guide our allocation.

First, let's calculate the total value each person places on all the goods:

Person 1: 40 + 2 + 3 + 25 + 30 = 100
Person 2: 14 + 26 + 8 + 26 + 26 = 100
Person 3: 10 + 26 + 26 + 12 + 26 = 100

Now, we can use the following envy-minimizing allocation strategy:

1. Assign the good with the highest total value to the person who values it the most.
2. Remove the assigned good from the set of available goods and recalculate the total values for each person.
3. Repeat steps 1-2 until all goods are allocated.

Here's the allocation:

1. Good A: Assign to Person 1 (40) - highest value
Remaining goods: B, C, D, E
Remaining values:
Person 1: 2 + 3 + 25 + 30 = 60
Person 2: 14 + 26 + 8 + 26 = 74
Person 3: 10 + 26 + 26 + 12 = 74

2. Good B: Assign to Person 2 (26) - highest value
Remaining goods: C, D, E
Remaining values:
Person 1: 3 + 25 + 30 = 58
Person 2: 8 + 26 + 26 = 60
Person 3: 10 + 26 + 26 = 62

3. Good C: Assign to Person 3 (26) - highest value
Remaining goods: D, E
Remaining values:
Person 1: 25 + 30 = 55
Person 2: 26 + 26 = 52
Person 3: 10 + 26 = 36

4. Good D: Assign to Person 2 (26) - highest value
Remaining goods: E
Remaining values:
Person 1: 30 = 30
Person 2: 26 = 26
Person 3: 10 = 10

5. Good E: Assign to Person 1 (30) - highest value

The final allocation is:

* Person 1: Good A (40), Good E (30)
* Person 2: Good B (26), Good D (26)
* Person 3: Good C (26)

This allocation is envy-free, as each person believes they've received a fair share of the goods. To verify, let's calculate the total value each person receives:

Person 1: 40 + 30 = 70
Person 2: 26 + 26 = 52
Person 3: 26 = 26

Each person thinks they've received at least as much value as the others, so there is no envy between them.",0,1,2,3,2,1
29,"A classic problem of fair allocation!

To minimize envy between the individuals, we'll use a well-known algorithm called the ""envy-free allocation"" method. The goal is to allocate the goods such that no person envies another person, i.e., no person prefers another person's allocation to their own.

Here's the step-by-step process to find an envy-free allocation:

1. **Normalize the values**: Divide each person's values by the sum of their values to get a relative valuation. This ensures that we're comparing apples to apples.
2. **Compute the maximum valuation**: Find the person with the highest total valuation. In this case, Person 1 has the highest total valuation (40 + 2 + 3 + 25 + 30 = 100).
3. **Allocate the most valued good**: Give the most valued good (Good A) to Person 1, since they value it the most.
4. **Update the valuations**: Remove Good A from the pool and update the valuations for each person.
5. **Compute the next maximum valuation**: Find the person with the highest remaining total valuation. In this case, Person 2 has the highest remaining total valuation (26 + 26 + 8 + 26 = 86).
6. **Allocate the next most valued good**: Give the next most valued good (Good B) to Person 2, since they value it the most among the remaining goods and people.
7. **Update the valuations**: Remove Good B from the pool and update the valuations for each person.
8. **Repeat steps 5-7**: Continue allocating goods until all goods are allocated or no more allocations can be made.

Let's execute these steps:

**Iteration 1**:

* Person 1 gets Good A (valued at 40)
* Updated valuations:
	+ Person 1: 2, 3, 25, 30
	+ Person 2: 26, 8, 26, 26
	+ Person 3: 26, 26, 12, 26

**Iteration 2**:

* Person 2 gets Good B (valued at 26)
* Updated valuations:
	+ Person 1: 2, 3, 25, 30
	+ Person 2: 8, 26, 26
	+ Person 3: 26, 26, 12, 26

**Iteration 3**:

* Person 3 gets Good C (valued at 26)
* Updated valuations:
	+ Person 1: 2, 25, 30
	+ Person 2: 8, 26, 26
	+ Person 3: 26, 12, 26

**Iteration 4**:

* Person 1 gets Good E (valued at 30)
* Updated valuations:
	+ Person 1: 2, 25
	+ Person 2: 8, 26, 26
	+ Person 3: 26, 12, 26

**Iteration 5**:

* Person 2 gets Good D (valued at 26)
* Updated valuations:
	+ Person 1: 2, 25
	+ Person 2: 8
	+ Person 3: 26, 12, 26

At this point, we've allocated all goods. Let's review the final allocation:

* Person 1 gets Good A and Good E
* Person 2 gets Good B and Good D
* Person 3 gets Good C

This allocation is envy-free, as no person prefers another person's allocation to their own. Well done!",0,1,2,3,2,1
30,"A classic problem of fair allocation!

To minimize envy, we'll use the envy-free allocation algorithm. The idea is to allocate goods in a way that no person envies another person's allocation, i.e., each person thinks their allocation is at least as good as anyone else's.

Here's the step-by-step allocation:

1. Find the person with the highest total value for all goods: Person 1 (40 + 2 + 3 + 25 + 30 = 100)
2. Give the good with the highest value to Person 1: Good A (value 40)
	* Remaining goods: B, C, D, E
	* Remaining persons: Person 2, Person 3
3. Find the person with the highest total value for the remaining goods among the remaining persons: Person 2 (26 + 26 + 26 + 26 = 104)
4. Give the good with the highest value to Person 2: Good B (value 26)
	* Remaining goods: C, D, E
	* Remaining persons: Person 3
5. Give the good with the highest value to Person 3: Good C (value 26)
	* Remaining goods: D, E
	* Remaining persons: None
6. Since there are no more persons, allocate the remaining goods arbitrarily: Good D to Person 1 (value 25), Good E to Person 2 (value 26)

The envy-free allocation is:

* Person 1: Good A (40), Good D (25) => total value 65
* Person 2: Good B (26), Good E (26) => total value 52
* Person 3: Good C (26) => total value 26

No person envies another person's allocation, as each person's allocation has a higher total value than any other person's allocation.",0,1,2,3,1,2
31,"A classic problem of envy minimization in fair division!

To solve this problem, I'll use the envy graph method, which is a popular approach to find an envy-minimizing allocation.

First, let's create an envy graph, where the nodes represent the individuals (Person 1, Person 2, and Person 3), and the edges represent the envy relationships between them. We'll say that Person i envies Person j if Person i values a good more than Person j values it.

Here's the envy graph:

```
Person 1 ---envies---> Person 2 (Good B, Good E)
Person 1 ---envies---> Person 3 (Good B, Good C, Good E)
Person 2 ---envies---> Person 1 (Good A)
Person 2 ---envies---> Person 3 (Good C)
Person 3 ---envies---> Person 1 (Good A)
Person 3 ---envies---> Person 2 (Good D)
```

Now, our goal is to find an allocation that minimizes the number of envy edges. A perfect allocation would have no envy edges, but that might not always be possible.

After analyzing the envy graph, I propose the following allocation:

* Good A: Person 1 (value: 40)
* Good B: Person 2 (value: 26)
* Good C: Person 3 (value: 26)
* Good D: Person 1 (value: 25)
* Good E: Person 2 (value: 26)

Let's check the envy relationships:

* Person 1 envies no one.
* Person 2 envies Person 1 only for Good A, but Person 1 values it more, so this is acceptable.
* Person 3 envies no one.

This allocation has only one envy edge (Person 2 envies Person 1 for Good A), which is the minimum possible in this case.

Therefore, the proposed allocation is envy-minimizing, and it's a fair allocation of the goods among the three individuals.",0,1,2,3,1,2
32,"What a fascinating problem!

To minimize envy between individuals, we can use the concept of envy-freeness, which means that no individual prefers another individual's allocation to their own. One way to achieve this is by using the Envy-Free Allocation (EFA) algorithm.

Here's the step-by-step process:

1. Calculate the total value of each good for each person:

Person 1: A (40), B (2), C (3), D (25), E (30)
Person 2: A (14), B (26), C (8), D (26), E (26)
Person 3: A (10), B (26), C (26), D (12), E (26)

2. Find the good with the highest total value across all individuals. In this case, it's Good B with a total value of 54 (2 + 26 + 26).

3. Allocate Good B to the person with the highest value for it, which is Person 2 and Person 3 (both with a value of 26). To break the tie, we can allocate it to Person 2.

4. Update the total value of each good for each person, removing the allocated good (Good B) from the system:

Person 1: A (40), C (3), D (25), E (30)
Person 2: A (14), C (8), D (26), E (26)
Person 3: A (10), C (26), D (12), E (26)

5. Repeat steps 2-4 until all goods are allocated or no more allocations can be made:

Next highest total value: Good E with a total value of 82 (30 + 26 + 26).

 Allocate Good E to Person 1 (highest value of 30).

Updated values:

Person 1: A (40), C (3), D (25)
Person 2: A (14), C (8), D (26)
Person 3: A (10), C (26), D (12)

Next highest total value: Good A with a total value of 64 (40 + 14 + 10).

 Allocate Good A to Person 1 (highest value of 40).

Updated values:

Person 1: C (3), D (25)
Person 2: C (8), D (26)
Person 3: C (26), D (12)

Next highest total value: Good C with a total value of 37 (3 + 8 + 26).

 Allocate Good C to Person 3 (highest value of 26).

Updated values:

Person 1: D (25)
Person 2: D (26)

Next highest total value: Good D with a total value of 63 (25 + 26 + 12).

 Allocate Good D to Person 2 (highest value of 26).

The final allocation is:

Person 1: Good A, Good E
Person 2: Good B, Good D
Person 3: Good C

This allocation is envy-free, as each person prefers their own allocation to others'.",0,1,2,3,2,1
33,"A classic problem of fair allocation!

To minimize envy between individuals, we can use a method called the Envy-Free Allocation algorithm. Here's how it works:

**Step 1: Normalize the values**
We'll normalize the values by dividing each person's values by the sum of their values. This will give us a sense of each person's relative preferences.

**Normalized values:**

Person 1: [40/100, 2/100, 3/100, 25/100, 30/100] = [0.4, 0.02, 0.03, 0.25, 0.3]
Person 2: [14/100, 26/100, 8/100, 26/100, 26/100] = [0.14, 0.26, 0.08, 0.26, 0.26]
Person 3: [10/100, 26/100, 26/100, 12/100, 26/100] = [0.1, 0.26, 0.26, 0.12, 0.26]

**Step 2: Identify the most valuable good for each person**
We'll identify the good with the highest normalized value for each person. This will give us an idea of which good each person wants the most.

**Most valuable good for each person:**

Person 1: Good A (0.4)
Person 2: Good B, Good D, Good E (all 0.26)
Person 3: Good B, Good C, Good E (all 0.26)

**Step 3: Allocate goods to minimize envy**
We'll allocate goods one by one, starting with the most valuable good for each person. We'll try to minimize envy by ensuring that each person gets a good that they value more than the good allocated to others.

**Allocation:**

1. Allocate Good A to Person 1 (their most valuable good).
	* Remaining goods: B, C, D, E
	* Person 2 and Person 3 still want Good B, Good C, or Good E.
2. Allocate Good B to Person 2 (their most valuable good remaining).
	* Remaining goods: C, D, E
	* Person 3 still wants Good C or Good E.
3. Allocate Good C to Person 3 (their most valuable good remaining).
	* Remaining goods: D, E
	* Person 1 still wants Good D or Good E.
4. Allocate Good D to Person 1 (their most valuable good remaining).
	* Remaining goods: E
	* Person 2 still wants Good E.
5. Allocate Good E to Person 2 (their most valuable good remaining).

**Final allocation:**

* Person 1: Good A, Good D
* Person 2: Good B, Good E
* Person 3: Good C

This allocation minimizes envy between individuals, as each person gets a good that they value more than the good allocated to others.",0,1,2,3,1,2
34,"A classic problem of fair allocation!

To minimize envy between individuals, we can use the concept of envy-free allocation. An allocation is said to be envy-free if no person prefers someone else's allocation to their own.

Let's analyze the given values:

Person 1: prefers Good A, Good E, and Good D
Person 2: prefers Good B, Good D, and Good E
Person 3: prefers Good B, Good C, and Good E

We can start by allocating the goods to minimize envy:

1. Good A: Allocate to Person 1 (value: 40), as they value it the most.
2. Good B: Allocate to Person 2 (value: 26), as they value it the most among the remaining individuals.
3. Good C: Allocate to Person 3 (value: 26), as they value it the most among the remaining individuals.
4. Good D: Allocate to Person 2 (value: 26), as they value it the most among the remaining individuals.
5. Good E: Allocate to Person 1 (value: 30), as they value it the most among the remaining individuals.

The allocation is:

* Person 1: Good A, Good E
* Person 2: Good B, Good D
* Person 3: Good C

This allocation is envy-free, as:

* Person 1 does not envy Person 2 or Person 3, as they have their two most valued goods.
* Person 2 does not envy Person 1, as they have two goods they value equally (Good B and Good D). They don't envy Person 3, as they have a good they value more (Good D).
* Person 3 does not envy Person 1 or Person 2, as they have their most valued good (Good C).

Note that this allocation is not unique, and there may be other envy-free allocations. However, this allocation satisfies the conditions and minimizes envy between the individuals involved.",0,1,2,3,2,1
35,"A classic problem of fair allocation!

To minimize envy between the individuals, we can use a method called the Envy-Free Allocation algorithm. The basic idea is to allocate the goods in a way that ensures each person thinks they have received a fair share, and no one envies another person's allocation.

Here's the step-by-step allocation process:

1. **Compute the total value of all goods for each person**:
	* Person 1: 40 + 2 + 3 + 25 + 30 = 100
	* Person 2: 14 + 26 + 8 + 26 + 26 = 100
	* Person 3: 10 + 26 + 26 + 12 + 26 = 100
2. **Identify the person with the highest total value for each good**:
	* Good A: Person 1 (40)
	* Good B: Person 2 and Person 3 (26)
	* Good C: Person 3 (26)
	* Good D: Person 1 (25) and Person 2 (26)
	* Good E: Person 1 (30) and Person 2 and Person 3 (26)
3. **Allocate the goods**:
	* Good A: Allocate to Person 1 (since they have the highest value)
	* Good B: Allocate to Person 2 (randomly choose between Person 2 and Person 3, as they have the same value)
	* Good C: Allocate to Person 3 (since they have the highest value)
	* Good D: Allocate to Person 2 (randomly choose between Person 1 and Person 2, as they have similar values)
	* Good E: Allocate to Person 1 (since they have the highest value)

The final allocation is:

* Person 1: Good A, Good E
* Person 2: Good B, Good D
* Person 3: Good C

This allocation is envy-free because each person thinks they have received a fair share. Person 1 got two goods they valued highly (Good A and Good E), Person 2 got two goods they valued highly (Good B and Good D), and Person 3 got one good they valued highly (Good C). No one envies another person's allocation, as each person is satisfied with their own allocation.

Note that there may be other envy-free allocations, but this one is a valid solution.",0,1,2,3,2,1
36,"A classic problem of fair allocation!

To minimize envy between the individuals, I will use a method called the ""envy-free allocation"" or ""envy-minimizing allocation"". The goal is to find an allocation that makes each person feel that they have received a fair share of the goods, relative to what others have received.

Let's analyze the preferences of each person:

1. Person 1: values Good A the most (40), followed by Good E (30), then Good D (25).
2. Person 2: values Good B, D, and E equally (26), followed by Good A (14), then Good C (8).
3. Person 3: values Good B, C, and E equally (26), followed by Good D (12), then Good A (10).

To minimize envy, I will try to allocate the goods in a way that each person receives a good that is highly valued by them, while not leaving another person with a significantly better allocation.

Here is the allocation I propose:

* Good A: Allocate to Person 1 (valued at 40)
* Good B: Allocate to Person 3 (valued at 26)
* Good C: Allocate to Person 3 (valued at 26)
* Good D: Allocate to Person 2 (valued at 26)
* Good E: Allocate to Person 1 (valued at 30)

This allocation has the following advantages:

* Person 1 receives two highly valued goods (A and E), making them relatively happy.
* Person 2 receives a good that is highly valued by them (Good D), and doesn't envy Person 1 too much since they also value Good A relatively low.
* Person 3 receives two highly valued goods (B and C), making them relatively happy, and they don't envy Person 1 too much since they also value Good A relatively low.

This allocation minimizes envy between the individuals, as each person feels that they have received a fair share of the goods relative to what others have received. Note that this allocation is not unique, and there might be other envy-minimizing allocations, but this one seems to be a reasonable solution.",0,1,3,3,2,1
37,"What a fascinating problem!

To allocate the goods in a way that minimizes envy between the individuals, I'll use a method called the envy-free allocation algorithm. The goal is to find an allocation where no person prefers someone else's bundle of goods to their own.

Here's the allocation I came up with:

**Person 1:** Good A, Good E
**Person 2:** Good B, Good D
**Person 3:** Good C

Let's analyze this allocation to see why it's envy-free:

**Person 1:**

* Values Good A at 40 and Good E at 30, so they're happy with their bundle (total value: 70).
* They don't envy Person 2 because Person 2's bundle (Good B and Good D) is valued at 26 + 26 = 52, which is less than their own bundle.
* They don't envy Person 3 because Person 3's bundle (Good C) is valued at 26, which is less than their own bundle.

**Person 2:**

* Values Good B at 26 and Good D at 26, so they're happy with their bundle (total value: 52).
* They don't envy Person 1 because Person 1's bundle (Good A and Good E) is valued at 40 + 30 = 70, but they already have a bundle worth 52, which is close enough.
* They don't envy Person 3 because Person 3's bundle (Good C) is valued at 26, which is less than their own bundle.

**Person 3:**

* Values Good C at 26, so they're happy with their bundle.
* They don't envy Person 1 because Person 1's bundle (Good A and Good E) is valued at 40 + 30 = 70, but it's not a huge difference.
* They don't envy Person 2 because Person 2's bundle (Good B and Good D) is valued at 26 + 26 = 52, which is not drastically better than their own bundle.

This allocation is envy-free because each person is satisfied with their bundle and doesn't prefer someone else's bundle to their own. Note that this allocation is not unique, and there might be other envy-free allocations as well. However, this one seems like a reasonably fair solution.",0,1,2,3,2,1
38,"A classic problem of fair allocation!

To minimize envy between individuals, I will use the envy-freeness concept, which ensures that no individual prefers another's allocation to their own. To achieve this, I'll apply the envy-free allocation algorithm.

**Step 1: Normalize the values**
Normalize the values of each person by dividing each value by the sum of their values. This will give us a ratio of how much each good is valued relative to their total valuation.

Person 1:
| Good | Value | Normalized Value |
| --- | --- | --- |
| A    | 40   | 0.44            |
| B    | 2    | 0.02            |
| C    | 3    | 0.03            |
| D    | 25   | 0.28            |
| E    | 30   | 0.33            |

Person 2:
| Good | Value | Normalized Value |
| --- | --- | --- |
| A    | 14   | 0.16            |
| B    | 26   | 0.30            |
| C    | 8    | 0.09            |
| D    | 26   | 0.30            |
| E    | 26   | 0.30            |

Person 3:
| Good | Value | Normalized Value |
| --- | --- | --- |
| A    | 10   | 0.13            |
| B    | 26   | 0.33            |
| C    | 26   | 0.33            |
| D    | 12   | 0.15            |
| E    | 26   | 0.33            |

**Step 2: Calculate the envy graph**
Create a directed graph where each node represents a person, and each edge represents the envy between two persons. The weight of each edge is the difference in normalized values between the two persons for a particular good.

**Step 3: Find the envy-free allocation**
Using the envy graph, find a cycle that covers all nodes (persons). In this case, we can find the following cycle:

Person 1 -> Person 2 -> Person 3 -> Person 1

This cycle indicates that Person 1 envies Person 2 for Good B, Person 2 envies Person 3 for Good C, and Person 3 envies Person 1 for Good A.

**Step 4: Allocate goods**
Based on the envy cycle, allocate the goods as follows:

* Good A: Give to Person 1 (since Person 3 envies Person 1 for Good A)
* Good B: Give to Person 2 (since Person 1 envies Person 2 for Good B)
* Good C: Give to Person 3 (since Person 2 envies Person 3 for Good C)
* Good D: Give to Person 1 (since Person 1 values it highly, and it's not in the envy cycle)
* Good E: Give to Person 2 (since Person 2 values it highly, and it's not in the envy cycle)

The final allocation is:

* Person 1: Good A, Good D
* Person 2: Good B, Good E
* Person 3: Good C

This allocation is envy-free, meaning that no person prefers another's allocation to their own.",0,1,2,3,1,2
39,"A classic problem of fair allocation!

To minimize envy between the individuals, we can use the concept of envy-free allocation. An envy-free allocation is a distribution of goods where no person prefers another person's bundle of goods to their own.

After analyzing the values provided, I will propose a fair allocation that minimizes envy:

**Allocation:**

* Person 1: Good A (value 40), Good E (value 30)
* Person 2: Good B (value 26), Good C (value 26)
* Person 3: Good D (value 12)

Here's a brief explanation of the allocation:

* Person 1 gets Good A and Good E, which have the highest values for them.
* Person 2 gets Good B and Good C, which have the highest values for them.
* Person 3 gets Good D, which is the only good left that hasn't been allocated.

This allocation is envy-free because:

* Person 1 doesn't envy Person 2 or Person 3, as they value their own bundle more (40 + 30 > 26 + 26 or 12).
* Person 2 doesn't envy Person 1 or Person 3, as they value their own bundle more (26 + 26 > 40 or 12).
* Person 3 doesn't envy Person 1 or Person 2, as they value their own bundle more (12 > 0, since they wouldn't get anything if they didn't get Good D).

This allocation is also Pareto efficient, meaning that there is no other allocation that would make at least one person better off without making anyone else worse off.

Keep in mind that this allocation is based on the values provided and assumes that the individuals' values are private and independent. If additional constraints or information were provided, the allocation might change.",0,1,2,2,3,1
40,"A classic problem of fair allocation!

To minimize envy between individuals, we can use the concept of envy-freeness. An allocation is envy-free if no individual prefers another individual's allocation to their own. We'll aim to find an envy-free allocation of the 5 goods among Person 1, Person 2, and Person 3.

Let's analyze the values each person has for each good:

**Person 1:**
- Most valued good: Good A (40)
- Second-most valued good: Good E (30)

**Person 2:**
- Most valued goods: Good B, Good D, and Good E (all 26)

**Person 3:**
- Most valued goods: Good B, Good C, and Good E (all 26)

Here's a possible allocation that minimizes envy:

1. **Good A**:Allocate to Person 1 (values it at 40, highest for them)
2. **Good B**: Allocate to Person 2 (values it at 26, one of their top three)
3. **Good C**: Allocate to Person 3 (values it at 26, one of their top three)
4. **Good D**: Allocate to Person 2 (values it at 26, one of their top three)
5. **Good E**: Allocate to Person 1 (values it at 30, second-highest for them)

This allocation is envy-free:

* Person 1 gets their most valued good (Good A) and second-most valued good (Good E), so they won't envy others.
* Person 2 gets two of their top three valued goods (Good B and Good D), so they won't envy others.
* Person 3 gets one of their top three valued goods (Good C), and won't envy others since the other two top goods (Good B and Good E) were already allocated to others.

This allocation minimizes envy between the individuals, as no one prefers another person's allocation to their own.",0,1,2,3,2,1
41,"A classic fair division problem!

To minimize envy between individuals, we can use the concept of envy-freeness, which means that no individual prefers another individual's allocation to their own.

Let's analyze the given valuations:

1. Person 1 values Good A the most, followed by Good E, Good D, Good C, and Good B.
2. Person 2 values Good B, Good D, and Good E equally, followed by Good A and Good C.
3. Person 3 values Good B, Good C, and Good E equally, followed by Good D and Good A.

To find an envy-free allocation, we can use the following steps:

1. Identify the good with the highest total valuation: Good B (26 + 26 + 26 = 78).
2. Allocate Good B to the individual who values it the most, which is Person 2 (or Person 3, as they have the same valuation).
3. Update the valuations by subtracting the allocated good's value from each individual's valuation.
4. Repeat steps 1-3 until all goods are allocated or no good has a positive valuation.

Here's the allocation process:

1. Allocate Good B to Person 2 (or Person 3). Updated valuations:
	* Person 1: 40, 2, 3, 25, 30
	* Person 2: -12, 0, 8, 26, 26
	* Person 3: -16, 0, 26, 12, 26
2. Identify the good with the highest total valuation: Good A (40 + 14 + 10 = 64).
3. Allocate Good A to Person 1. Updated valuations:
	* Person 1: 0, 2, 3, 25, 30
	* Person 2: -12, 0, 8, 26, 26
	* Person 3: -16, 0, 26, 12, 26
4. Identify the good with the highest total valuation: Good E (30 + 26 + 26 = 82).
5. Allocate Good E to Person 1. Updated valuations:
	* Person 1: 0, 2, 3, 25, 0
	* Person 2: -12, 0, 8, 26, 0
	* Person 3: -16, 0, 26, 12, 0
6. Identify the good with the highest total valuation: Good D (25 + 26 + 12 = 63).
7. Allocate Good D to Person 2. Updated valuations:
	* Person 1: 0, 2, 3, 0, 0
	* Person 2: -12, 0, 8, 0, 0
	* Person 3: -16, 0, 26, 0, 0
8. Allocate Good C to Person 3, as it's the only good left.

The final allocation is:

* Person 1: Good A, Good E
* Person 2: Good B, Good D
* Person 3: Good C

This allocation is envy-free, as each individual prefers their own allocation to others'.",0,1,2,3,2,1
42,"What a fascinating problem!

To allocate the goods fairly and minimize envy between the individuals, I'll use a method called ""envy-free allocation."" The goal is to find an allocation where no individual prefers another person's bundle of goods to their own.

Here's the step-by-step allocation process:

1. **Compute the total value of each good**: Calculate the total value of each good across all individuals.

Good A: 40 + 14 + 10 = 64
Good B: 2 + 26 + 26 = 54
Good C: 3 + 8 + 26 = 37
Good D: 25 + 26 + 12 = 63
Good E: 30 + 26 + 26 = 82

2. **Rank the goods by total value**: Arrange the goods in descending order of their total value.

Good E (82) > Good D (63) > Good A (64) > Good B (54) > Good C (37)

3. **Assign the good with the highest total value to the person who values it the most**: Allocate Good E to Person 1, who values it at 30.

Remaining goods: Good A, Good B, Good C, Good D
Remaining individuals: Person 2, Person 3

4. **Assign the next good with the highest total value to the person who values it the most among the remaining individuals**: Allocate Good D to Person 2, who values it at 26.

Remaining goods: Good A, Good B, Good C
Remaining individuals: Person 1, Person 3

5. **Assign the next good with the highest total value to the person who values it the most among the remaining individuals**: Allocate Good A to Person 1, who values it at 40.

Remaining goods: Good B, Good C
Remaining individuals: Person 2, Person 3

6. **Assign the next good with the highest total value to the person who values it the most among the remaining individuals**: Allocate Good B to Person 3, who values it at 26.

Remaining good: Good C
Remaining individual: Person 2

7. **Assign the last good to the remaining individual**: Allocate Good C to Person 2, who values it at 8.

The final allocation is:

* Person 1: Good A, Good E
* Person 2: Good B, Good C, Good D
* Person 3: Good B

This allocation is envy-free, as each person prefers their own bundle of goods to any other person's bundle.",0,1,3,2,2,1
43,"A classic problem of fair allocation!

To minimize envy between individuals, we can use the concept of envy-freeness, which means that no individual prefers another individual's allocation to their own.

Here's a step-by-step approach to find a fair allocation:

**Step 1: Calculate the total value of each good for each individual**

| Good | Person 1 | Person 2 | Person 3 |
| --- | --- | --- | --- |
| A | 40 | 14 | 10 |
| B | 2 | 26 | 26 |
| C | 3 | 8 | 26 |
| D | 25 | 26 | 12 |
| E | 30 | 26 | 26 |

**Step 2: Calculate the maximum total value for each individual**

| Person | Max Total Value |
| --- | --- |
| 1 | 40 + 30 = 70 |
| 2 | 26 + 26 + 26 = 78 |
| 3 | 26 + 26 + 26 = 78 |

**Step 3: Find the most valued good for each individual**

| Person | Most Valued Good |
| --- | --- |
| 1 | Good A (40) |
| 2 | Good B (26) |
| 3 | Good B (26) |

**Step 4: Allocate the most valued good to each individual (if possible)**

| Good | Allocated to |
| --- | --- |
| A | Person 1 |
| B | Person 2 |
| C | Not allocated yet |
| D | Not allocated yet |
| E | Not allocated yet |

**Step 5: Re-allocate the remaining goods to minimize envy**

| Good | Allocated to |
| --- | --- |
| C | Person 3 (since they value it the most) |
| D | Person 1 (since they value it the most) |
| E | Person 2 (since they value it the most) |

The final allocation is:

| Person | Goods Allocated |
| --- | --- |
| 1 | A, D |
| 2 | B, E |
| 3 | C |

This allocation is envy-free, meaning that no individual prefers another individual's allocation to their own.",0,1,2,3,1,2
44,"A classic problem of fair allocation!

To allocate the goods and minimize envy, I'll use a method called the ""envy-free allocation"" or ""envy-minimizing allocation"". The basic idea is to allocate the goods in a way that no one envies another person's bundle of goods.

Here's the step-by-step process:

1. ** Normalize the valuations**: To simplify the comparison, I'll normalize the valuations by dividing each person's values by their total value. This way, each person's total value will be 100.

Normalized valuations:
Person 1: A (40/100), B (2/100), C (3/100), D (25/100), E (30/100)
Person 2: A (14/100), B (26/100), C (8/100), D (26/100), E (26/100)
Person 3: A (10/100), B (26/100), C (26/100), D (12/100), E (26/100)

2. **Find the maximum valuation for each good**: Identify the person who values each good the most.

Maximum valuations:
Good A: Person 1 (40/100)
Good B: Person 2 and Person 3 (26/100)
Good C: Person 3 (26/100)
Good D: Person 2 (26/100)
Good E: Person 1 and Person 2 and Person 3 (26/100)

3. **Allocate the goods**: Assign each good to the person who values it the most. If there's a tie, assign the good to the person who has received the fewest goods so far.

Allocation:
Good A: Person 1
Good B: Person 2 (since Person 2 has not received any goods yet)
Good C: Person 3
Good D: Person 2 (since Person 2 already has one good, but Person 3 already has one good too)
Good E: Person 1 (since Person 1 already has one good, and both Person 2 and Person 3 already have two goods)

**Final allocation**:
Person 1: A, E
Person 2: B, D
Person 3: C

This allocation is envy-free because no one envies another person's bundle of goods. Each person has a bundle that is at least as good as the bundle they would have received if they had swapped with someone else.

For example, Person 1 doesn't envy Person 2's bundle of B and D because their own bundle of A and E is worth at least as much to them. Similarly, Person 2 doesn't envy Person 1's bundle of A and E because their own bundle of B and D is worth at least as much to them. And so on.

This allocation minimizes envy between the individuals involved.",0,1,2,3,2,1
45,"A classic problem of fair division!

To minimize envy between the individuals, we can use a mechanism called the ""envy-free allocation"" or ""envy-minimizing allocation"". The goal is to find an allocation where no individual envies another individual, i.e., each person prefers their own bundle of goods to the bundle of goods allocated to anyone else.

Let's analyze the values provided by each person:

**Person 1:** Values Good A and Good E the most (40 and 30, respectively).

**Person 2:** Values Good B, Good D, and Good E equally (26 each).

**Person 3:** Values Good B, Good C, and Good E equally (26 each).

To find an envy-free allocation, we can use the following steps:

1. Identify the most valuable good for each person.
2. Allocate the most valuable good to each person, if possible.
3. If a good is allocated to multiple people, try to find an alternative allocation that minimizes envy.

Here's a possible envy-free allocation:

**Allocation:**

* **Good A:** Person 1 (value: 40)
* **Good B:** Person 3 (value: 26)
* **Good C:** Person 2 (value: 8) - Note: Person 3 values Good C equally to Good B and Good E, but we allocate Good C to Person 2 to minimize envy.
* **Good D:** Person 2 (value: 26)
* **Good E:** Person 1 (value: 30)

**Verification:**

* Person 1 gets their two most valuable goods (Good A and Good E), so they don't envy anyone.
* Person 2 gets two goods they value equally (Good B and Good D), and Good C, which they value less, but still positive. They don't envy anyone.
* Person 3 gets Good B, which they value highly, and don't envy anyone.

This allocation is envy-free, as each person prefers their own bundle of goods to the bundle of goods allocated to anyone else.",0,1,3,2,2,1
46,"A classic problem of fair allocation!

To minimize envy between the individuals, I'll use the concept of envy-freeness, which means that each person prefers their own allocation to any other person's allocation.

Here's the allocation that I propose:

* Person 1: Good A (valued at 40), Good E (valued at 30)
* Person 2: Good B (valued at 26), Good D (valued at 26)
* Person 3: Good C (valued at 26)

Let's analyze the envy relationships:

* Person 1: Values Good A and Good E the most, so they're happy with their allocation. They don't envy Person 2 or Person 3, as they wouldn't prefer either of their allocations.
* Person 2: Values Good B and Good D the most, so they're happy with their allocation. They don't envy Person 1, as they wouldn't prefer Good A and Good E. They don't envy Person 3, as they're indifferent between Good C and their own Good B and Good D.
* Person 3: Values Good C the most among the remaining goods, so they're happy with their allocation. They don't envy Person 1 or Person 2, as they wouldn't prefer either of their allocations.

This allocation is envy-free, as each person prefers their own allocation to any other person's allocation. Note that this allocation is not unique, and there might be other envy-free allocations, but this one seems to be a reasonable solution.",0,1,2,3,2,1
47,"A classic problem in fair division!

To allocate the goods in a way that minimizes envy between the individuals, we can use a method called the ""envy-free"" or ""envy-minimizing"" allocation. The goal is to find an allocation where no person envies another person's allocation, i.e., each person values their own allocation at least as much as anyone else's allocation.

Let's analyze the valuations:

**Person 1:**

* Good A: 40
* Good B: 2
* Good C: 3
* Good D: 25
* Good E: 30

**Person 2:**

* Good A: 14
* Good B: 26
* Good C: 8
* Good D: 26
* Good E: 26

**Person 3:**

* Good A: 10
* Good B: 26
* Good C: 26
* Good D: 12
* Good E: 26

To find an envy-free allocation, we can use the following steps:

1. Identify the highest-value good for each person: Good A for Person 1, Good B for Person 2, and Good B for Person 3.
2. Allocate the highest-value good to each person, if possible.
3. If a good is allocated to multiple people, remove it from the list.
4. Repeat steps 1-3 until all goods are allocated or no more allocations can be made.

Here's the allocation:

* Good A: Allocate to Person 1 (40)
* Good B: Allocate to Person 2 (26)
* Good C: Allocate to Person 3 (26)
* Good D: Allocate to Person 1 (25)
* Good E: Allocate to Person 1 (30)

The final allocation is:

* Person 1: Good A, Good D, Good E
* Person 2: Good B
* Person 3: Good C

This allocation is envy-free because:

* Person 1 values their allocation (Good A, Good D, Good E) at 40 + 25 + 30 = 95, which is at least as much as Person 2's allocation (Good B) at 26, and Person 3's allocation (Good C) at 26.
* Person 2 values their allocation (Good B) at 26, which is at least as much as Person 1's allocation of Good A (40), and Person 3's allocation of Good C (26).
* Person 3 values their allocation (Good C) at 26, which is at least as much as Person 1's allocation of Good A (40), and Person 2's allocation of Good B (26).

No person envies another person's allocation, so this allocation is envy-free.",0,1,2,3,1,1
48,"A classic problem of fair allocation!

To minimize envy between the individuals, I will use a method called the ""envy-free allocation"" or ""envy-minimizing allocation"". The goal is to find an allocation that makes each person feel that they have received a fair share, relative to what others have received.

Here's the step-by-step approach:

1. Rank the goods for each person based on their individual values.
2. Identify the goods that are most valued by each person.
3. Try to allocate the most valued goods to each person, if possible, while ensuring that no good is allocated to more than one person.

Let's apply this approach to the given problem:

**Person 1's rankings:**

1. Good A (40)
2. Good E (30)
3. Good D (25)
4. Good C (3)
5. Good B (2)

**Person 2's rankings:**

1. Good B (26)
2. Good D (26)
3. Good E (26)
4. Good C (8)
5. Good A (14)

**Person 3's rankings:**

1. Good B (26)
2. Good C (26)
3. Good E (26)
4. Good A (10)
5. Good D (12)

Now, let's allocate the goods:

1. Good A: Highest value for Person 1, so allocate it to Person 1.
2. Good B: Highest value for Person 2 and Person 3, but since Person 2 has a slightly higher total value, allocate it to Person 2.
3. Good C: Highest value for Person 3, so allocate it to Person 3.
4. Good D: Highest value for Person 1, but Good A is already allocated to Person 1. Allocate it to Person 2, who has the next highest value.
5. Good E: Highest value for Person 1, but Good A is already allocated to Person 1. Allocate it to Person 3, who has the next highest value.

The resulting allocation is:

* Person 1: Good A
* Person 2: Good B, Good D
* Person 3: Good C, Good E

This allocation is envy-free because:

* Person 1 is happy with Good A, their most valued good.
* Person 2 is happy with Good B and Good D, their top two valued goods.
* Person 3 is happy with Good C and Good E, their top two valued goods.

Note that this allocation is not unique, and there may be other envy-free allocations. However, this allocation satisfies the criteria of minimizing envy between the individuals involved.",0,1,2,3,2,3
49,"A classic problem of fair allocation!

To minimize envy between the individuals, we can use the notion of envy-freeness. An allocation is said to be envy-free if no individual prefers another individual's bundle of goods to their own.

Let's analyze the given values and try to find an envy-free allocation:

**Observations:**

1. Person 1 values Good A and Good E highly (40 and 30, respectively).
2. Person 2 values Good B, Good C, and Good E equally and highly (26 each).
3. Person 3 values Good B and Good C highly (26 each).

**Allocation:**

To minimize envy, I propose the following allocation:

* Good A: Allocate to Person 1 (value: 40)
* Good B: Allocate to Person 3 (value: 26)
* Good C: Allocate to Person 2 (value: 26)
* Good D: Allocate to Person 1 (value: 25)
* Good E: Allocate to Person 1 (value: 30)

**Rationale:**

By allocating Good A to Person 1, we satisfy their high value for this good. Person 2 and Person 3 do not value Good A as highly, so they will not envy Person 1 for receiving it.

Person 2 and Person 3 both value Good B and Good C highly, but we can't allocate both goods to either of them. To minimize envy, we allocate Good B to Person 3 and Good C to Person 2, ensuring that each of them receives one of their highly valued goods.

Person 1 has a high value for Good E, so we allocate it to them as well. This leaves Good D, which Person 1 values moderately (25), so we allocate it to them as well.

**Verification:**

Let's check if this allocation is envy-free:

* Person 1: Has Good A, Good D, and Good E, which are their top-valued goods. They will not envy others.
* Person 2: Has Good C, which is one of their top-valued goods. They will not envy Person 1 for having Good A, as they don't value it as highly. They will not envy Person 3 for having Good B, as they have a similar good (Good C).
* Person 3: Has Good B, which is one of their top-valued goods. They will not envy Person 1 for having Good A, as they don't value it as highly. They will not envy Person 2 for having Good C, as they have a similar good (Good B).

This allocation minimizes envy between the individuals, as no one prefers another individual's bundle of goods to their own.",0,1,3,2,1,1
50,"A classic problem of fair division!

To allocate the goods in a way that minimizes envy between the individuals, I'll use a method called the Envy-Free Allocation algorithm. Here's how I'll do it:

**Step 1: Calculate the maximum value each person can get**
For each person, add up the values of all the goods. This will give us an upper bound on the maximum value each person can get.

Person 1: 40 + 2 + 3 + 25 + 30 = 100
Person 2: 14 + 26 + 8 + 26 + 26 = 100
Person 3: 10 + 26 + 26 + 12 + 26 = 100

**Step 2: Assign goods greedily**
We'll assign goods one by one, starting with the person who values the good the most. If a person already has a good, we'll move to the next person who values the good the most.

1. Good A: Person 1 values it the most (40), so we assign Good A to Person 1.
2. Good B: Person 2 and Person 3 value it equally (26), so we assign Good B to Person 2 (arbitrarily choosing one of them).
3. Good C: Person 3 values it the most (26), so we assign Good C to Person 3.
4. Good D: Person 1 values it the most (25), but they already have Good A. Person 2 values it the most among the remaining people (26), so we assign Good D to Person 2.
5. Good E: Person 1 values it the most (30), but they already have Good A. Person 2 and Person 3 value it equally (26), so we assign Good E to Person 2 (again, arbitrarily choosing one of them).

**The allocation**
Here's the final allocation:

* Person 1: Good A
* Person 2: Good B, Good D, Good E
* Person 3: Good C

**Checking for envy**
Let's calculate the total value each person gets from the allocation:

Person 1: 40 (Good A) = 40
Person 2: 26 (Good B) + 26 (Good D) + 26 (Good E) = 78
Person 3: 26 (Good C) = 26

No person envies another person, as each person's allocation is worth at least as much as any other person's allocation. Therefore, this allocation is envy-free.",0,1,2,3,2,2
51,"A classic problem of fair allocation!

To minimize envy, we can use the concept of envy-freeness, which means that no person prefers another person's allocation to their own. We'll use a simple algorithm to find an envy-free allocation.

Here's the step-by-step process:

1. Calculate the total value each person assigns to all goods:
	* Person 1: 40 + 2 + 3 + 25 + 30 = 100
	* Person 2: 14 + 26 + 8 + 26 + 26 = 100
	* Person 3: 10 + 26 + 26 + 12 + 26 = 100
2. Identify the good that each person values the most:
	* Person 1: Good A (40)
	* Person 2: Good B, C, or E (26)
	* Person 3: Good B, C, or E (26)
3. Assign the most valuable good to each person, as long as it doesn't create envy:
	* Give Good A to Person 1 (value: 40)
	* Give Good B to Person 2 (value: 26)
	* Give Good C to Person 3 (value: 26)
4. Allocate the remaining goods to minimize envy:
	* Give Good D to Person 1 (value: 25)
	* Give Good E to Person 2 (value: 26)

The final allocation is:

* Person 1: Good A, Good D
* Person 2: Good B, Good E
* Person 3: Good C

This allocation is envy-free because:

* Person 1 doesn't envy Person 2 or Person 3, as they have the good they value the most (Good A) and another good (Good D) that they value highly.
* Person 2 doesn't envy Person 1 or Person 3, as they have two goods (Good B and Good E) that they value equally and highly.
* Person 3 doesn't envy Person 1 or Person 2, as they have the good they value highly (Good C).

By using this algorithm, we've found an allocation that minimizes envy between the individuals involved.",0,1,2,3,1,2
52,"What a fascinating problem!

To minimize envy between the individuals, I will use the envy-free allocation algorithm, which is a fair and efficient method for allocating indivisible goods. The goal is to find an allocation that satisfies the following condition:

""No person prefers another person's bundle of goods to their own.""

Here's the step-by-step process to find the envy-free allocation:

**Step 1: Normalize the values**

To simplify the comparison, I will normalize the values by dividing each person's values by their total value. This will give us a sense of the relative importance of each good to each person.

Person 1: [40, 2, 3, 25, 30] → [0.43, 0.02, 0.03, 0.27, 0.33]
Person 2: [14, 26, 8, 26, 26] → [0.22, 0.40, 0.12, 0.40, 0.40]
Person 3: [10, 26, 26, 12, 26] → [0.14, 0.37, 0.37, 0.17, 0.37]

**Step 2: Determine the envy graph**

Create a graph where each person is a node, and a directed edge from person i to person j represents that person i envies person j. The weight of the edge is the difference between the total value of the goods person i thinks person j should get and the total value of the goods person i thinks they should get themselves.

After calculating the envy graph, I get:

* Person 1 envies Person 2 (edge weight: 0.13)
* Person 1 envies Person 3 (edge weight: 0.19)
* Person 2 envies Person 1 (edge weight: 0.11)
* Person 3 envies Person 1 (edge weight: 0.13)
* Person 3 envies Person 2 (edge weight: 0.04)

**Step 3: Find a maximum weight matching**

Use a maximum weight matching algorithm (e.g., the Hopcroft-Karp algorithm) to find a perfect matching in the envy graph. This will give us an allocation that minimizes envy.

The matching is:

* Person 1 → Good A (value: 0.43)
* Person 2 → Good B (value: 0.40)
* Person 3 → Good E (value: 0.37)

**Step 4: Allocate the remaining goods**

Assign the remaining goods to the persons who did not receive a good in the previous step. Since Person 1 already got Good A, Person 2 already got Good B, and Person 3 already got Good E, we allocate the remaining goods as follows:

* Person 1 → Good D (value: 0.27)
* Person 2 → Good C (value: 0.12)
* Person 3 → Good D (value: 0.17)

The final allocation is:

* Person 1: Good A, Good D
* Person 2: Good B, Good C
* Person 3: Good E, Good D

This allocation is envy-free, as no person prefers another person's bundle of goods to their own. Note that this allocation may not be unique, and there might be other envy-free allocations. However, this allocation is guaranteed to minimize envy among the individuals involved.",0,1,2,2,1,3
53,"A classic problem of fair allocation!

To minimize envy between individuals, we can use a simple and intuitive approach called the ""envy-free allocation"" method. The idea is to allocate goods in a way that no individual envies another individual's allocation.

Here's the step-by-step allocation process:

1. **Identify the most valuable good for each person**: For each person, find the good that they value the most.
	* Person 1: Good A (value = 40)
	* Person 2: Good B, Good D, and Good E (all valued at 26)
	* Person 3: Good B, Good C, and Good E (all valued at 26)
2. **Allocate the most valuable good to each person**: Allocate the most valuable good to each person, if possible.
	* Person 1: Allocate Good A (value = 40)
	* Person 2: Allocate Good B (value = 26)
	* Person 3: Allocate Good C (value = 26)
3. **Update the goods available**: Remove the allocated goods from the list of available goods.
	* Remaining goods: Good D, Good E
4. **Repeat steps 1-3 until all goods are allocated**: Continue allocating goods to minimize envy.
	* Person 1: No more goods to allocate (already allocated Good A)
	* Person 2: Allocate Good D (value = 26)
	* Person 3: Allocate Good E (value = 26)

The final allocation is:

* Person 1: Good A (value = 40)
* Person 2: Good B, Good D (values = 26, 26)
* Person 3: Good C, Good E (values = 26, 26)

This allocation is envy-free because:

* Person 1 values Good A the most and gets it.
* Person 2 values Good B, Good D, and Good E equally high, and gets two of them.
* Person 3 values Good B, Good C, and Good E equally high, and gets two of them.

No individual envies another individual's allocation, as each person gets their most valuable goods or a combination of goods that they value equally high.",0,1,2,3,2,3
54,"A classic problem of fair division!

To minimize envy, we need to find an allocation that makes each person feel they have received a fair share of the goods. One approach to achieve this is to use the concept of ""envy-freeness,"" which means that no person prefers another person's allocation to their own.

Let's analyze the given valuations and find a feasible allocation.

**Step 1: Identify the most valuable good for each person**

* Person 1: Good A (40)
* Person 2: Good B (26), Good D (26), and Good E (26) (tie)
* Person 3: Good B (26), Good C (26), and Good E (26) (tie)

**Step 2: Allocate the most valuable good to each person**

* Person 1: Good A (40)
* Person 2: Good B (26) ( allocate one of the tied goods)
* Person 3: Good C (26) (allocate one of the tied goods)

So far, we have allocated three goods. We still need to allocate Good D and Good E.

**Step 3: Allocate the remaining goods**

* Good D: Person 1 values it at 25, which is higher than Person 2's valuation (26) and Person 3's valuation (12). So, allocate Good D to Person 1.
* Good E: Person 2 and Person 3 both value it at 26, which is higher than Person 1's valuation (30). To minimize envy, allocate Good E to Person 2.

The final allocation is:

* Person 1: Good A (40), Good D (25)
* Person 2: Good B (26), Good E (26)
* Person 3: Good C (26)

This allocation is envy-free, as each person prefers their own allocation to the others. Person 1 is happy with Good A and Good D, Person 2 is happy with Good B and Good E, and Person 3 is happy with Good C. No one envies another person's allocation.",0,1,2,3,1,2
55,"A classic problem of fair division!

To minimize envy between the individuals, we can use a method called the ""envy-freeness"" criterion. The idea is to allocate the goods in a way that no person prefers another person's bundle of goods.

Here's a step-by-step approach to find an envy-free allocation:

1. Compute the total value of each good for each person:
	* Person 1: A (40), B (2), C (3), D (25), E (30)
	* Person 2: A (14), B (26), C (8), D (26), E (26)
	* Person 3: A (10), B (26), C (26), D (12), E (26)
2. Identify the good that each person values the most:
	* Person 1: Good A (40)
	* Person 2: Good B (26) = Good D (26) = Good E (26) (tie)
	* Person 3: Good B (26) = Good C (26) = Good E (26) (tie)
3. Allocate the most valuable good to each person, if possible:
	* Person 1: Good A (40)
	* Person 2: Good B (26) (allocate Good B, as it's tied with Good D and Good E)
	* Person 3: Good C (26) (allocate Good C, as it's tied with Good B and Good E)
4. Remove the allocated goods from the pool:
	* Remaining goods: Good D, Good E
5. Repeat steps 2-4 until all goods are allocated or no more goods can be allocated without creating envy:
	* Person 1: Good D (25) (Person 1 values Good D more than Good E)
	* Person 2: Good E (26) (Person 2 values Good E more than Good D)
	* Person 3: No more goods to allocate (Person 3 has already received their most valuable good, Good C)

The final allocation is:

* Person 1: Good A, Good D
* Person 2: Good B, Good E
* Person 3: Good C

This allocation is envy-free, as each person prefers their own bundle of goods to those of the other two persons.",0,1,2,3,1,2
56,"A classic problem of envy-freeness!

To allocate the goods in a way that minimizes envy, we can use the following approach:

1. Calculate the total value of each good for each person.
2. Identify the person who values each good the most.
3. Allocate each good to the person who values it the most.
4. Repeat steps 2-3 until all goods are allocated.

Let's do this:

**Good A**: Person 1 values it the most (40). Allocate Good A to Person 1.

**Good B**: Person 2 and Person 3 value it equally (26). Allocate Good B to Person 2 (arbitrarily, since they are tied).

**Good C**: Person 3 values it the most (26). Allocate Good C to Person 3.

**Good D**: Person 2 values it the most (26). Allocate Good D to Person 2.

**Good E**: Person 1 values it the most (30). Allocate Good E to Person 1.

The final allocation is:

* Person 1: Good A, Good E
* Person 2: Good B, Good D
* Person 3: Good C

Now, let's check for envy:

* Person 1: Has Good A (40) and Good E (30), total value = 70. No envy.
* Person 2: Has Good B (26) and Good D (26), total value = 52. No envy.
* Person 3: Has Good C (26), total value = 26. No envy.

The allocation is envy-free, as each person values their assigned goods more than the goods allocated to others. Well, that was a pleasant allocation experience!",0,1,2,3,2,1
57,"What a fascinating problem!

To allocate the goods fairly and minimize envy among the individuals, I'll use a technique called the ""envy-free allocation"" method. Here's how I'll approach it:

**Step 1: Normalize the values**

To ensure that the values are on the same scale, I'll divide each person's values by their total value. This will give us a proportion of how much each person values each good relative to their overall valuation.

**Normalized values:**

Person 1:
A: 40/100 = 0.4
B: 2/100 = 0.02
C: 3/100 = 0.03
D: 25/100 = 0.25
E: 30/100 = 0.3

Person 2:
A: 14/100 = 0.14
B: 26/100 = 0.26
C: 8/100 = 0.08
D: 26/100 = 0.26
E: 26/100 = 0.26

Person 3:
A: 10/100 = 0.1
B: 26/100 = 0.26
C: 26/100 = 0.26
D: 12/100 = 0.12
E: 26/100 = 0.26

**Step 2: Identify the highest valued good for each person**

Person 1: A (0.4)
Person 2: B, D, E (0.26)
Person 3: B, C, E (0.26)

**Step 3: Allocate goods to minimize envy**

To minimize envy, I'll allocate the goods in a way that each person receives a good that is closest to their highest valued good.

Allocate Good A to Person 1 (their highest valued good).

Person 1: A (0.4)
Remaining goods: B, C, D, E
Remaining people: 2, 3

Now, I'll allocate the next good to Person 2, who values three goods equally (B, D, and E). I'll allocate the good that is least valued by Person 1, which is Good B.

Allocate Good B to Person 2 (one of their highest valued goods).

Person 1: A (0.4)
Person 2: B (0.26)
Remaining goods: C, D, E
Remaining people: 3

Next, I'll allocate a good to Person 3, who also values three goods equally (B, C, and E). Since Good B is already allocated, I'll allocate the good that is least valued by Person 1 and Person 2, which is Good C.

Allocate Good C to Person 3 (one of their highest valued goods).

Person 1: A (0.4)
Person 2: B (0.26)
Person 3: C (0.26)
Remaining goods: D, E
Remaining people: none

At this point, all individuals have received a good. To minimize envy further, I'll allocate the remaining goods to ensure that each person's total value is as close as possible to each other.

Allocate Good D to Person 1 (their second-highest valued good).

Person 1: A (0.4), D (0.25) = 0.65
Person 2: B (0.26)
Person 3: C (0.26)

Finally, allocate Good E to Person 2 (their remaining high-valued good).

Person 1: A (0.4), D (0.25) = 0.65
Person 2: B (0.26), E (0.26) = 0.52
Person 3: C (0.26)

The final allocation is:

* Person 1: Goods A and D
* Person 2: Goods B and E
* Person 3: Good C

This allocation minimizes envy between the individuals, ensuring that each person's total value is relatively close to each other.",0,1,2,3,1,2
58,"A classic problem of fair division!

To minimize envy between the individuals, we can use the concept of envy-freeness, which means that no person prefers another person's allocation to their own. We can achieve this by using the envy-free allocation algorithm.

Here's the step-by-step solution:

1. Calculate the total value of each good for each person:

Person 1: 40 + 2 + 3 + 25 + 30 = 100
Person 2: 14 + 26 + 8 + 26 + 26 = 100
Person 3: 10 + 26 + 26 + 12 + 26 = 100

2. Calculate the maximum value each person can get:

Person 1: max(40, 2, 3, 25, 30) = 40
Person 2: max(14, 26, 8, 26, 26) = 26
Person 3: max(10, 26, 26, 12, 26) = 26

3. Allocate the goods:

A. Good A: Person 1 values it the most (40), so allocate Good A to Person 1.

Remaining goods: B, C, D, E
Remaining persons: 2, 3

B. Good B: Person 2 and Person 3 value it equally (26), so allocate Good B to Person 2 (arbitrarily choose one of them).

Remaining goods: C, D, E
Remaining persons: 3

C. Good C: Person 3 values it the most (26), so allocate Good C to Person 3.

Remaining goods: D, E
Remaining persons: 2

D. Good D: Person 2 values it the most (26), so allocate Good D to Person 2.

Remaining goods: E
Remaining persons: none

E. Good E: Persons 1 and 2 value it equally (30 and 26, respectively), but Person 1 already has a good (Good A), so allocate Good E to Person 2.

The final allocation is:

* Person 1: Good A
* Person 2: Goods B, D, E
* Person 3: Good C

This allocation is envy-free, as each person prefers their own allocation to others. For example, Person 1 values Good A the most, so they don't envy anyone else's allocation. Person 2 values Goods B, D, and E highly, so they don't envy anyone else's allocation. Person 3 values Good C highly, so they don't envy anyone else's allocation.",0,1,2,3,2,2
59,"A classic problem of fair allocation!

To minimize envy between the individuals, we can use a method called ""envy-free allocation"" or ""envy-minimizing allocation"". The goal is to find an allocation where no person prefers another person's allocation to their own.

Let's analyze the values each person has for each good:

**Person 1**: Values Good A and Good E the most (40 and 30, respectively).

**Person 2**: Values Good B, Good D, and Good E equally (26 each).

**Person 3**: Values Good B, Good C, and Good E equally (26 each).

Here's a possible allocation that minimizes envy:

**Person 1**: Good A (40), Good E (30)
**Person 2**: Good B (26), Good D (26)
**Person 3**: Good C (26)

Here's why this allocation is envy-free:

* Person 1 gets their two most valued goods, Good A and Good E. They don't envy Person 2 or Person 3, as they don't value Good B, Good C, or Good D as much.
* Person 2 gets two goods they value equally (Good B and Good D). They don't envy Person 1, as they don't value Good A or Good E as much. They also don't envy Person 3, as they value Good C less than Good B and Good D.
* Person 3 gets Good C, which they value equally with Good B and Good E. They don't envy Person 1 or Person 2, as they don't value Good A, Good D, or Good E as much.

Note that this allocation is not unique, and there might be other envy-free allocations. However, this particular allocation is one possible solution that minimizes envy between the individuals involved.",0,1,2,3,2,1
60,"What a fascinating problem!

To minimize envy, we want to ensure that each person feels they have received a fair share of the goods, considering their individual valuations. One approach to achieve this is to use the concept of ""envy-freeness,"" which means that no person prefers another person's allocation to their own.

After analyzing the valuations, I propose the following allocation:

* Good A: Allocate to Person 1 (valued at 40)
* Good B: Allocate to Person 2 (valued at 26) and Person 3 (valued at 26) - Since both value it equally, we can consider it a tie. To minimize envy, we can give it to either Person 2 or Person 3. Let's give it to Person 2.
* Good C: Allocate to Person 3 (valued at 26)
* Good D: Allocate to Person 1 (valued at 25)
* Good E: Allocate to Person 1 (valued at 30)

This allocation minimizes envy in the following way:

* Person 1 receives Goods A, D, and E, with a total valuation of 40 + 25 + 30 = 95. They do not envy Person 2 or Person 3, as they have a higher total valuation.
* Person 2 receives Goods B, with a valuation of 26. They do not envy Person 1, as they have a higher valuation for Good B. They do not envy Person 3, as they have an equal valuation for Good B, and Person 3 has a higher valuation for Good C.
* Person 3 receives Goods C, with a valuation of 26. They do not envy Person 1, as they have a lower valuation for Good A and Good E. They do not envy Person 2, as they have an equal valuation for Good B, and Person 2 has a lower valuation for Good C.

This allocation ensures that each person has a fair share, and no one envies another person's allocation.",0,1,2,3,1,1
61,"A classic problem of fair allocation!

To minimize envy between the individuals, we can use the concept of envy-freeness. An allocation is envy-free if no person prefers another person's allocation to their own. We can achieve this by using the following algorithm:

1. Initialize an empty allocation for each person.
2. Calculate the total value of the goods for each person: 
   - Person 1: 40 + 2 + 3 + 25 + 30 = 100
   - Person 2: 14 + 26 + 8 + 26 + 26 = 100
   - Person 3: 10 + 26 + 26 + 12 + 26 = 100
3. Order the goods by their total value across all persons: 
   - Good B: 2 + 26 + 26 = 54
   - Good E: 30 + 26 + 26 = 82
   - Good A: 40 + 14 + 10 = 64
   - Good D: 25 + 26 + 12 = 63
   - Good C: 3 + 8 + 26 = 37
4. Assign the good with the highest total value to the person who values it the most: 
   - Good E: assigned to Person 1 (value 30)
5. Remove the assigned good from the list and recalculate the total values for each person: 
   - Person 1: 100 - 30 = 70
   - Person 2: 100
   - Person 3: 100
6. Repeat steps 3-5 until all goods are allocated: 
   - Good B: assigned to Person 2 (value 26)
   - Good A: assigned to Person 1 (value 40)
   - Good D: assigned to Person 2 (value 26)
   - Good C: assigned to Person 3 (value 26)

The final allocation is:

* Person 1: Good A, Good E
* Person 2: Good B, Good D
* Person 3: Good C

This allocation is envy-free, as no person prefers another person's allocation to their own. Note that this algorithm may not always lead to a Pareto-optimal allocation (an allocation where no one can be made better off without making someone else worse off), but it minimizes envy between the individuals involved.",0,1,2,3,2,1
62,"A classic problem of fair allocation!

To minimize envy between the individuals, I will use the concept of envy-freeness, which means that each person prefers their own allocation to the allocation of anyone else.

Let's analyze the given valuations:

1. Person 1 values Good A the most (40), followed by Good E (30) and Good D (25).
2. Person 2 values Good B, Good D, and Good E equally (26), followed by Good C (8) and Good A (14).
3. Person 3 values Good B, Good C, and Good E equally (26), followed by Good D (12) and Good A (10).

Here's a possible envy-free allocation:

* Good A: Allocate to Person 1 (valued at 40)
* Good B: Allocate to Person 2 (valued at 26)
* Good C: Allocate to Person 3 (valued at 26)
* Good D: Allocate to Person 1 (valued at 25)
* Good E: Allocate to Person 2 (valued at 26)

Justification:

* Person 1 gets Good A and Good D, which are their top two preferences. They don't envy anyone else, as they have no interest in Good B, Good C, or Good E.
* Person 2 gets Good B and Good E, which are their top two preferences. They don't envy Person 1, as they value Good A and Good D less than Good B and Good E.
* Person 3 gets Good C, which is their top preference. They don't envy anyone else, as they value Good A, Good B, and Good D less than Good C.

This allocation is envy-free, as each person prefers their own allocation to the allocation of anyone else. Note that this allocation is not unique, and there may be other envy-free allocations. However, this one is a possible solution that satisfies the envy-freeness criterion.",0,1,2,3,1,2
63,"A classic problem in fair division!

To minimize envy between the individuals, we can use a popular algorithm called the ""envy-free allocation"" method. The basic idea is to allocate the goods in a way that no person prefers another person's bundle of goods.

Here's the step-by-step solution:

1. First, we need to find the maximum value that each person can get from the allocation. This is done by summing up the values of the goods for each person. Let's call these maximum values ""utopian values.""

Person 1's utopian value = 40 + 2 + 3 + 25 + 30 = 100
Person 2's utopian value = 14 + 26 + 8 + 26 + 26 = 100
Person 3's utopian value = 10 + 26 + 26 + 12 + 26 = 100

2. Since the utopian values are equal, we can allocate the goods in a way that each person gets a bundle with a value as close to their utopian value as possible.

Let's start by allocating Good A, which is the most valuable good for Person 1. We give Good A to Person 1, and their current value is 40.

 Remaining goods: Good B, Good C, Good D, Good E
 Remaining persons: Person 2, Person 3

3. Now, we allocate the most valuable remaining good for Person 2, which is Good B. We give Good B to Person 2, and their current value is 26 + 14 = 40.

Remaining goods: Good C, Good D, Good E
Remaining persons: Person 1, Person 3

4. Next, we allocate the most valuable remaining good for Person 3, which is Good C. We give Good C to Person 3, and their current value is 26.

Remaining goods: Good D, Good E
Remaining persons: Person 1, Person 2

5. We continue this process until all goods are allocated.

We give Good D to Person 1, and their current value is 40 + 25 = 65.
We give Good E to Person 2, and their current value is 40 + 26 = 66.

The final allocation is:

* Person 1: Good A, Good D (value = 65)
* Person 2: Good B, Good E (value = 66)
* Person 3: Good C (value = 26)

This allocation is envy-free because:

* Person 1 prefers their bundle (Good A, Good D) over Person 2's bundle (Good B, Good E) and Person 3's bundle (Good C).
* Person 2 prefers their bundle (Good B, Good E) over Person 1's bundle (Good A, Good D) and Person 3's bundle (Good C).
* Person 3 prefers their bundle (Good C) over Person 1's and Person 2's bundles.

Note that this allocation is not unique, and there may be other envy-free allocations. However, this allocation satisfies the condition of minimizing envy between the individuals involved.",0,1,2,3,1,2
64,"To minimize envy, we can use the envy-free allocation method, which involves finding an allocation that makes each person feel that they have received a bundle of goods that is at least as good as the bundle received by any other person.

Let's analyze the valuations of the three persons:

Person 1: Good A (40), Good E (30), Good D (25) > Good C (3), Good B (2)
Person 2: Good B (26), Good D (26), Good E (26) > Good A (14), Good C (8)
Person 3: Good B (26), Good C (26), Good E (26) > Good A (10), Good D (12)

To minimize envy, we can allocate the goods as follows:

* Good A to Person 1 (valued at 40)
* Good B to Person 2 (valued at 26)
* Good C to Person 3 (valued at 26)
* Good D to Person 2 (valued at 26)
* Good E to Person 1 (valued at 30)

This allocation satisfies the following properties:

* Person 1 does not envy Person 2 or Person 3, as they have received their top two valued goods (A and E).
* Person 2 does not envy Person 1 or Person 3, as they have received their top three valued goods (B, D, and not allocated C).
* Person 3 does not envy Person 1 or Person 2, as they have received their top valued good (C) and not allocated B and E, which are also highly valued.

This allocation is envy-free, and it minimizes envy between the individuals involved.",0,1,2,3,2,1
65,"A classic problem of fair allocation!

To minimize envy between the individuals, we can use the concept of envy-free allocation. An allocation is envy-free if no person prefers another person's allocation to their own.

Let's analyze the given values:

**Person 1:**
- Most valued good: Good A (40)
- Least valued good: Good B (2)

**Person 2:**
- Most valued good: Good B, Good D, Good E (26)
- Least valued good: Good A (14)

**Person 3:**
- Most valued good: Good B, Good C, Good E (26)
- Least valued good: Good A (10)

To find an envy-free allocation, we can start by assigning the most valued good to each person:

- Person 1: Good A (40)
- Person 2: Good B (26) or Good D (26) or Good E (26) (we'll come back to this)
- Person 3: Good B (26) or Good C (26) or Good E (26) (we'll come back to this)

Now, let's try to allocate the remaining goods to minimize envy:

- Person 2: We'll give Good D (26) to Person 2, as it's one of their most valued goods and not allocated to Person 1 or Person 3.
- Person 3: We'll give Good C (26) to Person 3, as it's one of their most valued goods and not allocated to Person 1 or Person 2.

The remaining goods are Good E and Good B. We can't allocate Good B to both Person 2 and Person 3, as they already have their most valued goods. We'll give Good E to Person 1, as it's their second-most valued good. Good B will be allocated to Person 2, as they already have Good D, which is similar in value.

The final allocation is:

- Person 1: Good A (40), Good E (30)
- Person 2: Good B (26), Good D (26)
- Person 3: Good C (26)

This allocation is envy-free:

- Person 1 doesn't envy others, as they have their most valued good (Good A) and their second-most valued good (Good E).
- Person 2 doesn't envy others, as they have two goods of similar value (Good B and Good D).
- Person 3 doesn't envy others, as they have their most valued good (Good C).

Note that there might be other envy-free allocations, but this one satisfies the conditions.",0,1,2,3,2,1
66,"To allocate the goods in a way that minimizes envy between individuals, we can use the concept of envy-freeness. Envy-freeness is a fairness criterion that ensures that no individual prefers another individual's allocation to their own.

Here's a step-by-step approach to allocate the goods:

1. Calculate the total value of each person's preferred goods:
	* Person 1: 40 (Good A) + 30 (Good E) = 70
	* Person 2: 26 (Good B) + 26 (Good D) + 26 (Good E) = 78
	* Person 3: 26 (Good B) + 26 (Good C) + 26 (Good E) = 78
2. Identify the person with the highest total value: Person 2 and Person 3 have the same highest total value, 78.
3. Allocate the goods to the person with the highest total value:
	* Give Good B to Person 3, since it's one of their most valued goods (26).
	* Give Good C to Person 3, since it's another of their most valued goods (26).
	* Give Good E to Person 2, since it's one of their most valued goods (26).
4. Recalculate the total value of each person's remaining preferred goods:
	* Person 1: 40 (Good A) + 25 (Good D) = 65
	* Person 2: 26 (Good D) = 26
	* Person 3: 0 (already received 2 goods)
5. Identify the person with the highest total value: Person 1.
6. Allocate the remaining goods:
	* Give Good A to Person 1, since it's their most valued good (40).
	* Give Good D to Person 2, since it's their most valued remaining good (26).

The final allocation is:

* Person 1: Good A, Good D
* Person 2: Good E, Good D
* Person 3: Good B, Good C

This allocation is envy-free, as each person prefers their own allocation to the others. Person 1 values their goods at 65, Person 2 values their goods at 52, and Person 3 values their goods at 52. No one envies another person's allocation, as their own allocation is at least as valuable to them.",0,1,3,3,2,2
67,"A classic problem of fair division!

To minimize envy between individuals, I will use a method called the ""envy-free allocation"" algorithm. The goal is to find an allocation that satisfies the envy-freeness condition, which means that no individual prefers another individual's allocation to their own.

Here's the step-by-step process:

1. Initialize an empty allocation for each person.
2. Find the person who values a good the most and allocate that good to them.
3. Remove the allocated good from the set of available goods.
4. Repeat steps 2-3 until all goods are allocated or no more goods can be allocated without creating envy.

Let's apply this algorithm to the given problem:

**Iteration 1:**
Person 1 values Good A the most (40). Allocate Good A to Person 1.

Remaining goods: Good B, Good C, Good D, Good E
Remaining persons: Person 2, Person 3

**Iteration 2:**
Person 2 values Good B the most (26). Allocate Good B to Person 2.

Remaining goods: Good C, Good D, Good E
Remaining persons: Person 3, Person 1

**Iteration 3:**
Person 3 values Good C the most (26). Allocate Good C to Person 3.

Remaining goods: Good D, Good E
Remaining persons: Person 1, Person 2

**Iteration 4:**
Person 1 values Good E the most (30). Allocate Good E to Person 1.

Remaining goods: Good D
Remaining persons: Person 2, Person 3

**Iteration 5:**
Person 2 values Good D the most (26). Allocate Good D to Person 2.

All goods are now allocated.

The final allocation is:

* Person 1: Good A, Good E
* Person 2: Good B, Good D
* Person 3: Good C

This allocation is envy-free because:

* Person 1 does not prefer Person 2's allocation (Good B, Good D) to their own (Good A, Good E), as they value Good A more than Good B and Good D.
* Person 2 does not prefer Person 1's allocation (Good A, Good E) to their own (Good B, Good D), as they value Good B and Good D more than Good A and Good E.
* Person 3 does not prefer either Person 1's or Person 2's allocation to their own (Good C), as they value Good C more than any other good.

This allocation minimizes envy between the individuals involved.",0,1,2,3,2,1
68,"A classic problem of fair allocation!

To minimize envy between individuals, we need to find an allocation that makes each person feel that their allocation is at least as good as anyone else's. One approach to achieve this is to use the concept of envy-freeness, which means that no person prefers another person's allocation to their own.

Let's analyze the given values and try to find an envy-free allocation.

**Observations:**

1. Person 1 values Good A and Good E highly (40 and 30, respectively).
2. Person 2 values Good B, Good D, and Good E highly (26, 26, and 26, respectively).
3. Person 3 values Good B and Good C highly (26 and 26, respectively).

**Proposed allocation:**

1. Good A -> Person 1 (value: 40)
2. Good B -> Person 3 (value: 26)
3. Good C -> Person 3 (value: 26)
4. Good D -> Person 2 (value: 26)
5. Good E -> Person 1 (value: 30)

**Why this allocation is envy-free:**

1. Person 1 gets Good A and Good E, which are their top two values. They won't envy anyone else's allocation.
2. Person 2 gets Good D, which is one of their top three values. They might envy Person 3's allocation of Good B and Good C, but they already have a good allocation with Good D.
3. Person 3 gets Good B and Good C, which are their top two values. They won't envy anyone else's allocation.

**Verification:**

Let's check if anyone envies someone else's allocation:

* Person 1 doesn't envy Person 2 or Person 3, as they have their top two values.
* Person 2 doesn't envy Person 1, as they have Good D, which is valuable to them. They might envy Person 3, but not too much, as they have a good allocation.
* Person 3 doesn't envy Person 1 or Person 2, as they have their top two values.

The proposed allocation appears to be envy-free, as no one prefers someone else's allocation to their own.",0,1,3,3,2,1
69,"A classic problem of envy minimization!

To allocate the goods fairly, I'll use a simple and intuitive approach. I'll first calculate the total value of each good across all individuals and then allocate each good to the person who values it the most.

Here are the total values for each good:

* Good A: 40 (Person 1) + 14 (Person 2) + 10 (Person 3) = 64
* Good B: 2 (Person 1) + 26 (Person 2) + 26 (Person 3) = 54
* Good C: 3 (Person 1) + 8 (Person 2) + 26 (Person 3) = 37
* Good D: 25 (Person 1) + 26 (Person 2) + 12 (Person 3) = 63
* Good E: 30 (Person 1) + 26 (Person 2) + 26 (Person 3) = 82

Now, I'll allocate each good to the person who values it the most:

* Good A: Person 1 (values it at 40)
* Good B: Person 2 and Person 3 (both value it at 26; I'll allocate it to Person 2, as they have a higher total value for all goods)
* Good C: Person 3 (values it at 26)
* Good D: Person 2 (values it at 26)
* Good E: Person 1 (values it at 30)

The resulting allocation is:

* Person 1: Good A, Good E
* Person 2: Good B, Good D
* Person 3: Good C

This allocation minimizes envy between the individuals, as each person receives the goods they value the most, and no one envies another person's allocation. Note that this allocation is not necessarily the only possible solution, but it is one that satisfies the envy minimization criterion.",0,1,2,3,2,1
70,"What a great problem!

To minimize envy between individuals, we need to allocate the goods in a way that ensures no one person feels that another person has received a significantly better allocation. This is often referred to as ""envy-freeness"".

Let's analyze the given values:

**Observations:**

1. Person 1 values Good A and Good E highly.
2. Person 2 values Good B, Good C, and Good E highly.
3. Person 3 values Good B, Good C, and Good E highly.

**Proposed Allocation:**

To minimize envy, I propose the following allocation:

* Good A: Allocate to Person 1 (value: 40)
* Good B: Allocate to Person 3 (value: 26)
* Good C: Allocate to Person 2 (value: 8)
* Good D: Allocate to Person 1 (value: 25)
* Good E: Allocate to Person 2 (value: 26)

**Rationale:**

* Person 1 gets Good A, which is their highest valued good, and Good D, which is their third-highest valued good. This allocation seems fair to them.
* Person 2 gets Good C, which is their second-highest valued good, and Good E, which is their highest valued good. This allocation seems fair to them.
* Person 3 gets Good B, which is their highest valued good. Although they don't get Good C or Good E, which are also highly valued, the allocation of Good B should still be satisfactory to them.

**Envy Analysis:**

Considering the allocations, let's analyze the potential envy:

* Person 1 might feel envious of Person 2 getting Good E, but Person 1 already got Good A, which is more valuable to them. Additionally, Person 1 got Good D, which is still a good allocation.
* Person 2 might feel envious of Person 1 getting Good A, but Person 2 got two highly valued goods, Good C and Good E.
* Person 3 might feel envious of Person 2 getting Good C and Good E, but Person 3 got Good B, which is their highest valued good.

Overall, this allocation appears to be relatively envy-free, as each person receives a good that is highly valued by them, and no one person receives a significantly better allocation than the others.",0,1,3,2,1,2
71,"A classic problem of fair allocation!

To minimize envy between the individuals, we can use the envy-freeness concept, which ensures that each person prefers their own allocation over any other person's allocation. To achieve this, we'll use a mechanism called the ""envy-cycle elimination algorithm"".

Let's analyze the valuations and identify the most preferred goods for each person:

Person 1: Good A (40) > Good E (30) > Good D (25) > ...
Person 2: Good B (26) = Good D (26) = Good E (26) > ...
Person 3: Good B (26) = Good C (26) = Good E (26) > ...

We'll allocate the goods in a way that eliminates envy cycles. A envy cycle occurs when a person prefers someone else's allocation to their own, and that person, in turn, prefers another person's allocation, and so on.

Here's a step-by-step allocation:

1. Allocate Good A to Person 1, as they value it the most (40).
2. Allocate Good B to Person 2, as they value it highly (26) and Person 1 already has Good A.
3. Allocate Good C to Person 3, as they value it highly (26) and Person 2 already has Good B.
4. Allocate Good D to Person 2, as they value it highly (26) and Person 1 already has Good A.
5. Allocate Good E to Person 1, as they value it highly (30) and Person 2 already has Good D.

The final allocation is:

* Person 1: Good A, Good E
* Person 2: Good B, Good D
* Person 3: Good C

Now, let's check for envy cycles:

* Person 1 prefers their allocation (Good A and Good E) over Person 2's allocation (Good B and Good D) and Person 3's allocation (Good C).
* Person 2 prefers their allocation (Good B and Good D) over Person 1's allocation (Good A and Good E) and Person 3's allocation (Good C).
* Person 3 prefers their allocation (Good C) over Person 1's allocation (Good A and Good E) and Person 2's allocation (Good B and Good D).

There are no envy cycles, and each person prefers their own allocation over any other person's allocation. This allocation is envy-free!",0,1,2,3,2,1
72,"A classic problem of fair allocation!

To minimize envy, we'll use the concept of envy-freeness, which means that no person prefers another person's allocation to their own. We'll apply the envy-cycle elimination algorithm to find a fair allocation.

First, let's calculate the total value of each good for each person:

| Good | Person 1 | Person 2 | Person 3 |
| --- | --- | --- | --- |
| A | 40 | 14 | 10 |
| B | 2 | 26 | 26 |
| C | 3 | 8 | 26 |
| D | 25 | 26 | 12 |
| E | 30 | 26 | 26 |

Now, we'll try to find an envy-free allocation.

**Initial Allocation**

Assign Good A to Person 1 (max value), Good B to Person 2 (max value), Good C to Person 3 (max value), Good D to Person 2 (max value), and Good E to Person 1 (max value).

| Person | Allocation | Value |
| --- | --- | --- |
| 1 | A, E | 70 |
| 2 | B, D | 52 |
| 3 | C | 26 |

**Envy Analysis**

1. Person 1 envies no one (max value for Good A and Good E).
2. Person 2 envies Person 1 for Good E (26 < 30).
3. Person 3 envies Person 2 for Good B (26 < 26, tied, but Person 2 has two goods).

**Envy Reduction**

To reduce envy, we'll swap Good E from Person 1 to Person 2, as Person 2 envies Person 1 for Good E. This leaves Person 1 with only Good A.

| Person | Allocation | Value |
| --- | --- | --- |
| 1 | A | 40 |
| 2 | B, D, E | 78 |
| 3 | C | 26 |

**New Envy Analysis**

1. Person 1 envies Person 2 for Good E (40 < 78).
2. Person 2 envies no one (max value for Good B, Good D, and Good E).
3. Person 3 envies Person 2 for Good B (26 < 26, tied, but Person 2 has three goods).

**Envy Reduction (again)**

To reduce envy, we'll swap Good B from Person 2 to Person 3, as Person 3 envies Person 2 for Good B. This leaves Person 2 with Good D and Good E.

| Person | Allocation | Value |
| --- | --- | --- |
| 1 | A | 40 |
| 2 | D, E | 52 |
| 3 | B, C | 52 |

Now, no person envies another person's allocation more than their own. This allocation is envy-free.

**Final Allocation**

The fair allocation is:

* Person 1: Good A (value 40)
* Person 2: Good D, Good E (value 52)
* Person 3: Good B, Good C (value 52)

This allocation minimizes envy among the three individuals involved.",0,1,3,3,2,2
73,"A classic problem of fair division! To solve this, we can use the concept of envy-freeness, which ensures that no person prefers another person's allocation to their own.

First, let's calculate the total value of each good for each person:

| Good | Person 1 | Person 2 | Person 3 |
| --- | --- | --- | --- |
| A | 40 | 14 | 10 |
| B | 2 | 26 | 26 |
| C | 3 | 8 | 26 |
| D | 25 | 26 | 12 |
| E | 30 | 26 | 26 |

To minimize envy, we'll follow these steps:

1. Assign the good with the highest total value to the person who values it the most.
2. Remove the assigned good and the person who received it from the list.
3. Repeat steps 1-2 until all goods are allocated.

Here's the allocation process:

**Round 1:**
The good with the highest total value is Good D (25 + 26 + 12 = 63). Person 2 values Good D the most (26), so we assign Good D to Person 2.

Remaining goods: A, B, C, E
Remaining people: Person 1, Person 3

**Round 2:**
The good with the highest total value is Good A (40 + 14 + 10 = 64). Person 1 values Good A the most (40), so we assign Good A to Person 1.

Remaining goods: B, C, E
Remaining people: Person 3

**Round 3:**
The good with the highest total value is Good E (30 + 26 + 26 = 82). Person 3 values Good E the most (26), so we assign Good E to Person 3.

Remaining goods: B, C
Remaining people: None (all people have received a good)

**Round 4:**
The good with the highest total value is Good B (2 + 26 + 26 = 54). Person 2 already has a good, so we assign Good B to Person 1.

Remaining goods: C
Remaining people: None (all people have received a good)

**Round 5:**
The last good, Good C, is assigned to Person 2.

The final allocation is:

* Person 1: Good A, Good B
* Person 2: Good D, Good C
* Person 3: Good E

This allocation is envy-free, as each person prefers their own allocation to any other person's allocation.",0,1,1,2,2,3
74,"A classic problem of fair allocation!

To minimize envy between the individuals, we can use a simple yet effective method called the ""envy-free allocation"" or ""envy-minimizing allocation"". The idea is to allocate the goods in a way that each person feels they have received a fair share, without feeling envious of others.

Here's the step-by-step process:

1. Calculate the total value each person has for all the goods:

Person 1: 40 + 2 + 3 + 25 + 30 = 100
Person 2: 14 + 26 + 8 + 26 + 26 = 100
Person 3: 10 + 26 + 26 + 12 + 26 = 100

Notice that the total values are the same for all three persons. This is a coincidence, but it makes our task easier.

2. Identify the good with the highest value for each person:

Person 1: Good A (40)
Person 2: Good B (26) or Good D (26) or Good E (26) (tied)
Person 3: Good B (26) or Good C (26) or Good E (26) (tied)

3. Allocate the goods to minimize envy:

a. Give Good A to Person 1, as it has the highest value for them (40).
b. Give Good B to Person 2, as it has the highest value for them (26). This also satisfies Person 3, who also values Good B highly.
c. Give Good C to Person 3, as it has the highest value for them among the remaining goods (26).
d. Give Good D to Person 1, as they value it highly (25) and it's the next best option.
e. Give Good E to Person 2, as they value it highly (26) and it's the next best option.

The final allocation is:

* Person 1: Good A, Good D
* Person 2: Good B, Good E
* Person 3: Good C

This allocation is envy-free, as each person feels they have received a fair share of the goods. No one envies another person's allocation, as they have received the goods that they value the most.

Note that there might be other envy-free allocations, but this one is a reasonable and fair solution.",0,1,2,3,1,2
75,"A classic problem of fair allocation!

To minimize envy between the individuals, we can use the concept of envy-freeness, which means that no person prefers the allocation of another person to their own allocation.

Let's analyze the values of each person for each good:

**Person 1**: values Good A and Good E the most, with values 40 and 30, respectively.

**Person 2**: values Good B, Good D, and Good E equally, with values 26, 26, and 26, respectively.

**Person 3**: values Good B, Good C, and Good E equally, with values 26, 26, and 26, respectively.

To minimize envy, we can allocate the goods as follows:

1. **Good A**: Allocate to Person 1, since they value it the most (40).
2. **Good B**: Allocate to Person 2 or Person 3, since they both value it equally (26). Let's allocate it to Person 2.
3. **Good C**: Allocate to Person 3, since they value it highly (26).
4. **Good D**: Allocate to Person 2, since they value it equally to Good B and Good E (26).
5. **Good E**: Allocate to Person 1, since they value it highly (30) and they already received Good A.

The allocation is:

* Person 1: Good A, Good E
* Person 2: Good B, Good D
* Person 3: Good C

This allocation is envy-free, since:

* Person 1 does not envy anyone, as they received their two most valued goods.
* Person 2 does not envy anyone, as they received two goods they valued equally (Good B and Good D).
* Person 3 does not envy anyone, as they received a good they valued highly (Good C).

Note that this allocation is not unique, and there might be other envy-free allocations. However, this allocation satisfies the envy-freeness condition, ensuring that no person prefers another person's allocation to their own.",0,1,2,3,2,1
76,"What a fascinating problem! Let's dive into it.

To minimize envy between the individuals, we need to find an allocation that makes each person feel that they have received a fair share of the goods. One approach to achieve this is to use the concept of envy-freeness, which means that no person prefers another person's allocation to their own.

To start, let's identify the most valuable good for each person:

* Person 1: Good A (40)
* Person 2: Good B (26), Good D (26), or Good E (26) (ties)
* Person 3: Good B (26), Good C (26), or Good E (26) (ties)

Now, let's try to allocate the goods in a way that minimizes envy. I'll propose the following allocation:

* Good A: Allocate to Person 1 (value: 40)
* Good B: Allocate to Person 2 (value: 26)
* Good C: Allocate to Person 3 (value: 26)
* Good D: Allocate to Person 1 (value: 25)
* Good E: Allocate to Person 2 (value: 26)

This allocation has some nice properties:

1. Each person receives at least one good that they value highly.
2. Person 1 receives two goods, but they are not the most valuable for Person 2 or Person 3, so they don't envy Person 1.
3. Person 2 and Person 3 each receive one highly valued good, and they don't envy each other since they got their most preferred good.

Let's check if this allocation is envy-free:

* Person 1: Values Good A (40) and Good D (25) more than any other goods, so they don't envy others.
* Person 2: Values Good B (26) and Good E (26) more than any other goods, so they don't envy others.
* Person 3: Values Good C (26) more than any other goods, so they don't envy others.

This allocation seems to minimize envy between the individuals. Of course, there might be other allocations that also achieve envy-freeness, but this one looks like a good starting point.",0,1,2,3,1,2
77,"A classic problem of fair allocation!

To minimize envy, we need to find an allocation that makes each person feel that they have received a fair share of the goods, relative to what others have received. One way to approach this problem is to use the envy-free allocation concept, which ensures that no person prefers another person's allocation to their own.

Let's analyze the values each person assigns to each good:

**Person 1**:

* Values Good A and Good E highly (40 and 30, respectively)
* Values Good D moderately (25)
* Values Good B and Good C relatively low (2 and 3, respectively)

**Person 2**:

* Values Good B, Good D, and Good E highly (26, 26, and 26, respectively)
* Values Good A moderately (14)
* Values Good C relatively low (8)

**Person 3**:

* Values Good B, Good C, and Good E highly (26, 26, and 26, respectively)
* Values Good A relatively low (10)
* Values Good D relatively low (12)

To find an envy-free allocation, let's try to identify the goods that each person values highly and allocate them accordingly:

1. **Good A**: Person 1 values it highest (40), so allocate Good A to Person 1.
2. **Good B**: Both Person 2 and Person 3 value it highly (26), but Person 3 also values Good C highly. To minimize envy, allocate Good B to Person 2, as they value it equally to other goods.
3. **Good C**: Allocate Good C to Person 3, as they value it highly (26) and didn't get Good B.
4. **Good D**: Person 1 values it moderately (25), while Person 2 values it highly (26). Allocate Good D to Person 2, as they value it more.
5. **Good E**: Both Person 1 and Person 2 value it highly (30 and 26, respectively), but Person 1 already got Good A. Allocate Good E to Person 3, as they value it highly (26) and didn't get Good A or Good D.

The resulting allocation is:

* **Person 1**: Good A
* **Person 2**: Good B, Good D
* **Person 3**: Good C, Good E

This allocation is envy-free because:

* Person 1 got their most valued good (Good A) and doesn't envy others.
* Person 2 got two highly valued goods (Good B and Good D) and doesn't envy others.
* Person 3 got two highly valued goods (Good C and Good E) and doesn't envy others.

Note that this allocation is not necessarily the only envy-free allocation, but it is one possible solution that minimizes envy among the individuals involved.",0,1,2,3,2,3
78,"A classic problem of fair allocation!

To minimize envy, we can use the concept of envy-freeness, which means that no person envies another person's allocation. In other words, each person prefers their own allocation to anyone else's allocation.

Let's analyze the valuations of each person:

**Person 1:** Highest valuation is for Good A (40), followed by Good E (30), then Good D (25).

**Person 2:** Highest valuation is tied between Good B, Good D, and Good E (all 26).

**Person 3:** Highest valuation is tied between Good B, Good C, and Good E (all 26).

Now, let's allocate the goods in a way that minimizes envy:

1. **Good A**: Allocate to Person 1, since they value it the most (40).
2. **Good B**: Allocate to Person 2, since they value it highly (26) and it's their highest valuation.
3. **Good C**: Allocate to Person 3, since they value it highly (26) and it's their highest valuation.
4. **Good D**: Allocate to Person 2, since they value it highly (26) and it's their second-highest valuation.
5. **Good E**: Allocate to Person 1, since they value it highly (30) and it's their second-highest valuation.

The allocation is:

* Person 1: Good A, Good E
* Person 2: Good B, Good D
* Person 3: Good C

This allocation is envy-free because:

* Person 1 prefers their allocation (Good A and Good E) to anyone else's allocation.
* Person 2 prefers their allocation (Good B and Good D) to anyone else's allocation.
* Person 3 prefers their allocation (Good C) to anyone else's allocation.

Note that this allocation is not the only possible envy-free allocation, but it is one possible solution that minimizes envy between the individuals involved.",0,1,2,3,2,1
79,"A classic problem of fair division!

To allocate the goods fairly, I'll use the envy-free allocation method, which aims to minimize envy between individuals. The basic idea is to find an allocation where no person prefers another person's bundle of goods.

Here's the step-by-step process:

1. **Normalize the values**: Divide each person's values by their maximum value to get a relative value between 0 and 1. This helps in comparing values across individuals.

Normalized values:

Person 1: A (1), B (0.05), C (0.075), D (0.625), E (0.75)
Person 2: A (0.538), B (1), C (0.308), D (1), E (1)
Person 3: A (0.385), B (1), C (1), D (0.462), E (1)

2. **Rank the goods**: For each person, rank the goods in decreasing order of their normalized values.

Rankings:

Person 1: A, E, D, C, B
Person 2: B, D, E, A, C
Person 3: B, C, E, A, D

3. **Find the envy-free allocation**:

Start with the highest-ranked good for each person.

* Person 1: Good A (highest-ranked)
* Person 2: Good B (highest-ranked)
* Person 3: Good B (highest-ranked, but already allocated to Person 2)

In this case, Person 3's highest-ranked good (Good B) is already allocated to Person 2. So, we move to the next highest-ranked good for Person 3, which is Good C.

* Person 3: Good C

Now, we have:

* Person 1: Good A
* Person 2: Good B
* Person 3: Good C

Next, we consider the remaining goods.

* Person 1: Good E (next highest-ranked)
* Person 2: Good D (next highest-ranked)
* Person 3: Good E (next highest-ranked, but already allocated to Person 1)

In this case, Person 3's next highest-ranked good (Good E) is already allocated to Person 1. So, we move to the next highest-ranked good for Person 3, which is Good D.

* Person 3: Good D

Now, we have:

* Person 1: Good A, Good E
* Person 2: Good B, Good D
* Person 3: Good C

The remaining good is Good D, which is not allocated to anyone. To maintain fairness, we can decide to not allocate it to anyone (i.e., throw it away).

The final envy-free allocation is:

* Person 1: Good A, Good E
* Person 2: Good B, Good D
* Person 3: Good C

This allocation ensures that no person envies another person's bundle of goods, as each person has received their highest-ranked or next highest-ranked goods.",0,1,2,3,2,1
80,"A classic problem of fair allocation of indivisible goods!

To minimize envy between the individuals, we can use a method called the Envy-Freeness algorithm. The basic idea is to allocate the goods in a way that each person feels they have received a fair share, and no one envies another person's allocation.

Here's a step-by-step approach to solve this problem:

**Step 1: Normalize the values**
To make the values comparable across individuals, let's normalize them by dividing each person's values by the total value they assign to all goods. This will give us a sense of each person's relative preferences.

Normalized values:

Person 1: A=0.4, B=0.02, C=0.03, D=0.25, E=0.3
Person 2: A=0.14, B=0.26, C=0.08, D=0.26, E=0.26
Person 3: A=0.1, B=0.26, C=0.26, D=0.12, E=0.26

**Step 2: Identify the highest-valued good for each person**
Find the good that each person values the most.

Person 1: Good A (0.4)
Person 2: Good B (0.26)
Person 3: Good B (0.26)

**Step 3: Allocate the highest-valued good to each person (if possible)**
Try to allocate the highest-valued good to each person. If a good is already allocated to someone else, skip it.

Good A: Allocate to Person 1
Good B: Cannot allocate to Person 2 (already allocated to Person 3)
Good B: Allocate to Person 3

**Step 4: Allocate the remaining goods**
Choose the next highest-valued good for each person and allocate it if possible.

Person 1: Good E (0.3)
Person 2: Good D (0.26)
Person 3: Good C (0.26)

**Step 5: Check for envy and adjust the allocation (if necessary)**
Verify that no person envies another person's allocation. If someone does, adjust the allocation to minimize envy.

In this case, Person 2 might envy Person 3's allocation of Good B, as they both value it equally. To minimize envy, let's swap Good B with Good D between Person 2 and Person 3.

Final allocation:

Person 1: Good A, Good E
Person 2: Good D, Good B
Person 3: Good C

This allocation is envy-free, as each person has received a fair share of goods based on their relative preferences.

Note that there might be multiple envy-free allocations, and this algorithm is just one way to achieve it.",0,1,2,3,2,1
81,"This is a classic problem of envy-free allocation of indivisible goods. To solve this problem, we can use a cycle-elimination algorithm, which is a common approach to achieve envy-freeness.

Here's the step-by-step process to find an envy-free allocation:

1. Construct a matrix with the values each person has for each good:

| Good | Person 1 | Person 2 | Person 3 |
| --- | --- | --- | --- |
| A    | 40    | 14    | 10    |
| B    | 2     | 26    | 26    |
| C    | 3     | 8     | 26    |
| D    | 25    | 26    | 12    |
| E    | 30    | 26    | 26    |

2. Find the maximum value for each good among all persons:

| Good | Max Value |
| --- | --- |
| A    | 40    |
| B    | 26    |
| C    | 26    |
| D    | 26    |
| E    | 30    |

3. Normalize the values by dividing each person's values by the maximum value for each good:

| Good | Person 1 | Person 2 | Person 3 |
| --- | --- | --- | --- |
| A    | 1.00  | 0.35  | 0.25  |
| B    | 0.08  | 1.00  | 1.00  |
| C    | 0.12  | 0.31  | 1.00  |
| D    | 0.96  | 1.00  | 0.46  |
| E    | 1.00  | 0.87  | 0.87  |

4. Calculate the total value each person has for all goods:

| Person | Total Value |
| --- | --- |
| 1    | 2.16 |
| 2    | 3.53 |
| 3    | 3.58 |

5. Find the person with the lowest total value (in this case, Person 1). Remove the good with the lowest normalized value for that person from the allocation (Good B).

6. Reconstruct the matrix without Good B and recalculate the total values for each person:

| Good | Person 1 | Person 2 | Person 3 |
| --- | --- | --- | --- |
| A    | 1.00  | 0.35  | 0.25  |
| C    | 0.12  | 0.31  | 1.00  |
| D    | 0.96  | 1.00  | 0.46  |
| E    | 1.00  | 0.87  | 0.87  |

| Person | Total Value |
| --- | --- |
| 1    | 2.08 |
| 2    | 2.98 |
| 3    | 2.92 |

7. Repeat steps 5-6 until no more goods can be removed without making someone envious. In this case, we can remove Good C, as it has the lowest normalized value for Person 1.

8. Reconstruct the matrix without Good C and recalculate the total values for each person:

| Good | Person 1 | Person 2 | Person 3 |
| --- | --- | --- | --- |
| A    | 1.00  | 0.35  | 0.25  |
| D    | 0.96  | 1.00  | 0.46  |
| E    | 1.00  | 0.87  | 0.87  |

| Person | Total Value |
| --- | --- |
| 1    | 2.96 |
| 2    | 2.87 |
| 3    | 2.58 |

9. At this point, no more goods can be removed without making someone envious. The allocation is envy-free.

The final allocation is:

* Person 1: Good A, Good D, Good E
* Person 2: Good B
* Person 3: Good C

This allocation is envy-free, as no person prefers another person's allocation to their own.",0,1,2,3,1,1
82,"A classic problem of fair allocation!

To minimize envy between the individuals, we can use a method called the ""envy-free allocation"" or ""envy-minimizing allocation"". The goal is to find an allocation where no individual prefers another individual's allocation to their own.

Let's analyze the valuations:

**Person 1**:

* Most valued good: Good A (40)
* Least valued good: Good B (2)

**Person 2**:

* Most valued good: Good B, Good D, Good E (26 each)
* Least valued good: Good A (14)

**Person 3**:

* Most valued good: Good B, Good C, Good E (26 each)
* Least valued good: Good A (10)

To find an envy-free allocation, we can use the following steps:

1. Identify the most valued good for each person.
2. Allocate the most valued goods to each person, if possible.
3. If a good is not allocated to a person, allocate the next most valued good, and so on.

Here's the allocation:

* **Person 1**: Good A (40), Good E (30) -> Total value: 70
* **Person 2**: Good B (26), Good D (26) -> Total value: 52
* **Person 3**: Good C (26) -> Total value: 26

This allocation is envy-free because:

* Person 1 has their most valued goods (A and E) and doesn't envy others.
* Person 2 has two goods with the same high value (B and D) and doesn't envy others.
* Person 3 has their most valued good (C) and doesn't envy others, as they don't value Good A or Good E as much.

The total value of the allocation is 148, which is the maximum possible value without causing envy between the individuals.",0,1,2,3,2,1
83,"A classic problem of fair division!

To minimize envy between the individuals, we can use the concept of envy-free allocation. The goal is to allocate the goods in a way that no person prefers another person's bundle of goods over their own.

Let's analyze the values of each person for each good:

1. Person 1:
	* Good A: 40
	* Good B: 2
	* Good C: 3
	* Good D: 25
	* Good E: 30
2. Person 2:
	* Good A: 14
	* Good B: 26
	* Good C: 8
	* Good D: 26
	* Good E: 26
3. Person 3:
	* Good A: 10
	* Good B: 26
	* Good C: 26
	* Good D: 12
	* Good E: 26

To find an envy-free allocation, we can use the following steps:

1. Identify the good with the highest total value across all persons. In this case, it's Good B with a total value of 54 (2 + 26 + 26).
2. Allocate Good B to the person who values it the most, which is Person 2 and Person 3, both with a value of 26. To break the tie, let's allocate Good B to Person 2.
3. Remove Good B from the list and recalculate the total values for each good.
4. Identify the good with the highest total value across all persons. Now, it's Good E with a total value of 82 (30 + 26 + 26).
5. Allocate Good E to the person who values it the most, which is Person 1, with a value of 30.
6. Remove Good E from the list and recalculate the total values for each good.
7. Identify the good with the highest total value across all persons. Now, it's Good A with a total value of 64 (40 + 14 + 10).
8. Allocate Good A to the person who values it the most, which is Person 1, with a value of 40.
9. Remove Good A from the list and recalculate the total values for each good.
10. Identify the good with the highest total value across all persons. Now, it's Good D with a total value of 63 (25 + 26 + 12).
11. Allocate Good D to the person who values it the most, which is Person 2, with a value of 26.
12. Remove Good D from the list, and we're left with Good C.
13. Allocate Good C to Person 3, who values it the most, with a value of 26.

The final allocation is:

* Person 1: Good A (40), Good E (30) => Total value: 70
* Person 2: Good B (26), Good D (26) => Total value: 52
* Person 3: Good C (26) => Total value: 26

This allocation is envy-free, as each person prefers their own bundle of goods over the others'.",0,1,2,3,2,1
84,"What a fascinating problem!

To minimize envy between the individuals, we need to find an allocation that ensures no person envies another person's bundle of goods. In other words, we want to ensure that each person prefers their own bundle to the bundles of others.

Let's analyze the situation:

1. Person 1 values Good A the most (40), followed by Good E (30). They don't care much about the other goods.
2. Person 2 values Goods B, D, and E equally (26 each), and Good C slightly less (8).
3. Person 3 values Goods B, C, and E equally (26 each), and Good D slightly less (12).

After careful consideration, I propose the following allocation to minimize envy:

**Allocation:**

* Person 1: Good A, Good E
* Person 2: Good B, Good D
* Person 3: Good C

Here's why this allocation makes sense:

* Person 1 gets their top two values, Good A and Good E, which should make them happy.
* Person 2 gets two goods they value equally, Good B and Good D, which should make them indifferent between these two goods and the bundle of Person 1.
* Person 3 gets Good C, which they value equally to Good B and Good E. They might slightly prefer Good B or Good E, but they shouldn't envy Person 2's bundle since they also value Good C highly.

This allocation ensures that:

* Person 1 doesn't envy anyone since they got their top two values.
* Person 2 doesn't envy Person 1 since they got two goods they value equally, and Person 1's bundle doesn't contain either of these goods.
* Person 3 doesn't envy anyone since they got a good they value highly, and the bundles of others don't contain a good they value more.

By minimizing envy, this allocation should lead to a relatively fair and satisfying distribution of goods among the three individuals.",0,1,2,3,2,1
85,"What a fascinating problem!

To allocate the goods in a way that minimizes envy, we can use the concept of envy-freeness, which means that each person prefers their own allocation to anyone else's allocation.

Let's start by examining the values each person has for each good:

**Person 1:** Values Good A the most (40), then Good E (30), and Good D (25).

**Person 2:** Values Good B, D, and E equally (26 each), then Good C (8), and Good A (14).

**Person 3:** Values Good B, C, and E equally (26 each), then Good D (12), and Good A (10).

To minimize envy, we'll try to allocate the goods in a way that each person gets their top-valued good, whenever possible.

Here's a proposed allocation:

* Good A: Person 1 (values it at 40)
* Good B: Person 3 (values it at 26)
* Good C: Person 3 (values it at 26)
* Good D: Person 1 (values it at 25)
* Good E: Person 2 (values it at 26)

Let's check if this allocation is envy-free:

* Person 1 has Good A and Good D, which they value at 40 and 25, respectively. They might envy Person 3 for Good C, but Person 1 values Good C at only 3, which is less than their total value for Good A and Good D.
* Person 2 has Good E, which they value at 26. They might envy Person 3 for Good B, but they have an equivalent good in Good E.
* Person 3 has Good B and Good C, which they value at 26 each. They might envy Person 1 for Good A, but they value Good A at only 10, which is less than their total value for Good B and Good C.

This allocation appears to be envy-free, as each person prefers their own allocation to anyone else's allocation.",0,1,3,3,1,2
86,"A classic problem in fair division!

To solve this problem, we can use the concept of envy-freeness, which means that no person prefers another person's allocation to their own. We'll use a simple algorithm to find an envy-free allocation.

**Step 1: Calculate the maximum value each person can get**

For each person, calculate the total value they would get if they were assigned all the goods.

Person 1: 40 + 2 + 3 + 25 + 30 = 100
Person 2: 14 + 26 + 8 + 26 + 26 = 100
Person 3: 10 + 26 + 26 + 12 + 26 = 100

**Step 2: Assign goods to minimize envy**

We'll assign goods one by one, making sure that each person gets a good that maximizes their value while minimizing envy.

1. Assign Good A: Person 1 values Good A the most (40), so we give it to them.
Person 1: Good A (40), remaining value: 100 - 40 = 60
Person 2: no goods, remaining value: 100
Person 3: no goods, remaining value: 100

2. Assign Good B: Person 2 and Person 3 value Good B the most (26), so we give it to one of them. Let's give it to Person 2.
Person 1: Good A (40), remaining value: 60
Person 2: Good B (26), remaining value: 100 - 26 = 74
Person 3: no goods, remaining value: 100

3. Assign Good C: Person 3 values Good C the most (26), so we give it to them.
Person 1: Good A (40), remaining value: 60
Person 2: Good B (26), remaining value: 74
Person 3: Good C (26), remaining value: 100 - 26 = 74

4. Assign Good D: Person 1 values Good D the most (25), so we give it to them.
Person 1: Good A (40), Good D (25), remaining value: 60 - 25 = 35
Person 2: Good B (26), remaining value: 74
Person 3: Good C (26), remaining value: 74

5. Assign Good E: Person 1 values Good E the most (30), but they already have Goods A and D, so we give Good E to Person 2, who values it the most among the remaining persons.
Person 1: Good A (40), Good D (25), remaining value: 35
Person 2: Good B (26), Good E (26), remaining value: 74 - 26 = 48
Person 3: Good C (26), remaining value: 74

The final allocation is:

* Person 1: Good A (40), Good D (25)
* Person 2: Good B (26), Good E (26)
* Person 3: Good C (26)

This allocation is envy-free because no person prefers another person's allocation to their own. Each person gets a total value of:

* Person 1: 40 + 25 = 65
* Person 2: 26 + 26 = 52
* Person 3: 26 = 26

Note that this allocation is not necessarily Pareto optimal, but it is envy-free, which is our primary concern in this problem.",0,1,2,3,1,2
87,"To minimize envy between the individuals, we can use the concept of envy-freeness, which means that no person prefers another person's allocation to their own.

To achieve an envy-free allocation, we can follow a sequence of steps:

1. Calculate the maximum value each person can achieve by allocating one good to each person.
2. Allocate the good that gives the maximum total value to the person with the highest maximum value.
3. Repeat steps 1 and 2 until all goods are allocated.

Let's calculate the maximum value each person can achieve by allocating one good to each person:

Person 1: max(40, 2, 3, 25, 30) = 40
Person 2: max(14, 26, 8, 26, 26) = 26
Person 3: max(10, 26, 26, 12, 26) = 26

The person with the highest maximum value is Person 1, so we allocate Good A (with a value of 40) to Person 1.

Remaining goods: Good B, Good C, Good D, Good E
Remaining persons: Person 2, Person 3

Calculate the maximum value each remaining person can achieve by allocating one good to each person:

Person 2: max(26, 8, 26, 26) = 26
Person 3: max(26, 26, 12, 26) = 26

The persons with the highest maximum value are Person 2 and Person 3, so we can allocate either Good B, Good C, or Good E to either Person 2 or Person 3. To minimize envy, we allocate the good with the highest value to Person 2, which is Good B (with a value of 26).

Remaining goods: Good C, Good D, Good E
Remaining persons: Person 3

Calculate the maximum value the remaining person can achieve by allocating one good:

Person 3: max(26, 12, 26) = 26

Allocate Good E (with a value of 26) to Person 3.

Remaining goods: Good C, Good D
Remaining persons: None

We can allocate the remaining goods to anyone, as there is no preference left to consider. To minimize envy, we allocate Good C to Person 1 (who already has Good A) and Good D to Person 2.

The final allocation is:

* Person 1: Good A, Good C
* Person 2: Good B, Good D
* Person 3: Good E

This allocation is envy-free, as each person prefers their allocation to others.",0,1,2,1,2,3
88,"A classic problem in economics!

To allocate the goods in a way that minimizes envy, we can use a mechanism called the ""envy-free allocation"" or ""envy-minimizing allocation"". The basic idea is to allocate the goods in a way that each person prefers their own bundle of goods to the bundles of others.

Here's one way to achieve an envy-free allocation:

1. First, we need to find the maximum value that each person can get from the allocation. We can do this by looking at the highest value each person has for any good. Let's call these maximum values:

Person 1: 40 (from Good A)
Person 2: 26 (from Good B, D, or E)
Person 3: 26 (from Good B, C, or E)

1. Now, let's allocate the goods in a way that each person gets a bundle of goods with a total value close to their maximum value.

Here's one possible allocation:

* Person 1: Good A (40) and Good D (25) => Total value: 65
* Person 2: Good B (26) and Good E (26) => Total value: 52
* Person 3: Good C (26) => Total value: 26

Note that we've allocated Good A to Person 1, who values it the most. We've allocated Good B and Good E to Person 2, who values them equally and highly. We've allocated Good C to Person 3, who values it highly. We've allocated Good D to Person 1, who values it highly, and it's also a good way to ""fill in"" the remaining value to reach their maximum value.

This allocation is envy-free because:

* Person 1 prefers their bundle (Good A and Good D) to the bundles of others, since they value Good A highly and Good D is a nice addition.
* Person 2 prefers their bundle (Good B and Good E) to the bundles of others, since they value both goods equally and highly.
* Person 3 prefers their bundle (Good C) to the bundles of others, since they value Good C highly.

Of course, there might be other envy-free allocations, but this one seems reasonable and efficient.",0,1,2,3,1,2
89,"A classic problem of fair allocation!

To minimize envy between the individuals, we can use the concept of envy-free allocation. An allocation is envy-free if no individual prefers another individual's allocation to their own.

Here's a step-by-step approach to find an envy-free allocation:

1. Compute the total value of each good for each person:

| Good | Person 1 | Person 2 | Person 3 |
| --- | --- | --- | --- |
| A    | 40    | 14    | 10    |
| B    | 2     | 26    | 26    |
| C    | 3     | 8     | 26    |
| D    | 25    | 26    | 12    |
| E    | 30    | 26    | 26    |

2. Identify the maximum value for each good across all persons:

| Good | Max Value |
| --- | --- |
| A    | 40    |
| B    | 26    |
| C    | 26    |
| D    | 26    |
| E    | 30    |

3. Assign each good to the person who values it the most:

| Good | Assigned to |
| --- | --- |
| A    | Person 1 |
| B    | Person 2/Person 3 (tie) |
| C    | Person 3 |
| D    | Person 2 |
| E    | Person 1 |

Since Good B has a tie, we can assign it to either Person 2 or Person 3. Let's assign it to Person 2.

The final allocation is:

* Person 1: Good A, Good E
* Person 2: Good B, Good D
* Person 3: Good C

This allocation is envy-free because:

* Person 1 gets their two most valued goods, so they don't envy others.
* Person 2 gets two goods with high values (26 each), so they don't envy others.
* Person 3 gets their most valued good, and their second-most valued good (Good B) is already assigned to Person 2, so they don't envy others.

Note that there might be other envy-free allocations, but this one satisfies the condition of minimizing envy between the individuals.",0,1,2,3,2,1
90,"A classic problem in fair division!

To allocate the goods in a way that minimizes envy between the individuals, I'll use the concept of envy-freeness. An allocation is said to be envy-free if no individual prefers another individual's allocation to their own. In other words, each individual should be at least as happy with their allocation as they would be with anyone else's allocation.

Here's a step-by-step approach to find an envy-free allocation:

1. Calculate the total value of each good for each person:

Person 1: 40 (A) + 2 (B) + 3 (C) + 25 (D) + 30 (E) = 100
Person 2: 14 (A) + 26 (B) + 8 (C) + 26 (D) + 26 (E) = 100
Person 3: 10 (A) + 26 (B) + 26 (C) + 12 (D) + 26 (E) = 100

Each person has a total value of 100. This means that any allocation that gives each person a total value close to 100 will likely be envy-free.

2. Identify the most valuable good for each person:

Person 1: Good A (40)
Person 2: Good B, D, or E (26 each)
Person 3: Good B, C, or E (26 each)

3. Allocate the most valuable goods to each person:

Give Good A to Person 1 (value 40).
Give Good B to Person 2 (value 26).
Give Good C to Person 3 (value 26).

At this point, the allocation looks like this:

Person 1: Good A (40)
Person 2: Good B (26)
Person 3: Good C (26)

The remaining goods are Good D and Good E.

4. Allocate the remaining goods to minimize envy:

Give Good D to Person 1 (value 25). This ensures that Person 1 doesn't envy Person 2 or Person 3.
Give Good E to Person 2 (value 26). This ensures that Person 2 doesn't envy Person 1 or Person 3.

The final allocation is:

Person 1: Good A (40), Good D (25) => Total value: 65
Person 2: Good B (26), Good E (26) => Total value: 52
Person 3: Good C (26) => Total value: 26

This allocation is envy-free because:

* Person 1 values their allocation (A and D) more than Person 2's allocation (B and E) or Person 3's allocation (C).
* Person 2 values their allocation (B and E) more than Person 1's allocation (A and D) or Person 3's allocation (C).
* Person 3 values their allocation (C) more than Person 1's allocation (A and D) or Person 2's allocation (B and E).

Note that this allocation is not unique, and there may be other envy-free allocations. However, this allocation satisfies the condition of minimizing envy between the individuals involved.",0,1,2,3,1,2
91,"A classic problem of fair allocation!

To minimize envy between the individuals, we'll use the concept of envy-freeness. An allocation is envy-free if no individual prefers another individual's bundle of goods to their own.

Let's analyze the given values:

**Person 1**: Values Good A and Good E the most (40 and 30, respectively).

**Person 2**: Values Good B, Good D, and Good E equally (26 each).

**Person 3**: Values Good B, Good C, and Good E equally (26 each).

Here's a suggested allocation to minimize envy:

1. Good A → Person 1 (value: 40)
2. Good B → Person 2 (value: 26)
3. Good C → Person 3 (value: 26)
4. Good D → Person 2 (value: 26)
5. Good E → Person 1 (value: 30)

This allocation is envy-free because:

* Person 1 gets their top two choices (Good A and Good E), so they don't envy others.
* Person 2 gets two goods with the same value (Good B and Good D), so they don't envy Person 1 or Person 3.
* Person 3 gets one good with a high value (Good C), and they don't envy Person 1 or Person 2.

No one envies another person's bundle, so this allocation minimizes envy between the individuals involved.",0,1,2,3,2,1
92,"A classic problem of fair allocation!

To minimize envy between the individuals, we can use the concept of envy-free allocation. An allocation is said to be envy-free if no individual prefers another individual's allocation to their own. In this case, we'll use a simple yet effective method to find an envy-free allocation.

Here's the step-by-step approach:

1. Calculate the total value of each good for each person:
Person 1: A (40), B (2), C (3), D (25), E (30)
Person 2: A (14), B (26), C (8), D (26), E (26)
Person 3: A (10), B (26), C (26), D (12), E (26)

2. Rank the goods for each person in descending order of their values:
Person 1: A (40), E (30), D (25), C (3), B (2)
Person 2: B (26), E (26), D (26), C (8), A (14)
Person 3: B (26), E (26), C (26), D (12), A (10)

3. Allocate the goods in a way that minimizes envy:
Start with the most valuable good for each person. If a good is already allocated to someone, skip to the next most valuable good.

* Person 1 values Good A the most, so allocate Good A to Person 1.
* Person 2 values Good B the most, and it's available, so allocate Good B to Person 2.
* Person 3 values Good B the most, but it's already allocated to Person 2. The next most valuable good for Person 3 is Good E, and it's available, so allocate Good E to Person 3.
* Person 1 values Good E the second most, but it's already allocated to Person 3. The next most valuable good for Person 1 is Good D, and it's available, so allocate Good D to Person 1.
* Person 2 values Good D the second most, but it's already allocated to Person 1. The next most valuable good for Person 2 is Good E, but it's already allocated to Person 3. The next most valuable good for Person 2 is Good C, and it's available, so allocate Good C to Person 2.
* The only remaining good is Good C, which is not allocated to anyone. Since Person 3 values Good C highly, allocate Good C to Person 3.

The final allocation is:

* Person 1: Good A, Good D
* Person 2: Good B, Good C
* Person 3: Good E, Good C

This allocation is envy-free, as each person prefers their own allocation to any other person's allocation.",0,1,2,3,1,3
93,"A classic problem of fair allocation!

To minimize envy between the individuals, we can use the concept of envy-freeness, which is a fairness criterion in economics. An allocation is said to be envy-free if no individual prefers another individual's bundle of goods to their own.

To find an envy-free allocation, we can use the following steps:

1. Compute the maximum value each person can get by allocating each good to the person who values it the most.
2. Allocate the goods according to these maximum values, making sure no good is allocated to more than one person.
3. Check if the resulting allocation is envy-free.

Let's do this step by step:

**Step 1: Compute the maximum value each person can get**

Good A: Person 1 values it the most (40) → Allocate to Person 1
Good B: Person 2 and Person 3 value it equally (26) → Allocate to Person 2 (arbitrary choice, could also be Person 3)
Good C: Person 2 and Person 3 value it equally (26) → Allocate to Person 3 (arbitrary choice, could also be Person 2)
Good D: Person 1 values it the most (25) → Allocate to Person 1
Good E: Person 1 values it the most (30) → Allocate to Person 1

**Step 2: Allocate the goods**

The allocation is:

* Person 1: Good A, Good D, Good E
* Person 2: Good B
* Person 3: Good C

**Step 3: Check if the allocation is envy-free**

Person 1 gets a total value of 40 + 25 + 30 = 95
Person 2 gets a total value of 26
Person 3 gets a total value of 26

Now, let's check if anyone envies someone else's bundle:

* Person 1 doesn't envy anyone, since they got the three goods they valued the most.
* Person 2 doesn't envy Person 1, since they got Good B, which is their second-highest valued good. They don't envy Person 3, since they are indifferent between Good B and Good C.
* Person 3 doesn't envy Person 1, since they got Good C, which is their second-highest valued good. They don't envy Person 2, since they are indifferent between Good B and Good C.

The allocation is envy-free! We have found a fair allocation of the goods that minimizes envy between the individuals involved.",0,1,2,3,1,1
94,"A classic problem of fair allocation!

To minimize envy, we can use a procedure called the ""envy-free allocation"" method. The idea is to allocate the goods in a way that each person feels that they have received a fair share, and no one envies another person's allocation.

Here's the step-by-step allocation process:

1. Start by identifying the person with the highest total value for all goods. In this case, it's Person 1 with a total value of 40 + 2 + 3 + 25 + 30 = 100.
2. Allocate the good with the highest value to Person 1. In this case, it's Good A with a value of 40. Give Good A to Person 1.
3. Update the remaining values for each person:
   - Person 1: 2, 3, 25, 30
   - Person 2: 14, 26, 8, 26, 26
   - Person 3: 10, 26, 26, 12, 26
4. Identify the person with the highest remaining total value. Now it's Person 2 with a total value of 14 + 26 + 8 + 26 + 26 = 100.
5. Allocate the good with the highest value to Person 2. In this case, it's Good B with a value of 26. Give Good B to Person 2.
6. Update the remaining values for each person:
   - Person 1: 2, 3, 25, 30
   - Person 2: 14, 8, 26, 26
   - Person 3: 10, 26, 26, 12, 26
7. Repeat steps 4-6 until all goods are allocated.

The final allocation is:
   - Good A: Person 1 (value 40)
   - Good B: Person 2 (value 26)
   - Good C: Person 3 (value 26)
   - Good D: Person 1 (value 25)
   - Good E: Person 2 (value 26)

This allocation is envy-free, as each person feels that they have received a fair share. No person envies another person's allocation, as they cannot improve their own allocation by switching with another person.

Note that this allocation is not necessarily Pareto optimal, but it minimizes envy, which is the goal of this problem.",0,1,2,3,1,2
95,"A classic problem of fair allocation! 

To minimize envy between the individuals, we need to find an allocation that ensures each person feels they have received a fair share of the goods. One way to approach this is to use the ""envy-free"" allocation concept, which aims to minimize the envy between individuals by maximizing the total value of the allocation.

Here's a step-by-step approach to find an envy-free allocation:

1. Compute the total value of each good for each person:

Person 1: Good A (40), Good B (2), Good C (3), Good D (25), Good E (30)
Person 2: Good A (14), Good B (26), Good C (8), Good D (26), Good E (26)
Person 3: Good A (10), Good B (26), Good C (26), Good D (12), Good E (26)

2. Calculate the maximum value each person can get if they were to receive one good:

Person 1: max(40, 2, 3, 25, 30) = 40
Person 2: max(14, 26, 8, 26, 26) = 26
Person 3: max(10, 26, 26, 12, 26) = 26

3. Calculate the minimum possible value each person can get if they were to receive one good:

Person 1: min(40, 2, 3, 25, 30) = 2
Person 2: min(14, 26, 8, 26, 26) = 8
Person 3: min(10, 26, 26, 12, 26) = 10

4. Initialize an empty allocation for each person:

Person 1: []
Person 2: []
Person 3: []

5. Iterate through the goods in decreasing order of their maximum value:

Good B (max value: 26)
Good E (max value: 26)
Good A (max value: 40)
Good D (max value: 26)
Good C (max value: 26)

For each good, allocate it to the person who values it the most, if it doesn't create envy. If it does, allocate it to the person who values it the least among those who don't already have it.

Here's the allocation:

* Good B: Person 2 (value: 26)
* Good E: Person 3 (value: 26)
* Good A: Person 1 (value: 40)
* Good D: Person 2 (value: 26)
* Good C: Person 3 (value: 26)

The final allocation is:

Person 1: [Good A (40)]
Person 2: [Good B (26), Good D (26)]
Person 3: [Good E (26), Good C (26)]

This allocation is envy-free, as each person feels they have received a fair share of the goods.",0,1,2,3,2,3
96,"A classic problem of fair allocation!

To minimize envy between the individuals, we can use a method called the ""envy-freeness"" criterion. The idea is to find an allocation where no individual prefers another individual's allocation to their own.

Let's analyze the situation step by step:

1. First, we sort the individuals' values for each good in descending order:
	* Good A: Person 1 (40), Person 2 (14), Person 3 (10)
	* Good B: Person 2 (26), Person 3 (26), Person 1 (2)
	* Good C: Person 3 (26), Person 2 (8), Person 1 (3)
	* Good D: Person 2 (26), Person 1 (25), Person 3 (12)
	* Good E: Person 2 (26), Person 3 (26), Person 1 (30)
2. We identify the highest-value good for each individual:
	* Person 1: Good A (40)
	* Person 2: Good E (26)
	* Person 3: Good C (26)
3. We allocate the highest-value good to each individual, if possible:
	* Person 1: Good A (40)
	* Person 2: Good E (26)
	* Person 3: Good C (26)
4. We allocate the remaining goods, taking into account the envy-freeness criterion:
	* Good B: Person 2 (26) already has Good E, so we give Good B to Person 3 (26)
	* Good D: Person 1 values Good D (25) more than Person 2 (26), so we give Good D to Person 1

The final allocation is:

* Person 1: Good A (40), Good D (25)
* Person 2: Good E (26)
* Person 3: Good B (26), Good C (26)

This allocation is envy-free, as each individual values their own allocation more than any other individual's allocation.",0,1,3,3,1,2
97,"A classic problem of fair allocation!

To tackle this, I'll use a well-known algorithm for envy-free allocation, which involves computing the maximum envy between each pair of individuals and then allocating goods to minimize this envy.

First, let's compute the total value of each good for each person:

Person 1: 40 + 2 + 3 + 25 + 30 = 100
Person 2: 14 + 26 + 8 + 26 + 26 = 100
Person 3: 10 + 26 + 26 + 12 + 26 = 100

Now, let's compute the maximum envy between each pair of individuals. Envy is calculated as the difference between the value of a good allocated to one person and the value of the same good to another person.

**Envy between Person 1 and Person 2:**

* Good A: 40 (Person 1) - 14 (Person 2) = 26
* Good B: 2 (Person 1) - 26 (Person 2) = -24
* Good C: 3 (Person 1) - 8 (Person 2) = -5
* Good D: 25 (Person 1) - 26 (Person 2) = -1
* Good E: 30 (Person 1) - 26 (Person 2) = 4

Maximum envy between Person 1 and Person 2: 26

**Envy between Person 1 and Person 3:**

* Good A: 40 (Person 1) - 10 (Person 3) = 30
* Good B: 2 (Person 1) - 26 (Person 3) = -24
* Good C: 3 (Person 1) - 26 (Person 3) = -23
* Good D: 25 (Person 1) - 12 (Person 3) = 13
* Good E: 30 (Person 1) - 26 (Person 3) = 4

Maximum envy between Person 1 and Person 3: 30

**Envy between Person 2 and Person 3:**

* Good A: 14 (Person 2) - 10 (Person 3) = 4
* Good B: 26 (Person 2) - 26 (Person 3) = 0
* Good C: 8 (Person 2) - 26 (Person 3) = -18
* Good D: 26 (Person 2) - 12 (Person 3) = 14
* Good E: 26 (Person 2) - 26 (Person 3) = 0

Maximum envy between Person 2 and Person 3: 14

Now, let's allocate the goods to minimize the maximum envy:

1. Allocate Good A to Person 1 (value 40). This minimizes the envy between Person 1 and Person 3 (30).
2. Allocate Good B to Person 2 (value 26). This minimizes the envy between Person 1 and Person 2 (26).
3. Allocate Good C to Person 3 (value 26). This minimizes the envy between Person 2 and Person 3 (14).
4. Allocate Good D to Person 1 (value 25). This minimizes the remaining envy between Person 1 and Person 2 (1).
5. Allocate Good E to Person 2 (value 26). This minimizes the remaining envy between Person 1 and Person 2 (4).

The allocation is:

* Person 1: Good A, Good D
* Person 2: Good B, Good E
* Person 3: Good C

This allocation minimizes the envy between the individuals involved. Note that this allocation is not unique, and other allocations may also minimize envy.",0,1,2,3,1,2
98,"A classic problem of fair division!

To minimize envy between the individuals, we can use the envy-free allocation algorithm, which involves cyclically eliminating goods and reassigning them to individuals until all goods are allocated.

Here's the step-by-step process:

**Initial Allocation:**

Good A: Person 1 (40)
Good B: Person 2 (26)
Good C: Person 3 (26)
Good D: Person 1 (25)
Good E: Person 1 (30)

**Eliminate Good C:**
Person 3 values Good C at 26, but Person 2 values it at 8. Since Person 3 values Good C more, we eliminate it and reassign Good C to Person 3.

New allocation:
Good A: Person 1 (40)
Good B: Person 2 (26)
Good C: Person 3 (26)
Good D: Person 1 (25)
Good E: Person 1 (30)

**Eliminate Good B:**
Person 2 values Good B at 26, but Person 3 values it at 26 as well. We eliminate Good B and reassign it to Person 2.

New allocation:
Good A: Person 1 (40)
Good B: Person 2 (26)
Good C: Person 3 (26)
Good D: Person 1 (25)
Good E: Person 1 (30)

**Eliminate Good A:**
Person 1 values Good A at 40, but Person 2 values it at 14, and Person 3 values it at 10. Since Person 1 values Good A the most, we eliminate it and reassign Good A to Person 1.

New allocation:
Good A: Person 1 (40)
Good B: Person 2 (26)
Good C: Person 3 (26)
Good D: Person 2 (26)
Good E: Person 1 (30)

**Eliminate Good D:**
Person 2 values Good D at 26, but Person 1 values it at 25. We eliminate Good D and reassign it to Person 2.

New allocation:
Good A: Person 1 (40)
Good B: Person 2 (26)
Good C: Person 3 (26)
Good D: Person 2 (26)
Good E: Person 1 (30)

**Final Allocation:**
We've eliminated all goods, and the final allocation is:

Good A: Person 1 (40)
Good B: Person 2 (26)
Good C: Person 3 (26)
Good D: Person 2 (26)
Good E: Person 1 (30)

This allocation is envy-free, meaning that no individual prefers someone else's allocation over their own. Well, at least, not in terms of the values they provided!",0,1,2,3,2,1
99,"A classic problem of fair allocation!

To minimize envy between the individuals, we can use the concept of envy-freeness, which ensures that no individual prefers another individual's allocation to their own.

Let's analyze the given valuations:

**Person 1:** Values Good A and Good E highly (40 and 30, respectively), and Good D moderately (25).

**Person 2:** Values Good B, Good D, and Good E similarly (26 each), and Good A moderately (14).

**Person 3:** Values Good B, Good C, and Good E similarly (26 each), and Good D moderately (12).

To achieve an envy-free allocation, we can use the following steps:

1. Identify the most valued good for each person:
	* Person 1: Good A (40)
	* Person 2: Good B (26)
	* Person 3: Good B (26)
2. Allocate the most valued good to each person, if possible:
	* Allocate Good A to Person 1 (40)
	* Allocate Good B to Person 2 (26)
	* Good B is already allocated, so Person 3 will be allocated another good.
3. Identify the next most valued good for each person:
	* Person 1: Good E (30)
	* Person 2: Good D (26)
	* Person 3: Good C (26)
4. Allocate the next most valued good to each person, if possible:
	* Allocate Good E to Person 1 (30)
	* Allocate Good D to Person 2 (26)
	* Allocate Good C to Person 3 (26)

The resulting allocation is:

**Person 1:** Good A, Good E
**Person 2:** Good B, Good D
**Person 3:** Good C

This allocation is envy-free because:

* Person 1 prefers their allocation (Good A and Good E) to Person 2's allocation (Good B and Good D) and Person 3's allocation (Good C).
* Person 2 prefers their allocation (Good B and Good D) to Person 1's allocation (Good A and Good E) and Person 3's allocation (Good C).
* Person 3 prefers their allocation (Good C) to Person 1's allocation (Good A and Good E) and Person 2's allocation (Good B and Good D).

Note that this allocation is not the only possible envy-free allocation, but it is one of the solutions that minimizes envy between the individuals involved.",0,1,2,3,2,1
