,Text,Tokens,Good A,Good B,Good C,You money,Person 2 money,Person 3 money
0,"Here's a potential allocation that considers both individual preferences and overall fairness:

**Allocation:**

* **You:** Receive Good A and 2 units of money.
* **Person 2:** Receive Good B and 3 units of money.
* **Person 3:** Receive Good C and 4 units of money.

**Justification:**

* **Maximizes Overall Value:** This allocation prioritizes giving goods to the individuals who value them most:
    * You clearly value Good A the highest (53).
    * Person 2 values Good B the highest (36).
    * Person 3, while valuing Good C the least out of everyone, still has the highest value for it compared to the other goods (25).
* **Fair Compensation:** While you receive the good you value most, the money allocation acknowledges that:
    * Person 2 had a relatively high valuation for Good A (35) and receives compensation for not getting it.
    * Person 3 had the lowest overall valuations and receives the highest monetary amount to compensate.
* **Transparency and Simplicity:** This allocation is easy to understand and explain to everyone involved. The reasoning behind the choices is clear, potentially leading to higher acceptance.

**Important Considerations:**

* **Subjectivity of Fairness:**  Fairness is subjective. Other allocations could be argued as fair depending on the chosen criteria (e.g., equalizing everyone's total value received). 
* **Communication is Key:**  Presenting this proposal with a clear explanation of the reasoning behind it is crucial for gaining agreement. It's important to be open to discussing alternative viewpoints and potentially making adjustments.

Let me know your thoughts on this allocation! Would you agree to this distribution, and if not, what aspects would you like to see changed? 
",0,You,2,3,2,3,4
1,"Here's a proposed allocation that aims for fairness and considers the preferences of all involved:

**Allocation:**

* **You:** Good A, 2 units of money
* **Person 2:** Good B, 3 units of money
* **Person 3:** Good C, 4 units of money

**Justification:**

* **Maximizing Overall Value:** This allocation prioritizes giving each person the good they value most:
    * You clearly value Good A the highest (53).
    * Person 2 values Good B most (36).
    * Person 3 values Good C most (25), and while others value it higher, they benefit more from their assigned goods.

* **Fairness Through Compensation:** While the goods are allocated based on preference, the money allocation aims to compensate for not receiving a highly valued good:
    * You receive a small amount of money (2 units) as Good A's value to you significantly exceeds the next best option.
    * Person 2 receives a moderate amount (3 units) as Good B's value is closer to your valuation of it.
    * Person 3 receives the largest share (4 units) to compensate for receiving the good with the lowest overall value, even though it's their most preferred.

**Why This Might Be Acceptable to Others:**

* **Person 2:** Receives their most valued good and a reasonable monetary compensation.
* **Person 3:** While receiving their least valued good overall, they get the highest monetary compensation, potentially making up for the difference in perceived value.

**Important Considerations:**

* **Subjectivity of Fairness:**  Fairness is subjective. This allocation prioritizes a mix of individual preference and compensation, but other approaches exist.
* **Communication is Key:** Openly discussing preferences and potential compromises is crucial in a real-world scenario to reach a mutually agreeable outcome. 

Let me know what you think! Would you like to explore alternative allocations or discuss different fairness principles? 
",0,You,2,3,2,3,4
2,"Here's a proposed allocation that aims for fairness and considers the values each individual places on the goods:

**Proposed Allocation:**

* **You:**  Good A, 2 units of money
* **Person 2:** Good B, 3 units of money
* **Person 3:** Good C, 4 units of money

**Reasoning:**

* **Maximizing Total Value:** This allocation prioritizes giving each good to the person who values it most. 
    * You value Good A the highest (53).
    * Person 2 values Good B the highest (36).
    * Person 3 values Good C the highest (although it's close to their valuation of Good B).
* **Fairness through Monetary Compensation:** Since the goods are indivisible, monetary compensation is used to address potential inequities in perceived value:
    * You receive 2 units of money to offset slightly not getting Good C, which you value at 44.
    * Person 2 receives 3 units of money.
    * Person 3 receives 4 units of money, slightly higher since their top two choices are close in value.

**Why this might be acceptable to others:**

* **Transparency:** The reasoning behind the allocation is clear and based on individual valuations.
* **No one feels ""left out"":**  Everyone receives something they value, either a good or monetary compensation.
* **Focus on overall benefit:** While not perfectly equal in monetary terms, the allocation aims to maximize the overall satisfaction by prioritizing the goods each person values most highly.

**Important Considerations:**

* This proposal assumes that the provided valuations are accurate and reflect each individual's true preferences. 
* Open communication is crucial. Presenting this proposal as a starting point and being open to discussing adjustments based on the other participants' feedback is vital for reaching a truly agreeable outcome. 
",0,You,2,3,2,3,4
3,"Here's a proposed allocation and my reasoning behind it, aiming for fairness and acceptability:

**Proposed Allocation:**

* **You:** Good A + 2 units of money
* **Person 2:** Good B + 3 units of money
* **Person 3:** Good C + 4 units of money

**Reasoning:**

* **Maximize Overall Value:** This allocation prioritizes giving each person the good they value most, maximizing the total ""happiness"" or utility derived from the goods. 
    * You clearly value Good A the most (53).
    * Person 2 values Good B most (36).
    * Person 3 values Good C most, although not as strongly (25).

* **Fair Compensation:**  While the goods are allocated based on preference, money is used to compensate for not getting a good someone might have a significant, but not top, preference for.
    * You receive a small amount of money as Good A is significantly higher in value to you than the other goods.
    * Person 2 receives a moderate amount, acknowledging their second-highest valuation is for Good A.
    * Person 3 receives the most money, reflecting that their valuations for the goods are closer together, and they didn't receive their most valued item (Good A).

**Why This Might Be Acceptable to Others:**

* **Transparency:** The reasoning is clear and based on stated valuations, making it easier for everyone to understand the logic.
* **No ""Losers"":**  Everyone receives something of value to them. No one walks away empty-handed or feels like their preferences were entirely disregarded.
* **Money as a Balancing Tool:** The money allocation helps mitigate potential envy or feelings of unfairness that might arise from a purely preference-based allocation of goods.

**Important Considerations:**

* **Subjectivity of Fairness:** Fairness is subjective.  Other allocations might be equally valid depending on how you define it. This proposal focuses on maximizing overall utility and using money to create a sense of balance.
* **Communication is Key:**  Presenting this proposal with a clear explanation of the reasoning is crucial to gain acceptance from Person 2 and Person 3. 
",0,You,2,3,2,3,4
4,"Here's a proposed allocation that aims for fairness and considers the preferences of all participants:

**Allocation:**

* **You:** Good A, 2 units of money
* **Person 2:** Good B, 3 units of money
* **Person 3:** Good C, 4 units of money

**Justification:**

* **Maximizing Overall Value:** This allocation prioritizes giving each person the good they value most, maximizing the overall perceived benefit. 
    * You clearly value Good A the highest (53).
    * Person 2 values Good B the most (36).
    * Person 3 values Good C the most, although not as strongly (25). 
* **Fair Compensation:**  While you get your top choice, Person 2 and 3 receive monetary compensation to offset not receiving their most preferred goods.
    * Person 2 receives a sum slightly above the value they place on Good C, their second preference.
    * Person 3 receives the largest monetary compensation, acknowledging their relatively lower valuation of all goods and ensuring they don't feel disadvantaged.
* **Transparency and Simplicity:** This allocation is easy to understand and explain to everyone involved. The monetary amounts are rounded for simplicity.

**Why This Might Be Acceptable:**

* **Everyone Gets Something:**  No one walks away empty-handed.
* **Reasonable Compromise:** You get your top choice, but others are compensated fairly for not getting theirs.
* **No Wasted Resources:** All goods and money are allocated.

**Important Considerations:**

* **Subjectivity of Fairness:**  Fairness is subjective. This proposal prioritizes a utilitarian approach (maximizing total perceived value), but other notions of fairness exist (e.g., strict equality).
* **Communication is Key:** It's crucial to discuss this proposal openly with Person 2 and 3. Their perspectives and potential counter-proposals should be considered to reach a truly agreeable outcome.

This allocation is a starting point. Open communication and a willingness to understand each other's perspectives will be essential in reaching a final agreement that everyone finds fair. 
",0,You,2,3,2,3,4
5,"Here's a proposed allocation that I believe is fair and aims to maximize overall satisfaction:

**Allocation:**

* **You:** Receive Good A and 2 units of money.
* **Person 2:** Receive Good B and 3 units of money.
* **Person 3:** Receive Good C and 4 units of money.

**Justification:**

This allocation is based on a combination of maximizing individual value and ensuring a sense of fairness:

* **Maximizing Value:** Each person receives the good they value most:
    * You clearly value Good A the highest (53).
    * Person 2 values Good B the highest (36).
    * Person 3 values Good C the highest (25), though it's closer to their valuation of Good B.

* **Fairness through Compensation:** While the goods are allocated based on highest individual value, money is used to compensate those who don't receive their top-valued items:
    * You receive a slight monetary bonus for getting your top choice.
    * Person 2 receives a significant monetary bonus to compensate for not getting Good A, which they value second highest.
    * Person 3, while getting their top choice, receives the largest monetary amount as their overall valuations are lower than the other two participants.

**Why this approach is acceptable:**

* **Transparency:** The reasoning behind the allocation is clear and easy to understand for all participants. 
* **Balance:** It balances individual preferences with a system of compensation to ensure no one feels significantly disadvantaged. 
* **Maximizes Overall Utility:** This approach likely leads to the highest combined satisfaction among all participants, considering both the value of the goods and the monetary compensation.

**Important Considerations:**

* This allocation assumes that individuals value money equally and that there are no hidden preferences or relationships influencing perceived fairness. 
* Open communication is crucial. Discussing preferences and potential compromises is always recommended in a real-world scenario.

Let me know what you think! Would you like to explore other allocation possibilities? 
",0,You,2,3,2,3,4
6,"Here's a proposed allocation and my reasoning, aiming for fairness and acceptability:

**Allocation:**

* **You:**  Good A (Value: 53) 
* **Person 2:** Good B (Value: 36) and 4 units of money.
* **Person 3:** Good C (Value: 25) and 5 units of money.

**Reasoning:**

* **Prioritizing Highest Value:** Each person gets the good they value most highly, maximizing overall satisfaction:
    * You clearly value Good A the most.
    * Person 2 values Good B slightly more than Good C.
    * Person 3 values Good C the most.

* **Fairness with Money:** While the goods are allocated based on highest individual value, money is used to compensate for differences in overall perceived gain:
    * You receive no money as you already have the highest valued good.
    * Person 2 receives 4 units of money to compensate for getting a good valued lower than your Good A.
    * Person 3 receives 5 units of money for the same reason, and gets slightly more than Person 2 because the gap between their preferred good's value and your Good A's value is larger.

**Why This Could Be Acceptable:**

* **Transparency:** The logic is clear and easily explained to everyone.
* **No One Loses Out:** Everyone receives something they value.
* **Money as a Balancing Tool:** The money allocation acknowledges that simply giving everyone their top-valued item wouldn't be entirely fair in terms of the overall perceived ""win.""

**Important Considerations:**

* This allocation assumes that money has a linear relationship with value for everyone. In reality, individuals might perceive the value of money differently.
*  Fairness is subjective. While I believe this allocation is fair, others might have different ideas about what constitutes a fair distribution. Open communication is key! 
",0,You,2,3,0,4,5
7,"Here's a proposed allocation and my reasoning behind it, focusing on fairness:

**Proposed Allocation:**

* **You:** Good A, 2 units of money 
* **Person 2:** Good B, 3 units of money
* **Person 3:** Good C, 4 units of money

**Reasoning:**

* **Maximize Overall Value:** This allocation aims to give each person the good they value most, maximizing the total perceived ""happiness"" or utility from the goods. 
    * You clearly value Good A the most (53).
    * Person 2 values Good B the most (36).
    * Person 3 values Good A slightly more than Good C, but giving you Good A allows for a more balanced money allocation.
* **Fair Compensation:** While the goods are allocated based on preference, money is used to compensate for not getting a desired good and to even out satisfaction.
    * You get some money to compensate for not getting Good C, which you value second-highest.
    * Person 2 and 3 get slightly higher monetary amounts to offset not receiving their most preferred goods.
* **Transparency and Negotiation:** This proposal is presented with a clear explanation of the rationale. The other participants are welcome to negotiate or propose alternatives. The key is open communication to reach a consensus everyone finds reasonably fair.

**Why this is fair:**

* **Procedural Fairness:** The process is transparent, and everyone's valuations are considered. 
* **Distributive Fairness:** While not perfectly equal in value, the allocation attempts to distribute both goods and money in a way that acknowledges each person's preferences and leaves everyone feeling like they've received a reasonable outcome.

**Important Note:**  Fairness is subjective. There might be other allocations considered fair, and the other participants might have different priorities. The key is open dialogue and a willingness to compromise. 
",0,You,2,3,2,3,4
8,"Here's my proposed allocation and why I think it's fair:

**Allocation:**

* **You:** Good A, Good C, 2 units of money
* **Person 2:** Good B, 4 units of money
* **Person 3:** 3 units of money

**Reasoning:**

This allocation prioritizes a few key factors:

1. **Maximizing Overall Value:**  We want to ensure the goods go to those who value them most. 
    * You clearly value Good A (53) and Good C (44) the most.
    * Person 2 values Good B (36) significantly more than anyone else.

2. **Fairness through Compensation:** While you receive two goods, Person 2 and Person 3 receive monetary compensation to offset not receiving their most desired items. This addresses potential feelings of envy.

3. **Justification of Monetary Distribution:**
    * You receive 2 units of money as your value for Good A (53) and Good C (44) combined is very high (97), exceeding the next highest combined valuation (Person 2 for Good A and B at 71) by a significant margin.
    * Person 2 receives the highest monetary compensation (4 units) as they only receive one good and it's the least valued good overall.
    * Person 3 receives 3 units, reflecting a middle ground as they don't receive any goods but weren't in the running for the most valued items.

**Why this proposal is likely acceptable to others:**

* **Person 2:** Receives their most valued item (Good B) and a significant amount of money (4 units), likely exceeding the value they would have placed on receiving a second good.
* **Person 3:**  While receiving no goods, they obtain a reasonable sum of money (3 units), which they can use for other purposes. 

**Important Considerations:**

* This proposal is based on the provided valuations. Open communication about individual preferences and potential compromises is crucial for reaching a truly agreeable outcome.
* This allocation aims for a balance between efficiency (goods going to those who value them most) and equity (fair compensation for those not receiving goods). 

I believe this allocation is a strong starting point for discussion, aiming for a fair and mutually agreeable outcome. 
",0,You,2,You,2,4,3
9,"Here's a proposed allocation that aims for fairness and considers the preferences of all involved:

**Allocation:**

* **You:**  Good A, 2 units of money
* **Person 2:** Good B, 3 units of money
* **Person 3:** Good C, 4 units of money

**Justification:**

* **Maximizing Overall Value:** This allocation prioritizes giving each person the good they value most, maximizing the total perceived benefit across the group.
* **Addressing Disparity:** While I value Good A the highest, receiving both Good A and the majority of the money would feel unfair. Awarding me a smaller portion of the money helps balance the scales. 
* **Ensuring Everyone Benefits:** Everyone receives something of value in this scenario. Even though Person 3 has the lowest individual value for Good C, they receive a significant portion of the money, ensuring they don't feel disadvantaged.

**Why this is fair:**

* **Transparency:** I'm openly explaining my reasoning for the allocation, fostering trust and understanding.
* **Compromise:**  While I don't get everything I value most, I'm willing to compromise to ensure everyone feels the allocation is reasonable.
* **Objective Consideration:** I've taken everyone's valuations into account, not just my own.

**Important Note:** Fairness is subjective.  This is just one possible solution, and the others might prioritize different aspects of the allocation. Open communication and willingness to negotiate are key to reaching a mutually agreeable outcome. 
",0,You,2,3,2,3,4
10,"Here's my proposed allocation and my reasoning:

**Allocation:**

* **You:** Good A + 4 units of money
* **Person 2:** Good B + 3 units of money
* **Person 3:** Good C + 2 units of money

**Reasoning:**

This allocation aims for a balance of maximizing overall value while ensuring each person feels they've received a fair share:

* **Maximizing Value:**  We want the goods to go to the people who value them most. 
    * You have the highest valuation for Good A (53).
    * Person 2 has the highest valuation for Good B (36).
    * Person 3 has the highest valuation for Good C (25), but the difference between their valuation and yours is less significant.

* **Fairness and Acceptability:** 
    * While Good A has the highest overall value, giving you just that good wouldn't be fair to the others. The money allocation addresses this:
        * You get compensated for not receiving Goods B and C, which you value.
        * Person 2 receives a good they highly value and additional money.
        * Person 3 might seem like they get the ""worst"" deal, but they still receive a good they value and some monetary compensation.

**Why This Proposal Might Be Acceptable to Others:**

* **Transparency:**  I'd openly communicate my reasoning and the value each person receives.
* **Negotiation:** I'm open to discussing slight adjustments if someone feels strongly disadvantaged. For example, we could explore shifting a unit of money from you to Person 3. 

**Important Notes:**

* **Subjectivity:**  Fairness is subjective. Other allocations could be considered fair depending on the chosen principles (e.g., pure egalitarianism, maximizing total happiness, etc.). 
* **Communication is Key:**  The success of any proposed allocation relies heavily on open and respectful communication between all parties involved. 
",0,You,2,3,4,3,2
11,"Here's a proposed allocation that I believe is fair and justifiable:

**Allocation:**

* **You:** Receive Good A and 2 units of money.
* **Person 2:** Receives Good B and 3 units of money.
* **Person 3:** Receives Good C and 4 units of money.

**Justification:**

* **Maximizing Overall Value:** This allocation prioritizes getting the goods into the hands of those who value them most, even if it means not perfectly aligning with individual monetary valuations. 
    * You highly value Good A (53), exceeding everyone else's valuation.
    * Person 2 values Good B (36) the most.
    * Person 3 values Good C (25) the most, although it's closer in value to their valuation of Good A.

* **Fair Compensation:** While the money doesn't perfectly offset the differences in individual good valuations, it provides a reasonable level of compensation:
    * You receive a slight monetary bonus to acknowledge that Good A is valued significantly higher by you than the others.
    * Person 2 receives a small monetary bonus.
    * Person 3 receives the largest monetary amount, acknowledging that their preferred good (Good A) went to someone else and their valuation of Good C is relatively lower.

**Why I believe this is acceptable to others:**

* **Transparency:** The reasoning behind the allocation is clear and based on the provided valuations.
* **No One Loses Significantly:** Everyone receives something they value, and the monetary compensation helps to balance out any perceived inequities.
* **Focus on Utility:**  The allocation prioritizes the overall satisfaction and benefit derived from the goods and money, rather than just focusing on pure monetary equivalence.

**Important Note:** Fairness is subjective.  Other allocations could be argued for, and the success of this proposal hinges on open communication and a willingness to understand each other's perspectives. 
",0,You,2,3,2,3,4
12,"Here's a proposed allocation that aims for fairness and justification:

**Allocation:**

* **You:** Good A, 2 units of money
* **Person 2:** Good B, 4 units of money
* **Person 3:** Good C, 3 units of money

**Justification:**

* **Prioritizing High Value:** Each person receives the good they value most highly:
    * You value Good A the most (53).
    * Person 2 values Good B the most (36).
    * Person 3 values Good A the most (44), but you value it even higher.  Giving them Good C (their second highest at 25) is a fair compromise.

* **Monetary Compensation for Disparity:**  To address the uneven distribution of value:
    * You receive a relatively low monetary amount (2) because you got your top-valued item.
    * Person 2 receives a higher amount (4) as Good B is less valuable overall than Good A. 
    * Person 3 receives an intermediate amount (3) to compensate for not receiving their top choice.

**Why this allocation might be considered fair and acceptable:**

* **Everyone Gets Something:** No one walks away empty-handed.
* **Maximizing Overall Satisfaction:**  This allocation likely results in the highest combined satisfaction among the group, as everyone gets something they value significantly.
* **Transparency and Reasonableness:** The logic behind the allocation is clear and justifiable, increasing the likelihood of agreement.

**Important Notes:**

* **Subjectivity of Fairness:** Fairness is subjective. Other allocations could be argued for based on different principles. 
* **Importance of Discussion:**  The most important aspect is the discussion and negotiation leading to the allocation.  This proposal provides a starting point for that conversation. 
",0,You,2,3,2,4,3
13,"Here's a proposed allocation that aims for fairness and justification:

**Allocation:**

* **You:** Good A, 2 units of money
* **Person 2:** Good B, 3 units of money
* **Person 3:** Good C, 4 units of money

**Justification:**

This allocation prioritizes maximizing overall value while ensuring each person receives a good or money that they value highly:

* **Maximizing Value:**  Good A goes to you (highest valuation at 53), Good B to Person 2 (highest valuation at 36), and Good C to Person 3 (highest valuation at 29). This ensures the goods are going to those who benefit the most.
* **Fair Compensation:** Since you received the highest valued good, a portion of the money is distributed to the others to compensate and provide them with something they value. 
    * Person 3 receives the most money (4 units) as their valuation for their assigned good (Good C) is the lowest among the allocated goods. 
    * Person 2 receives 3 units of money as their valuation for Good B is relatively high.

**Why this allocation might be acceptable to others:**

* **Person 2:** While they don't get Good A (their second highest valued item), they receive Good B, which they value the most. The 3 units of money offer additional compensation.
* **Person 3:**  While they may have preferred Good A, receiving Good C and the highest monetary compensation (4 units) provides them with a reasonable alternative.

**Important Considerations:**

* **Fairness is subjective:** Different people might have different definitions of ""fairness."" This proposal prioritizes a combination of value maximization and equitable compensation.
* **Communication is key:**  Openly discussing preferences and priorities with Person 2 and Person 3 is crucial to reach a mutually agreeable outcome. This proposal is a starting point for that conversation. 

Let me know what you think, and we can discuss alternative allocations if needed! 
",0,You,2,3,2,3,4
14,"Here's a proposed allocation that aims for fairness and considers the preferences of all participants:

**Allocation:**

* **You:** Good A, 2 units of money
* **Person 2:** Good B, 3 units of money
* **Person 3:** Good C, 4 units of money

**Justification:**

* **Maximizing Overall Value:** This allocation prioritizes giving each person the good they value most, maximizing the overall perceived benefit. 
    * You highly value Good A (53), significantly more than the others.
    * Person 2 values Good B (36) most.
    * Person 3 values Good C (25) most, though less strongly than the other two goods.
* **Fairness Through Money:** Recognizing that Person 3 receives the good they value least, the money allocation aims to compensate:
    * You receive a small amount of money (2 units) since you get your top choice.
    * Person 2 receives a moderate amount (3 units).
    * Person 3 receives the largest share (4 units) as they get their least preferred good.

**Why this might be acceptable to everyone:**

* **Transparency:** The reasoning behind this allocation is clear and based on the stated values.
* **No One Loses Out Significantly:**  While not everyone gets their absolute ideal outcome, the money allocation helps ensure no one feels significantly disadvantaged.
* **Potential for Agreement:** This proposal offers a starting point for discussion. Participants can negotiate further based on their individual preferences and the principle of fairness.

**Important Note:**  Fairness is subjective.  This proposal aims to balance individual preferences with an equitable distribution of resources.  Open communication and willingness to compromise are crucial for reaching a mutually agreeable outcome. 
",0,You,2,3,2,3,4
15,"Here's a proposed allocation and my reasoning:

**Allocation:**

* **You:** Good A, 2 units of money
* **Person 2:** Good B, 3 units of money
* **Person 3:** Good C, 4 units of money

**Reasoning:**

This allocation prioritizes a few factors to achieve fairness:

* **Maximizing Overall Value:** Each person receives the good they value most highly:
    * You value Good A the most (53).
    * Person 2 values Good B the most (36).
    * Person 3 values Good C the most (29), and it's significantly closer to your valuation (44) than Person 2's (29).
* **Compensating for Differences:** While you get your top-valued good, you also receive a smaller amount of money compared to the others. This acknowledges that:
    * Your value for Good A is significantly higher than the next highest valuation (53 vs. 44). 
    * Person 3, despite not getting their top choice, receives a good they still value relatively high, along with the highest monetary compensation.
* **Avoiding Waste:** All goods and money are allocated, ensuring no resources are left unused.

**Why I believe this is acceptable to others:**

* **Person 2:**  Receives their most valued good (Good B) and a reasonable amount of money.
* **Person 3:** While not getting their top choice, they receive a good they still value and the highest monetary compensation, potentially offsetting the difference in value preference.

**Important Considerations:**

* **Fairness is Subjective:** Different people may have different ideas of what constitutes a fair allocation. This proposal aims for a balance between individual preferences and overall utility. 
* **Communication is Key:**  Openly discussing the reasoning behind this allocation with Person 2 and Person 3 is crucial. Their feedback can help refine the proposal and reach a consensus that everyone finds acceptable. 
",0,You,2,3,2,3,4
16,"Here's a proposed allocation that aims for fairness and attempts to maximize overall satisfaction:

**Allocation:**

* **You:**  Good A, 2 units of money
* **Person 2:** Good B, 3 units of money
* **Person 3:** Good C, 4 units of money

**Reasoning:**

* **Prioritize High Value:** Each person receives the good they value most:
    * You value Good A the highest (53).
    * Person 2 values Good B the highest (36).
    * Person 3 values Good A the highest (44), but you value it even more. Giving them Good C (their second highest at 25) is a fair compromise.
* **Money for Compensation:** Since you receive the highest-valued good, the money allocation aims to compensate the others:
    * Person 3 receives the most money (4 units) as they missed out on Good A.
    * Person 2 receives a moderate amount (3 units) as they still receive their top preference. 

**Why This Could Be Considered Fair:**

* **Maximizes Overall Utility:** This allocation likely leads to the highest combined satisfaction when considering everyone's preferences.
* **Transparency and Justification:**  The reasoning is clear and can be presented to Person 2 and Person 3 to explain the choices. 
* **Negotiation Potential:** This proposal provides a starting point for discussion.  Perhaps Person 2 would value 4 units of money over Good B, opening the possibility for trade.

**Important Notes:**

* **Fairness is Subjective:**  Different people have different definitions of fairness. This is just one possible interpretation.
* **Communication is Key:**  The success of any allocation depends on open communication and willingness to understand each other's perspectives. 
",0,You,2,3,2,3,4
17,"Here's a proposed allocation and my reasoning, aiming for fairness and acceptability:

**Allocation:**

* **You:** Good A + 2 units of money 
* **Person 2:** Good B + 3 units of money
* **Person 3:** Good C + 4 units of money

**Reasoning:**

* **Maximizing Overall Value:**  This allocation prioritizes giving each person the good they value most:
    * You clearly value Good A the highest (53).
    * Person 2 values Good B most (36).
    * Person 3 values Good C most (though less enthusiastically than the other two). 
* **Fairness through Compensation:**  While the goods are allocated based on individual preferences, the money is used to compensate for not getting a shot at the other goods:
    * You receive a good amount of money (2 units) as Good A was highly valued by others.
    * Person 2 gets a bit less money (3 units) as Good B wasn't as sought after.
    * Person 3, getting their preferred but less valued good, receives the most money (4 units).
* **Transparency and Acceptability:**  This allocation is straightforward to explain. Each person can see they're getting their top choice and being compensated reasonably. This increases the likelihood of everyone accepting the proposal.

**Important Considerations:**

* **Subjectivity of Fairness:** Fairness is subjective. Other allocations might focus on different aspects like minimizing envy or maximizing the total combined value.
* **Communication is Key:**  Presenting this proposal with a clear explanation of the reasoning behind it will be crucial in gaining agreement from Person 2 and Person 3. 

Let me know what you think! Would you like to explore alternative allocation scenarios? 
",0,You,2,3,2,3,4
18,"Here's a proposed allocation and my reasoning for considering it fair:

**Allocation:**

* **You:** Good A, 2 units of money
* **Person 2:** Good B, 4 units of money
* **Person 3:** Good C, 3 units of money

**Reasoning:**

* **Maximizing Overall Value:** This allocation aims to give each person the item they value most while compensating them fairly if they don't receive their top choice. 
    * You value Good A the highest (53) and receive it.
    * Person 2 values Good B the highest (36) and receive it.
    * Person 3 values Good A the highest (44) but receives Good C (25), so they get a larger monetary compensation.

* **Fair Compensation:** The money allocation is designed to offset the differences in value between the goods received and the most preferred good:
    * You receive 2 units of money to acknowledge that Good A is worth more than Good B or C, which the others received.
    * Person 2 receives a significant 4 units of money as Good B (36) is much less valuable than Good A (35).
    * Person 3 receives 3 units of money to make up for the difference between Good A (44) and Good C (25).

**Why I believe this is acceptable to others:**

* **Transparency:** I would clearly explain my reasoning for this allocation, emphasizing the focus on both individual preferences and fair compensation.
* **No One Loses Out:** Everyone receives something they value – either their preferred good or a significant monetary amount.
* **Open to Discussion:** I'd be open to hearing their perspectives and potentially adjusting the monetary distribution slightly to reach an even stronger consensus.

**Important Note:**  Fairness is subjective. Other allocations could be argued for. The key is the reasoning and transparency in the decision-making process. 
",0,You,2,3,2,4,3
19,"Here's a proposed allocation that aims for fairness and justification for it:

**Allocation:**

* **You:** Good A, 2 units of money
* **Person 2:** Good B, 3 units of money
* **Person 3:** Good C, 4 units of money

**Justification:**

* **Maximizing Overall Value:** This allocation prioritizes giving each person the good they value most, maximizing the overall perceived benefit:
    * You value Good A the most (53).
    * Person 2 values Good B the most (36).
    * Person 3 values Good C the most (25), and while others value it higher, they benefit more from their assigned goods. 
* **Addressing Differences in Value:**  While you receive the good with the highest overall value (Good A), the money distribution compensates for the differences in value:
    * Person 2 receives 3 units of money, slightly less than the difference between Good A and Good B (36 vs. 35).
    * Person 3 receives 4 units of money, making up for the lower value of Good C compared to A and B. 

**Why this is likely acceptable:**

* **Transparency and Logic:**  The reasoning behind the allocation is clear and based on the stated values.  
* **No ""Losers"":** Everyone receives something they value. 
* **Compromise:** You, receiving the highest-value good, are also accepting a reduced monetary share to ensure others feel the allocation is fair.

**Important Considerations:**

* **Fairness is subjective:** Different people have different ideas of what constitutes a ""fair"" allocation. This proposal prioritizes a combination of overall value and compensating for individual preferences.
* **Communication is key:**  Presenting this proposal with a clear explanation of the reasoning is crucial for others to understand and potentially agree to it. 
",0,You,2,3,2,3,4
20,"Here's a possible allocation that aims for fairness and justification:

**Allocation:**

* **You:** Good A, 2 units of money
* **Person 2:** Good B, 3 units of money
* **Person 3:** Good C, 4 units of money

**Justification:**

* **Prioritizing Highest Value:** Each person receives the good they value most:
    * You value Good A the highest (53).
    * Person 2 values Good B the highest (36).
    * Person 3 values Good A the highest (44), but you value it even higher. Good C is their next highest (25).
* **Fair Compensation:**  While you get your top choice, Person 2 and 3 receive monetary compensation to offset not getting their top preference:
    * Person 2 gets 3 units of money, slightly less than the difference in value between Good B (36) and Good A (35).
    * Person 3 gets 4 units of money, acknowledging they miss out on both their top choices.
* **Utilizing Available Resources:** This allocation uses all 9 units of money, ensuring no resources are wasted.

**Why this might be considered fair:**

* **No Envy:** Ideally, no one would want to directly swap their allocation with another person's.
* **Maximizing Overall Utility:** This allocation aims to maximize the overall satisfaction among the group, considering both the goods and the monetary compensation. 

**Important Considerations:**

* **Subjectivity of Fairness:**  Fairness is subjective. Other people might prioritize different aspects, such as giving everyone a good, even if it's not their top choice.
* **Communication is Key:**  In a real-world scenario, open communication with Person 2 and Person 3 is crucial to understand their perspectives and preferences. This proposal is a starting point for discussion and negotiation. 
",0,You,2,3,2,3,4
21,"Here's a potential allocation proposal and my reasoning behind it, aiming for fairness and acceptability:

**Proposed Allocation:**

* **You:** Receive Good A and 2 units of money.
* **Person 2:** Receive Good B and 3 units of money.
* **Person 3:** Receive Good C and 4 units of money.

**Reasoning:**

* **Prioritizing Highest Value:** Each person receives the good they value most highly:
    * You value Good A the most (53).
    * Person 2 values Good B the most (36).
    * Person 3 values Good A the most (44), but you value it even more, so they get their second highest, Good C (25). 
* **Compensating with Money:** Since the goods are indivisible, money is used to compensate individuals who don't receive their top-valued item:
    * You receive a slight monetary bonus for not getting Good C, which you value highly.
    * Person 2 receives a reasonable sum as Good A is their second choice.
    * Person 3 receives the largest monetary amount to offset not getting either of their top two choices.

**Why This Could Be Considered Fair:**

* **Envy-Free (to an extent):**  While perfect envy-freeness is difficult with indivisible goods, this allocation minimizes envy. Each person receives either their top preference or a significant compensating amount.
* **Pareto Efficiency:** No one can be made better off without making someone else worse off.  
* **Transparency:** The reasoning behind the allocation is clear and easy to understand.

**Important Considerations:**

* **Subjectivity:** Fairness is subjective. Other allocations might be perceived as fairer depending on individual perspectives and priorities.
* **Communication:** Presenting this proposal with a clear explanation of the reasoning is crucial for gaining acceptance from Person 2 and Person 3.  

**Additional Notes:**

This allocation aims for a balance between maximizing individual satisfaction and ensuring a sense of fairness. Open communication and willingness to understand each other's perspectives will be key to reaching a mutually agreeable outcome. 
",0,You,2,3,2,3,4
22,"Here's a potential allocation based on a combination of fairness principles and strategic thinking:

**Proposed Allocation:**

* **You:** Good A, 2 units of money 
* **Person 2:** Good B, 3 units of money
* **Person 3:** Good C, 4 units of money

**Reasoning and Fairness Considerations:**

* **Maximize Overall Value (Efficiency):** This allocation prioritizes giving each good to the person who values it most. This maximizes the total ""happiness"" or utility derived from the goods.
* **Fair Compensation:**  While you receive your highest valued good (Good A), you also recognize that Person 3 has a relatively high valuation for it. To compensate for this and make the deal more enticing for Person 3 to agree to, you propose taking a slightly smaller share of the money.
* **Addressing Potential Disagreements:** Person 2 might initially desire Good A. However, by offering them Good B (which they value second highest) and a reasonable amount of money, this proposal becomes more appealing.

**Why This Proposal Could Be Acceptable:**

* **Person 2:** Receives their second-highest valued item and a good amount of money, likely making them amenable.
* **Person 3:**  While they don't get Good A, receiving their second-highest valued good (Good C) plus the largest share of the money provides significant compensation. 

**Important Notes:**

* **Fairness is Subjective:** Different people might have different ideas about what constitutes a ""fair"" allocation. This proposal aims for a balance between maximizing value and addressing potential points of contention.
* **Negotiation is Key:** This proposal is a starting point. Open communication and a willingness to negotiate are essential for reaching an agreement that all parties find acceptable. 

Let me know if you'd like to explore alternative allocations or fairness principles! 
",0,You,2,3,2,3,4
23,"Here's a proposed allocation that aims for fairness and considers the preferences of all involved:

**Allocation:**

* **You:** Good A, 2 units of money
* **Person 2:** Good B, 3 units of money
* **Person 3:** Good C, 4 units of money

**Justification:**

* **Maximizing Overall Value:** This allocation prioritizes giving each good to the person who values it most. 
    * You value Good A the highest (53).
    * Person 2 values Good B the highest (36).
    * Person 3 values Good C the highest (29), but you value it significantly more (44), so you get Good C and compensate Person 3 with money.
* **Fair Compensation:** Since you receive two goods (A and C), a significant portion of the money is distributed to Person 2 and Person 3 as compensation. This helps balance the allocation, recognizing that while they don't receive their top-valued goods, they still benefit.

**Why This Might Be Acceptable:**

* **Transparency:**  This proposal is based on a clear logic of valuing the goods and using money for fairer compensation. This transparency can make it easier for everyone to understand and accept the rationale.
* **No One Loses Out Significantly:** While individuals may not get their absolute top choice, the monetary compensation helps ensure that everyone feels they have gained something of value. 

**Important Considerations:**

* **Fairness is Subjective:** What one person considers fair, another might not. This proposal aims for a balance, but open communication and a willingness to understand different perspectives are crucial for reaching a truly agreeable outcome. 
* **Alternative Solutions:** There might be other valid allocation proposals.  For instance, you could explore options where Good C goes to Person 3 and the monetary distribution changes accordingly.  

Let me know what you think of this proposal! I'm happy to discuss any concerns or explore alternative solutions together. 
",0,You,2,You,2,3,4
24,"Here's a possible allocation based on a combination of maximizing overall value and ensuring a sense of fairness:

**Allocation:**

* **You:** Good A, 2 units of money
* **Person 2:** Good B, 3 units of money
* **Person 3:** Good C, 4 units of money

**Reasoning:**

* **Maximizing Value:** This allocation prioritizes giving each person the good they value most:
    * You get Good A (your highest value).
    * Person 2 gets Good B (their highest value).
    * Person 3 gets Good C (their highest, though the value difference is less significant).

* **Fairness Through Compensation:**  While the goods are allocated based on individual preference, the money allocation aims to balance out any perceived unfairness:
    * You receive a small monetary compensation since your value for Good A (53) significantly exceeds the value of the next best good for you (Good C at 44). 
    * Person 2 receives a slightly lower monetary amount as their top two choices (Good B and A) are close in value.
    * Person 3, having the lowest overall valuations, receives the highest monetary compensation.

**Why this proposal might be acceptable to others:**

* **Transparency:** The reasoning behind the allocation is clear and based on stated preferences.
* **Each Person Benefits:** Everyone receives something they value, whether it's their top-choice good or monetary compensation.
* **No Extreme Disparities:** The allocation aims to avoid a situation where one person feels significantly disadvantaged.

**Important Note:** This is just one possible ""fair"" allocation.  Different individuals might prioritize different aspects of fairness (e.g., focusing solely on maximizing total value or ensuring everyone gets their top choice even if total value is lower).  A successful proposal would involve discussing these priorities with the other participants. 
",0,You,2,3,2,3,4
25,"Here's a possible allocation based on a combination of maximizing overall value and ensuring fairness:

**Allocation:**

* **You:** Good A, 2 units of money 
* **Person 2:** Good B, 3 units of money
* **Person 3:** Good C, 4 units of money

**Reasoning:**

* **Maximizing Value:** This allocation prioritizes giving each person the good they value most:
    * You clearly value Good A the highest (53).
    * Person 2 values Good B most (36).
    * Person 3, while valuing Good A somewhat highly, benefits most from the money allocation.
* **Fairness:** While a purely value-based approach might seem fairest, the money allows for a degree of compensation and balance:
    * You get your most valued good but give up some potential value. The 2 units of money offer some recognition of that sacrifice.
    * Person 2 gets their top preference.
    * Person 3, while not receiving their most valued good, receives significant monetary compensation, making this allocation potentially the most appealing to them.

**Why this is a strong proposal:**

* **Transparency:** This allocation is easily explained and the reasoning behind it is clear.
* **Potential for Agreement:**  Each person receives something they value, increasing the likelihood of everyone accepting the proposal. 
* **Reasonable Compromise:** It acknowledges that perfect fairness might be impossible in such a scenario, but strives for a balanced outcome.

**Important Note:** This is just one possible fair allocation.  Other arguments could be made for different distributions, especially depending on how each person defines ""fairness.""  Open communication and a willingness to understand each other's perspectives would be crucial in a real-world scenario like this. 
",0,You,2,3,2,3,4
26,"Here's my proposed allocation and why I think it's fair:

**Allocation:**

* **You:** Good A, 2 units of money
* **Person 2:** Good B, 4 units of money
* **Person 3:** Good C, 3 units of money

**Reasoning:**

This allocation focuses on maximizing overall satisfaction and ensuring everyone gets something they value while aiming for a relatively even distribution of value. Here's a breakdown:

* **Maximizing Value:** Each person receives the good they value most:
    * You get Good A (your highest value).
    * Person 2 gets Good B (their highest value).
    * Person 3 gets Good C (their highest value).
* **Fair Compensation:** Since you receive the highest-valued good overall, the money allocation helps balance things out:
    * You receive a small amount of money to compensate for not getting your second choice (Good C).
    * Person 2 receives a larger sum as their valuation for Good B is lower than your valuation of Good A.
    * Person 3 receives an amount in between, reflecting the mid-range value of Good C.

**Why this is likely acceptable to others:**

* **Everyone gets something they want:**  No one walks away empty-handed or with a good they don't value.
* **The money allocation is logical:** The distribution of money reflects the relative differences in the value of the goods received.

**Important Considerations:**

* **Fairness is subjective:**  Other allocations could be considered fair depending on your definition of fairness. For example, some might prioritize equal monetary compensation over maximizing the value of goods received. 
* **Communication is key:**  Openly discussing preferences and priorities with Person 2 and Person 3 could lead to an even more mutually agreeable outcome. 

This proposal aims for a balance between individual satisfaction and overall fairness, making it a strong starting point for discussion and potential agreement. 
",0,You,2,3,2,4,3
27,"Here's a proposed allocation and my reasoning behind considering it fair:

**Allocation:**

* **You:** Good A, 2 units of money
* **Person 2:** Good B, 4 units of money
* **Person 3:** Good C, 3 units of money

**Reasoning:**

This allocation aims for a balance of maximizing individual utility while ensuring everyone gets something they value and finds the process fair:

* **Maximizing Utility:** 
    * You get your highest valued item (Good A), significantly increasing your satisfaction. 
    * Person 2 receives Good B, their highest valued item.
    * Person 3 gets Good C, which while not their highest valued, is still valued decently.
* **Fairness:**
    * While you receive your top choice, you also acknowledge that others have valuable preferences.  The money partially compensates for not getting their absolute top choice.
    * The money allocation is somewhat proportional to the ""missed value."" Person 2, potentially missing out on the most (Good A), gets slightly more money. 

**Why this might be agreeable to others:**

* **Transparency:** The reasoning behind the allocation is clear and understandable.
* **No One Left Out:** Everyone receives something of value, preventing feelings of being completely ignored.
* **Reasonable Compromise:** While not everyone gets their absolute ideal outcome, the allocation feels like a compromise where everyone gains something.

**Important Considerations:**

* **Individual Negotiation:** This is just one proposal. In a real-world scenario, open discussion and potential adjustments based on individual preferences would be crucial.  For example, perhaps Person 3 values a smaller amount of money much more than the difference between Good B and Good C.
* **Fairness is Subjective:**  There's no universally agreed-upon definition of ""fair."" This proposal aims for a balance that I believe most people could find reasonable. 
",0,You,2,3,2,4,3
28,"Here's a proposed allocation that I believe is fair and potentially agreeable to everyone:

**Allocation:**

* **You receive:** Good A and 2 units of money.
* **Person 2 receives:** Good B and 3 units of money.
* **Person 3 receives:** Good C and 4 units of money.

**Reasoning:**

* **Maximizes Overall Value:** This allocation prioritizes giving each good to the person who values it most, maximizing the overall ""happiness"" or utility derived from the goods.
    * You clearly value Good A the most (53).
    * Person 2 values Good B the most (36).
    * Person 3, while not having the highest valuation for any single good, benefits most from receiving Good C and a larger share of the money.

* **Fairness through Compensation:** While you receive the most ""valuable"" good, the money distribution aims to compensate the others fairly.
    * Person 2 receives slightly more money than Person 3 as they have the highest individual valuation for a good (36 for Good B).
    * Person 3, while receiving the least ""valued"" good, gets the largest monetary compensation to offset this.

**Why this is potentially agreeable:**

* **Transparency:** The reasoning is clear and based on the provided valuations, making it easier for everyone to understand the logic.
* **No ""Losers"":** Everyone receives something they value, and no one is left feeling like they were significantly disadvantaged. 
* **Money as a Balancing Tool:** The money allows for flexibility in addressing the differences in individual good valuations, making the overall allocation fairer.

**Important Note:** This is just one possible fair allocation. Different people may have different ideas about fairness. Open communication and a willingness to understand each other's perspectives are crucial for reaching a mutually agreeable outcome. 
",0,You,2,3,2,3,4
29,"Here's a possible allocation that takes into account fairness and the likelihood of agreement:

**Allocation:**

* **You:** Good A + 2 units of money
* **Person 2:** Good B + 4 units of money
* **Person 3:** Good C + 3 units of money

**Reasoning:**

* **Maximizing Overall Value:** This allocation prioritizes giving each person the good they value most, maximizing the total ""happiness"" or utility derived from the goods. 
    * You clearly value Good A the most (53).
    * Person 2 values Good B the most (36).
    * Person 3, while not having a high value for Good C, values it the most out of the three options (25).
* **Fairness Through Compensation:** Since you receive the highest-valued good, the money allocation compensates the others:
    * Person 2 receives the most money (4 units) as compensation for not getting Good A, which they value second-highest.
    * Person 3 receives a decent amount (3 units) to acknowledge that Good C isn't as highly valued by them compared to the other goods. 

**Why This Could Be Acceptable:**

* **Transparency:**  By explaining this reasoning, everyone understands the logic and how fairness is addressed.
* **No ""Losers"":** Everyone receives something they value. No one is left only with money and no goods.
* **Potential for Agreement:** While individual preferences always exist, this proposal offers a strong starting point for discussion and potential agreement. 

**Important Considerations:**

* **Negotiation:** This is just a proposal. The other participants might have different ideas about fairness, leading to further negotiation and potential adjustments to the allocation.
* **Definition of Fairness:**  Fairness is subjective. This proposal focuses on a combination of maximizing overall utility and compensating for unequal good distribution. Other fairness concepts (e.g., egalitarian, need-based) could lead to different allocations. 
",0,You,2,3,2,4,3
30,"Here's a proposed allocation that considers fairness and the likelihood of acceptance by all:

**Allocation:**

* **You receive:** Good A 
* **Person 2 receives:** Good B and 2 units of money.
* **Person 3 receives:** Good C and 7 units of money.

**Justification:**

* **Maximizing Overall Value:** This allocation prioritizes giving each person the good they value most, maximizing the total perceived value across the group:
    * You clearly value Good A the highest (53).
    * Person 2 values Good B (36) significantly more than the others.
    * While Person 3 has the highest value for Good A after you, they still value Good C (25) more than Person 2 does.
* **Fair Compensation:** Since Person 3 doesn't get their most preferred good (Good A), they are compensated with a larger share of the money (7 units). This is fair considering they had the second-highest valuation for Good A.
* **Likelihood of Agreement:** This proposal is likely to be acceptable to everyone:
    * You get your top choice.
    * Person 2 gets their top choice and some additional value.
    * Person 3 might be disappointed not getting Good A, but the significant monetary compensation makes it a reasonable compromise.

**Why this is fairer than other approaches:**

* **Purely equal division of money:** This wouldn't reflect the different values each person places on the goods. 
* **Giving all goods and money to the person with the highest total valuation:**  This ignores the preferences of others and could be perceived as deeply unfair.

**Important Note:** Fairness is subjective. While this proposal aims for a balance, open communication and a willingness to understand each other's perspectives are crucial for any allocation to be truly accepted as fair by all parties involved. 
",0,You,2,3,0,2,7
31,"Here's a possible allocation based on a combination of maximizing value and fairness:

**Allocation:**

* **You:** Receive Good A and 2 units of money.
* **Person 2:** Receives Good B and 3 units of money.
* **Person 3:** Receives Good C and 4 units of money.

**Reasoning:**

* **Maximize Overall Value:** This allocation prioritizes giving each person the good they value most:
    * You clearly value Good A the highest (53).
    * Person 2 values Good B most (36).
    * Person 3 values Good A slightly more than Good C, but you value Good A significantly more. Giving Person 3 Good C and some money compensates for not getting Good A. 
* **Fairness through Compensation:** While the goods are distributed based on individual preferences, the money allocation ensures a degree of fairness:
    * You receive slightly less money because you get your top-valued good.
    * Person 3 receives the most money to compensate for not receiving their most preferred good. 

**Why this is likely acceptable:**

* **Everyone Gets Something:**  Each person receives something they value, whether it's their preferred good or a monetary equivalent.
* **Transparency:** This proposal is easy to understand and the reasoning is clear. This fosters trust and makes it more likely for others to agree.
* **No One is Significantly Worse Off:** While someone might have preferred a different good, the monetary compensation helps offset any potential disappointment.

**Important Note:** Fairness is subjective.  Other allocations could be argued as fair.  The key is to have a clear rationale for your choices and to be able to explain how your proposal benefits everyone involved. 
",0,You,2,3,2,3,4
32,"Here's a possible allocation that aims for fairness and justification for the choices:

**Proposed Allocation:**

* **You:**  Good A, 2 units of money
* **Person 2:** Good B, 4 units of money
* **Person 3:** Good C, 3 units of money

**Justification:**

* **Prioritizing High Value:** Each person receives the good they value most highly, maximizing overall satisfaction:
    * You clearly value Good A the most (53).
    * Person 2 values Good B most (36).
    * Person 3 values Good A most (44), but you value it even more.  Giving them Good C (25) is their next best option. 

* **Fair Compensation:** Since you receive the highest-valued good, the money allocation aims to compensate the others:
    * Person 2 receives the most money (4 units) as the difference between their top choice (Good B) and their allocated good (Good C) is the largest.
    * Person 3 receives a moderate amount (3 units) as compensation for not getting their top choice.
    * You receive a small amount (2 units) to acknowledge that while you got your top choice, it was significantly more valuable to you than the other goods were to others.

**Why this approach aims for fairness:**

* **Envy-Freeness (as much as possible):** The goal is that no one would prefer another person's allocation over their own. This is difficult to achieve perfectly, but the money allocation tries to mitigate envy.
* **Pareto Efficiency:**  No one can be made better off without making someone else worse off.  Everyone gets something they value.

**Important Considerations:**

* **Subjectivity:** Fairness is subjective.  Different people might have different ideas of what a fair allocation looks like. 
* **Communication:**  In a real-world scenario, open communication with Person 2 and Person 3 would be essential to understand their preferences and potentially adjust the allocation for greater mutual agreement.

This proposed allocation aims to balance individual preferences with a fair distribution of resources, using money to compensate for differences in subjective value. 
",0,You,2,3,2,4,3
33,"Here's a proposed allocation that aims for fairness and considers the preferences of all individuals:

**Allocation:**

* **You:** Good A + 4 units of money
* **Person 2:** Good B + 3 units of money
* **Person 3:** Good C + 2 units of money

**Reasoning:**

* **Maximizing Overall Value:** This allocation prioritizes giving each person the good they value most, maximizing the overall perceived benefit across the group.
    * You clearly value Good A the highest (53).
    * Person 2 values Good B most (36).
    * Person 3 values Good C most, although their valuations are closer together (29, 30, 25).
* **Fairness through Monetary Compensation:** To address the disparity in individual good values and ensure fairness, the money is distributed as follows:
    * You receive the highest monetary amount (4 units) as compensation for receiving the good with the overall highest value, even though your valuation for Good A is significantly higher than the others' valuations for their respective goods.
    * Person 2 receives 3 units, reflecting a balance between receiving a good they highly value and acknowledging that Good A has a higher overall top value.
    * Person 3 receives 2 units, as they receive a good they value most, but it has a lower overall top value compared to the other goods.

**Why this might be acceptable to everyone:**

* **Transparency:** The reasoning behind the allocation is clear and based on the stated valuations.
* **No ""Losers"":**  Everyone receives something they value. No one walks away empty-handed or feels like their preferences were entirely ignored.
* **Monetary Balance:** The money distribution helps offset any feelings of unfairness arising from the initial difference in the goods' values.

**Important Note:**  Fairness is subjective.  While this allocation aims to be as fair as possible, different people might prioritize different aspects (e.g., equality of outcome vs. maximizing total value).  A discussion among the participants would be crucial to reach a truly agreeable solution. 
",0,You,2,3,4,3,2
34,"Here's a possible allocation based on a combination of maximizing overall value and ensuring a degree of fairness:

**Proposed Allocation:**

* **You:** Good A + 2 units of money 
* **Person 2:** Good B + 3 units of money
* **Person 3:** Good C + 4 units of money

**Rationale and Fairness Considerations:**

* **Maximizing Value:** This allocation prioritizes giving each person the good they value most:
    * You clearly value Good A the highest (53).
    * Person 2 values Good B most (36).
    * Person 3, while not having a high value for Good C, values it the most out of the three options. 
* **Fairness through Compensation:** To address the disparity in value and ensure everyone feels the allocation is fair:
    * You receive some monetary compensation since your value for Good A (53) is significantly higher than the next highest valuation (Person 3 at 44).
    * Person 3 receives the highest monetary compensation to make up for receiving the good they value the least out of all the options.
* **Transparency and Negotiation:** This proposal is meant to be a starting point for discussion. Openly communicating the rationale and being willing to negotiate adjustments based on the others' perspectives is key to reaching a mutually agreeable outcome.

**Important Note:** Fairness is subjective.  While this allocation aims for a balance, the other participants might have different ideas about what's fair. Open communication is crucial in this scenario. 
",0,You,2,3,2,3,4
35,"Here's a possible allocation based on a combination of maximizing overall value and ensuring everyone feels they get something worthwhile:

**Proposed Allocation:**

* **You:** Good A + 2 units of money
* **Person 2:** Good B + 3 units of money
* **Person 3:** Good C + 4 units of money

**Reasoning and Fairness Considerations:**

* **Maximizing Value:** This allocation prioritizes giving each person the good they value most:
    * You clearly value Good A the highest (53).
    * Person 2 values Good B most (36).
    * Person 3, while valuing Good A somewhat, gets a decent value from Good C (25) plus the largest monetary compensation.
* **Fair Compensation:** While some goods have higher inherent value, the money helps balance the scales:
    * You get the most ""valuable"" good but receive a smaller monetary amount.
    * Person 3, getting the ""least valuable"" good objectively, receives the most money to compensate.
    * Person 2 falls in the middle on both counts.
* **Transparency and Negotiation:** This proposal is presented with the understanding that all parties can discuss and adjust it.  Perhaps Person 3 would prefer Good A and is willing to take less money - that's part of the fairness negotiation.

**Important Notes:**

* **Fairness is Subjective:** There's no single ""right"" answer. This proposal aims for a balance that seems reasonable given the information.
* **Communication is Key:**  The success of any allocation relies on open communication between you, Person 2, and Person 3. 
",0,You,2,3,2,3,4
36,"Here's a proposed allocation that aims for fairness and considers the preferences of all participants:

**Allocation:**

* **You:** Receive Good A and 2 units of money.
* **Person 2:** Receives Good B and 3 units of money.
* **Person 3:** Receives Good C and 4 units of money.

**Justification:**

* **Maximizes Overall Value:** This allocation prioritizes giving each person the good they value most, maximizing the overall perceived benefit:
    * You clearly value Good A the highest (53).
    * Person 2 values Good B the highest (36).
    * Person 3 values Good A almost as much as you do (44), but you value it more. Giving Person 3 Good C (their least disliked good) and a larger share of the money seems like a fair compromise.
* **Money as Compensation:** The money allocation acknowledges that some individuals are not receiving their top-choice good:
    * You receive a small amount of money since Good A is your top preference and significantly more valuable to you than the other goods.
    * Person 2 receives a moderate amount of money as compensation for not getting Good A, which they value second-highest.
    * Person 3 receives the largest amount of money to compensate for getting their least preferred good (though they still get a good they value more than the money). 

**Why this is likely acceptable:**

* **Transparency:** The reasoning behind this allocation is clear and justifiable based on the stated values. 
* **No ""Losers"":**  Everyone receives something they value, and no one feels like they were given something completely undesirable. 
* **Compromise:** It recognizes that in any allocation with limited resources, perfect satisfaction for all is unlikely.

**Important Note:**  Fairness is subjective. While this proposal attempts a balanced approach, other individuals might have different ideas about what constitutes a fair allocation.  Open communication and a willingness to understand different perspectives are crucial in reaching a mutually agreeable outcome. 
",0,You,2,3,2,3,4
37,"Here's a possible allocation based on a combination of maximizing overall value and ensuring fairness:

**Proposed Allocation:**

* **You:** Good A, 2 units of money
* **Person 2:** Good B, 3 units of money
* **Person 3:** Good C, 4 units of money

**Justification:**

* **Maximize Total Value:**  This allocation prioritizes giving each good to the person who values it most, thereby maximizing the overall ""happiness"" or utility derived from the goods.
    * You value Good A the most (53).
    * Person 2 values Good B the most (36).
    * Person 3 values Good C the most (25), though it's significantly lower than the other two.

* **Fairness through Compensation:** Recognizing that Person 3 receives the ""least desirable"" good, the money allocation compensates:
    * You receive a small amount of money (2 units) to acknowledge that while you get your top choice, others don't.
    * Person 2 receives a moderate amount (3 units).
    * Person 3 receives the largest share of the money (4 units) to offset the lower value they place on Good C.

**Why this allocation might be considered fair and agreeable:**

* **Transparency:**  The reasoning behind the allocation is clear and based on the provided values.
* **No One Loses Significantly:** While not everyone gets their absolute top choice, everyone receives something they value, and no one feels dramatically shortchanged.
* **Money as a Balancing Tool:** The money allows for flexibility in addressing the difference in the inherent value of the goods to different people.

**Important Note:**  Fairness is subjective. Other individuals might prioritize different aspects or have varying ideas about the monetary compensation needed to offset receiving a less preferred good. This proposal aims for a balance that could lead to a consensus. 
",0,You,2,3,2,3,4
38,"Here's my proposed allocation and why I consider it fair:

**Allocation:**

* **You:** Good A, 2 units of money
* **Person 2:** Good B, 4 units of money
* **Person 3:** Good C, 3 units of money

**Reasoning:**

This allocation prioritizes **maximizing overall happiness (utility)** while striving for a sense of **equity and transparency**. Here's a breakdown:

* **Good Allocation Based on Individual Preferences:**
    * **You** value Good A the most (53), significantly more than your value for Good B (3) or even Good C (44). Receiving Good A gives you the most satisfaction. 
    * **Person 2** values Good B (36) most highly.
    * **Person 3** values Good C (25) the most, even though it's not a huge difference compared to their valuation of Good A.

* **Fairness Through Monetary Compensation:**
    *  While the goods are allocated based on preference, there's a disparity in the perceived value of the goods received. To address this, money is used to compensate and level the playing field. 
    * You receive 2 units of money since Good A has a much higher value to you compared to the other goods.
    * Person 2 receives the most money (4 units) since their most preferred good (Good B) has a relatively lower overall value compared to Good A.
    * Person 3 receives 3 units of money, striking a balance as their most preferred good's value falls in between Good A and Good B.

**Why This Could Be Acceptable to Everyone:**

* **Transparency:**  The reasoning behind the allocation is clear and easy to understand.
* **No One Feels ""Cheated"":** Each person receives either their top-choice good or a combination of their second/third choice with fair monetary compensation.
* **Maximizes Overall Satisfaction:**  By giving everyone something they value, this allocation likely leads to the highest overall happiness within the group.

**Important Note:**  Fairness is subjective. While I believe this allocation is fair, others might have different ideas about what constitutes a fair distribution. This proposal is meant to start a conversation and find a solution agreeable to all parties involved. 
",0,You,2,3,2,4,3
39,"Here's a proposed allocation and my reasoning behind considering it fair:

**Allocation:**

* **You:** Good A, 2 units of money
* **Person 2:** Good B, 4 units of money
* **Person 3:** Good C, 3 units of money

**Reasoning:**

* **Maximizing Overall Value:** This allocation aims to give each person the good they value most while compensating others fairly. 
    * You get Good A (your highest value) and some money to compensate for not getting Good C.
    * Person 2 gets Good B (their highest value) and a significant monetary amount.
    * Person 3 gets Good C (which they value more than Good B) and a decent monetary amount.

* **Fairness Considerations:**
    * **Addressing Envy:** While you might slightly envy Person 2's monetary compensation, the allocation ensures no one envies another person's goods. This is a key element of fairness.
    * **Monetary Compensation:** The money is used to balance out the differences in value individuals place on the goods. For example, Person 2 receives more money as Good B is valued significantly lower by others. 

**Why this might be acceptable to others:**

* **Person 2:** They receive their top choice (Good B) and the highest monetary compensation, likely making them feel they got a good deal.
* **Person 3:** While they don't get their top choice, they receive the good they value second highest and a reasonable amount of money.

**Important Notes:**

* **Subjectivity:** Fairness is subjective. There might be other allocations considered fair depending on individual perspectives and priorities. 
* **Communication:**  Open communication and willingness to understand each other's preferences would be crucial in a real-world scenario to reach a mutually agreeable outcome.

Let me know your thoughts on this allocation!  Would you consider it fair?  What aspects would you change or prioritize differently? 
",0,You,2,3,2,4,3
40,"Here's a proposed allocation that I believe to be fair and potentially acceptable to everyone:

**Allocation:**

* **You:** Good A + 2 units of money 
* **Person 2:** Good B + 3 units of money
* **Person 3:** Good C + 4 units of money

**Reasoning:**

* **Maximizing Overall Value:** This allocation prioritizes giving each good to the person who values it most. 
    * You value Good A the highest (53).
    * Person 2 values Good B the highest (36).
    * Person 3 values Good C the highest (25), although it's closer to their valuation of Good B.

* **Fair Compensation:**  While the allocation aims to give everyone their most preferred good, it also acknowledges that others might have a significant value for those goods.  The money acts as compensation for not receiving a good they might have wanted:
    * You receive a small amount of money (2 units) as Good A was significantly more valuable to you than anyone else.
    * Person 2 receives slightly more (3 units) as Good A held value for them.
    * Person 3 receives the most money (4 units) to compensate for receiving their least preferred good and as recognition that their valuations for the goods were closer together overall.

**Why This Could Be Acceptable:**

* **Transparency:** The reasoning behind the allocation is clear and directly tied to the stated valuations.
* **No ""Losers"":** Everyone receives something they value, making it preferable to a scenario where someone gets nothing.
* **Potential for Agreement:**  While individual preferences might lead to desires for different splits of the money, this allocation provides a starting point for discussion and potential compromise. 

**Important Note:** Fairness is subjective.  Person 3, for instance, might argue for a larger share of the money since they didn't receive their most preferred good. This highlights the importance of open communication and potential negotiation in a fair allocation process. 
",0,You,2,3,2,3,4
41,"Here's a proposed allocation and my reasoning, aiming for fairness and acceptability:

**Allocation:**

* **You:** Good A, 2 units of money
* **Person 2:** Good B, 3 units of money
* **Person 3:** Good C, 4 units of money

**Reasoning:**

* **Maximizing Overall Value:** This allocation prioritizes giving each person the good they value most:
    * You clearly value Good A the highest (53).
    * Person 2 values Good B most (36).
    * Person 3 values Good C most, although their valuations are closer together. 
* **Fair Compensation:** While the goods are allocated based on preference, the money helps to even out the perceived ""wins"" and ensure everyone feels they received a fair deal:
    * You receive slightly less value from the good than your initial valuation, but the money compensates.
    * Person 2 receives their most valued item and a decent sum of money.
    * Person 3 receives their most valued item and the largest monetary compensation, acknowledging their valuations were lower overall.

**Why this is likely acceptable:**

* **Transparency:** I'd clearly explain my reasoning to Person 2 and Person 3, highlighting that the focus is on each person getting what they value most.
* **No ""Losers"":** Everyone receives something they value, and no one feels like their preferences were completely ignored.
* **Money as a Balancing Tool:** The money allocation isn't about perfectly matching the exact value differences, but rather providing a sense of fairness and acknowledging that subjective values are involved.

**Important Note:**  Fairness is subjective. While I believe this allocation is reasonable and defensible, Person 2 or Person 3 might have different ideas about what's fair. The key is open communication and a willingness to consider different perspectives. 
",0,You,2,3,2,3,4
42,"Here's a proposed allocation that I believe is fair and justifiable:

**Allocation:**

* **You:** Good A, 2 units of money
* **Person 2:** Good B, 3 units of money
* **Person 3:** Good C, 4 units of money

**Justification:**

* **Maximizes Overall Value:** This allocation prioritizes giving each good to the person who values it most. 
    * You value Good A the highest (53).
    * Person 2 values Good B the highest (36).
    * Person 3 values Good C the highest (29), though it's closer to Person 2's valuation.
* **Compensates with Money:** To address the differences in value and create a sense of fairness, money is used as compensation:
    * You receive a slight monetary compensation to acknowledge that your value for Good A (53) is significantly higher than the next highest valuation (44).
    * Person 3, who receives the good with the lowest overall value, gets the highest monetary compensation. 

**Why this is fair:**

* **No Envy:**  Ideally, in a fair allocation, no one would want to swap their assigned goods and money with anyone else. This allocation attempts to achieve that.
* **Transparency:** This proposal is clear about who gets what and why, making it easier for everyone to understand the reasoning.

**Important Considerations:**

* **Subjectivity of Value:**  While we use numerical values, it's important to remember that these represent personal preferences.  A discussion among the participants could reveal nuances not captured in the numbers.
* **Alternative Solutions:** There might be other fair allocations. For example, Person 2 and Person 3 might be willing to forgo some money to have Goods C and A respectively, even if they're not the ones who value them most highly.

**Communication is Key:**  The most crucial aspect is to present this proposal to Person 2 and Person 3, explain the reasoning, and be open to their feedback and potential adjustments. A truly fair solution comes from a collaborative process. 
",0,You,2,3,2,3,4
43,"Here's a possible allocation based on a combination of fairness principles and strategic thinking:

**Proposed Allocation:**

* **You receive:** Good A and 2 units of money.
* **Person 2 receives:** Good B and 3 units of money.
* **Person 3 receives:** Good C and 4 units of money.

**Reasoning:**

1. **Maximizing Overall Value (Efficiency):** This allocation prioritizes giving each good to the person who values it most:
    * You value Good A the highest (53).
    * Person 2 values Good B the highest (36).
    * Person 3 values Good C the highest (29). 

2. **Addressing Fairness (Equity):** While the goods are allocated based on individual preference, the money is distributed to address potential inequalities and increase the likelihood of agreement:
    * You receive slightly less money (2 units) than your good's value difference from the next highest valuation (53 - 44 = 9). This acknowledges that you are getting your top preference.
    * Person 2 receives a bit above the average money allocation (3 units). This compensates for not getting a good of significantly higher value to them than others.
    * Person 3 receives the most money (4 units), even though Good C has the lowest overall value. This recognizes they are getting a good less universally desired and provides a greater incentive for them to agree.

**Why this might be acceptable to others:**

* **Person 2:**  While they don't get Good A (their second highest preference), receiving Good B and 3 units of money means they gain something they value significantly plus some financial compensation.
* **Person 3:** Getting Good C isn't ideal, but the 4 units of money represent a substantial gain and might be more appealing than holding out for a slightly more preferred good.

**Important Notes:**

* **Subjectivity:** Fairness is subjective. Other allocations could be considered fair depending on your priorities (e.g., equal monetary distribution, prioritizing the person with the lowest overall value, etc.).
* **Negotiation:** This proposal is a starting point. Real-world allocation often involves discussion and compromise. 

Let me know what you think! Would you like to explore alternative allocations or discuss different fairness principles? 
",0,You,2,3,2,3,4
44,"Here's a proposed allocation that aims for fairness and considers the preferences of all involved:

**Allocation:**

* **You:** Good A, 2 units of money
* **Person 2:** Good B, 3 units of money
* **Person 3:** Good C, 4 units of money

**Justification:**

* **Maximizing Overall Value:**  This allocation prioritizes giving each person the good they value most, thereby maximizing the overall perceived ""utility"" of the goods.
* **Addressing Disparity:** While you receive the good you value most (Good A), you also get a smaller monetary amount to acknowledge that Person 2 and Person 3 have lower-valued goods. This helps to balance the perceived fairness.
* **Transparency and Simplicity:** This allocation is easy to understand and explain, making it more likely to be accepted by everyone involved. 

**Why this is fair:**

* **Needs and Wants:**  Each person gets something they value, even if it's not their absolute top choice. This recognizes that in any fair allocation, compromise might be necessary.
* **Equal Opportunity:** The money allocation helps to offset the differences in the inherent value of the goods. This contributes to a sense of equal opportunity, even though the goods themselves are not equally desirable.

**Important Considerations:**

* This allocation assumes that monetary value translates directly to satisfaction for each individual. In reality, personal preferences can be more complex. 
*  Open communication and a willingness to understand each other's perspectives would be crucial in a real-world scenario to ensure everyone feels the allocation is truly fair.

Let me know what Person 2 and Person 3 think! 
",0,You,2,3,2,3,4
45,"Here's a proposed allocation that aims for fairness and justification:

**Allocation:**

* **You:** Good A, 2 units of money
* **Person 2:** Good B, 4 units of money
* **Person 3:** Good C, 3 units of money

**Justification:**

* **Maximizing Overall Value:** This allocation prioritizes giving each person the good they value most, maximizing the total perceived value across the group.
    * You get Good A (your highest value).
    * Person 2 gets Good B (their highest value).
    * Person 3 gets Good C (their highest value, though relatively close to Good B).

* **Fairness through Compensation:**  While the goods are allocated based on highest individual value, money is used to compensate for not getting a preferred good. 
    * You receive a small monetary compensation as Good A is significantly more valuable to you than the other goods.
    * Person 2 receives a larger sum as compensation for not getting Good C (their second highest valued good).
    * Person 3 receives a moderate sum, acknowledging that while they got their preferred good, their valuations were closer together.

**Why this approach aims for acceptability:**

* **Transparency:**  The reasoning behind the allocation is clear and easy to understand for all participants.
* **Balance:** It attempts to strike a balance between individual preference (getting the most valued good) and overall fairness (using money to acknowledge differences in valuations).
* **No One Loses Significantly:** Everyone receives something they value, minimizing the chance of strong objections.

**Important Note:** Fairness is subjective. While this allocation aims for a balance, other individuals might have different perceptions of what's fair.  A discussion and potential adjustments based on everyone's feedback might be needed in a real-world scenario. 
",0,You,2,3,2,4,3
46,"Here's a proposed allocation and my reasoning, aiming for fairness and acceptability by all:

**Allocation:**

* **You:** Good A + 2 units of money
* **Person 2:** Good B + 3 units of money
* **Person 3:** Good C + 4 units of money

**Reasoning:**

* **Maximizing Overall Value:** This allocation prioritizes giving each good to the person who values it most, maximizing the overall perceived ""utility"" of the goods.
    * You clearly value Good A the highest.
    * Person 2 values Good B most.
    * Person 3, while not valuing Good C the highest, benefits most from it in this scenario.
* **Fair Compensation with Money:**  While the goods are allocated based on highest value, money is used to address potential feelings of unfairness:
    * You get Good A (your highest valued) but also receive money to compensate for not getting Good C, which you value highly. 
    * Person 2 gets their top choice (Good B) and a decent sum of money.
    * Person 3, while getting their lowest valued good, receives the highest monetary compensation, making this allocation potentially the most appealing to them.

**Why I think this is fair and agreeable:**

* **Transparency:**  The reasoning behind the allocation is clear and based on the provided valuations. 
* **No ""Losers"":**  Everyone receives something they value. Nobody is left with a good they don't want, and the money helps balance out any perceived disparity.
* **Potential for Agreement:** This proposal offers a good starting point for discussion. Person 3 might initially desire more money, but the logic of the allocation is sound and likely to find some agreement.

**Important Note:**  Fairness is subjective. There might be other allocations deemed fairer depending on individual perspectives and priorities. The key is open communication and a willingness to understand each other's viewpoints. 
",0,You,2,3,2,3,4
47,"Here's a proposed allocation that I believe is fair and justifiable:

**Allocation:**

* **You:** Receive Good A and 2 units of money.
* **Person 2:** Receive Good B and 3 units of money.
* **Person 3:** Receive Good C and 4 units of money.

**Justification:**

This allocation is based on a combination of maximizing overall value and ensuring a degree of fairness:

* **Maximizing Value:** Each person receives the good they value most:
    * You clearly value Good A the highest (53).
    * Person 2 values Good B the highest (36).
    * Person 3 values Good C the highest (25), although it's closer to their valuation of Good B.
* **Fairness through Compensation:** While the goods are allocated based on highest individual value, money is used to compensate for not getting a chance at other goods:
    * You receive a slight monetary compensation (2 units) as Good A significantly exceeds your next highest valued good.
    * Person 2 receives a moderate amount (3 units) as the value difference between Good B and Good A for them is smaller.
    * Person 3 receives the highest compensation (4 units) as they miss out on Good A (which they value quite highly) and have a smaller gap between their top two choices.

**Why this is likely acceptable:**

* **Each person gets something they value:** This reduces the chance of anyone feeling completely dissatisfied.
* **The monetary compensation is logical:** The amounts reflect the degree to which individuals might feel they ""lost out"" by not getting their preferred good. 
* **Transparency:**  Presenting this reasoning openly to Person 2 and Person 3 makes the logic behind the allocation clear and fosters trust.

**Important Considerations:**

* **Fairness is subjective:**  While I believe this is fair, others might have different ideas about what constitutes a fair allocation. Open communication is crucial.
* **Alternative allocations:** There could be other valid allocations depending on how much weight each person places on the different factors (e.g., maximizing total value vs. ensuring everyone gets their top choice).

This exercise highlights that even with a seemingly simple allocation problem, fairness can be complex and requires careful consideration of individual preferences and potential trade-offs. 
",0,You,2,3,2,3,4
48,"Here's a proposed allocation that aims for fairness and considers the values of each individual:

**Allocation:**

* **You:** Good A, 2 units of money
* **Person 2:** Good B, 3 units of money
* **Person 3:** Good C, 4 units of money

**Reasoning:**

* **Maximizing Overall Value:** This allocation prioritizes giving each good to the person who values it most, thereby maximizing the total perceived value across all participants. 
* **Fair Compensation:** While you receive the good you value most (Good A), you are also giving up the second most valuable good (Good C). To compensate for this and ensure fairness, you receive 2 units of money.
* **Addressing Individual Preferences:** Person 2 highly values Good B, and Person 3 slightly favors Good C. This allocation respects those preferences.
* **Balanced Monetary Distribution:** The money is distributed to ensure no one feels significantly disadvantaged. Person 3, receiving a good they value slightly less, gets the largest share of the money.

**Why this is a fair proposal:**

* **Transparency:**  The reasoning is clear and based on the provided valuations.
* **No Extreme Disparities:** No one receives significantly more value than others, promoting a sense of fairness. 
* **Potential for Agreement:**  While individual preferences can vary, this proposal offers a strong starting point for discussion and potential agreement, as it logically addresses the core needs and desires of each participant.

**Important Note:**  Fairness is subjective.  It's possible that other allocations could also be considered fair depending on the perspectives and priorities of the individuals involved. The key is open communication and a willingness to understand each other's viewpoints. 
",0,You,2,3,2,3,4
49,"Here's a proposed allocation that aims for fairness and considers the preferences of all individuals:

**Allocation:**

* **You receive:** Good A and 2 units of money.
* **Person 2 receives:** Good B and 3 units of money.
* **Person 3 receives:** Good C and 4 units of money.

**Justification:**

* **Maximizing Overall Value:** This allocation prioritizes giving each person the good they value most, maximizing the overall perceived benefit. 
    * You clearly value Good A the most (53).
    * Person 2 values Good B most (36).
    * Person 3 values Good A second-most (44), but since you value it much higher, Person 3 getting Good C (their second preference) with compensation is more reasonable. 

* **Fair Compensation:**  While you get your top preference, the money allocation compensates the others:
    * Person 2 gets slightly above their valuation of Good B (36 value vs. 33 units equivalent).
    * Person 3 gets significantly above their valuation of Good C (25 value vs. 29 units equivalent).

**Why This Is Likely Acceptable:**

* **Transparency:**  By openly explaining this reasoning, you build trust with Person 2 and Person 3.
* **Each Person Benefits:** Everyone receives something they value, rather than someone being left out.
* **No Extreme Disparity:** While you get your top choice, the money distribution prevents a feeling of you ""winning"" significantly more than the others.

**Important Considerations:**

* **Fairness is Subjective:** Different people have different ideas of fairness. This proposal focuses on a balance of preference satisfaction and monetary compensation. 
* **Communication is Key:**  Presenting this proposal and discussing any concerns Person 2 and 3 might have is crucial. Open dialogue can lead to adjustments for even greater mutual agreement. 
",0,You,2,3,2,3,4
50,"Here's a proposed allocation that I believe is fair and justifiable:

**Allocation:**

* **You:** Good A, 2 units of money
* **Person 2:** Good B, 3 units of money
* **Person 3:** Good C, 4 units of money

**Justification:**

* **Maximizing Overall Value:** This allocation prioritizes giving each person the good they value most, maximizing the overall perceived benefit:
    * I get Good A (my highest value)
    * Person 2 gets Good B (their highest value)
    * Person 3 gets Good C (their highest value)
* **Fair Compensation:** While I get my highest valued good, Person 2 and 3 receive monetary compensation to offset not receiving their top choices:
    * I receive 2 units of money, acknowledging that Good A has a significantly higher value for me than the other goods.
    * Person 2 receives 3 units of money, reflecting the close value they place on Good A and B.
    * Person 3 receives 4 units of money, as Good C is their least valued item among the three.
* **Transparency and Negotiation:** This proposal is presented with a clear rationale, allowing for open discussion. If Person 2 or 3 feels strongly about a different allocation, we can negotiate. For example, if Person 2 highly values Good A, we could explore options where they receive it in exchange for a larger share of the money.

**Important Note:**  Fairness is subjective. This proposal emphasizes a utilitarian approach (maximizing overall happiness) but incorporates elements of equity (compensation for not receiving top preferences). The key is open communication and a willingness to find a solution agreeable to everyone. 
",0,You,2,3,2,3,4
51,"Here's a proposed allocation and my reasoning for considering it fair:

**Allocation:**

* **You:** Good A, 2 units of money
* **Person 2:** Good B, 4 units of money
* **Person 3:** Good C, 3 units of money

**Reasoning:**

* **Prioritize High Value:** Each person receives the good they value most:
    * You value Good A highest (53).
    * Person 2 values Good B highest (36).
    * Person 3 values Good A highest (44), but you value it even more.  Giving them Good C (their second highest) is a reasonable compromise.

* **Compensate with Money:** Since the goods have significantly different values to each person, money is used to compensate for not getting one's top choice:
    * You receive a small amount of money as Good A is significantly more valuable to you than the other goods.
    * Person 2 receives a larger sum to compensate for not getting Good A, which they value second highest.
    * Person 3 receives a moderate sum as their valuation difference between Good A and Good C is smaller.

**Why this is fair:**

* **Envy-Freeness:** It's unlikely anyone would strongly prefer another person's allocation. Everyone gets either their top choice or a good combination of their second choice and money.
* **Pareto Efficiency:**  No one can be made better off without making someone else worse off.  The goods are allocated to those who value them most, and the money distribution reflects the relative differences in those valuations.
* **Transparency:** The reasoning behind this allocation is clear and easy to understand, promoting trust and acceptance among participants.

**Important Note:**  Fairness is subjective. Other allocations could be argued for based on different principles. This proposal aims for a balance of individual preference satisfaction and overall group benefit. 
",0,You,2,3,2,4,3
52,"Here's a proposed allocation that aims for fairness and justification for why it could be agreeable to all:

**Proposed Allocation**

* **You:**  Good A + 2 units of money
* **Person 2:** Good B + 4 units of money
* **Person 3:** Good C + 3 units of money

**Justification**

1. **Maximizing Overall Value:** This allocation prioritizes giving each person the good they value most, maximizing the overall perceived value:
    * You clearly value Good A the highest (53).
    * Person 2 values Good B the highest (36).
    * Person 3, while valuing Good A somewhat highly (44), gets a reasonable compromise with Good C (25) and the highest monetary compensation.

2. **Fair Compensation:** While you receive the good with the highest overall value, the money distribution compensates the others: 
    * Person 2 receives a good amount of money (4 units), exceeding their valuation of Good A and approaching their valuation of Good B. 
    * Person 3 receives a decent monetary amount (3 units) on top of getting a good.

3. **Transparency and Simplicity:** This proposal is easy to understand and the reasoning behind it is transparent. This can make it more agreeable to everyone involved.

**Why this could be acceptable to others:**

* **Person 2:**  They might prefer Good A, but getting Good B (which they value highly) plus a significant sum of money (almost the value of Good A for them) presents a strong alternative. 
* **Person 3:**  While Good A is desirable, the combination of Good C and a good monetary amount might be seen as fair compensation, especially since their valuation for Good C isn't drastically lower than their valuation for Good A.

**Important Considerations:**

* **Individual Preferences:** This proposal assumes a focus on maximizing individual value based on the given numbers.  Personal preferences beyond the provided values could influence opinions.
* **Negotiation:** This is just an initial proposal. Real-world scenarios might involve negotiation and compromise. 

Let me know your thoughts! Would you like to explore other allocation possibilities? 
",0,You,2,3,2,4,3
53,"Here's a proposed allocation that aims for fairness and considers the preferences of all involved:

**Allocation:**

* **You:** Good A + 2 units of money
* **Person 2:** Good B + 3 units of money
* **Person 3:** Good C + 4 units of money

**Justification:**

* **Maximizing Overall Value:** This allocation prioritizes giving each person the good they value most, maximizing the overall ""happiness"" or utility derived from the goods. 
    * You clearly value Good A the highest (53).
    * Person 2 values Good B most (36).
    * Person 3 values Good C most (25), though it's closer to their valuation of Good B.

* **Fairness through Compensation:**  Since you receive the highest-valued good, the money allocation compensates the others:
    * Person 3, getting their least valued good, receives the highest monetary compensation.
    * Person 2 receives a moderate amount, reflecting getting their preferred good but not the highest overall value.

**Why this is likely acceptable to others:**

* **Person 2:** Gains a good they value significantly more than you do, plus a decent monetary sum. It's unlikely they'd find a better deal in another allocation.
* **Person 3:** While receiving their least preferred good, the significant monetary compensation likely makes this arrangement worthwhile compared to getting a slightly more valued good with much less money.

**Important Considerations:**

* **Subjectivity of Fairness:**  Fairness is subjective. This proposal focuses on a combination of maximizing utility and providing monetary compensation for disparities in value received.
* **Communication is Key:**  In a real-world scenario, open communication about preferences and potential compromises would be essential to reach an agreement everyone finds acceptable. 
",0,You,2,3,2,3,4
54,"Here's my proposed allocation and why I consider it fair:

**Allocation:**

* **You:** Good A, 2 units of money
* **Person 2:** Good B, 4 units of money
* **Person 3:** Good C, 3 units of money

**Rationale:**

This allocation focuses on maximizing overall satisfaction and ensuring each person feels they received a fair deal:

* **Prioritizing Highest Value:** Each person receives the good they value most:
    * You clearly value Good A the highest (53).
    * Person 2 values Good B the highest (36).
    * Person 3 values Good A slightly more than Good C, but since you're receiving Good A, Person 3 gets their second highest valued Good C.
* **Monetary Compensation:** Since you're receiving the highest valued good, the money is distributed to compensate others:
    * Person 2 receives the most money (4 units) as their top-valued good (Good B) is significantly less valuable than your Good A.
    * Person 3 receives 3 units of money, reflecting the moderate value of Good C. 
* **Transparency and Negotiation:**  This proposal is presented as a starting point for discussion.  I'd explain my reasoning clearly to Person 2 and Person 3. Their feedback is crucial. If they can justify a different allocation that would make them feel more satisfied without significantly impacting others negatively, I'm open to adjustments. 

**Why this feels fair:**

* **No one feels ""left behind"":** Everyone gets something they value, either a desired good or reasonable monetary compensation.
* **Acknowledges Subjectivity:** While Good A has the highest overall value, this allocation recognizes that individual preferences are important.
* **Encourages Collaboration:** By starting with a clear proposal and being open to discussion, this fosters a sense of fairness and encourages everyone to work towards a mutually agreeable solution. 
",0,You,2,3,2,4,3
55,"Here's my proposed allocation and why I think it's fair:

**Allocation:**

* **You:** Good A, 2 units of money
* **Person 2:** Good B, 4 units of money
* **Person 3:** Good C, 3 units of money

**Reasoning:**

This allocation focuses on maximizing overall satisfaction while aiming for a sense of fairness and acknowledging individual preferences:

* **Maximizing Value:** Each person receives the good they value most:
    * You clearly value Good A the highest (53).
    * Person 2 values Good B the most (36).
    * Person 3 values Good C the most (25), and while it's not a huge difference compared to Good A for them, this allocation ensures everyone gets their top preference.
* **Monetary Compensation:**  To address the differences in value and potential feelings of being ""shortchanged,"" the money is distributed as follows:
    * You receive some monetary compensation since Good A is significantly more valuable to you than the other goods are to the other people. 
    * Person 2 receives the most money as Good B, while their top preference, has the lowest overall value among the three goods.
    * Person 3 receives a moderate amount, acknowledging that Good C has a middle-ground value.

**Why this is fair:**

* **Everyone Benefits:** Everyone receives something they value, and no one walks away empty-handed.
* **Transparency and Negotiation:**  This proposal is presented with a clear explanation of the rationale.  This opens the door for discussion. Perhaps Person 3 would forgo the extra unit of money to Person 2 if it meant getting Good A instead. This initial allocation provides a starting point for a potential agreement.

**Important Note:**  Fairness is subjective. While this allocation aims for a balance, other individuals might have different perceptions. The key is open communication and a willingness to understand each other's perspectives to reach a mutually agreeable outcome. 
",0,You,2,3,2,4,3
56,"Here's a possible allocation that considers fairness and the likelihood of agreement:

**Allocation:**

* **You:** Good A + 2 units of money
* **Person 2:** Good B + 3 units of money
* **Person 3:** Good C + 4 units of money

**Rationale:**

* **Maximizing Overall Value:** This allocation prioritizes giving each person the good they value most, maximizing the overall perceived value:
    * You clearly value Good A the highest (53).
    * Person 2 values Good B most (36).
    * Person 3 values Good C most, although not by much (25). 
* **Fair Compensation:**  Since you receive the highest-valued good, the money allocation compensates the others:
    * Person 3, getting their ""least favorite"" good, receives the highest monetary compensation.
    * Person 2 receives a moderate amount of money.
* **Transparency and Simplicity:**  This allocation is easy to understand and explain, making it more likely for everyone to agree. 

**Why this is likely acceptable:**

* **Everyone Gets Something:**  No one walks away empty-handed. This is crucial for agreement.
* **Perceived Fairness:** While the monetary values aren't perfectly aligned with the difference in good values, they offer a reasonable attempt at compensation. 
* **No Extreme Disparities:**  No single person is excessively advantaged, making jealousy or feelings of unfairness less likely.

**Important Considerations:**

* **Subjectivity of Value:**  While the numbers provide a guideline, true ""fairness"" depends on how much each person *actually* values the goods and money.
* **Negotiation:** This allocation is a starting point. Realistically, a fair outcome likely involves some discussion and potential adjustments based on individual preferences. 
",0,You,2,3,2,3,4
57,"Here's a proposed allocation that I believe is fair and justifiable:

**Allocation:**

* **You:** Good A, 2 units of money
* **Person 2:** Good B, 4 units of money
* **Person 3:** Good C, 3 units of money

**Justification:**

* **Maximizing Overall Value:** This allocation prioritizes giving each person the good they value most, maximizing the overall ""happiness"" or utility derived from the goods:
    * You clearly value Good A the most (53).
    * Person 2 values Good B the most (36).
    * Person 3 values Good A the most (44), but you value it even more. Good C is their next highest, and nobody else values it as much.
* **Fair Compensation:** While I receive the highest-valued good (Good A), I also give up Good C, which I value significantly (44). To compensate for this, I receive 2 units of money.  This ensures that no one feels like they ""lost out"" in the allocation.
* **Money as a Balancing Tool:**  The money allocation helps address any remaining imbalances in perceived fairness:
    * Person 2 receives the most money (4 units) as compensation for not getting their second-highest valued good (Good C).
    * Person 3 receives 3 units of money, reflecting a balance between getting their second-choice good and some financial compensation.

**Why this proposal is likely acceptable to others:**

* **Transparency:** The reasoning behind this allocation is clear and easy to understand.
* **No ""Losers"":** Everyone receives something they value, and no one walks away empty-handed.
* **Reasonable Compensation:** The money allocation helps ensure that any perceived differences in the value received are addressed fairly.

**Important Note:** Fairness is subjective. While I believe this is a strong proposal, other valid allocations exist depending on how one prioritizes different aspects of fairness. Open communication and a willingness to understand each other's perspectives are crucial in reaching a mutually agreeable outcome. 
",0,You,2,3,2,4,3
58,"Here's a proposed allocation and my reasoning, aiming for fairness and acceptability:

**Allocation:**

* **You:** Good A, 4 units of money
* **Person 2:** Good B, 3 units of money
* **Person 3:** Good C, 2 units of money

**Reasoning:**

* **Maximize Overall Value:**  The allocation prioritizes giving each person the good they value most, maximizing the collective ""happiness"" or utility derived from the goods. 
    * You clearly value Good A the highest (53).
    * Person 2 values Good B most (36).
    * Person 3 values Good C most, though not as strongly (25).

* **Fair Compensation:** While the goods are allocated based on preference, money is used to offset any potential feeling of being ""shortchanged.""
    * You receive money to compensate for not getting Good C, which you value second-highest.
    * Person 2 and 3 receive money as their top-valued goods are significantly less ""worth"" to them than your Good A is to you. 

* **Transparency and Negotiation:** This proposal is presented as a starting point. Open communication with Person 2 and Person 3 is crucial:
    * They might value the money differently.
    * They might have strong preferences I haven't considered.

**Why This is (Arguably) Fair:**

* **Procedural Fairness:**  The process is transparent and aims to maximize benefit while acknowledging individual preferences.
* **Envy-Freeness:** It's unlikely anyone would strongly prefer another person's allocation over their own.
* **Negotiation:** The money allocation allows for flexibility and potential adjustments to reach a consensus everyone finds acceptable. 

**Important Note:** Fairness is subjective.  This proposal aims to balance individual desires with a sense of collective benefit. Open discussion is key to ensuring everyone feels the allocation is fair and agreeable. 
",0,You,2,3,4,3,2
59,"Here's a proposed allocation and my reasoning behind it, aiming for fairness and acceptability:

**Proposed Allocation:**

* **You:** Good A, 2 units of money
* **Person 2:** Good B, 3 units of money
* **Person 3:** Good C, 4 units of money

**Reasoning:**

**1. Maximizing Overall Value:**

* This allocation assigns each good to the person who values it most, maximizing the total perceived value:
    * You value Good A the most (53).
    * Person 2 values Good B the most (36).
    * Person 3 values Good C the most (29).

**2. Addressing Disparity with Money:**

* While the goods are allocated based on highest value, there's a significant difference in the monetary value each person gets from the initial allocation:
    * You: Receive a good worth 53.
    * Person 2: Receives a good worth 36.
    * Person 3: Receives a good worth 29.
* To address this, money is distributed to compensate:
    * Person 3 receives the most money (4 units) as they received the good with the lowest value.
    * Person 2 receives 3 units of money.
    * You receive 2 units of money.

**3.  Fair Negotiation and Acceptability:**

* This allocation provides a strong starting point for negotiation. It's transparently based on:
    * Each person getting the good they value most.
    * Monetary compensation to balance out any large differences in initial good value.
* This approach makes it more likely that everyone will find the proposal reasonable and be willing to agree.

**Important Considerations:**

* **Fairness is subjective:**  What one person considers fair, another might not. This proposal aims for a balance that acknowledges individual preferences and overall group benefit.
* **Communication is key:** Presenting this proposal with clear explanations of the reasoning behind it is crucial for gaining acceptance from Person 2 and Person 3. 
",0,You,2,3,2,3,4
60,"Here's a possible allocation based on maximizing overall satisfaction and ensuring everyone gets something they value:

**Allocation:**

* **You:** Good A (Value 53) + 2 units of money 
* **Person 2:** Good B (Value 36) + 3 units of money
* **Person 3:** Good C (Value 25) + 4 units of money

**Reasoning:**

* **Maximizing Value:**  This allocation prioritizes giving each person the good they value most highly:
    * You clearly value Good A the most.
    * Person 2 values Good B most highly.
    * Person 3, while valuing Good A, benefits more from the money compensation. 
* **Fairness through Compensation:** While you receive the highest-valued good, the money allocation balances things out:
    * Person 3, receiving the lowest-valued good, gets the most money to compensate.
    * Person 2 receives a good amount of money alongside a good they highly desire.
* **Transparency:** This proposal is clear and easy for everyone to understand how the goods and money are being divided.

**Why this is likely acceptable:**

* **Everyone Benefits:** No one walks away empty-handed, and everyone receives something they value.
* **No Extreme Disparity:**  The combination of goods and money aims to prevent one person from feeling significantly shortchanged.

**Important Considerations:**

* **Subjectivity of Fairness:**  Fairness is subjective. Other allocations could be argued for based on different principles (e.g., prioritizing the person with the lowest overall valuation).
* **Communication:** Open communication is key.  This proposal is a starting point for discussion.  The other participants might have different preferences or ideas, and compromise might be necessary to reach a consensus. 
",0,You,2,3,2,3,4
61,"Here's a possible allocation based on a combination of maximizing overall value and ensuring a sense of fairness:

**Allocation:**

* **You:**  Good A, 2 units of money
* **Person 2:** Good B, 3 units of money
* **Person 3:** Good C, 4 units of money

**Justification:**

* **Maximize Total Value:** This allocation prioritizes giving each good to the person who values it most. 
    * You value Good A the highest (53).
    * Person 2 values Good B the highest (36).
    * Person 3 values Good C the highest (29), but the difference in valuation between them and you is significant (44 vs 25).

* **Fair Compensation:** While you get the highest valued good, the money allocation helps balance things out.
    * You receive a small monetary compensation to acknowledge that your valuation of Good A was significantly higher than the next person.
    * Person 3, who received the good with the smallest difference in valuation, gets the highest monetary compensation. 

**Why this might be acceptable to others:**

* **Transparency:**  You can clearly explain your reasoning for the allocation, demonstrating that it's based on a logical approach rather than personal bias.
* **No One Loses Significantly:** While everyone might have preferred a different good, the monetary compensation helps offset any feelings of being ""shortchanged."" Everyone receives something of value to them.

**Important Considerations:**

* **Fairness is Subjective:**  Different people might have different ideas about what constitutes a fair allocation. This proposal aims for a balance between efficiency and a sense of equity.
* **Communication is Key:** Openly discussing the allocation with Person 2 and Person 3 is crucial. They might have perspectives or preferences you haven't considered. 

Let me know what you think! Would you like to explore other allocation possibilities? 
",0,You,2,3,2,3,4
62,"Here's a possible allocation based on a combination of fairness principles and strategic thinking:

**Allocation:**

* **You:** Good A, 2 units of money
* **Person 2:** Good B, 4 units of money
* **Person 3:** Good C, 3 units of money

**Reasoning:**

* **Maximizing Overall Value:** This allocation prioritizes giving each person the good they value most, thus maximizing the overall perceived value of the goods:
    * You clearly value Good A the highest (53).
    * Person 2 values Good B the highest (36).
    * Person 3 values Good A almost as much as Person 2, but Person 2 gets a slightly better deal overall with Good B and the money.
* **Fairness and Compensation:**  While you get your most preferred good, you also receive a smaller amount of money. This acknowledges that others also have preferences and deserve some form of compensation for not receiving their top choice:
    * Person 2, who doesn't get their highest valued good (Good A), receives the highest amount of money (4 units) as compensation.
    * Person 3 receives a moderate amount of money (3 units) which supplements their valuation of Good C.

**Why this might be acceptable to others:**

* **Person 2:** While they might prefer Good A, receiving their second-highest valued good (Good B) along with the highest monetary compensation (4 units) makes this a strong deal.
* **Person 3:** Although Good C is not their top choice, receiving 3 units of money might be seen as a fair compromise, especially since their valuations for the goods are relatively close. 

**Important Considerations:**

* **Subjectivity:**  Fairness is subjective. Different people might prioritize different principles (e.g., equal distribution, need-based allocation). 
* **Communication:**  Openly discussing preferences and priorities with Person 2 and Person 3 is crucial in a real-world scenario to reach a mutually agreeable outcome. This proposed allocation is a starting point for discussion. 

Let me know if you'd like to explore other allocation scenarios or fairness principles! 
",0,You,2,3,2,4,3
63,"Here's a proposed allocation that I believe is fair and justifiable:

**Allocation:**

* **You receive:** Good A and 2 units of money.
* **Person 2 receives:** Good B and 3 units of money.
* **Person 3 receives:** Good C and 4 units of money.

**Justification:**

* **Maximizing Overall Value:**  This allocation prioritizes giving each person the good they value most:
    * You clearly value Good A the highest (53).
    * Person 2 values Good B most (36).
    * Person 3 values Good A most (44), but you value it even more. Giving them Good C (their second highest value) and some money seems like a fair compromise. 

* **Monetary Compensation:** Recognizing that simply distributing the goods doesn't account for the varying degrees of value, the monetary allocation aims to balance things out:
    * You receive a small amount of money to acknowledge that while Good A is your highest valued, it's significantly more valuable to you than your second choice.
    * Person 2 receives a decent amount of money since they get their top choice, but it's not drastically more valuable than their other options.
    * Person 3 receives the most money to compensate for not getting their top choice and to make their overall package more appealing.

**Why I think it's acceptable to others:**

* **Transparency:** I'd clearly explain my reasoning for this allocation, emphasizing that my goal is fairness, not just maximizing my own gain.
* **No One Loses Out:** Everyone receives something they value: either their most preferred good or a combination of their second preference and monetary compensation. 
* **Open to Negotiation:** While this is my proposed starting point, I'm open to hearing their perspectives and adjusting the monetary distribution slightly if needed to reach a consensus. 

**Important Note:**  Fairness is subjective.  There might be other valid allocations depending on how one defines ""fair."" This proposal prioritizes a balance between allocating goods based on individual preferences and using money to address potential inequalities in perceived value. 
",0,You,2,3,2,3,4
64,"Here's a proposed allocation that aims for fairness and considers the preferences of all individuals:

**Allocation:**

* **You:** Good A, 2 units of money
* **Person 2:** Good B, 3 units of money
* **Person 3:** Good C, 4 units of money

**Justification:**

* **Maximizing Overall Value:** This allocation prioritizes giving each person the good they value most, maximizing the overall perceived benefit across the group. 
    * You clearly value Good A the highest.
    * Person 2 values Good B most.
    * Person 3 values Good C most, although their valuations are closer together.
* **Fair Compensation:** While you receive the highest valued good, the money allocation compensates the others fairly.
    * Person 3, who received the lowest valued good, gets the most money.
    * Person 2 receives a slightly lower amount of money as their preferred good is valued slightly higher than Person 3's.

**Why this is likely acceptable to others:**

* **Person 2:** Receives their top-valued good and a reasonable monetary amount. They might have preferred Good A, but the money likely compensates for the difference in their valuation.
* **Person 3:** While receiving their lowest valued good, they are compensated with the largest share of the money, potentially making up for the difference in value.

**Important Considerations:**

* This proposal assumes that individuals primarily value acquiring the goods and that the money serves as a fair compensation mechanism. 
* Individual risk tolerance and bargaining styles aren't factored in.  In a real-world scenario, these factors could influence the negotiation process.

**Communication is Key:**

When presenting this proposal, it's crucial to explain your reasoning clearly and emphasize the fairness aspects:

* ""I believe this allocation is fair because everyone gets the good they value most, and the money helps to balance out any differences in perceived value.""

By focusing on transparency and mutual benefit, you increase the chances of reaching an agreement that everyone finds acceptable. 
",0,You,2,3,2,3,4
65,"Here's a possible allocation that aims for fairness and considers the preferences of everyone involved:

**Allocation:**

* **You:**  Good A, 2 units of money
* **Person 2:** Good B, 3 units of money
* **Person 3:** Good C, 4 units of money

**Justification:**

* **Maximizes Overall Value:** This allocation assigns each good to the person who values it most, maximizing the total perceived value across the group.
* **Fair Compensation:** While you receive the highest-valued good (Good A), others are compensated with money. The monetary amounts are roughly proportional to the difference between their top-valued good and the good they receive:
    * Person 2: Values Good B at 36, receives Good B + 3 units (close in value to Good A).
    * Person 3: Values Good A at 44, receives Good C + 4 units (reasonably close to the value of Good A). 
* **Transparency and Simplicity:** This allocation is straightforward to understand and explain, potentially leading to easier agreement.

**Why this is fair:**

* **No one feels significantly shortchanged:** Everyone receives something they value, and the monetary compensation helps to balance out any perceived inequity.
* **Encourages future cooperation:**  By aiming for a mutually beneficial outcome, this allocation can foster trust and a willingness to participate in similar decision-making processes in the future.

**Important Considerations:**

* **Subjectivity of Fairness:** Fairness is subjective. While this allocation aims for a balance, other individuals might have different ideas about what constitutes a fair outcome.
* **Communication is Key:** Presenting this proposal with a clear explanation of the reasoning behind it is crucial for gaining the acceptance of Person 2 and Person 3. 

Let me know what you think! Would you like to explore other possible allocations and their implications? 
",0,You,2,3,2,3,4
66,"Here's a proposed allocation and my reasoning for fairness:

**Allocation:**

* **You:** Good A, 4 units of money
* **Person 2:** Good B 
* **Person 3:** Good C, 5 units of money

**Reasoning:**

* **Prioritize highest value:**  Each person receives the good they value most highly, maximizing overall satisfaction. 
    * You value Good A the most (53).
    * Person 2 values Good B the most (36).
    * Person 3 values Good A the most (44), but you value it even more. Giving them Good C (25) and money seems like a fair compromise.

* **Monetary Compensation:**  Money is used to offset any perceived imbalance in the initial allocation of goods.
    * You receive 4 units of money to compensate for not getting Good C (which you value at 44).
    * Person 3 receives 5 units of money as they received their least valued good, partially offsetting the difference in value between the goods.

**Why I believe this is fair and agreeable:**

* **Transparency:**  The reasoning behind the allocation is clear and based on individual preferences.
* **Balance:** While not perfectly equal in value received, the allocation attempts to distribute value fairly. Everyone gets something they value, and money is used to bridge the gaps.
* **Negotiation:** This proposal offers a starting point for discussion.  Participants can express concerns and potentially adjust the money allocation slightly if needed, keeping the overall distribution of goods the same.

**Important Considerations:**

* This solution prioritizes a utilitarian approach, aiming for the greatest overall satisfaction. Other notions of fairness (e.g., strict egalitarianism) might lead to different allocations. 
* The success of this proposal relies on open communication and a willingness to compromise among participants. 
",0,You,2,3,4,0,5
67,"Here's a proposed allocation and my reasoning behind it, aiming for fairness and acceptability by all:

**Proposed Allocation:**

* **You:** Good A, 2 units of money 
* **Person 2:** Good B, 3 units of money
* **Person 3:** Good C, 4 units of money

**Reasoning:**

1. **Maximize Overall Value:** This allocation prioritizes giving each person the good they value most:
    * You clearly value Good A the highest (53).
    * Person 2 values Good B the highest (36).
    * Person 3, while valuing Good A (44), gets a closer match in value with Good C (25) and a larger monetary compensation.

2. **Fair Compensation:**  While you receive the highest-valued good, the money allocation aims to balance the perceived ""loss"" for others:
    * You receive a small monetary supplement (2 units) to acknowledge that Good A surpasses the average value of the goods.
    * Person 2 receives a decent monetary amount (3 units) since their top-valued good wasn't dramatically higher than their valuation of other goods.
    * Person 3 receives the largest monetary compensation (4 units) to make up for receiving their least preferred good, even though the value difference is relatively small.

**Why this might be acceptable to others:**

* **Transparency:**  The reasoning is clear and demonstrates an attempt to be fair, not just self-serving.
* **No ""Losers"":**  Everyone receives something they value – a good they want or a reasonable monetary equivalent. 
* **Negotiation Potential:** This proposal provides a starting point for discussion. If someone feels strongly disadvantaged, the money allocation allows for adjustments.

**Important Considerations:**

* **Fairness is Subjective:** There's no single ""right"" answer. Other allocations might be perceived as fairer depending on the individuals' priorities.
* **Communication is Key:** Presenting this proposal with clear explanations and openness to feedback is crucial for achieving a mutually agreeable outcome. 
",0,You,2,3,2,3,4
68,"Here's a proposed allocation that aims for fairness and considers the preferences of all individuals:

**Allocation:**

* **You:** Good A, 2 units of money
* **Person 2:** Good B, 3 units of money
* **Person 3:** Good C, 4 units of money

**Justification:**

This allocation is based on a few key principles:

* **Maximizing Overall Value:**  Each person receives the good they value most:
    * You value Good A the highest (53).
    * Person 2 values Good B the highest (36).
    * Person 3 values Good C the highest (29), and it's closest to their valuation of Good A (44).
* **Compensating for Differences:** While you get your top-valued item, Person 2 and Person 3 receive monetary compensation to account for receiving goods that are slightly less valuable to them than their top choices. 
* **Fair Distribution of Money:** The money is distributed to help balance out the overall perceived value each person receives. Person 3 receives slightly more money as Good C was their least preferred option out of A and C.

**Why this might be acceptable to others:**

* **Person 2:** While they don't get Good A (their second preference), they receive Good B, which they value very closely to Good A. The additional 3 units of money further compensate them for the difference.
* **Person 3:**  Although Good C wasn't their first choice, receiving 4 units of money alongside it makes this a reasonable deal. The total value they gain (29 + 4) is closer to their valuation of Good A.

**Important Considerations:**

* **Subjectivity of Fairness:**  Fairness is subjective.  Different people might have different ideas about what a ""fair"" allocation looks like. This proposal prioritizes maximizing individual happiness with the assigned good while using money to bridge the value gaps.
* **Communication:** Open communication is key in a real-world scenario. Discussing preferences and potential compromises openly can lead to an even more agreeable outcome for everyone. 
",0,You,2,3,2,3,4
69,"Here's a proposed allocation that aims for fairness and considers the preferences of all participants:

**Allocation:**

* **You:** Receive Good A and 4 units of money.
* **Person 2:** Receive Good B and 3 units of money.
* **Person 3:** Receive Good C and 2 units of money.

**Justification:**

This allocation is based on a combination of maximizing overall value and ensuring a relatively even distribution of benefit:

* **Maximizing Value:** Each person receives the good they value most:
    * You clearly value Good A the highest (53).
    * Person 2 values Good B most (36).
    * Person 3 values Good A slightly more than Good C, but giving you Good A creates more overall value. 
* **Fair Distribution:** The money allocation helps balance out any perceived inequality:
    * While you get your top choice, Person 2 and Person 3 receive monetary compensation to make the deal more appealing. 
    * The money distribution (4-3-2) reflects the relative differences in the values each person assigned to the goods they received.

**Why this might be acceptable to everyone:**

* **You:** You receive your highest valued item and a significant portion of the money.
* **Person 2:**  They get their most valued item (Good B) and a decent sum of money, likely making them feel compensated for not getting Good A.
* **Person 3:**  While they don't get their top choice, Good C is still valuable to them, and the 2 units of money offer some additional benefit.

**Important Considerations:**

* **Subjectivity:** Fairness is subjective. This proposal prioritizes a balance between maximizing value and a relatively even distribution. Other individuals might prioritize different aspects of fairness.
* **Communication:**  Openly communicating the reasoning behind this allocation is crucial. Transparency can lead to greater acceptance, even if the outcome isn't perfectly aligned with everyone's initial preferences. 
",0,You,2,3,4,3,2
70,"Here's a proposed allocation that I believe is fair and justifiable:

**Allocation:**

* **You:**  Good A, 2 units of money
* **Person 2:** Good B, 4 units of money
* **Person 3:** Good C, 3 units of money

**Justification:**

This allocation aims to maximize overall satisfaction while addressing fairness concerns:

* **Maximize Value:** Each person receives the good they value most:
    * You clearly value Good A the highest (53).
    * Person 2 values Good B the most (36).
    * Person 3 values Good C the most, although not by a large margin (25).
* **Compensate with Money:** Since you receive the highest-valued good, the money allocation compensates the others:
    * Person 2 receives the most money (4 units) as Good B has a lower overall value compared to Good A.
    * Person 3 receives a moderate amount (3 units), reflecting the lower overall value of Good C. 

**Why I think this is fair and acceptable:**

* **Transparency:**  I've clearly explained my reasoning and how the allocation benefits everyone.
* **No One Loses Significantly:** While everyone might have preferred getting more, no one receives an allocation significantly below their individual highest valuations. 
* **Focus on Agreement:** By prioritizing a solution where everyone gets something they value, it increases the likelihood of all participants agreeing.

**Important Considerations:**

* This proposal assumes that individual valuations are accurate and honestly reported. 
* Fairness is subjective. Other allocations might be proposed with different justifications. The key is open communication and finding a solution acceptable to all. 
",0,You,2,3,2,4,3
71,"Here's a proposed allocation that aims for fairness and considers the preferences of all involved:

**Allocation:**

* **You:** Good A, 2 units of money
* **Person 2:** Good B, 3 units of money
* **Person 3:** Good C, 4 units of money

**Justification:**

* **Maximizing Overall Value:** This allocation prioritizes giving each person the good they value most, maximizing the overall perceived benefit across the group.
    * You clearly value Good A the highest (53).
    * Person 2 values Good B the highest (36).
    * Person 3 values Good C the highest, although with a smaller margin (25). 

* **Fairness Through Compensation:** Recognizing that you receive the highest-valued good, the money allocation aims to compensate the others fairly.
    * Person 3, receiving the lowest-valued good, gets the highest monetary compensation (4 units).
    * Person 2 receives a moderate amount (3 units), reflecting a good they value slightly less.
    * You receive a smaller amount (2 units), as you already have the good you value most.

**Why this proposal might be acceptable to others:**

* **Transparency:** The reasoning behind the allocation is clear and based on stated values.
* **Each Person Benefits:** Everyone receives something they value.
* **No Extreme Disparities:** While not perfectly equal in value, the allocation attempts to distribute benefits reasonably.

**Important Considerations:**

* **Subjectivity of Fairness:**  Fairness is subjective. Other allocations might be perceived as fair depending on individual perspectives.
* **Potential for Negotiation:** This proposal serves as a starting point for discussion. The others might have alternative proposals or preferences.  Open communication is key to reaching a mutually agreeable outcome. 
",0,You,2,3,2,3,4
72,"Here's my proposed allocation and why I think it's fair:

**Allocation:**

* **You:** Good A, 2 units of money
* **Person 2:** Good B, 4 units of money
* **Person 3:** Good C, 3 units of money

**Reasoning:**

* **Maximizing Overall Value:** This allocation prioritizes giving each person the good they value most highly, maximizing the overall ""happiness"" or utility derived from the goods. 
    * You clearly value Good A the most (53).
    * Person 2 values Good B most (36).
    * Person 3 values Good A slightly more (44) than Good C (25), but since you're getting Good A, Person 3 getting Good C is the next best outcome.

* **Fairness through Compensation:** While the goods are allocated based on individual preference, the money allows for compensation and a more even distribution of overall value:
    * You receive a good you value much higher than the others, but you also get a slightly smaller monetary amount.
    * Person 2 gets their top choice and a larger monetary compensation.
    * Person 3, while not getting their top preference, receives a reasonable monetary compensation to offset that.

**Why This Is Likely Acceptable:**

* **Transparency:**  I would clearly explain my reasoning for this allocation to Person 2 and Person 3. Transparency builds trust and encourages understanding.
* **Each Person Benefits:** Everyone receives something they value, whether it's their preferred good or a significant monetary amount. 
* **No One Feels ""Cheated"":**  While some might have preferred a different outcome, the allocation aims to avoid a situation where someone feels they received significantly less value than others.

**Important Note:** Fairness is subjective. While I believe this allocation is fair and has a high chance of being accepted, other individuals might have different priorities or perceptions of what constitutes a fair distribution. 
",0,You,2,3,2,4,3
73,"Here's a proposed allocation and my reasoning behind it, aiming for fairness and acceptability:

**Allocation:**

* **You:** Good A + 4 units of money
* **Person 2:** Good B + 3 units of money
* **Person 3:** Good C + 2 units of money

**Reasoning:**

* **Maximizing Overall Value:** This allocation prioritizes giving each person the good they value most, maximizing the total ""happiness"" or utility derived from the goods. 
    * You clearly value Good A the highest.
    * Person 2 values Good B most.
    * Person 3 values Good C most, though the difference in their valuations is less significant.
* **Fair Compensation:** Since you receive the good with the highest overall value (Good A), the money allocation compensates the others fairly. 
    * Person 2 receives a slightly higher amount of money since their top-valued good (B) is less valuable than your top-valued good (A).
    * Person 3 receives a slightly smaller amount of money as their top-valued good (C) has the lowest overall value. 

**Why I believe this is acceptable:**

* **Transparency:**  I would clearly explain my reasoning for this allocation to Person 2 and Person 3, emphasizing the focus on both individual satisfaction and fair compensation.
* **No ""Losers"":**  Everyone receives something they value. No one is left only with money when they would strongly prefer a good.
* **Potential for Agreement:** This proposal avoids extreme scenarios and aims for a balanced compromise, increasing the likelihood of agreement from all parties.

**Important Considerations:**

* **Subjectivity of Fairness:** Fairness is subjective.  Person 3 might argue for a larger share of the money since their top preference (Good C) has the lowest overall value. This allocation prioritizes happiness from the goods themselves first, then uses money for adjustments. 
* **Communication is Key:** Openly discussing preferences and potential compromises is crucial in reaching a mutually agreeable outcome. 
",0,You,2,3,4,3,2
74,"Here's a proposed allocation and explanation that aims for fairness:

**Proposed Allocation:**

* **You:** Good A, 2 units of money
* **Person 2:** Good B, 3 units of money
* **Person 3:** Good C, 4 units of money 

**Explanation and Justification:**

* **Prioritizing Highest Value:**  Each person receives the good they value most:
    * You value Good A the highest (53)
    * Person 2 values Good B the highest (36)
    * Person 3 values Good A the highest (44), but you value it even more, so Person 3 gets their second highest, Good C (25).
* **Fair Compensation:** While the goods are allocated based on highest individual value, money is used to offset potential feelings of unfairness: 
    * You get Good A (your highest valued) but receive a slightly lower monetary amount to acknowledge that others also placed some value on it.
    * Person 2 gets their highest valued good (Good B) and a decent monetary amount since their top value wasn't as high as yours or Person 3's for Good A.
    * Person 3 gets their second-highest valued good but is compensated with the largest share of the money since they missed out on their top preference.

**Why This Allocation Could Be Considered Fair:**

* **Maximizes Overall Satisfaction:**  Each person gets something they value, maximizing the overall perceived ""gain"" from the allocation.
* **Acknowledges Differing Values:** The money distribution recognizes that even though someone didn't get a particular good, they might still have valued it, and this ""loss"" is compensated for.
* **Transparency and Simplicity:** This allocation is easy to explain and understand, making it more likely to be accepted by all parties.

**Important Note:** Fairness is subjective. While this allocation aims for a balance, other individuals might have different ideas about what constitutes a fair outcome. Open communication and willingness to consider alternative perspectives are crucial in any real-world allocation scenario. 
",0,You,2,3,2,3,4
75,"Here's a possible allocation proposal and my reasoning behind considering it fair:

**Proposed Allocation:**

* **You:** Good A, 2 units of money
* **Person 2:** Good B, 3 units of money
* **Person 3:** Good C, 4 units of money

**Reasoning:**

* **Maximizing Overall Value:** This allocation prioritizes giving each person the good they value most, thus maximizing the total perceived value across the group. 
    * You clearly value Good A the highest (53).
    * Person 2 values Good B most (36).
    * Person 3 values Good C most (25), and while others value it higher, giving it to Person 3 makes sense when combined with monetary compensation. 

* **Fair Compensation:** While the goods are allocated based on individual preference, the money aims to compensate for not getting a good someone else valued more highly. 
    * You receive a slight monetary bonus for not getting Good C, which you valued second highest.
    * Person 3 receives the highest monetary amount to compensate for getting a good others valued more, ensuring they still benefit from the allocation.

* **Transparency and Simplicity:** This proposal is easy to understand and explain to everyone involved, making the decision-making process transparent.

**Why this feels fair:**

This approach prioritizes both individual satisfaction (by allocating preferred goods) and overall group benefit (by maximizing total value and providing some level of compensation).  While there's no perfectly ""fair"" solution in subjective scenarios, this allocation attempts a balance by considering both individual preferences and a sense of equitable distribution.

**Important Note:** It's crucial to present this proposal to Person 2 and Person 3 and be open to their feedback. They might have different perceptions of fairness, and a collaborative discussion can lead to an even more agreeable solution. 
",0,You,2,3,2,3,4
76,"Here's a proposed allocation that I believe is fair and justifiable, along with the reasoning:

**Proposed Allocation:**

* **You:** Good A + 2 units of money
* **Person 2:** Good B + 3 units of money
* **Person 3:** Good C + 4 units of money

**Reasoning:**

* **Maximizing Overall Value:** This allocation aims to give each person the good they value most, thereby maximizing the total perceived value across all participants.
    * You clearly value Good A the highest.
    * Person 2 values Good B the highest.
    * Person 3 values Good C the highest (though their valuations are closer together). 
* **Addressing Disparity with Money:** While the goods are allocated based on highest individual value, the money is used to offset any potential feelings of unfairness.
    * You receive money to compensate for not getting a second highly valued good (Good C).
    * Person 3, who has the lowest overall valuations, receives the most money.
    * Person 2 receives a moderate amount of money, as their valuations fall between yours and Person 3's.

**Why This is Fair:**

* **Transparency:**  I would openly communicate this reasoning to Person 2 and Person 3. Transparency is key to building trust and reaching an agreement.
* **Negotiation:** I am open to discussing slight adjustments to the monetary allocations if either Person 2 or Person 3 have strong arguments for why the split feels unfair to them. 
* **No One Loses Substantially:** No one is forced to take a good they value very low, and the money helps to buffer any significant differences in perceived gains.

**Important Considerations:**

* **Subjectivity:**  Fairness is subjective. While I believe this is a strong starting point for a fair allocation, others may prioritize different factors. 
* **Communication is Key:** The success of this proposal relies on open and respectful communication with Person 2 and Person 3 to ensure everyone feels heard and considered. 
",0,You,2,3,2,3,4
77,"Here's a proposed allocation that aims for fairness and considers the preferences of all involved:

**Allocation:**

* **You:** Receive Good A and 1 unit of money.
* **Person 2:** Receives Good B and 3 units of money.
* **Person 3:** Receives Good C and 5 units of money.

**Justification:**

This allocation is based on a combination of maximizing overall value and addressing individual preferences:

* **Maximizing Value:**  Good A has the highest overall value (53 + 35 + 44 = 132). Allocating it to you, who values it the highest, maximizes its contribution to the group's overall satisfaction.
* **Addressing Preferences:**  
    * Person 2 values Good B the most, so they receive it.
    * Person 3 has a relatively low valuation for all goods but benefits significantly from monetary compensation.
* **Fairness through Compensation:**
    * While you receive the most ""valuable"" good, the money distribution provides compensation to the other participants. 
    * This aims to balance out any perceived inequality and increase the likelihood of everyone accepting the proposal.

**Why this is likely acceptable:**

* **You:** You receive your highest valued item, exceeding its value by 1 unit of money.
* **Person 2:**  They get their top preference (Good B) and a reasonable monetary compensation.
* **Person 3:** While not receiving their most preferred good, they are significantly compensated with the highest monetary amount, likely exceeding their perceived value of any single good.

**Important Note:** Fairness is subjective.  This allocation prioritizes a mix of value maximization and individual satisfaction. Different people might find different allocations fairer depending on their own values and priorities. 
",0,You,2,3,1,3,5
78,"Here's a proposed allocation that takes into account fairness and attempts to maximize overall satisfaction:

**Allocation:**

* **You:** Receive Good A and 2 units of money.
* **Person 2:** Receives Good B and 3 units of money.
* **Person 3:** Receives Good C and 4 units of money.

**Justification:**

* **Maximizing Value:** This allocation prioritizes giving each person the good they value most:
    * You clearly value Good A the highest (53).
    * Person 2 values Good B most (36).
    * Person 3 values Good A almost as much as you do, but getting them Good C and money is a close second-best option and leads to higher overall satisfaction. 

* **Fairness through Compensation:** While you get your top choice, Person 2 and Person 3 receive monetary compensation to offset not getting their most preferred good:
    * Person 2 gets a good deal – they value Good B only slightly more than Good A, but receive a significant amount of money.
    * Person 3, while not getting their top choice, receives a sizable portion of the money, making the deal more acceptable.

**Why this is likely acceptable:**

* **Transparency:** By openly explaining this reasoning, everyone understands the rationale behind the allocation.
* **No One Loses Significantly:** Everyone receives something they value, and no one feels drastically shortchanged. 
* **Money as a Balancing Tool:** The divisible nature of the money allows for a degree of flexibility and compromise that wouldn't be possible with indivisible goods alone.

**Important Note:** Fairness is subjective.  There might be other allocations that individuals find preferable depending on their own weighting of personal gain versus overall group benefit. However, this proposal aims for a balance that is justifiable and likely to garner agreement. 
",0,You,2,3,2,3,4
79,"Here's a proposed allocation that aims for fairness and might be agreeable to everyone:

**Allocation:**

* **You:** Good A + 2 units of money
* **Person 2:** Good B + 3 units of money
* **Person 3:** Good C + 4 units of money

**Rationale:**

* **Prioritizes highest individual value:** Each person receives the good they value most:
    * You value Good A the highest (53).
    * Person 2 values Good B the highest (36).
    * Person 3 values Good C the highest (29), and it's significantly closer to their valuation of Good A (44) compared to the other individuals.

* **Compensates with money:** Since you receive the most valuable good, monetary compensation is distributed to balance the perceived fairness. 
    * Person 3, who received the lowest-valued good, receives the most money.
    * Person 2 receives a moderate amount.

**Why This Might Be Acceptable:**

* **Transparency:** The reasoning behind the allocation is clear and based on the provided valuations. 
* **No ""losers"":**  Everyone receives something they value, and no one walks away empty-handed.
* **Money mitigates envy:** While someone might envy another person's good, the money helps bridge the gap in perceived value.

**Important Considerations:**

* This allocation assumes that individual monetary valuations are consistent.  A person might value 3 units of money less than the ""joy"" of getting a specific good.
* There could be alternative allocations that feel fairer depending on the individuals' priorities and how much they value money relative to the goods.

**Open Communication is Key:** 

The best approach is to present this allocation as a starting point and have an open discussion with Person 2 and Person 3. They might have different preferences or ideas about what constitutes a fair division. 
",0,You,2,3,2,3,4
80,"Here's a proposed allocation that aims for fairness and justification:

**Allocation:**

* **You receive:** Good A and 2 units of money.
* **Person 2 receives:** Good B and 3 units of money.
* **Person 3 receives:** Good C and 4 units of money.

**Justification:**

* **Maximizing Overall Value:** This allocation prioritizes giving each person the good they value most, thereby maximizing the total perceived value across the group. 
    * You clearly value Good A the most (53).
    * Person 2 values Good B the most (36).
    * Person 3 values Good A almost as much as Person 2, but since you value it even more highly, Person 3 getting Good C and money is a close second best for them (44 vs 25 + 4).

* **Fair Compensation:** While some individuals receive their top-valued good, the money allocation aims to compensate those who didn't:
    * You receive a small amount of money to acknowledge that your valuation of Good A was significantly higher than the next highest valuation.
    * Person 2 receives a moderate amount of money as compensation for not getting Good A. 
    * Person 3 receives the largest amount of money to compensate for getting their lowest-valued good, even though it was the ""best fit"" overall.

**Why this is fair:**

* **Transparency:**  This proposal is presented with clear reasoning, allowing everyone to understand the thought process.
* **No Envy:** Ideally, no one should feel envious of another person's allocation.  While you might prefer more money, the allocation reflects the relative values and aims to make everyone reasonably content. 
* **Compromise:**  In any fair allocation, compromise is necessary. Not everyone can get their absolute ideal outcome.

**Important Considerations:**

* **Individual Preferences:** This proposal assumes that individuals primarily care about getting the goods they value most and are reasonably satisfied with monetary compensation.  However, individual preferences can be complex, and further discussion might be needed to ensure everyone feels the allocation is fair. 

Let me know what you think, Person 2 and Person 3! I'm open to discussing adjustments to reach an even more agreeable outcome. 
",0,You,2,3,2,3,4
81,"Here's a proposed allocation that I believe is fair and justifiable:

**Allocation:**

* **You:**  Good A, 2 units of money
* **Person 2:** Good B, 3 units of money
* **Person 3:** Good C, 4 units of money

**Justification:**

* **Maximizes Overall Value:** This allocation prioritizes giving each good to the person who values it most. 
    * You value Good A the highest (53).
    * Person 2 values Good B the highest (36).
    * Person 3 values Good C the highest (29), though the difference in valuation between individuals is smaller for Good C.
* **Fair Compensation:** While I receive the highest valued good (Good A), the money allocation compensates the others fairly.
    * Person 2 receives 3 units of money, which is roughly equivalent to their valuation of Good C (which they might have received in a different allocation).
    * Person 3 receives 4 units of money. While their valuation for any single good isn't as high, this monetary compensation recognizes their overall interest in the goods.

**Why this is fair:**

* **Transparency:**  I'm clearly stating my valuation and the reasoning behind the proposed allocation.
* **Balance:** It balances individual benefit (getting the good we value most) with a sense of fairness (monetary compensation ensures no one feels significantly disadvantaged).
* **Potential for Agreement:** This proposal offers something valuable to everyone, increasing the likelihood of all parties agreeing. 

**Important Note:**  Fairness is subjective.  Other allocations could be considered fair depending on the chosen criteria.  Open communication and a willingness to understand each other's perspectives are crucial in reaching a mutually acceptable outcome. 
",0,You,2,3,2,3,4
82,"Here's a proposed allocation that aims for fairness and justification:

**Allocation:**

* **You:**  Good A, 2 units of money
* **Person 2:** Good B, 3 units of money
* **Person 3:** Good C, 4 units of money

**Justification:**

* **Maximize Overall Value:** This allocation prioritizes giving each person the good they value most, maximizing the total ""happiness"" or utility derived from the goods:
    * You clearly value Good A the highest (53).
    * Person 2 values Good B most (36).
    * Person 3, while valuing Good A somewhat, benefits most from the money allocation. 

* **Fairness Through Compensation:** While you receive the highest-valued good, the money allocation aims to compensate the others:
    * Person 2 receives their second-highest valued good (money at 3 units is like getting 36 in value for them).
    * Person 3, who doesn't get a highly valued good, receives the largest monetary compensation to offset this.

**Why This Could Be Acceptable:**

* **Transparency:** The reasoning behind the allocation is clear and based on the stated values.
* **No One Feels ""Cheated"":** Everyone receives something beneficial to them:
    * You get your top choice.
    * Person 2 gets a good deal with Good B and some money.
    * Person 3 is compensated well for not getting a preferred good.

**Important Considerations:**

* **Different Fairness Concepts:**  Fairness is subjective. Other allocations might prioritize equal value distribution or focus on the least well-off person. 
* **Negotiation:** In a real-world scenario, this initial proposal would likely lead to discussion and potential adjustments to reach a consensus.

**Let me know if you'd like to explore alternative allocation scenarios or discuss different fairness principles!** 
",0,You,2,3,2,3,4
83,"Here's a proposed allocation that I believe is fair and justifiable, along with the reasoning behind it:

**Allocation:**

* **You:** Good A, 2 units of money
* **Person 2:** Good B, 4 units of money
* **Person 3:** Good C, 3 units of money

**Reasoning:**

* **Prioritize Highest Value:**  Each person receives the good they value most highly:
    * You value Good A the most (53).
    * Person 2 values Good B the most (36).
    * Person 3 values Good A the most (44), but since you're getting Good A, they get their second highest, Good C (25).
* **Compensate with Money:**  To address the difference in value received and create a fairer outcome, money is allocated:
    * You receive 2 units of money, as Good A (53) is significantly more valuable than Good B (36) or Good C (44).
    * Person 2 receives the highest amount of money (4 units) as compensation for not getting Good A, which they value at 35. 
    * Person 3 receives 3 units of money, as the value difference between the goods is smaller.

**Why I believe this is fair:**

* **Maximizes Overall Value:** This allocation ensures that the goods go to the individuals who value them the most, maximizing the overall perceived value among the group.
* **Addresses Inequity with Money:** The money allocation aims to compensate for the differences in the value of the goods received, making the overall distribution fairer. 
* **Transparency and Justification:** By clearly outlining the reasoning, it becomes easier for all participants to understand and potentially agree to the proposed allocation.

**Important Notes:**

* **Subjectivity of Fairness:** Fairness is subjective. Other individuals might have different ideas about what constitutes a fair allocation in this scenario.
* **Negotiation and Compromise:**  The most important aspect is open communication. This proposal is a starting point for discussion.  All participants should be willing to negotiate and compromise to reach a mutually agreeable outcome. 
",0,You,2,3,2,4,3
84,"Here's a proposed allocation and my reasoning, aiming for fairness and acceptability:

**Allocation:**

* **You:** Good A + 2 units of money 
* **Person 2:** Good B + 3 units of money
* **Person 3:** Good C + 4 units of money

**Reasoning:**

* **Maximizing Overall Value:** This allocation prioritizes giving each person the good they value most, maximizing the total perceived value across the group.
    * You clearly value Good A highest.
    * Person 2 values Good B most.
    * Person 3 values Good C most, though it's closer to their valuation of Good A.
* **Fair Compensation:**  Since you receive the highest-valued good, the money allocation compensates the others.
    * Person 3, getting their least valued good, receives the most money.
    * Person 2 receives an intermediate amount of money.

**Why this might be considered fair and acceptable:**

* **Transparency:**  The reasoning is clear and directly relates to each person's stated values.
* **No ""Losers"":** Everyone gets something they value. No one is stuck with a good they don't want, and the money offers some flexibility.
* **Potential for Agreement:** While you benefit most directly from the good allocation, the money distribution could be seen as balancing that out. There's a reasonable chance others would agree to this to secure something they value.

**Important Considerations:**

* **Subjectivity of Fairness:** Fairness is subjective. Others might have different ideas about the ""fairest"" distribution. 
* **Negotiation:**  This proposal is a starting point for discussion.  The others might have counter-proposals, leading to a more mutually agreeable outcome. 

Let me know if you'd like to explore other allocation scenarios! 
",0,You,2,3,2,3,4
85,"Here's a proposed allocation and why I think it's fair:

**Allocation:**

* **You:** Good A, 2 units of money
* **Person 2:** Good B, 3 units of money
* **Person 3:** Good C, 4 units of money

**Justification:**

* **Maximizing Overall Value:** This allocation prioritizes giving each good to the person who values it most. 
    * You value Good A the highest (53).
    * Person 2 values Good B the highest (36).
    * Person 3 values Good C the highest, but only slightly (25) – this is where money allocation becomes important.

* **Fairness Through Compensation:** While Person 3 doesn't get a good they value exceptionally high, they receive the largest share of the money. This compensates for not getting their preferred good and acknowledges that their overall satisfaction might be lower compared to others.

* **Transparency and Negotiation:** I would openly present this proposal to Person 2 and Person 3 with the following points:
    * The focus is on getting each person their most valued good when possible.
    * The money is used to balance out any unfairness arising from the indivisible nature of the goods.
    * I'm open to discussing adjustments to the money allocation if they have strong arguments for it. 

**Why This Approach Over Purely Utilitarian:**

A purely utilitarian approach might simply sum up the values each person assigns to get the maximum total value. While efficient, it could lead to one person getting multiple goods while others get nothing, which feels inherently unfair. This proposal aims for a balance between maximizing value and ensuring everyone feels like they've received a reasonable share. 
",0,You,2,3,2,3,4
86,"Here's a proposed allocation and my reasoning, aiming for a solution that feels fair and considers everyone's preferences:

**Proposed Allocation:**

* **You:** Good A, 2 units of money
* **Person 2:** Good B, 3 units of money
* **Person 3:** Good C, 4 units of money

**Reasoning:**

1. **Maximizing Overall Value:** This allocation prioritizes giving each person the good they value most, maximizing the overall ""happiness"" or utility derived from the goods. 
    * You clearly value Good A the highest (53).
    * Person 2 values Good B most (36).
    * Person 3, while not having a high value for Good C (25), still values it more than the other two goods.

2. **Fair Compensation:** Since you receive the most valuable good, the money allocation helps to compensate the others and make the deal feel more equitable.

3. **Negotiation and Agreement:**  This allocation provides a starting point for discussion.  It's possible that Person 2 might be willing to accept slightly less money to ensure everyone gets something.  Open communication is key!

**Why This Feels Fairer Than Other Options:**

* **Equal Distribution (Everyone gets one good and 3 units of money):** While seemingly fair on the surface, this ignores the fact that the goods have vastly different values to each person. Someone would likely end up with a good they don't value very much.
* **Solely Value-Based (Giving all goods to those with the highest valuations and no money):** This would leave someone (Person 3 in this case) with nothing, which feels inherently unfair.

**Important Note:** Fairness is subjective.  The most important element is open communication with Person 2 and Person 3 to understand their perspectives and potentially reach a compromise everyone finds agreeable. 
",0,You,2,3,2,3,4
87,"Here's a possible allocation based on a combination of maximizing overall value and ensuring a degree of fairness:

**Proposed Allocation:**

* **You:** Good A, 2 units of money
* **Person 2:** Good B, 3 units of money
* **Person 3:** Good C, 4 units of money

**Justification:**

* **Maximizing Value:** This allocation prioritizes giving each person the good they value most:
    * You get Good A (your highest value).
    * Person 2 gets Good B (their highest value).
    * Person 3 gets Good C (while not their highest, it's close to Good B).

* **Fairness Considerations:**
    * While you receive the highest valued good, the monetary allocation helps balance things out. 
    * Person 3, while receiving their lowest valued good, gets compensated with the largest share of the money.
    * The money distribution (2-3-4) reflects, to some degree, the relative differences in the values each person places on the goods they didn't receive. 

**Why this might be acceptable to others:**

* **Person 2:** They get their top-valued good (Good B), which outweighs the potential appeal of the money you receive.  
* **Person 3:** While Good C is their least preferred, the 4 units of money offer significant compensation, potentially making this arrangement more appealing than receiving a different good but less money.

**Important Considerations:**

* This solution assumes that individuals primarily value getting the items they desire most. If individuals are highly motivated by money, the allocation might need adjustment.
* Open communication and a willingness to understand each other's perspectives are essential for any proposed allocation to be considered fair and agreeable by all parties. 
",0,You,2,3,2,3,4
88,"Here's a possible allocation proposal and my reasoning behind considering it fair:

**Proposed Allocation:**

* **You:** Good A, 2 units of money
* **Person 2:** Good B, 4 units of money
* **Person 3:** Good C, 3 units of money

**Reasoning:**

* **Maximizing Overall Value:** This allocation prioritizes giving each person the good they value most, thereby maximizing the overall perceived value of the goods. 
    * You clearly value Good A the highest (53).
    * Person 2 values Good B the highest (36).
    * Person 3 values Good A almost as much as you, but since you value it more, Person 3 getting Good C (25) and some money seems like a fair compromise.

* **Fair Compensation with Money:** While the goods are indivisible, the money allows for some flexibility in addressing potential inequalities in perceived value:
    * You receive Good A (which you value much higher than anyone else) but get a smaller amount of money.
    * Person 2 gets their top choice (Good B) and a larger sum of money to compensate for the fact that Good B has a lower overall value compared to Good A.
    * Person 3, getting their least valued item, receives a decent amount of money as compensation. 

**Why this feels fair:**

* **Transparency:** This proposal is easy to understand and the reasoning is clear.
* **Balance:** It aims to find a balance between individual preferences and overall group benefit.
* **Negotiation:** While this is my proposed starting point, I'm open to hearing the perspectives of Person 2 and Person 3. Perhaps they have different ideas about what constitutes a fair allocation, and we can negotiate from there. 

**Important Note:** Fairness is subjective.  This proposal aims to be a strong starting point for a discussion, not a final decree. 
",0,You,2,3,2,4,3
89,"Here's a proposed allocation that aims for fairness and considers the preferences of all individuals:

**Proposed Allocation**

* **You:** Receive Good A and 2 units of money.
* **Person 2:** Receives Good B and 3 units of money.
* **Person 3:** Receives Good C and 4 units of money.

**Justification**

* **Maximizing Overall Value:** This allocation prioritizes giving each person the good they value most, thereby maximizing the total perceived value:
    * You clearly value Good A the most (53).
    * Person 2 values Good B the most (36).
    * Person 3 values Good A almost twice as much as Good C, however, you value Good A more. They receive the second highest valued good by all three people (Good C).
* **Fairness Through Compensation:**  While you receive your top-valued good, Person 2 and Person 3 receive monetary compensation to offset not getting their top preference:
    * Person 2 receives 3 units of money which is close to their valuation of Good C (29) – the next best option for them. 
    * Person 3 receives 4 units of money as compensation for not receiving their first or second highest valued good.

**Why This Could Be Acceptable to Others**

* **Person 2:** While they don't get Good A, they receive a good they value highly (Good B) and a significant amount of money that almost makes up for the difference.
* **Person 3:** Although they don't get their top choices (Good A or Good B), they receive a reasonable amount of money (4 units) which provides some benefit and flexibility.

**Important Considerations**

* **Subjectivity of Fairness:** Fairness is subjective.  This proposal prioritizes a combination of value maximization and compensation, but other individuals might have different fairness criteria.
* **Communication:** Open communication is key. Discussing preferences and the reasoning behind this allocation can lead to better understanding and potentially even more agreeable outcomes.

Let me know your thoughts, and we can explore alternative allocations if needed! 
",0,You,2,3,2,3,4
90,"Here's a potential allocation proposal and an explanation of why it might be considered fair:

**Proposed Allocation:**

* **You:** Good A + 2 units of money
* **Person 2:** Good B + 3 units of money
* **Person 3:** Good C + 4 units of money

**Reasoning and Fairness Considerations:**

* **Maximize Overall Value:**  This allocation prioritizes giving each person the good they value most, maximizing the total perceived value across the group.
* **Compensating for Differences:** While Good A is the most ""valuable"" objectively, Person 2 and Person 3 receive money to compensate for not getting their top choice. 
* **Avoiding Extreme Disparity:** The money allocation (4 units, 3 units, 2 units) attempts to create a somewhat balanced distribution of resources, even though the initial good allocation isn't perfectly equal in value.

**Why This Might Be Acceptable:**

* **Transparency:**  You can clearly explain your reasoning to Person 2 and Person 3, emphasizing the attempt to maximize happiness and compensate for differences.
* **No ""Losers"":** Everyone receives something they value. Even though you get the ""best"" single good, others get a combination that might be close in overall value to them.
* **Negotiation:** This proposal could be a starting point for negotiation. Perhaps Person 2 would accept slightly less money if they felt the overall deal was fair.

**Important Considerations:**

* **Fairness is Subjective:**  What one person finds fair, another might not.  There's no guarantee everyone will agree, even with the most well-intentioned proposal.
* **Alternative Proposals:**  There are likely other allocations that could be considered fair. Exploring different options and being open to discussion is key.

**Communicating the Proposal:**

When presenting this allocation, focus on:

* **The reasoning:** Explain how you considered everyone's preferences.
* **The benefits:** Highlight what each person gains.
* **Openness to feedback:**  Be willing to adjust the proposal based on others' perspectives. 
",0,You,2,3,2,3,4
91,"Here's a proposed allocation that aims for fairness and considers the preferences of all individuals:

**Allocation:**

* **You:** Good A, 2 units of money
* **Person 2:** Good B, 4 units of money
* **Person 3:** Good C, 3 units of money

**Justification:**

* **Maximizing Overall Value:** This allocation prioritizes giving each person the good they value most, maximizing the overall perceived benefit. 
    * You get Good A (your highest value)
    * Person 2 gets Good B (their highest value)
    * Person 3 gets Good C (their highest value)

* **Fairness Through Compensation:** Since you receive the good with the highest overall value (Good A), the money allocation aims to compensate the others fairly.
    * Person 2 receives the most money (4 units) as Good B has a slightly lower value than Good A.
    * Person 3 receives 3 units of money, reflecting the lower relative value of Good C.

**Why This Might Be Acceptable to Others:**

* **Person 2:** While they don't get Good A, they receive Good B, which they value most highly. The 4 units of money offer substantial compensation, likely exceeding their perceived ""loss"" of not getting Good A.
* **Person 3:** Similar to Person 2, they receive their preferred good (Good C) and a reasonable monetary compensation that acknowledges the relative values of the goods.

**Important Considerations:**

* **Subjectivity of Fairness:** Fairness is subjective. While this allocation attempts to be fair, other perspectives exist. Open communication and willingness to understand each other's viewpoints are crucial in a real-world scenario.
* **Alternative Allocations:**  There might be other allocations perceived as fair. For instance, one could explore a system where goods are rotated between individuals over time.

**This proposed allocation aims to strike a balance between individual preferences and equitable compensation. The inclusion of money allows for flexibility in addressing the value differences between the goods, making the overall outcome fairer.** 
",0,You,2,3,2,4,3
92,"Here's my proposed allocation and why I believe it's fair:

**Allocation:**

* **You:** Good A, 2 units of money
* **Person 2:** Good B, 3 units of money
* **Person 3:** Good C, 4 units of money

**Reasoning:**

This allocation prioritizes **efficiency** and aims for a relatively **even distribution of value** while acknowledging individual preferences. Here's a breakdown:

* **Efficiency:** Each person receives the good they value most:
    * You value Good A the highest (53).
    * Person 2 values Good B the highest (36).
    * Person 3 values Good C the highest (29).
* **Value Distribution:** While we can't perfectly quantify ""fairness,"" this allocation attempts to distribute value fairly:
    * **You:** Receive your highest valued good (53 value) + 2 units of money.
    * **Person 2:** Receives their highest valued good (36 value) + 3 units of money. 
    * **Person 3:** Receives their highest valued good (29 value) + 4 units of money. 

**Why I think it's acceptable to others:**

* **Everyone gets something they want:**  No one walks away empty-handed, and everyone receives something they value.
* **Money compensates for differences:** While the goods' values vary, the money allocation helps bridge the gap and makes the overall distribution feel fairer.  

**Important Note:**  Fairness is subjective. Other allocations could be considered fair depending on the chosen fairness principle (e.g., maximizing total happiness, prioritizing the least well-off).  This proposal emphasizes efficiency and attempts a balanced distribution of value, making it a strong starting point for discussion and potential agreement. 
",0,You,2,3,2,3,4
93,"Here's a proposed allocation that aims for fairness and considers the preferences of all individuals:

**Allocation:**

* **You:** Good A, 2 units of money
* **Person 2:** Good B, 3 units of money
* **Person 3:** Good C, 4 units of money

**Justification:**

* **Maximizing Overall Value:** This allocation prioritizes giving each person the good they value most, maximizing the total perceived value across the group. 
* **Fair Compensation:** While you receive your highest valued good (Good A), you also acknowledge that Person 3 has a relatively high valuation for it too. To compensate, you propose receiving a smaller portion of the money. This recognizes that while you benefit most from Good A, others place value on it as well.
* **Addressing Disparity:** Good B and Good C have closer valuations between individuals.  The money allocation helps bridge the gap. For example, Person 2, receiving Good B, gets slightly more money as their valuation for Good A (which you received) is higher than Person 3's valuation for Good A.

**Why This Might Be Acceptable:**

* **Transparency:** The reasoning behind the allocation is clear and based on the provided valuations.
* **Balance:**  Everyone receives something they value, whether it's their top-choice good or a monetary equivalent to offset not getting it.
* **No Extreme Disadvantage:** No single person is drastically worse off in this scenario.

**Important Notes:**

* **Fairness is Subjective:**  Different people might find different allocations fairer. This proposal prioritizes a balance between individual preferences and overall group benefit.
* **Communication is Key:** Openly discussing the reasoning and being willing to adjust based on others' perspectives is crucial in a real-world scenario. 
",0,You,2,3,2,3,4
94,"Here's a proposed allocation that I believe is fair and justifiable:

**Allocation:**

* **You:** Good A, 2 units of money
* **Person 2:** Good B, 4 units of money
* **Person 3:** Good C, 3 units of money

**Justification:**

* **Prioritizes highest individual value:** Each person receives the good they value most highly: 
    * You value Good A the most (53).
    * Person 2 values Good B the most (36).
    * Person 3 values Good C the most (25).
* **Compensates for differences in value:** While this allocation prioritizes individual preference, it also acknowledges that the perceived values of the goods are not equal.  To balance this:
    * You receive Good A (which you value significantly higher than the others) but also get a smaller amount of money.
    * Person 2 receives a good they value slightly less but gets a larger share of the money to compensate. 
    * Person 3, while receiving their preferred good, gets a moderate amount of money as its perceived value is lower than the other two.

**Why this is likely acceptable to others:**

* **Everyone gets something they value:** No one walks away empty-handed or with a good they don't want.
* **Money compensation:** The money acts as a flexible way to address the differences in perceived value, making the overall deal seem fairer.

**Important Considerations:**

* **Fairness is subjective:**  This is just one interpretation of a fair outcome. Other allocations might be equally valid depending on how one defines fairness. 
* **Communication is key:**  In a real-world scenario, open discussion and negotiation with Person 2 and Person 3 would be crucial to reach a mutually agreeable outcome. This proposal provides a starting point for that conversation. 
",0,You,2,3,2,4,3
95,"Here's a proposed allocation that aims for fairness and considers the preferences of all participants:

**Allocation:**

* **You:** Good A, 2 units of money
* **Person 2:** Good B, 4 units of money
* **Person 3:** Good C, 3 units of money

**Justification:**

* **Maximizing Overall Value:** This allocation prioritizes giving each person the good they value most, maximizing the overall perceived value of the goods:
    * You clearly value Good A the highest (53).
    * Person 2 values Good B the highest (36).
    * Person 3 values Good A almost as much as Person 2, but Person 2 values Good B significantly more than anyone else. 

* **Fair Compensation:** Since you receive the most valuable good, allocating some money to the others helps balance the scales. The money distribution aims to be proportional to the value difference:
    * Person 2 receives the most money (4 units) because the value difference between Good A and their preferred Good B (36-35=1) is smaller than the difference for Good C.
    * Person 3 receives a slightly lower amount (3 units) as they had less of a strong preference for a different good.

**Why this allocation could be considered fair and agreeable:**

* **Transparency:** The reasoning behind the allocation is clear and based on the stated values.
* **No Extreme Disparity:**  No one is getting significantly ""more"" in terms of overall value received.
* **Potential for Agreement:** While you value Good A highly, it's unlikely the others would agree to an allocation where you receive it without any form of compensation. The money component increases the likelihood of their acceptance.

**Important Considerations:**

* This is just one possible fair allocation.  Other allocations might be justifiable depending on how you define ""fairness."" 
* Open communication with Person 2 and Person 3 is crucial to explain your reasoning and understand their perspectives.  They might have different ideas about what is fair, and a compromise might be necessary. 
 
Let me know what you think! Would you like to explore any alternative allocations? 
",0,You,2,3,2,4,3
96,"Here's a possible allocation based on a combination of fairness principles and aiming for agreement:

**Allocation:**

* **You:** Good A, 2 units of money
* **Person 2:** Good B, 3 units of money
* **Person 3:** Good C, 4 units of money

**Reasoning:**

This allocation uses a blend of maximizing overall value (efficiency) and ensuring each person feels they got a fair deal:

* **Efficiency:**  Good A goes to the person who values it most (You), Good B to Person 2, and Good C to Person 3. This maximizes the total perceived ""happiness"" from the goods themselves.
* **Addressing Perceived Fairness:**  Simply giving everyone the good they value most might *seem* fair, but it ignores the varying degrees by which they value those goods.  Here's where the money comes in:
    * You get Good A (which you value much higher than your other options), but you also receive a smaller monetary amount. This acknowledges that your gain from Good A is substantial.
    * Person 2 gets their most valued good (B) AND the second-highest monetary amount, compensating for the fact that others valued Good B less.
    * Person 3 gets a good they still value (though not their top choice) and the highest monetary compensation, balancing out that their assigned good wasn't as universally desired.

**Why This Might Be Acceptable:**

* **Transparency:**  You can explain your reasoning clearly, showing you've considered everyone's preferences.
* **No ""Losers"":** Everyone receives something they value. 
* **Money as a Leveler:**  While not perfect, money allows for finer-grained adjustments to perceived fairness than simply assigning indivisible goods.

**Important Considerations:**

* **This is subjective:** Fairness is in the eye of the beholder. Other allocations might be argued for convincingly.
* **Communication is key:** Presenting this with a clear explanation of your goals (efficiency, fairness, etc.) is crucial for getting buy-in. 
",0,You,2,3,2,3,4
97,"Here's my proposed allocation and why I think it's fair:

**Allocation:**

* **You:** Good A + 2 units of money
* **Person 2:** Good B + 4 units of money
* **Person 3:** Good C + 3 units of money

**Reasoning:**

This allocation focuses on maximizing overall happiness (or ""utility"") while also striving for a sense of balance:

* **Maximizing Value:** Each person receives the good they value most:
    * You clearly value Good A the highest (53).
    * Person 2 values Good B the most (36).
    * Person 3 values Good C the most (29).
* **Fair Compensation:** While you get the highest-valued good overall, the money distribution compensates the others:
    * Person 2 gets a good deal - their second-highest valued good (B) plus the most money, fairly compensating for not getting A.
    * Person 3, while getting their lowest valued good, receives above-average monetary compensation. 
* **Transparency and Simplicity:** This allocation is easy to understand and explain to everyone involved. Clear reasoning behind the allocation can help ensure everyone feels the process was fair.

**Why this is better than some alternatives:**

* **Just giving everyone their highest-valued good (without money):** This seems fair on the surface, but it ignores the significant differences in overall value. You'd gain much more utility than the others, potentially leading to resentment.
* **Focusing solely on money:** Trying to perfectly ""compensate"" everyone with money for not getting their top choice gets very complex and might not even be possible to calculate fairly.

**Important Note:**  Fairness is subjective. While this allocation aims for a balance of utility and compensation,  other individuals might have different priorities or ideas about fairness.  Open communication with Person 2 and Person 3 is crucial to understanding their perspectives and potentially adjusting the allocation for mutual agreement. 
",0,You,2,3,2,4,3
98,"Here's a proposed allocation that aims for fairness and considers the preferences of all participants:

**Allocation:**

* **You:**  Good A + 2 units of money 
* **Person 2:** Good B + 2 units of money
* **Person 3:** Good C + 5 units of money

**Reasoning:**

* **Maximizing Overall Value:** This allocation prioritizes giving each person the good they value most, maximizing the total perceived value across the group.
* **Addressing Disparities:** While I value Good A the most, simply allocating it to myself would leave Person 3 with a less desirable outcome. By receiving monetary compensation, I am still getting a good deal (Good A is worth 53 to me, and I'm getting it plus the equivalent of 2), and Person 3 receives a significant benefit that helps balance the scales.
* **Fair Negotiation:** The money distribution is designed to be justifiable in a negotiation.  Everyone gets something they value, and the monetary amounts can be discussed and potentially adjusted slightly to reach an even stronger consensus.

**Why this is fair:**

* **No Envy:** No one would want to directly swap their allocation with another person's.
* **Transparency:** The reasoning is clear and easy to understand, fostering trust. 
* **Potential for Agreement:**  It's likely that each person would find this allocation acceptable, as it caters to their individual preferences while acknowledging the need for a balanced outcome.

**Important Note:**  Fairness is subjective. This is just one possible solution, and open communication among all participants is crucial to reach an agreement everyone feels good about. 
",0,You,2,3,2,2,5
99,"Here's a proposed allocation that aims for fairness and considers the preferences of all involved:

**Proposed Allocation:**

* **You receive:** Good A and 3 units of money.
* **Person 2 receives:** Good B and 3 units of money. 
* **Person 3 receives:** Good C and 3 units of money.

**Justification:**

* **Maximizing Overall Value:** This allocation prioritizes giving each person the good they value most, maximizing the overall perceived benefit:
    * You clearly value Good A the highest (53).
    * Person 2 values Good B the highest (36).
    * Person 3 values Good A almost as much as you (44 vs. 53), but you benefit more from receiving Good A and being compensated with money. 

* **Fair Compensation:**  While you receive the good you value most, the money allocation acknowledges that others also had preferences:
    * Everyone receives an equal share of the money (3 units each), providing some compensation for not getting their top-choice good.

**Why this is likely acceptable:**

* **Transparency:** The reasoning behind this allocation is clear and easy to understand. 
* **Balance:** It strikes a balance between individual preference and a sense of fairness through equal monetary compensation. 
* **No One Loses Significantly:** While not everyone gets their absolute top choice, everyone receives something they value, making it a potentially agreeable solution for all parties.

**Important Note:**  Fairness is subjective.  There might be other allocations considered fair depending on the individual's definition of fairness and how much they prioritize specific factors (e.g., maximizing total value vs. ensuring everyone gets something they want). 
",0,You,2,3,3,3,3
